league,season,game,team,minute,score,player1,player2,event_type
ENG-Premier League,2526,2025-08-15 Liverpool-Bournemouth,Bournemouth,14’,0:0,David Brooks,,yellow_card
ENG-Premier League,2526,2025-08-15 Liverpool-Bournemouth,Liverpool,37’,1:0,Hugo Ekitike,Alexis Mac Allister,goal
ENG-Premier League,2526,2025-08-15 Liverpool-Bournemouth,Liverpool,43’,1:0,Milos Kerkez,,yellow_card
ENG-Premier League,2526,2025-08-15 Liverpool-Bournemouth,Liverpool,49’,2:0,Cody Gakpo,Hugo Ekitike,goal
ENG-Premier League,2526,2025-08-15 Liverpool-Bournemouth,Liverpool,60’,2:0,Wataru Endo,Jeremie Frimpong,substitute_in
ENG-Premier League,2526,2025-08-15 Liverpool-Bournemouth,Liverpool,60’,2:0,Andy Robertson,Milos Kerkez,substitute_in
ENG-Premier League,2526,2025-08-15 Liverpool-Bournemouth,Bournemouth,64’,2:1,Antoine Semenyo,David Brooks,goal
ENG-Premier League,2526,2025-08-15 Liverpool-Bournemouth,Liverpool,72’,2:1,Joe Gomez,Hugo Ekitike,substitute_in
ENG-Premier League,2526,2025-08-15 Liverpool-Bournemouth,Liverpool,72’,2:1,Curtis Jones,Alexis Mac Allister,substitute_in
ENG-Premier League,2526,2025-08-15 Liverpool-Bournemouth,Bournemouth,74’,2:1,Hamed Junior Traorè,Alex Scott,substitute_in
ENG-Premier League,2526,2025-08-15 Liverpool-Bournemouth,Bournemouth,76’,2:2,Antoine Semenyo,Hamed Junior Traorè,goal
ENG-Premier League,2526,2025-08-15 Liverpool-Bournemouth,Bournemouth,81’,2:2,Evanilson,,yellow_card
ENG-Premier League,2526,2025-08-15 Liverpool-Bournemouth,Liverpool,82’,2:2,Federico Chiesa,Florian Wirtz,substitute_in
ENG-Premier League,2526,2025-08-15 Liverpool-Bournemouth,Bournemouth,84’,2:2,Ben Winterburn,David Brooks,substitute_in
ENG-Premier League,2526,2025-08-15 Liverpool-Bournemouth,Liverpool,88’,3:2,Federico Chiesa,,goal
ENG-Premier League,2526,2025-08-15 Liverpool-Bournemouth,Bournemouth,90+1’,3:2,Eli Junior Kroupi,Tyler Adams,substitute_in
ENG-Premier League,2526,2025-08-15 Liverpool-Bournemouth,Liverpool,90+4’,4:2,Mohamed Salah,Wataru Endo,goal
ENG-Premier League,2526,2025-08-15 Liverpool-Bournemouth,Bournemouth,90’,3:2,James Hill,Adam Smith,substitute_in
ENG-Premier League,2526,2025-08-16 Aston Villa-Newcastle,Newcastle United,45’,0:0,Joelinton,,yellow_card
ENG-Premier League,2526,2025-08-16 Aston Villa-Newcastle,Aston Villa,58’,0:0,Boubacar Kamara,,yellow_card
ENG-Premier League,2526,2025-08-16 Aston Villa-Newcastle,Aston Villa,66’,0:0,Ezri Konsa,,red_card
ENG-Premier League,2526,2025-08-16 Aston Villa-Newcastle,Newcastle United,78’,0:0,Jacob Murphy,Anthony Elanga,substitute_in
ENG-Premier League,2526,2025-08-16 Aston Villa-Newcastle,Newcastle United,83’,0:0,Lewis Miley,Joelinton,substitute_in
ENG-Premier League,2526,2025-08-16 Aston Villa-Newcastle,Aston Villa,84’,0:0,Donyell Malen,John McGinn,substitute_in
ENG-Premier League,2526,2025-08-16 Aston Villa-Newcastle,Newcastle United,90’,0:0,William Osula,Harvey Barnes,substitute_in
ENG-Premier League,2526,2025-08-16 Brighton-Fulham,Fulham,31’,0:0,Calvin Bassey,,yellow_card
ENG-Premier League,2526,2025-08-16 Brighton-Fulham,Brighton & Hove Albion,55’,1:0,Matt O'Riley,,penalty_goal
ENG-Premier League,2526,2025-08-16 Brighton-Fulham,Brighton & Hove Albion,60’,1:0,Kaoru Mitoma,,yellow_card
ENG-Premier League,2526,2025-08-16 Brighton-Fulham,Fulham,66’,1:0,Tom Cairney,Sander Berge,substitute_in
ENG-Premier League,2526,2025-08-16 Brighton-Fulham,Fulham,66’,1:0,Rodrigo Muniz,Raúl Jiménez,substitute_in
ENG-Premier League,2526,2025-08-16 Brighton-Fulham,Fulham,66’,1:0,Adama Traoré,Alex Iwobi,substitute_in
ENG-Premier League,2526,2025-08-16 Brighton-Fulham,Brighton & Hove Albion,69’,1:0,Ferdi Kadioglu,Yankuba Minteh,substitute_in
ENG-Premier League,2526,2025-08-16 Brighton-Fulham,Brighton & Hove Albion,69’,1:0,Danny Welbeck,Georginio Rutter,substitute_in
ENG-Premier League,2526,2025-08-16 Brighton-Fulham,Brighton & Hove Albion,69’,1:0,Diego Gómez,Carlos Baleba,substitute_in
ENG-Premier League,2526,2025-08-16 Brighton-Fulham,Brighton & Hove Albion,73’,1:0,Ferdi Kadioglu,,yellow_card
ENG-Premier League,2526,2025-08-16 Brighton-Fulham,Fulham,77’,1:0,Emile Smith Rowe,Joshua King,substitute_in
ENG-Premier League,2526,2025-08-16 Brighton-Fulham,Brighton & Hove Albion,78’,1:0,Diego Gómez,,yellow_card
ENG-Premier League,2526,2025-08-16 Brighton-Fulham,Brighton & Hove Albion,83’,1:0,Brajan Gruda,Kaoru Mitoma,substitute_in
ENG-Premier League,2526,2025-08-16 Brighton-Fulham,Fulham,84’,1:0,Timothy Castagne,Jorge Cuenca,substitute_in
ENG-Premier League,2526,2025-08-16 Brighton-Fulham,Brighton & Hove Albion,88’,1:0,James Milner,Matt O'Riley,substitute_in
ENG-Premier League,2526,2025-08-16 Brighton-Fulham,Fulham,90+3’,1:0,Tom Cairney,,yellow_card
ENG-Premier League,2526,2025-08-16 Brighton-Fulham,Fulham,90+6’,1:1,Rodrigo Muniz,,goal
ENG-Premier League,2526,2025-08-16 Brighton-Fulham,Fulham,90+7’,1:1,Rodrigo Muniz,,yellow_card
ENG-Premier League,2526,2025-08-16 Sunderland-West Ham,Sunderland,53’,0:0,Omar Alderete,Jenson Seelt,substitute_in
ENG-Premier League,2526,2025-08-16 Sunderland-West Ham,Sunderland,61’,1:0,Eliezer Mayenda,Omar Alderete,goal
ENG-Premier League,2526,2025-08-16 Sunderland-West Ham,West Ham United,70’,1:0,Max Kilman,,yellow_card
ENG-Premier League,2526,2025-08-16 Sunderland-West Ham,West Ham United,71’,1:0,Callum Wilson,Guido Rodríguez,substitute_in
ENG-Premier League,2526,2025-08-16 Sunderland-West Ham,West Ham United,71’,1:0,Tomáš Souček,James Ward-Prowse,substitute_in
ENG-Premier League,2526,2025-08-16 Sunderland-West Ham,Sunderland,73’,2:0,Daniel Ballard,,goal
ENG-Premier League,2526,2025-08-16 Sunderland-West Ham,Sunderland,76’,2:0,Enzo Le Fée,Simon Adingra,substitute_in
ENG-Premier League,2526,2025-08-16 Sunderland-West Ham,Sunderland,76’,2:0,Wilson Isidor,Eliezer Mayenda,substitute_in
ENG-Premier League,2526,2025-08-16 Sunderland-West Ham,West Ham United,82’,2:0,Andy Irving,Jean-Clair Todibo,substitute_in
ENG-Premier League,2526,2025-08-16 Sunderland-West Ham,Sunderland,90+2’,3:0,Wilson Isidor,Chemsdine Talbi,goal
ENG-Premier League,2526,2025-08-16 Sunderland-West Ham,Sunderland,90+3’,3:0,Chris Rigg,Chemsdine Talbi,substitute_in
ENG-Premier League,2526,2025-08-16 Tottenham-Burnley,Tottenham Hotspur,10’,1:0,Richarlison,Mohammed Kudus,goal
ENG-Premier League,2526,2025-08-16 Tottenham-Burnley,Tottenham Hotspur,60’,2:0,Richarlison,Mohammed Kudus,goal
ENG-Premier League,2526,2025-08-16 Tottenham-Burnley,Burnley,63’,2:0,Lesley Ugochukwu,Josh Laurent,substitute_in
ENG-Premier League,2526,2025-08-16 Tottenham-Burnley,Burnley,63’,2:0,Jacob Bruun Larsen,Hannibal Mejbri,substitute_in
ENG-Premier League,2526,2025-08-16 Tottenham-Burnley,Tottenham Hotspur,66’,3:0,Brennan Johnson,Pape Matar Sarr,goal
ENG-Premier League,2526,2025-08-16 Tottenham-Burnley,Tottenham Hotspur,71’,3:0,Dominic Solanke,Richarlison,substitute_in
ENG-Premier League,2526,2025-08-16 Tottenham-Burnley,Tottenham Hotspur,71’,3:0,Rodrigo Bentancur,Archie Gray,substitute_in
ENG-Premier League,2526,2025-08-16 Tottenham-Burnley,Burnley,74’,3:0,Zian Flemming,Lyle Foster,substitute_in
ENG-Premier League,2526,2025-08-16 Tottenham-Burnley,Burnley,74’,3:0,Loum Tchaouna,Oliver Sonne,substitute_in
ENG-Premier League,2526,2025-08-16 Tottenham-Burnley,Tottenham Hotspur,80’,3:0,João Palhinha,Lucas Bergvall,substitute_in
ENG-Premier League,2526,2025-08-16 Tottenham-Burnley,Tottenham Hotspur,80’,3:0,Wilson Odobert,Brennan Johnson,substitute_in
ENG-Premier League,2526,2025-08-16 Tottenham-Burnley,Tottenham Hotspur,85’,3:0,Mathys Tel,Mohammed Kudus,substitute_in
ENG-Premier League,2526,2025-08-16 Tottenham-Burnley,Burnley,85’,3:0,Marcus Edwards,Jaidon Anthony,substitute_in
ENG-Premier League,2526,2025-08-16 Wolves-Manchester City,Manchester City,34’,0:1,Erling Haaland,Rico Lewis,goal
ENG-Premier League,2526,2025-08-16 Wolves-Manchester City,Manchester City,37’,0:2,Tijjani Reijnders,Oscar Bobb,goal
ENG-Premier League,2526,2025-08-16 Wolves-Manchester City,Manchester City,54’,0:2,Tijjani Reijnders,,yellow_card
ENG-Premier League,2526,2025-08-16 Wolves-Manchester City,Manchester City,61’,0:3,Erling Haaland,Tijjani Reijnders,goal
ENG-Premier League,2526,2025-08-16 Wolves-Manchester City,Manchester City,66’,0:3,Matheus Nunes,Rico Lewis,substitute_in
ENG-Premier League,2526,2025-08-16 Wolves-Manchester City,Manchester City,66’,0:3,Omar Marmoush,Jeremy Doku,substitute_in
ENG-Premier League,2526,2025-08-16 Wolves-Manchester City,Manchester City,66’,0:3,Nico O'Reilly,Bernardo Silva,substitute_in
ENG-Premier League,2526,2025-08-16 Wolves-Manchester City,Wolverhampton Wanderers,67’,0:3,Matt Doherty,,yellow_card
ENG-Premier League,2526,2025-08-16 Wolves-Manchester City,Wolverhampton Wanderers,72’,0:3,Fer López,André,substitute_in
ENG-Premier League,2526,2025-08-16 Wolves-Manchester City,Wolverhampton Wanderers,72’,0:3,Hugo Bueno,David Møller Wolfe,substitute_in
ENG-Premier League,2526,2025-08-16 Wolves-Manchester City,Wolverhampton Wanderers,73’,0:3,Rodrigo Gomes,Ki-Jana Hoever,substitute_in
ENG-Premier League,2526,2025-08-16 Wolves-Manchester City,Wolverhampton Wanderers,73’,0:3,Jhon Arias,Jean-Ricner Bellegarde,substitute_in
ENG-Premier League,2526,2025-08-16 Wolves-Manchester City,Manchester City,73’,0:3,Rayan Cherki,Erling Haaland,substitute_in
ENG-Premier League,2526,2025-08-16 Wolves-Manchester City,Manchester City,81’,0:4,Rayan Cherki,,goal
ENG-Premier League,2526,2025-08-16 Wolves-Manchester City,Manchester City,81’,0:4,Nico O'Reilly,,yellow_card
ENG-Premier League,2526,2025-08-16 Wolves-Manchester City,Wolverhampton Wanderers,82’,0:4,Hwang Hee-chan,Jørgen Strand Larsen,substitute_in
ENG-Premier League,2526,2025-08-16 Wolves-Manchester City,Manchester City,82’,0:4,Abdukodir Khusanov,John Stones,substitute_in
ENG-Premier League,2526,2025-08-17 Chelsea-Crystal Palace,Chelsea,24’,0:0,Reece James,,yellow_card
ENG-Premier League,2526,2025-08-17 Chelsea-Crystal Palace,Crystal Palace,28’,0:0,Daniel Muñoz,,yellow_card
ENG-Premier League,2526,2025-08-17 Chelsea-Crystal Palace,Crystal Palace,33’,0:0,Jean-Philippe Mateta,,yellow_card
ENG-Premier League,2526,2025-08-17 Chelsea-Crystal Palace,Crystal Palace,49’,0:0,Will Hughes,,yellow_card
ENG-Premier League,2526,2025-08-17 Chelsea-Crystal Palace,Chelsea,54’,0:0,Estêvão Willian,Jamie Gittens,substitute_in
ENG-Premier League,2526,2025-08-17 Chelsea-Crystal Palace,Crystal Palace,70’,0:0,Jefferson Lerma,Will Hughes,substitute_in
ENG-Premier League,2526,2025-08-17 Chelsea-Crystal Palace,Chelsea,73’,0:0,Liam Delap,João Pedro,substitute_in
ENG-Premier League,2526,2025-08-17 Chelsea-Crystal Palace,Chelsea,74’,0:0,Estêvão Willian,,yellow_card
ENG-Premier League,2526,2025-08-17 Chelsea-Crystal Palace,Chelsea,79’,0:0,Andrey Santos,Enzo Fernández,substitute_in
ENG-Premier League,2526,2025-08-17 Chelsea-Crystal Palace,Chelsea,79’,0:0,Malo Gusto,Reece James,substitute_in
ENG-Premier League,2526,2025-08-17 Chelsea-Crystal Palace,Crystal Palace,84’,0:0,Justin Devenny,Eberechi Eze,substitute_in
ENG-Premier League,2526,2025-08-17 Manchester Utd-Arsenal,Arsenal,13’,0:1,Riccardo Calafiori,,goal
ENG-Premier League,2526,2025-08-17 Manchester Utd-Arsenal,Arsenal,42’,0:1,Riccardo Calafiori,,yellow_card
ENG-Premier League,2526,2025-08-17 Manchester Utd-Arsenal,Manchester United,55’,0:1,Amad Diallo,Diogo Dalot,substitute_in
ENG-Premier League,2526,2025-08-17 Manchester Utd-Arsenal,Arsenal,60’,0:1,Kai Havertz,Viktor Gyökeres,substitute_in
ENG-Premier League,2526,2025-08-17 Manchester Utd-Arsenal,Arsenal,60’,0:1,Noni Madueke,Gabriel Martinelli,substitute_in
ENG-Premier League,2526,2025-08-17 Manchester Utd-Arsenal,Manchester United,65’,0:1,Manuel Ugarte,Casemiro,substitute_in
ENG-Premier League,2526,2025-08-17 Manchester Utd-Arsenal,Manchester United,65’,0:1,Benjamin Šeško,Mason Mount,substitute_in
ENG-Premier League,2526,2025-08-17 Manchester Utd-Arsenal,Arsenal,71’,0:1,Jurriën Timber,Ben White,substitute_in
ENG-Premier League,2526,2025-08-17 Manchester Utd-Arsenal,Arsenal,72’,0:1,Myles Lewis-Skelly,Riccardo Calafiori,substitute_in
ENG-Premier League,2526,2025-08-17 Manchester Utd-Arsenal,Manchester United,80’,0:1,Harry Maguire,Luke Shaw,substitute_in
ENG-Premier League,2526,2025-08-17 Manchester Utd-Arsenal,Arsenal,83’,0:1,Mikel Merino,Declan Rice,substitute_in
ENG-Premier League,2526,2025-08-17 Manchester Utd-Arsenal,Manchester United,85’,0:1,Patrick Dorgu,,yellow_card
ENG-Premier League,2526,2025-08-17 Manchester Utd-Arsenal,Arsenal,85’,0:1,David Raya,,yellow_card
ENG-Premier League,2526,2025-08-17 Manchester Utd-Arsenal,Arsenal,90+1’,0:1,Jurriën Timber,,yellow_card
ENG-Premier League,2526,2025-08-17 Manchester Utd-Arsenal,Arsenal,90+3’,0:1,Myles Lewis-Skelly,,yellow_card
ENG-Premier League,2526,2025-08-17 Nottingham-Brentford,Nottingham Forest,42’,2:0,Dan Ndoye,Morgan Gibbs-White,goal
ENG-Premier League,2526,2025-08-17 Nottingham-Brentford,Nottingham Forest,45+2’,3:0,Chris Wood,Elliot Anderson,goal
ENG-Premier League,2526,2025-08-17 Nottingham-Brentford,Brentford,46’,3:0,Kevin Schade,Antoni Milambo,substitute_in
ENG-Premier League,2526,2025-08-17 Nottingham-Brentford,Brentford,52’,3:0,Nathan Collins,,yellow_card
ENG-Premier League,2526,2025-08-17 Nottingham-Brentford,Nottingham Forest,53’,3:0,Neco Williams,,yellow_card
ENG-Premier League,2526,2025-08-17 Nottingham-Brentford,Nottingham Forest,5’,1:0,Chris Wood,,goal
ENG-Premier League,2526,2025-08-17 Nottingham-Brentford,Brentford,69’,3:0,Frank Onyeka,Keane Lewis-Potter,substitute_in
ENG-Premier League,2526,2025-08-17 Nottingham-Brentford,Brentford,69’,3:0,Jordan Henderson,Mathias Jensen,substitute_in
ENG-Premier League,2526,2025-08-17 Nottingham-Brentford,Brentford,78’,3:1,Igor Thiago,,penalty_goal
ENG-Premier League,2526,2025-08-17 Nottingham-Brentford,Nottingham Forest,79’,3:1,Igor Jesus,Chris Wood,substitute_in
ENG-Premier League,2526,2025-08-17 Nottingham-Brentford,Nottingham Forest,79’,3:1,Jota Silva,Dan Ndoye,substitute_in
ENG-Premier League,2526,2025-08-17 Nottingham-Brentford,Nottingham Forest,84’,3:1,Ryan Yates,Morgan Gibbs-White,substitute_in
ENG-Premier League,2526,2025-08-17 Nottingham-Brentford,Brentford,88’,3:1,Aaron Hickey,Rico Henry,substitute_in
ENG-Premier League,2526,2025-08-17 Nottingham-Brentford,Brentford,90’,3:1,Aaron Hickey,,yellow_card
ENG-Premier League,2526,2025-08-18 Leeds United-Everton,Everton,56’,0:0,Tim Iroegbunam,,yellow_card
ENG-Premier League,2526,2025-08-18 Leeds United-Everton,Everton,63’,0:0,Carlos Alcaraz,,yellow_card
ENG-Premier League,2526,2025-08-18 Leeds United-Everton,Leeds United,67’,0:0,Brenden Aaronson,Wilfried Gnonto,substitute_in
ENG-Premier League,2526,2025-08-18 Leeds United-Everton,Everton,71’,0:0,Jack Grealish,Tim Iroegbunam,substitute_in
ENG-Premier League,2526,2025-08-18 Leeds United-Everton,Leeds United,78’,0:0,Ilia Gruev,Ethan Ampadu,substitute_in
ENG-Premier League,2526,2025-08-18 Leeds United-Everton,Leeds United,78’,0:0,Jack Harrison,Daniel James,substitute_in
ENG-Premier League,2526,2025-08-18 Leeds United-Everton,Leeds United,78’,0:0,Lukas Nmecha,Joël Piroe,substitute_in
ENG-Premier League,2526,2025-08-18 Leeds United-Everton,Leeds United,84’,1:0,Lukas Nmecha,,penalty_goal
ENG-Premier League,2526,2025-08-18 Leeds United-Everton,Everton,86’,1:0,Thierno Barry,Carlos Alcaraz,substitute_in
ENG-Premier League,2526,2025-08-18 Leeds United-Everton,Leeds United,90+4’,1:0,Sean Longstaff,Ao Tanaka,substitute_in
ENG-Premier League,2526,2025-08-22 West Ham-Chelsea,Chelsea,15’,1:1,João Pedro,Marc Cucurella,goal
ENG-Premier League,2526,2025-08-22 West Ham-Chelsea,Chelsea,23’,1:2,Pedro Neto,João Pedro,goal
ENG-Premier League,2526,2025-08-22 West Ham-Chelsea,Chelsea,34’,1:3,Enzo Fernández,Estêvão Willian,goal
ENG-Premier League,2526,2025-08-22 West Ham-Chelsea,West Ham United,46’,1:3,Callum Wilson,Niclas Füllkrug,substitute_in
ENG-Premier League,2526,2025-08-22 West Ham-Chelsea,West Ham United,46’,1:3,Freddie Potts,Jean-Clair Todibo,substitute_in
ENG-Premier League,2526,2025-08-22 West Ham-Chelsea,Chelsea,54’,1:4,Moisés Caicedo,,goal
ENG-Premier League,2526,2025-08-22 West Ham-Chelsea,Chelsea,58’,1:5,Trevoh Chalobah,João Pedro,goal
ENG-Premier League,2526,2025-08-22 West Ham-Chelsea,Chelsea,62’,1:5,Andrey Santos,Liam Delap,substitute_in
ENG-Premier League,2526,2025-08-22 West Ham-Chelsea,Chelsea,69’,1:5,Reece James,Malo Gusto,substitute_in
ENG-Premier League,2526,2025-08-22 West Ham-Chelsea,Chelsea,69’,1:5,Jorrel Hato,Marc Cucurella,substitute_in
ENG-Premier League,2526,2025-08-22 West Ham-Chelsea,Chelsea,69’,1:5,Wesley Fofana,Trevoh Chalobah,substitute_in
ENG-Premier League,2526,2025-08-22 West Ham-Chelsea,West Ham United,6’,1:0,Lucas Paquetá,El Hadji Malick Diouf,goal
ENG-Premier League,2526,2025-08-22 West Ham-Chelsea,West Ham United,70’,1:5,Kyle Walker-Peters,Tomáš Souček,substitute_in
ENG-Premier League,2526,2025-08-22 West Ham-Chelsea,Chelsea,77’,1:5,Jamie Gittens,Estêvão Willian,substitute_in
ENG-Premier League,2526,2025-08-22 West Ham-Chelsea,Chelsea,87’,1:5,Jorrel Hato,,yellow_card
ENG-Premier League,2526,2025-08-23 Arsenal-Leeds United,Arsenal,34’,1:0,Jurriën Timber,Declan Rice,goal
ENG-Premier League,2526,2025-08-23 Arsenal-Leeds United,Arsenal,38’,1:0,Ethan Nwaneri,Martin Ødegaard,substitute_in
ENG-Premier League,2526,2025-08-23 Arsenal-Leeds United,Arsenal,45+1’,2:0,Bukayo Saka,Jurriën Timber,goal
ENG-Premier League,2526,2025-08-23 Arsenal-Leeds United,Arsenal,48’,3:0,Viktor Gyökeres,Riccardo Calafiori,goal
ENG-Premier League,2526,2025-08-23 Arsenal-Leeds United,Arsenal,53’,3:0,Leandro Trossard,Bukayo Saka,substitute_in
ENG-Premier League,2526,2025-08-23 Arsenal-Leeds United,Arsenal,56’,4:0,Jurriën Timber,Riccardo Calafiori,goal
ENG-Premier League,2526,2025-08-23 Arsenal-Leeds United,Leeds United,58’,4:0,Lukas Nmecha,Joël Piroe,substitute_in
ENG-Premier League,2526,2025-08-23 Arsenal-Leeds United,Leeds United,58’,4:0,Sean Longstaff,Ao Tanaka,substitute_in
ENG-Premier League,2526,2025-08-23 Arsenal-Leeds United,Arsenal,64’,4:0,Max Dowman,Noni Madueke,substitute_in
ENG-Premier League,2526,2025-08-23 Arsenal-Leeds United,Arsenal,64’,4:0,Myles Lewis-Skelly,Riccardo Calafiori,substitute_in
ENG-Premier League,2526,2025-08-23 Arsenal-Leeds United,Arsenal,64’,4:0,Cristhian Mosquera,Jurriën Timber,substitute_in
ENG-Premier League,2526,2025-08-23 Arsenal-Leeds United,Leeds United,66’,4:0,Brenden Aaronson,Daniel James,substitute_in
ENG-Premier League,2526,2025-08-23 Arsenal-Leeds United,Leeds United,66’,4:0,Noah Okafor,Wilfried Gnonto,substitute_in
ENG-Premier League,2526,2025-08-23 Arsenal-Leeds United,Leeds United,80’,4:0,Gabriel Gudmundsson,,yellow_card
ENG-Premier League,2526,2025-08-23 Arsenal-Leeds United,Leeds United,83’,4:0,Sam Byram,Jayden Bogle,substitute_in
ENG-Premier League,2526,2025-08-23 Arsenal-Leeds United,Arsenal,90+5’,5:0,Viktor Gyökeres,,penalty_goal
ENG-Premier League,2526,2025-08-23 Arsenal-Leeds United,Leeds United,9’,0:0,Jayden Bogle,,yellow_card
ENG-Premier League,2526,2025-08-23 Bournemouth-Wolves,Wolverhampton Wanderers,35’,1:0,Jackson Tchatchoua,Ki-Jana Hoever,substitute_in
ENG-Premier League,2526,2025-08-23 Bournemouth-Wolves,Wolverhampton Wanderers,46’,1:0,André,Jean-Ricner Bellegarde,substitute_in
ENG-Premier League,2526,2025-08-23 Bournemouth-Wolves,Wolverhampton Wanderers,46’,1:0,Hugo Bueno,David Møller Wolfe,substitute_in
ENG-Premier League,2526,2025-08-23 Bournemouth-Wolves,Wolverhampton Wanderers,49’,1:0,Toti Gomes,,red_card
ENG-Premier League,2526,2025-08-23 Bournemouth-Wolves,Bournemouth,4’,1:0,Marcus Tavernier,Antoine Semenyo,goal
ENG-Premier League,2526,2025-08-23 Bournemouth-Wolves,Wolverhampton Wanderers,56’,1:0,Santiago Bueno,Jhon Arias,substitute_in
ENG-Premier League,2526,2025-08-23 Bournemouth-Wolves,Bournemouth,58’,1:0,Tyler Adams,,yellow_card
ENG-Premier League,2526,2025-08-23 Bournemouth-Wolves,Bournemouth,63’,1:0,Alex Scott,,yellow_card
ENG-Premier League,2526,2025-08-23 Bournemouth-Wolves,Wolverhampton Wanderers,64’,1:0,Hugo Bueno,,yellow_card
ENG-Premier League,2526,2025-08-23 Bournemouth-Wolves,Bournemouth,66’,1:0,Ryan Christie,Alex Scott,substitute_in
ENG-Premier League,2526,2025-08-23 Bournemouth-Wolves,Bournemouth,66’,1:0,Amine Adli,David Brooks,substitute_in
ENG-Premier League,2526,2025-08-23 Bournemouth-Wolves,Bournemouth,78’,1:0,Justin Kluivert,Marcus Tavernier,substitute_in
ENG-Premier League,2526,2025-08-23 Bournemouth-Wolves,Wolverhampton Wanderers,78’,1:0,Hwang Hee-chan,Jørgen Strand Larsen,substitute_in
ENG-Premier League,2526,2025-08-23 Bournemouth-Wolves,Wolverhampton Wanderers,84’,1:0,Matt Doherty,,yellow_card
ENG-Premier League,2526,2025-08-23 Bournemouth-Wolves,Wolverhampton Wanderers,85’,1:0,João Gomes,,yellow_card
ENG-Premier League,2526,2025-08-23 Bournemouth-Wolves,Bournemouth,88’,1:0,Eli Junior Kroupi,Evanilson,substitute_in
ENG-Premier League,2526,2025-08-23 Bournemouth-Wolves,Bournemouth,88’,1:0,James Hill,Tyler Adams,substitute_in
ENG-Premier League,2526,2025-08-23 Bournemouth-Wolves,Wolverhampton Wanderers,9’,1:0,Toti Gomes,,yellow_card
ENG-Premier League,2526,2025-08-23 Brentford-Aston Villa,Brentford,12’,1:0,Dango Ouattara,,goal
ENG-Premier League,2526,2025-08-23 Brentford-Aston Villa,Aston Villa,16’,1:0,Emi Buendía,Boubacar Kamara,substitute_in
ENG-Premier League,2526,2025-08-23 Brentford-Aston Villa,Brentford,55’,1:0,Caoimhín Kelleher,,yellow_card
ENG-Premier League,2526,2025-08-23 Brentford-Aston Villa,Aston Villa,57’,1:0,Amadou Onana,,yellow_card
ENG-Premier League,2526,2025-08-23 Brentford-Aston Villa,Aston Villa,64’,1:0,Ian Maatsen,Lucas Digne,substitute_in
ENG-Premier League,2526,2025-08-23 Brentford-Aston Villa,Aston Villa,64’,1:0,Donyell Malen,Amadou Onana,substitute_in
ENG-Premier League,2526,2025-08-23 Brentford-Aston Villa,Brentford,69’,1:0,Frank Onyeka,Jordan Henderson,substitute_in
ENG-Premier League,2526,2025-08-23 Brentford-Aston Villa,Aston Villa,74’,1:0,Lamare Bogarde,John McGinn,substitute_in
ENG-Premier League,2526,2025-08-23 Brentford-Aston Villa,Aston Villa,75’,1:0,Evann Guessand,Emi Buendía,substitute_in
ENG-Premier League,2526,2025-08-23 Brentford-Aston Villa,Brentford,79’,1:0,Aaron Hickey,Kevin Schade,substitute_in
ENG-Premier League,2526,2025-08-23 Brentford-Aston Villa,Brentford,79’,1:0,Mathias Jensen,Yehor Yarmoliuk,substitute_in
ENG-Premier League,2526,2025-08-23 Brentford-Aston Villa,Brentford,84’,1:0,Rico Henry,Dango Ouattara,substitute_in
ENG-Premier League,2526,2025-08-23 Brentford-Aston Villa,Aston Villa,84’,1:0,Lamare Bogarde,,yellow_card
ENG-Premier League,2526,2025-08-23 Brentford-Aston Villa,Brentford,85’,1:0,Kristoffer Ajer,Michael Kayode,substitute_in
ENG-Premier League,2526,2025-08-23 Burnley-Sunderland,Sunderland,19’,0:0,Simon Adingra,,yellow_card
ENG-Premier League,2526,2025-08-23 Burnley-Sunderland,Burnley,47’,1:0,Josh Cullen,Jaidon Anthony,goal
ENG-Premier League,2526,2025-08-23 Burnley-Sunderland,Sunderland,63’,1:0,Enzo Le Fée,Simon Adingra,substitute_in
ENG-Premier League,2526,2025-08-23 Burnley-Sunderland,Sunderland,63’,1:0,Patrick Roberts,Chemsdine Talbi,substitute_in
ENG-Premier League,2526,2025-08-23 Burnley-Sunderland,Sunderland,63’,1:0,Wilson Isidor,Eliezer Mayenda,substitute_in
ENG-Premier League,2526,2025-08-23 Burnley-Sunderland,Burnley,69’,1:0,Oliver Sonne,Jacob Bruun Larsen,substitute_in
ENG-Premier League,2526,2025-08-23 Burnley-Sunderland,Burnley,69’,1:0,Josh Laurent,Lesley Ugochukwu,substitute_in
ENG-Premier League,2526,2025-08-23 Burnley-Sunderland,Sunderland,80’,1:0,Marc Guiu,Habib Diarra,substitute_in
ENG-Premier League,2526,2025-08-23 Burnley-Sunderland,Burnley,83’,1:0,Joe Worrall,Maxime Estève,substitute_in
ENG-Premier League,2526,2025-08-23 Burnley-Sunderland,Burnley,83’,1:0,Loum Tchaouna,Hannibal Mejbri,substitute_in
ENG-Premier League,2526,2025-08-23 Burnley-Sunderland,Burnley,86’,1:0,Zian Flemming,Lyle Foster,substitute_in
ENG-Premier League,2526,2025-08-23 Burnley-Sunderland,Burnley,88’,2:0,Jaidon Anthony,Josh Cullen,goal
ENG-Premier League,2526,2025-08-23 Burnley-Sunderland,Sunderland,9’,0:0,Jenson Seelt,Daniel Ballard,substitute_in
ENG-Premier League,2526,2025-08-23 Manchester City-Tottenham,Manchester City,23’,0:0,Nathan Aké,Rayan Aït-Nouri,substitute_in
ENG-Premier League,2526,2025-08-23 Manchester City-Tottenham,Tottenham Hotspur,34’,0:0,Brennan Johnson,,yellow_card
ENG-Premier League,2526,2025-08-23 Manchester City-Tottenham,Tottenham Hotspur,35’,0:1,Brennan Johnson,Richarlison,goal
ENG-Premier League,2526,2025-08-23 Manchester City-Tottenham,Tottenham Hotspur,45+2’,0:2,João Palhinha,,goal
ENG-Premier League,2526,2025-08-23 Manchester City-Tottenham,Manchester City,54’,0:2,Bernardo Silva,Rayan Cherki,substitute_in
ENG-Premier League,2526,2025-08-23 Manchester City-Tottenham,Manchester City,54’,0:2,Jeremy Doku,Omar Marmoush,substitute_in
ENG-Premier League,2526,2025-08-23 Manchester City-Tottenham,Tottenham Hotspur,68’,0:2,Cristian Romero,,yellow_card
ENG-Premier League,2526,2025-08-23 Manchester City-Tottenham,Manchester City,71’,0:2,Nicolás González,,yellow_card
ENG-Premier League,2526,2025-08-23 Manchester City-Tottenham,Tottenham Hotspur,71’,0:2,Richarlison,,yellow_card
ENG-Premier League,2526,2025-08-23 Manchester City-Tottenham,Manchester City,75’,0:2,Phil Foden,Oscar Bobb,substitute_in
ENG-Premier League,2526,2025-08-23 Manchester City-Tottenham,Manchester City,75’,0:2,Rodri,Nicolás González,substitute_in
ENG-Premier League,2526,2025-08-23 Manchester City-Tottenham,Tottenham Hotspur,78’,0:2,Dominic Solanke,Richarlison,substitute_in
ENG-Premier League,2526,2025-08-23 Manchester City-Tottenham,Tottenham Hotspur,78’,0:2,Wilson Odobert,Brennan Johnson,substitute_in
ENG-Premier League,2526,2025-08-23 Manchester City-Tottenham,Tottenham Hotspur,81’,0:2,Pedro Porro,,yellow_card
ENG-Premier League,2526,2025-08-23 Manchester City-Tottenham,Tottenham Hotspur,86’,0:2,Lucas Bergvall,Mohammed Kudus,substitute_in
ENG-Premier League,2526,2025-08-23 Manchester City-Tottenham,Tottenham Hotspur,90+1’,0:2,Kevin Danso,João Palhinha,substitute_in
ENG-Premier League,2526,2025-08-24 Crystal Palace-Nottingham,Crystal Palace,14’,0:0,Maxence Lacroix,,yellow_card
ENG-Premier League,2526,2025-08-24 Crystal Palace-Nottingham,Crystal Palace,37’,1:0,Ismaila Sarr,Daniel Muñoz,goal
ENG-Premier League,2526,2025-08-24 Crystal Palace-Nottingham,Nottingham Forest,53’,1:0,Matz Sels,,yellow_card
ENG-Premier League,2526,2025-08-24 Crystal Palace-Nottingham,Crystal Palace,54’,1:0,Tyrick Mitchell,,yellow_card
ENG-Premier League,2526,2025-08-24 Crystal Palace-Nottingham,Nottingham Forest,57’,1:1,Callum Hudson-Odoi,Dan Ndoye,goal
ENG-Premier League,2526,2025-08-24 Crystal Palace-Nottingham,Crystal Palace,66’,1:1,Romain Esse,Justin Devenny,substitute_in
ENG-Premier League,2526,2025-08-24 Crystal Palace-Nottingham,Nottingham Forest,68’,1:1,Ola Aina,,yellow_card
ENG-Premier League,2526,2025-08-24 Crystal Palace-Nottingham,Nottingham Forest,71’,1:1,Arnaud Kalimuendo,Dan Ndoye,substitute_in
ENG-Premier League,2526,2025-08-24 Crystal Palace-Nottingham,Nottingham Forest,72’,1:1,James Mcatee,Callum Hudson-Odoi,substitute_in
ENG-Premier League,2526,2025-08-24 Crystal Palace-Nottingham,Crystal Palace,82’,1:1,Jefferson Lerma,Adam Wharton,substitute_in
ENG-Premier League,2526,2025-08-24 Crystal Palace-Nottingham,Nottingham Forest,82’,1:1,Omari Hutchinson,Morgan Gibbs-White,substitute_in
ENG-Premier League,2526,2025-08-24 Crystal Palace-Nottingham,Crystal Palace,87’,1:1,Will Hughes,,yellow_card
ENG-Premier League,2526,2025-08-24 Crystal Palace-Nottingham,Crystal Palace,88’,1:1,Odsonne Édouard,Jean-Philippe Mateta,substitute_in
ENG-Premier League,2526,2025-08-24 Crystal Palace-Nottingham,Nottingham Forest,88’,1:1,Ryan Yates,Ibrahim Sangaré,substitute_in
ENG-Premier League,2526,2025-08-24 Crystal Palace-Nottingham,Nottingham Forest,88’,1:1,Igor Jesus,Chris Wood,substitute_in
ENG-Premier League,2526,2025-08-24 Crystal Palace-Nottingham,Nottingham Forest,90+2’,1:1,Murillo,,yellow_card
ENG-Premier League,2526,2025-08-24 Everton-Brighton,Everton,23’,1:0,Iliman Ndiaye,Jack Grealish,goal
ENG-Premier League,2526,2025-08-24 Everton-Brighton,Brighton & Hove Albion,28’,1:0,Maxim De Cuyper,,yellow_card
ENG-Premier League,2526,2025-08-24 Everton-Brighton,Everton,39’,1:0,Tim Iroegbunam,,yellow_card
ENG-Premier League,2526,2025-08-24 Everton-Brighton,Brighton & Hove Albion,40’,1:0,Mats Wieffer,,yellow_card
ENG-Premier League,2526,2025-08-24 Everton-Brighton,Brighton & Hove Albion,46’,1:0,Jack Hinshelwood,Carlos Baleba,substitute_in
ENG-Premier League,2526,2025-08-24 Everton-Brighton,Everton,52’,2:0,James Garner,Jack Grealish,goal
ENG-Premier League,2526,2025-08-24 Everton-Brighton,Everton,63’,2:0,James Garner,,yellow_card
ENG-Premier League,2526,2025-08-24 Everton-Brighton,Everton,64’,2:0,Carlos Alcaraz,Iliman Ndiaye,substitute_in
ENG-Premier League,2526,2025-08-24 Everton-Brighton,Everton,64’,2:0,Beto,Thierno Barry,substitute_in
ENG-Premier League,2526,2025-08-24 Everton-Brighton,Brighton & Hove Albion,67’,2:0,Ferdi Kadioglu,Maxim De Cuyper,substitute_in
ENG-Premier League,2526,2025-08-24 Everton-Brighton,Brighton & Hove Albion,67’,2:0,Diego Gómez,Yasin Ayari,substitute_in
ENG-Premier League,2526,2025-08-24 Everton-Brighton,Everton,71’,2:0,Dwight McNeil,Tim Iroegbunam,substitute_in
ENG-Premier League,2526,2025-08-24 Everton-Brighton,Brighton & Hove Albion,77’,2:0,Danny Welbeck,Jordan Pickford,penalty_miss
ENG-Premier League,2526,2025-08-24 Everton-Brighton,Brighton & Hove Albion,85’,2:0,Brajan Gruda,Mats Wieffer,substitute_in
ENG-Premier League,2526,2025-08-24 Everton-Brighton,Everton,89’,2:0,Kiernan Dewsbury-Hall,,yellow_card
ENG-Premier League,2526,2025-08-24 Everton-Brighton,Brighton & Hove Albion,90+1’,2:0,Ferdi Kadioglu,,yellow_card
ENG-Premier League,2526,2025-08-24 Everton-Brighton,Everton,90+4’,2:0,Harrison Armstrong,Jack Grealish,substitute_in
ENG-Premier League,2526,2025-08-24 Everton-Brighton,Everton,90+5’,2:0,Beto,,yellow_card
ENG-Premier League,2526,2025-08-24 Fulham-Manchester Utd,Manchester United,38’,0:0,Bruno Fernandes,,penalty_miss
ENG-Premier League,2526,2025-08-24 Fulham-Manchester Utd,Manchester United,39’,0:0,Casemiro,,yellow_card
ENG-Premier League,2526,2025-08-24 Fulham-Manchester Utd,Manchester United,52’,0:0,Diogo Dalot,Amad Diallo,substitute_in
ENG-Premier League,2526,2025-08-24 Fulham-Manchester Utd,Manchester United,53’,0:0,Benjamin Šeško,Casemiro,substitute_in
ENG-Premier League,2526,2025-08-24 Fulham-Manchester Utd,Manchester United,58’,0:1,Rodrigo Muniz,,own_goal
ENG-Premier League,2526,2025-08-24 Fulham-Manchester Utd,Fulham,62’,0:1,Harry Wilson,Timothy Castagne,substitute_in
ENG-Premier League,2526,2025-08-24 Fulham-Manchester Utd,Fulham,62’,0:1,Antonee Robinson,Ryan Sessegnon,substitute_in
ENG-Premier League,2526,2025-08-24 Fulham-Manchester Utd,Manchester United,69’,0:1,Manuel Ugarte,Mason Mount,substitute_in
ENG-Premier League,2526,2025-08-24 Fulham-Manchester Utd,Fulham,71’,0:1,Raúl Jiménez,Rodrigo Muniz,substitute_in
ENG-Premier League,2526,2025-08-24 Fulham-Manchester Utd,Fulham,71’,0:1,Emile Smith Rowe,Joshua King,substitute_in
ENG-Premier League,2526,2025-08-24 Fulham-Manchester Utd,Fulham,73’,1:1,Emile Smith Rowe,Alex Iwobi,goal
ENG-Premier League,2526,2025-08-24 Fulham-Manchester Utd,Fulham,86’,1:1,Saša Lukić,,yellow_card
ENG-Premier League,2526,2025-08-24 Fulham-Manchester Utd,Manchester United,87’,1:1,Harry Maguire,Luke Shaw,substitute_in
ENG-Premier League,2526,2025-08-24 Fulham-Manchester Utd,Manchester United,87’,1:1,Ayden Heaven,Leny Yoro,substitute_in
ENG-Premier League,2526,2025-08-25 Newcastle-Liverpool,Liverpool,25’,0:0,Ibrahima Konaté,,yellow_card
ENG-Premier League,2526,2025-08-25 Newcastle-Liverpool,Liverpool,35’,0:1,Ryan Gravenberch,Cody Gakpo,goal
ENG-Premier League,2526,2025-08-25 Newcastle-Liverpool,Newcastle United,44’,0:1,Dan Burn,,yellow_card
ENG-Premier League,2526,2025-08-25 Newcastle-Liverpool,Newcastle United,45+3’,0:1,Anthony Gordon,,red_card
ENG-Premier League,2526,2025-08-25 Newcastle-Liverpool,Liverpool,46’,0:2,Hugo Ekitike,Cody Gakpo,goal
ENG-Premier League,2526,2025-08-25 Newcastle-Liverpool,Newcastle United,47’,0:2,Bruno Guimarães,,yellow_card
ENG-Premier League,2526,2025-08-25 Newcastle-Liverpool,Newcastle United,57’,1:2,Bruno Guimarães,Tino Livramento,goal
ENG-Premier League,2526,2025-08-25 Newcastle-Liverpool,Newcastle United,66’,1:2,Lewis Miley,Sandro Tonali,substitute_in
ENG-Premier League,2526,2025-08-25 Newcastle-Liverpool,Newcastle United,76’,1:2,William Osula,Harvey Barnes,substitute_in
ENG-Premier League,2526,2025-08-25 Newcastle-Liverpool,Newcastle United,76’,1:2,Jacob Ramsey,Joelinton,substitute_in
ENG-Premier League,2526,2025-08-25 Newcastle-Liverpool,Newcastle United,76’,1:2,Lewis Hall,Kieran Trippier,substitute_in
ENG-Premier League,2526,2025-08-25 Newcastle-Liverpool,Liverpool,80’,1:2,Conor Bradley,Florian Wirtz,substitute_in
ENG-Premier League,2526,2025-08-25 Newcastle-Liverpool,Liverpool,80’,1:2,Federico Chiesa,Hugo Ekitike,substitute_in
ENG-Premier League,2526,2025-08-25 Newcastle-Liverpool,Newcastle United,81’,1:2,Malick Thiaw,Fabian Schär,substitute_in
ENG-Premier League,2526,2025-08-25 Newcastle-Liverpool,Liverpool,87’,1:2,Conor Bradley,,yellow_card
ENG-Premier League,2526,2025-08-25 Newcastle-Liverpool,Newcastle United,88’,2:2,William Osula,,goal
ENG-Premier League,2526,2025-08-25 Newcastle-Liverpool,Liverpool,8’,0:0,Ryan Gravenberch,,yellow_card
ENG-Premier League,2526,2025-08-25 Newcastle-Liverpool,Liverpool,90+10’,2:3,Rio Ngumoha,Mohamed Salah,goal
ENG-Premier League,2526,2025-08-25 Newcastle-Liverpool,Liverpool,90+12’,2:3,Wataru Endo,Mohamed Salah,substitute_in
ENG-Premier League,2526,2025-08-25 Newcastle-Liverpool,Liverpool,90+6’,2:2,Harvey Elliott,Curtis Jones,substitute_in
ENG-Premier League,2526,2025-08-25 Newcastle-Liverpool,Liverpool,90+6’,2:2,Rio Ngumoha,Cody Gakpo,substitute_in
ENG-Premier League,2526,2025-08-30 Chelsea-Fulham,Chelsea,14’,0:0,Tyrique George,Liam Delap,substitute_in
ENG-Premier League,2526,2025-08-30 Chelsea-Fulham,Chelsea,38’,0:0,Moisés Caicedo,,yellow_card
ENG-Premier League,2526,2025-08-30 Chelsea-Fulham,Chelsea,45+9’,1:0,João Pedro,Enzo Fernández,goal
ENG-Premier League,2526,2025-08-30 Chelsea-Fulham,Chelsea,56’,2:0,Enzo Fernández,,penalty_goal
ENG-Premier League,2526,2025-08-30 Chelsea-Fulham,Fulham,60’,2:0,Raúl Jiménez,Rodrigo Muniz,substitute_in
ENG-Premier League,2526,2025-08-30 Chelsea-Fulham,Fulham,60’,2:0,Harry Wilson,Timothy Castagne,substitute_in
ENG-Premier League,2526,2025-08-30 Chelsea-Fulham,Fulham,67’,2:0,Emile Smith Rowe,Joshua King,substitute_in
ENG-Premier League,2526,2025-08-30 Chelsea-Fulham,Fulham,67’,2:0,Antonee Robinson,Ryan Sessegnon,substitute_in
ENG-Premier League,2526,2025-08-30 Chelsea-Fulham,Chelsea,68’,2:0,Jamie Gittens,Estêvão Willian,substitute_in
ENG-Premier League,2526,2025-08-30 Chelsea-Fulham,Fulham,73’,2:0,Alex Iwobi,,yellow_card
ENG-Premier League,2526,2025-08-30 Chelsea-Fulham,Chelsea,81’,2:0,Andrey Santos,Tyrique George,substitute_in
ENG-Premier League,2526,2025-08-30 Chelsea-Fulham,Chelsea,81’,2:0,Reece James,Pedro Neto,substitute_in
ENG-Premier League,2526,2025-08-30 Chelsea-Fulham,Fulham,84’,2:0,Adama Traoré,Alex Iwobi,substitute_in
ENG-Premier League,2526,2025-08-30 Chelsea-Fulham,Chelsea,90+3’,2:0,Andrey Santos,,yellow_card
ENG-Premier League,2526,2025-08-30 Chelsea-Fulham,Fulham,90+6’,2:0,Saša Lukić,,yellow_card
ENG-Premier League,2526,2025-08-30 Leeds United-Newcastle,Newcastle United,36’,0:0,Nick Pope,,yellow_card
ENG-Premier League,2526,2025-08-30 Leeds United-Newcastle,Leeds United,40’,0:0,Wilfried Gnonto,,yellow_card
ENG-Premier League,2526,2025-08-30 Leeds United-Newcastle,Newcastle United,46’,0:0,Lewis Miley,Jacob Ramsey,substitute_in
ENG-Premier League,2526,2025-08-30 Leeds United-Newcastle,Leeds United,60’,0:0,Brenden Aaronson,Daniel James,substitute_in
ENG-Premier League,2526,2025-08-30 Leeds United-Newcastle,Leeds United,60’,0:0,Jack Harrison,Wilfried Gnonto,substitute_in
ENG-Premier League,2526,2025-08-30 Leeds United-Newcastle,Newcastle United,61’,0:0,Lewis Hall,Kieran Trippier,substitute_in
ENG-Premier League,2526,2025-08-30 Leeds United-Newcastle,Newcastle United,62’,0:0,Anthony Elanga,Jacob Murphy,substitute_in
ENG-Premier League,2526,2025-08-30 Leeds United-Newcastle,Newcastle United,68’,0:0,Harvey Barnes,Sven Botman,substitute_in
ENG-Premier League,2526,2025-08-30 Leeds United-Newcastle,Leeds United,70’,0:0,Dominic Calvert-Lewin,Lukas Nmecha,substitute_in
ENG-Premier League,2526,2025-08-30 Leeds United-Newcastle,Leeds United,80’,0:0,James Justin,Gabriel Gudmundsson,substitute_in
ENG-Premier League,2526,2025-08-30 Manchester Utd-Burnley,Manchester United,27’,1:0,Josh Cullen,,own_goal
ENG-Premier League,2526,2025-08-30 Manchester Utd-Burnley,Manchester United,31’,1:0,Joshua Zirkzee,Matheus Cunha,substitute_in
ENG-Premier League,2526,2025-08-30 Manchester Utd-Burnley,Manchester United,46’,1:0,Kobbie Mainoo,Mason Mount,substitute_in
ENG-Premier League,2526,2025-08-30 Manchester Utd-Burnley,Burnley,55’,1:1,Lyle Foster,Jacob Bruun Larsen,goal
ENG-Premier League,2526,2025-08-30 Manchester Utd-Burnley,Manchester United,57’,2:1,Bryan Mbeumo,Diogo Dalot,goal
ENG-Premier League,2526,2025-08-30 Manchester Utd-Burnley,Burnley,65’,2:1,Loum Tchaouna,Hannibal Mejbri,substitute_in
ENG-Premier League,2526,2025-08-30 Manchester Utd-Burnley,Burnley,66’,2:2,Jaidon Anthony,,goal
ENG-Premier League,2526,2025-08-30 Manchester Utd-Burnley,Manchester United,72’,2:2,Benjamin Šeško,Casemiro,substitute_in
ENG-Premier League,2526,2025-08-30 Manchester Utd-Burnley,Manchester United,76’,2:2,Bruno Fernandes,,yellow_card
ENG-Premier League,2526,2025-08-30 Manchester Utd-Burnley,Burnley,76’,2:2,Josh Laurent,Lesley Ugochukwu,substitute_in
ENG-Premier League,2526,2025-08-30 Manchester Utd-Burnley,Burnley,82’,2:2,Oliver Sonne,Jacob Bruun Larsen,substitute_in
ENG-Premier League,2526,2025-08-30 Manchester Utd-Burnley,Burnley,83’,2:2,Joe Worrall,Hjalmar Ekdal,substitute_in
ENG-Premier League,2526,2025-08-30 Manchester Utd-Burnley,Manchester United,85’,2:2,Noussair Mazraoui,Leny Yoro,substitute_in
ENG-Premier League,2526,2025-08-30 Manchester Utd-Burnley,Burnley,89’,2:2,Loum Tchaouna,,yellow_card
ENG-Premier League,2526,2025-08-30 Manchester Utd-Burnley,Burnley,90+4’,2:2,Jaidon Anthony,,yellow_card
ENG-Premier League,2526,2025-08-30 Manchester Utd-Burnley,Burnley,90+6’,2:2,Lyle Foster,,yellow_card
ENG-Premier League,2526,2025-08-30 Manchester Utd-Burnley,Manchester United,90+7’,3:2,Bruno Fernandes,,penalty_goal
ENG-Premier League,2526,2025-08-30 Manchester Utd-Burnley,Burnley,90+7’,3:2,Josh Laurent,,yellow_card
ENG-Premier League,2526,2025-08-30 Manchester Utd-Burnley,Burnley,90+7’,3:2,Kyle Walker,,yellow_card
ENG-Premier League,2526,2025-08-30 Sunderland-Brentford,Sunderland,57’,0:0,Reinildo Mandava,,yellow_card
ENG-Premier League,2526,2025-08-30 Sunderland-Brentford,Sunderland,58’,0:0,Habib Diarra,,yellow_card
ENG-Premier League,2526,2025-08-30 Sunderland-Brentford,Brentford,59’,0:0,Kevin Schade,Robin Roefs,penalty_miss
ENG-Premier League,2526,2025-08-30 Sunderland-Brentford,Brentford,61’,0:0,Igor Thiago,,yellow_card
ENG-Premier League,2526,2025-08-30 Sunderland-Brentford,Sunderland,65’,0:0,Simon Adingra,Chemsdine Talbi,substitute_in
ENG-Premier League,2526,2025-08-30 Sunderland-Brentford,Sunderland,65’,0:0,Wilson Isidor,Eliezer Mayenda,substitute_in
ENG-Premier League,2526,2025-08-30 Sunderland-Brentford,Brentford,71’,0:0,Frank Onyeka,Jordan Henderson,substitute_in
ENG-Premier League,2526,2025-08-30 Sunderland-Brentford,Brentford,72’,0:0,Rico Henry,Keane Lewis-Potter,substitute_in
ENG-Premier League,2526,2025-08-30 Sunderland-Brentford,Brentford,77’,0:1,Igor Thiago,Frank Onyeka,goal
ENG-Premier League,2526,2025-08-30 Sunderland-Brentford,Brentford,80’,0:1,Rico Henry,,yellow_card
ENG-Premier League,2526,2025-08-30 Sunderland-Brentford,Sunderland,82’,1:1,Enzo Le Fée,,penalty_goal
ENG-Premier League,2526,2025-08-30 Sunderland-Brentford,Sunderland,87’,1:1,Marc Guiu,Habib Diarra,substitute_in
ENG-Premier League,2526,2025-08-30 Sunderland-Brentford,Sunderland,90+4’,1:1,Granit Xhaka,,yellow_card
ENG-Premier League,2526,2025-08-30 Sunderland-Brentford,Sunderland,90+6’,2:1,Wilson Isidor,Granit Xhaka,goal
ENG-Premier League,2526,2025-08-30 Sunderland-Brentford,Brentford,90’,1:1,Fabio Carvalho,Kevin Schade,substitute_in
ENG-Premier League,2526,2025-08-30 Tottenham-Bournemouth,Bournemouth,12’,0:1,Antoine Semenyo,,yellow_card
ENG-Premier League,2526,2025-08-30 Tottenham-Bournemouth,Tottenham Hotspur,14’,0:1,Micky van de Ven,,yellow_card
ENG-Premier League,2526,2025-08-30 Tottenham-Bournemouth,Bournemouth,26’,0:1,James Hill,Adam Smith,substitute_in
ENG-Premier League,2526,2025-08-30 Tottenham-Bournemouth,Tottenham Hotspur,54’,0:1,Wilson Odobert,Brennan Johnson,substitute_in
ENG-Premier League,2526,2025-08-30 Tottenham-Bournemouth,Tottenham Hotspur,54’,0:1,Lucas Bergvall,João Palhinha,substitute_in
ENG-Premier League,2526,2025-08-30 Tottenham-Bournemouth,Bournemouth,5’,0:1,Evanilson,Marcos Senesi,goal
ENG-Premier League,2526,2025-08-30 Tottenham-Bournemouth,Bournemouth,63’,0:1,Ryan Christie,Alex Scott,substitute_in
ENG-Premier League,2526,2025-08-30 Tottenham-Bournemouth,Bournemouth,64’,0:1,Amine Adli,David Brooks,substitute_in
ENG-Premier League,2526,2025-08-30 Tottenham-Bournemouth,Tottenham Hotspur,65’,0:1,Djed Spence,,yellow_card
ENG-Premier League,2526,2025-08-30 Tottenham-Bournemouth,Tottenham Hotspur,71’,0:1,Destiny Udogie,Pedro Porro,substitute_in
ENG-Premier League,2526,2025-08-30 Tottenham-Bournemouth,Bournemouth,72’,0:1,Đorđe Petrović,,yellow_card
ENG-Premier League,2526,2025-08-30 Tottenham-Bournemouth,Tottenham Hotspur,76’,0:1,Mathys Tel,Pape Matar Sarr,substitute_in
ENG-Premier League,2526,2025-08-30 Tottenham-Bournemouth,Bournemouth,81’,0:1,Eli Junior Kroupi,Evanilson,substitute_in
ENG-Premier League,2526,2025-08-30 Tottenham-Bournemouth,Bournemouth,81’,0:1,Justin Kluivert,Marcus Tavernier,substitute_in
ENG-Premier League,2526,2025-08-30 Tottenham-Bournemouth,Bournemouth,88’,0:1,Tyler Adams,,yellow_card
ENG-Premier League,2526,2025-08-30 Tottenham-Bournemouth,Bournemouth,90+7’,0:1,James Hill,,yellow_card
ENG-Premier League,2526,2025-08-30 Wolves-Everton,Everton,16’,0:1,Kiernan Dewsbury-Hall,,yellow_card
ENG-Premier League,2526,2025-08-30 Wolves-Everton,Wolverhampton Wanderers,21’,1:1,Hwang Hee-chan,Marshall Munetsi,goal
ENG-Premier League,2526,2025-08-30 Wolves-Everton,Everton,33’,1:2,Iliman Ndiaye,Kiernan Dewsbury-Hall,goal
ENG-Premier League,2526,2025-08-30 Wolves-Everton,Everton,55’,1:3,Kiernan Dewsbury-Hall,Jack Grealish,goal
ENG-Premier League,2526,2025-08-30 Wolves-Everton,Wolverhampton Wanderers,64’,1:3,Rodrigo Gomes,André,substitute_in
ENG-Premier League,2526,2025-08-30 Wolves-Everton,Wolverhampton Wanderers,64’,1:3,Fer López,Jackson Tchatchoua,substitute_in
ENG-Premier League,2526,2025-08-30 Wolves-Everton,Wolverhampton Wanderers,64’,1:3,Jean-Ricner Bellegarde,Jhon Arias,substitute_in
ENG-Premier League,2526,2025-08-30 Wolves-Everton,Wolverhampton Wanderers,76’,1:3,Saša Kalajdžić,Hwang Hee-chan,substitute_in
ENG-Premier League,2526,2025-08-30 Wolves-Everton,Wolverhampton Wanderers,76’,1:3,David Møller Wolfe,Hugo Bueno,substitute_in
ENG-Premier League,2526,2025-08-30 Wolves-Everton,Everton,76’,1:3,Tim Iroegbunam,Idrissa Gueye,substitute_in
ENG-Premier League,2526,2025-08-30 Wolves-Everton,Everton,76’,1:3,Thierno Barry,Beto,substitute_in
ENG-Premier League,2526,2025-08-30 Wolves-Everton,Wolverhampton Wanderers,79’,2:3,Rodrigo Gomes,David Møller Wolfe,goal
ENG-Premier League,2526,2025-08-30 Wolves-Everton,Everton,7’,0:1,Beto,Jack Grealish,goal
ENG-Premier League,2526,2025-08-30 Wolves-Everton,Everton,88’,2:3,Carlos Alcaraz,Jack Grealish,substitute_in
ENG-Premier League,2526,2025-08-30 Wolves-Everton,Everton,90+6’,2:3,Séamus Coleman,Iliman Ndiaye,substitute_in
ENG-Premier League,2526,2025-08-31 Aston Villa-Crystal Palace,Aston Villa,13’,0:0,Matty Cash,,yellow_card
ENG-Premier League,2526,2025-08-31 Aston Villa-Crystal Palace,Aston Villa,20’,0:0,Marco Bizot,,yellow_card
ENG-Premier League,2526,2025-08-31 Aston Villa-Crystal Palace,Crystal Palace,21’,0:1,Jean-Philippe Mateta,,penalty_goal
ENG-Premier League,2526,2025-08-31 Aston Villa-Crystal Palace,Crystal Palace,22’,0:1,Jean-Philippe Mateta,,yellow_card
ENG-Premier League,2526,2025-08-31 Aston Villa-Crystal Palace,Aston Villa,46’,0:1,Emi Buendía,Evann Guessand,substitute_in
ENG-Premier League,2526,2025-08-31 Aston Villa-Crystal Palace,Crystal Palace,52’,0:1,Will Hughes,,yellow_card
ENG-Premier League,2526,2025-08-31 Aston Villa-Crystal Palace,Crystal Palace,56’,0:1,Jefferson Lerma,Adam Wharton,substitute_in
ENG-Premier League,2526,2025-08-31 Aston Villa-Crystal Palace,Crystal Palace,68’,0:2,Marc Guéhi,,goal
ENG-Premier League,2526,2025-08-31 Aston Villa-Crystal Palace,Crystal Palace,71’,0:2,Yéremy Pino,Will Hughes,substitute_in
ENG-Premier League,2526,2025-08-31 Aston Villa-Crystal Palace,Aston Villa,74’,0:2,Pau Torres,John McGinn,substitute_in
ENG-Premier League,2526,2025-08-31 Aston Villa-Crystal Palace,Aston Villa,74’,0:2,Bradley Burrowes,Matty Cash,substitute_in
ENG-Premier League,2526,2025-08-31 Aston Villa-Crystal Palace,Crystal Palace,78’,0:3,Ismaila Sarr,Maxence Lacroix,goal
ENG-Premier League,2526,2025-08-31 Aston Villa-Crystal Palace,Aston Villa,83’,0:3,Lucas Digne,Donyell Malen,substitute_in
ENG-Premier League,2526,2025-08-31 Aston Villa-Crystal Palace,Crystal Palace,85’,0:3,Justin Devenny,Jean-Philippe Mateta,substitute_in
ENG-Premier League,2526,2025-08-31 Aston Villa-Crystal Palace,Crystal Palace,86’,0:3,Nathaniel Clyne,Daichi Kamada,substitute_in
ENG-Premier League,2526,2025-08-31 Aston Villa-Crystal Palace,Crystal Palace,87’,0:3,Ismaila Sarr,,yellow_card
ENG-Premier League,2526,2025-08-31 Aston Villa-Crystal Palace,Aston Villa,88’,0:3,Lamare Bogarde,Ian Maatsen,substitute_in
ENG-Premier League,2526,2025-08-31 Brighton-Manchester City,Brighton & Hove Albion,16’,0:0,Jan Paul van Hecke,,yellow_card
ENG-Premier League,2526,2025-08-31 Brighton-Manchester City,Manchester City,34’,0:1,Erling Haaland,Omar Marmoush,goal
ENG-Premier League,2526,2025-08-31 Brighton-Manchester City,Brighton & Hove Albion,61’,0:1,Yasin Ayari,Jack Hinshelwood,substitute_in
ENG-Premier League,2526,2025-08-31 Brighton-Manchester City,Brighton & Hove Albion,61’,0:1,James Milner,Carlos Baleba,substitute_in
ENG-Premier League,2526,2025-08-31 Brighton-Manchester City,Brighton & Hove Albion,61’,0:1,Georginio Rutter,Danny Welbeck,substitute_in
ENG-Premier League,2526,2025-08-31 Brighton-Manchester City,Brighton & Hove Albion,61’,0:1,Brajan Gruda,Diego Gómez,substitute_in
ENG-Premier League,2526,2025-08-31 Brighton-Manchester City,Manchester City,63’,0:1,Abdukodir Khusanov,,yellow_card
ENG-Premier League,2526,2025-08-31 Brighton-Manchester City,Brighton & Hove Albion,67’,1:1,James Milner,,penalty_goal
ENG-Premier League,2526,2025-08-31 Brighton-Manchester City,Manchester City,69’,1:1,Rayan Aït-Nouri,,yellow_card
ENG-Premier League,2526,2025-08-31 Brighton-Manchester City,Manchester City,72’,1:1,Nico O'Reilly,Bernardo Silva,substitute_in
ENG-Premier League,2526,2025-08-31 Brighton-Manchester City,Manchester City,72’,1:1,Jeremy Doku,Omar Marmoush,substitute_in
ENG-Premier League,2526,2025-08-31 Brighton-Manchester City,Brighton & Hove Albion,77’,1:1,Joël Veltman,,yellow_card
ENG-Premier League,2526,2025-08-31 Brighton-Manchester City,Manchester City,85’,1:1,Rico Lewis,Matheus Nunes,substitute_in
ENG-Premier League,2526,2025-08-31 Brighton-Manchester City,Manchester City,85’,1:1,Rúben Dias,Abdukodir Khusanov,substitute_in
ENG-Premier League,2526,2025-08-31 Brighton-Manchester City,Brighton & Hove Albion,89’,2:1,Brajan Gruda,Kaoru Mitoma,goal
ENG-Premier League,2526,2025-08-31 Brighton-Manchester City,Brighton & Hove Albion,90+5’,2:1,Diego Coppola,Yankuba Minteh,substitute_in
ENG-Premier League,2526,2025-08-31 Liverpool-Arsenal,Liverpool,29’,0:0,Ryan Gravenberch,,yellow_card
ENG-Premier League,2526,2025-08-31 Liverpool-Arsenal,Arsenal,5’,0:0,Cristhian Mosquera,William Saliba,substitute_in
ENG-Premier League,2526,2025-08-31 Liverpool-Arsenal,Liverpool,61’,0:0,Curtis Jones,Alexis Mac Allister,substitute_in
ENG-Premier League,2526,2025-08-31 Liverpool-Arsenal,Arsenal,66’,0:0,Viktor Gyökeres,,yellow_card
ENG-Premier League,2526,2025-08-31 Liverpool-Arsenal,Arsenal,70’,0:0,Martin Ødegaard,Mikel Merino,substitute_in
ENG-Premier League,2526,2025-08-31 Liverpool-Arsenal,Arsenal,70’,0:0,Eberechi Eze,Gabriel Martinelli,substitute_in
ENG-Premier League,2526,2025-08-31 Liverpool-Arsenal,Liverpool,79’,0:0,Federico Chiesa,Hugo Ekitike,substitute_in
ENG-Premier League,2526,2025-08-31 Liverpool-Arsenal,Liverpool,79’,0:0,Joe Gomez,Ibrahima Konaté,substitute_in
ENG-Premier League,2526,2025-08-31 Liverpool-Arsenal,Arsenal,81’,0:0,Martín Zubimendi,,yellow_card
ENG-Premier League,2526,2025-08-31 Liverpool-Arsenal,Liverpool,83’,1:0,Dominik Szoboszlai,,goal
ENG-Premier League,2526,2025-08-31 Liverpool-Arsenal,Liverpool,89’,1:0,Wataru Endo,Florian Wirtz,substitute_in
ENG-Premier League,2526,2025-08-31 Liverpool-Arsenal,Arsenal,89’,1:0,Max Dowman,Noni Madueke,substitute_in
ENG-Premier League,2526,2025-08-31 Liverpool-Arsenal,Liverpool,90+8’,1:0,Wataru Endo,,yellow_card
ENG-Premier League,2526,2025-08-31 Nottingham-West Ham,Nottingham Forest,58’,0:0,James Mcatee,Dan Ndoye,substitute_in
ENG-Premier League,2526,2025-08-31 Nottingham-West Ham,West Ham United,64’,0:0,Callum Wilson,Niclas Füllkrug,substitute_in
ENG-Premier League,2526,2025-08-31 Nottingham-West Ham,Nottingham Forest,73’,0:0,Igor Jesus,Chris Wood,substitute_in
ENG-Premier League,2526,2025-08-31 Nottingham-West Ham,West Ham United,75’,0:0,Andy Irving,James Ward-Prowse,substitute_in
ENG-Premier League,2526,2025-08-31 Nottingham-West Ham,West Ham United,82’,0:0,Crysencio Summerville,Mateus Fernandes,substitute_in
ENG-Premier League,2526,2025-08-31 Nottingham-West Ham,West Ham United,84’,0:1,Jarrod Bowen,Crysencio Summerville,goal
ENG-Premier League,2526,2025-08-31 Nottingham-West Ham,West Ham United,88’,0:2,Lucas Paquetá,,penalty_goal
ENG-Premier League,2526,2025-08-31 Nottingham-West Ham,Nottingham Forest,89’,0:2,Omari Hutchinson,Callum Hudson-Odoi,substitute_in
ENG-Premier League,2526,2025-08-31 Nottingham-West Ham,Nottingham Forest,89’,0:2,Arnaud Kalimuendo,Ibrahim Sangaré,substitute_in
ENG-Premier League,2526,2025-08-31 Nottingham-West Ham,West Ham United,90+1’,0:3,Callum Wilson,El Hadji Malick Diouf,goal
ENG-Premier League,2526,2025-09-13 Arsenal-Nottingham,Arsenal,18’,0:0,Ethan Nwaneri,Martin Ødegaard,substitute_in
ENG-Premier League,2526,2025-09-13 Arsenal-Nottingham,Arsenal,32’,1:0,Martín Zubimendi,,goal
ENG-Premier League,2526,2025-09-13 Arsenal-Nottingham,Nottingham Forest,37’,1:0,Nicolò Savona,Murillo,substitute_in
ENG-Premier League,2526,2025-09-13 Arsenal-Nottingham,Arsenal,46’,2:0,Viktor Gyökeres,Eberechi Eze,goal
ENG-Premier League,2526,2025-09-13 Arsenal-Nottingham,Nottingham Forest,60’,2:0,Dilane Bakwa,Chris Wood,substitute_in
ENG-Premier League,2526,2025-09-13 Arsenal-Nottingham,Nottingham Forest,60’,2:0,Arnaud Kalimuendo,Callum Hudson-Odoi,substitute_in
ENG-Premier League,2526,2025-09-13 Arsenal-Nottingham,Arsenal,61’,2:0,Riccardo Calafiori,,yellow_card
ENG-Premier League,2526,2025-09-13 Arsenal-Nottingham,Arsenal,68’,2:0,Declan Rice,Viktor Gyökeres,substitute_in
ENG-Premier League,2526,2025-09-13 Arsenal-Nottingham,Arsenal,68’,2:0,Myles Lewis-Skelly,Riccardo Calafiori,substitute_in
ENG-Premier League,2526,2025-09-13 Arsenal-Nottingham,Nottingham Forest,73’,2:0,James Mcatee,Morgan Gibbs-White,substitute_in
ENG-Premier League,2526,2025-09-13 Arsenal-Nottingham,Nottingham Forest,73’,2:0,Ryan Yates,Ibrahim Sangaré,substitute_in
ENG-Premier League,2526,2025-09-13 Arsenal-Nottingham,Arsenal,78’,2:0,Gabriel Martinelli,Noni Madueke,substitute_in
ENG-Premier League,2526,2025-09-13 Arsenal-Nottingham,Nottingham Forest,78’,2:0,Neco Williams,,yellow_card
ENG-Premier League,2526,2025-09-13 Arsenal-Nottingham,Arsenal,79’,2:0,Leandro Trossard,Eberechi Eze,substitute_in
ENG-Premier League,2526,2025-09-13 Arsenal-Nottingham,Arsenal,79’,3:0,Martín Zubimendi,Leandro Trossard,goal
ENG-Premier League,2526,2025-09-13 Bournemouth-Brighton,Bournemouth,18’,1:0,Alex Scott,Antoine Semenyo,goal
ENG-Premier League,2526,2025-09-13 Bournemouth-Brighton,Brighton & Hove Albion,24’,1:0,Ferdi Kadioglu,Maxim De Cuyper,substitute_in
ENG-Premier League,2526,2025-09-13 Bournemouth-Brighton,Brighton & Hove Albion,30’,1:0,Lewis Dunk,,yellow_card
ENG-Premier League,2526,2025-09-13 Bournemouth-Brighton,Bournemouth,31’,1:0,David Brooks,,yellow_card
ENG-Premier League,2526,2025-09-13 Bournemouth-Brighton,Bournemouth,36’,1:0,Marcos Senesi,,yellow_card
ENG-Premier League,2526,2025-09-13 Bournemouth-Brighton,Brighton & Hove Albion,3’,0:0,Yasin Ayari,Jack Hinshelwood,substitute_in
ENG-Premier League,2526,2025-09-13 Bournemouth-Brighton,Bournemouth,45+5’,1:0,Tyler Adams,,yellow_card
ENG-Premier League,2526,2025-09-13 Bournemouth-Brighton,Brighton & Hove Albion,48’,1:1,Kaoru Mitoma,Yankuba Minteh,goal
ENG-Premier League,2526,2025-09-13 Bournemouth-Brighton,Brighton & Hove Albion,57’,1:1,Georginio Rutter,,yellow_card
ENG-Premier League,2526,2025-09-13 Bournemouth-Brighton,Bournemouth,61’,2:1,Antoine Semenyo,,penalty_goal
ENG-Premier League,2526,2025-09-13 Bournemouth-Brighton,Brighton & Hove Albion,63’,2:1,James Milner,,yellow_card
ENG-Premier League,2526,2025-09-13 Bournemouth-Brighton,Bournemouth,67’,2:1,Amine Adli,David Brooks,substitute_in
ENG-Premier League,2526,2025-09-13 Bournemouth-Brighton,Bournemouth,67’,2:1,Justin Kluivert,Alex Scott,substitute_in
ENG-Premier League,2526,2025-09-13 Bournemouth-Brighton,Brighton & Hove Albion,67’,2:1,Brajan Gruda,Georginio Rutter,substitute_in
ENG-Premier League,2526,2025-09-13 Bournemouth-Brighton,Brighton & Hove Albion,67’,2:1,Stefanos Tzimas,Danny Welbeck,substitute_in
ENG-Premier League,2526,2025-09-13 Bournemouth-Brighton,Brighton & Hove Albion,67’,2:1,Carlos Baleba,James Milner,substitute_in
ENG-Premier League,2526,2025-09-13 Bournemouth-Brighton,Brighton & Hove Albion,73’,2:1,Carlos Baleba,,yellow_card
ENG-Premier League,2526,2025-09-13 Bournemouth-Brighton,Bournemouth,87’,2:1,Lewis Cook,Marcus Tavernier,substitute_in
ENG-Premier League,2526,2025-09-13 Bournemouth-Brighton,Bournemouth,87’,2:1,Álex Jiménez,James Hill,substitute_in
ENG-Premier League,2526,2025-09-13 Bournemouth-Brighton,Bournemouth,90+2’,2:1,Julio Soler,Evanilson,substitute_in
ENG-Premier League,2526,2025-09-13 Bournemouth-Brighton,Bournemouth,90+6’,2:1,Álex Jiménez,,yellow_card
ENG-Premier League,2526,2025-09-13 Brentford-Chelsea,Chelsea,30’,0:0,Jorrel Hato,,yellow_card
ENG-Premier League,2526,2025-09-13 Brentford-Chelsea,Brentford,35’,1:0,Kevin Schade,Jordan Henderson,goal
ENG-Premier League,2526,2025-09-13 Brentford-Chelsea,Chelsea,46’,1:0,Tyrique George,Facundo Buonanotte,substitute_in
ENG-Premier League,2526,2025-09-13 Brentford-Chelsea,Chelsea,46’,1:0,Reece James,Wesley Fofana,substitute_in
ENG-Premier League,2526,2025-09-13 Brentford-Chelsea,Chelsea,46’,1:0,Marc Cucurella,Jorrel Hato,substitute_in
ENG-Premier League,2526,2025-09-13 Brentford-Chelsea,Chelsea,56’,1:0,Cole Palmer,Jamie Gittens,substitute_in
ENG-Premier League,2526,2025-09-13 Brentford-Chelsea,Chelsea,61’,1:1,Cole Palmer,João Pedro,goal
ENG-Premier League,2526,2025-09-13 Brentford-Chelsea,Brentford,64’,1:1,Yehor Yarmoliuk,,yellow_card
ENG-Premier League,2526,2025-09-13 Brentford-Chelsea,Brentford,73’,1:1,Dango Ouattara,Mathias Jensen,substitute_in
ENG-Premier League,2526,2025-09-13 Brentford-Chelsea,Brentford,73’,1:1,Rico Henry,Igor Thiago,substitute_in
ENG-Premier League,2526,2025-09-13 Brentford-Chelsea,Chelsea,79’,1:1,Alejandro Garnacho,João Pedro,substitute_in
ENG-Premier League,2526,2025-09-13 Brentford-Chelsea,Brentford,82’,1:1,Ethan Pinnock,,yellow_card
ENG-Premier League,2526,2025-09-13 Brentford-Chelsea,Brentford,83’,1:1,Kristoffer Ajer,Ethan Pinnock,substitute_in
ENG-Premier League,2526,2025-09-13 Brentford-Chelsea,Brentford,83’,1:1,Aaron Hickey,Michael Kayode,substitute_in
ENG-Premier League,2526,2025-09-13 Brentford-Chelsea,Chelsea,85’,1:2,Moisés Caicedo,,goal
ENG-Premier League,2526,2025-09-13 Brentford-Chelsea,Brentford,8’,0:0,Igor Thiago,,yellow_card
ENG-Premier League,2526,2025-09-13 Brentford-Chelsea,Chelsea,90+1’,1:2,Tyrique George,,yellow_card
ENG-Premier League,2526,2025-09-13 Brentford-Chelsea,Brentford,90+3’,2:2,Fabio Carvalho,Kristoffer Ajer,goal
ENG-Premier League,2526,2025-09-13 Brentford-Chelsea,Brentford,90’,1:2,Fabio Carvalho,Keane Lewis-Potter,substitute_in
ENG-Premier League,2526,2025-09-13 Crystal Palace-Sunderland,Crystal Palace,14’,0:0,Daniel Muñoz,,yellow_card
ENG-Premier League,2526,2025-09-13 Crystal Palace-Sunderland,Crystal Palace,69’,0:0,Justin Devenny,Jefferson Lerma,substitute_in
ENG-Premier League,2526,2025-09-13 Crystal Palace-Sunderland,Sunderland,69’,0:0,Brian Brobbey,Simon Adingra,substitute_in
ENG-Premier League,2526,2025-09-13 Crystal Palace-Sunderland,Sunderland,77’,0:0,Robin Roefs,,yellow_card
ENG-Premier League,2526,2025-09-13 Crystal Palace-Sunderland,Crystal Palace,84’,0:0,Christantus Uche,Yéremy Pino,substitute_in
ENG-Premier League,2526,2025-09-13 Crystal Palace-Sunderland,Sunderland,84’,0:0,Lutsharel Geertruida,Noah Sadiki,substitute_in
ENG-Premier League,2526,2025-09-13 Crystal Palace-Sunderland,Sunderland,90+4’,0:0,Chris Rigg,Wilson Isidor,substitute_in
ENG-Premier League,2526,2025-09-13 Everton-Aston Villa,Aston Villa,34’,0:0,Matty Cash,,yellow_card
ENG-Premier League,2526,2025-09-13 Everton-Aston Villa,Everton,45+1’,0:0,Tim Iroegbunam,,yellow_card
ENG-Premier League,2526,2025-09-13 Everton-Aston Villa,Aston Villa,46’,0:0,Evann Guessand,Youri Tielemans,substitute_in
ENG-Premier League,2526,2025-09-13 Everton-Aston Villa,Aston Villa,57’,0:0,Lucas Digne,,yellow_card
ENG-Premier League,2526,2025-09-13 Everton-Aston Villa,Everton,65’,0:0,Kiernan Dewsbury-Hall,,yellow_card
ENG-Premier League,2526,2025-09-13 Everton-Aston Villa,Everton,66’,0:0,Merlin Röhl,Tim Iroegbunam,substitute_in
ENG-Premier League,2526,2025-09-13 Everton-Aston Villa,Everton,69’,0:0,Jack Grealish,,yellow_card
ENG-Premier League,2526,2025-09-13 Everton-Aston Villa,Aston Villa,70’,0:0,Emi Buendía,,yellow_card
ENG-Premier League,2526,2025-09-13 Everton-Aston Villa,Aston Villa,71’,0:0,Harvey Elliott,Emi Buendía,substitute_in
ENG-Premier League,2526,2025-09-13 Everton-Aston Villa,Everton,75’,0:0,Thierno Barry,Beto,substitute_in
ENG-Premier League,2526,2025-09-13 Everton-Aston Villa,Aston Villa,83’,0:0,Donyell Malen,Ollie Watkins,substitute_in
ENG-Premier League,2526,2025-09-13 Everton-Aston Villa,Aston Villa,83’,0:0,Victor Lindelöf,Lamare Bogarde,substitute_in
ENG-Premier League,2526,2025-09-13 Fulham-Leeds United,Leeds United,11’,0:0,Anton Stach,,yellow_card
ENG-Premier League,2526,2025-09-13 Fulham-Leeds United,Fulham,60’,0:0,Emile Smith Rowe,Joshua King,substitute_in
ENG-Premier League,2526,2025-09-13 Fulham-Leeds United,Fulham,60’,0:0,Adama Traoré,Harry Wilson,substitute_in
ENG-Premier League,2526,2025-09-13 Fulham-Leeds United,Leeds United,64’,0:0,Noah Okafor,,yellow_card
ENG-Premier League,2526,2025-09-13 Fulham-Leeds United,Leeds United,69’,0:0,Jack Harrison,Noah Okafor,substitute_in
ENG-Premier League,2526,2025-09-13 Fulham-Leeds United,Leeds United,69’,0:0,Lukas Nmecha,Dominic Calvert-Lewin,substitute_in
ENG-Premier League,2526,2025-09-13 Fulham-Leeds United,Fulham,76’,0:0,Kevin,Alex Iwobi,substitute_in
ENG-Premier League,2526,2025-09-13 Fulham-Leeds United,Leeds United,77’,0:0,Daniel James,Brenden Aaronson,substitute_in
ENG-Premier League,2526,2025-09-13 Fulham-Leeds United,Fulham,79’,0:0,Sander Berge,,yellow_card
ENG-Premier League,2526,2025-09-13 Fulham-Leeds United,Fulham,84’,0:0,Raúl Jiménez,Rodrigo Muniz,substitute_in
ENG-Premier League,2526,2025-09-13 Fulham-Leeds United,Fulham,84’,0:0,Tom Cairney,Sander Berge,substitute_in
ENG-Premier League,2526,2025-09-13 Fulham-Leeds United,Leeds United,89’,0:0,Wilfried Gnonto,Daniel James,substitute_in
ENG-Premier League,2526,2025-09-13 Fulham-Leeds United,Fulham,90+4’,1:0,Gabriel Gudmundsson,,own_goal
ENG-Premier League,2526,2025-09-13 Newcastle-Wolves,Newcastle United,29’,1:0,Nick Woltemade,Jacob Murphy,goal
ENG-Premier League,2526,2025-09-13 Newcastle-Wolves,Wolverhampton Wanderers,31’,1:0,André,,yellow_card
ENG-Premier League,2526,2025-09-13 Newcastle-Wolves,Newcastle United,65’,1:0,William Osula,Nick Woltemade,substitute_in
ENG-Premier League,2526,2025-09-13 Newcastle-Wolves,Newcastle United,65’,1:0,Joe Willock,Joelinton,substitute_in
ENG-Premier League,2526,2025-09-13 Newcastle-Wolves,Wolverhampton Wanderers,66’,1:0,Jean-Ricner Bellegarde,Yerson Mosquera,substitute_in
ENG-Premier League,2526,2025-09-13 Newcastle-Wolves,Wolverhampton Wanderers,66’,1:0,Marshall Munetsi,André,substitute_in
ENG-Premier League,2526,2025-09-13 Newcastle-Wolves,Wolverhampton Wanderers,66’,1:0,Jhon Arias,Tolu Arokodare,substitute_in
ENG-Premier League,2526,2025-09-13 Newcastle-Wolves,Wolverhampton Wanderers,67’,1:0,Marshall Munetsi,,yellow_card
ENG-Premier League,2526,2025-09-13 Newcastle-Wolves,Wolverhampton Wanderers,68’,1:0,João Gomes,,yellow_card
ENG-Premier League,2526,2025-09-13 Newcastle-Wolves,Wolverhampton Wanderers,77’,1:0,Jackson Tchatchoua,Rodrigo Gomes,substitute_in
ENG-Premier League,2526,2025-09-13 Newcastle-Wolves,Wolverhampton Wanderers,77’,1:0,Fer López,Hwang Hee-chan,substitute_in
ENG-Premier League,2526,2025-09-13 Newcastle-Wolves,Wolverhampton Wanderers,7’,0:0,Ladislav Krejčí,,yellow_card
ENG-Premier League,2526,2025-09-13 Newcastle-Wolves,Newcastle United,80’,1:0,Anthony Elanga,Harvey Barnes,substitute_in
ENG-Premier League,2526,2025-09-13 Newcastle-Wolves,Newcastle United,88’,1:0,Bruno Guimarães,,yellow_card
ENG-Premier League,2526,2025-09-13 Newcastle-Wolves,Newcastle United,90+5’,1:0,Sven Botman,Jacob Murphy,substitute_in
ENG-Premier League,2526,2025-09-13 West Ham-Tottenham,Tottenham Hotspur,47’,0:1,Pape Matar Sarr,Xavi Simons,goal
ENG-Premier League,2526,2025-09-13 West Ham-Tottenham,Tottenham Hotspur,52’,0:1,Djed Spence,,yellow_card
ENG-Premier League,2526,2025-09-13 West Ham-Tottenham,West Ham United,54’,0:1,Tomáš Souček,,red_card
ENG-Premier League,2526,2025-09-13 West Ham-Tottenham,Tottenham Hotspur,57’,0:2,Lucas Bergvall,Cristian Romero,goal
ENG-Premier League,2526,2025-09-13 West Ham-Tottenham,West Ham United,61’,0:2,Soungoutou Magassa,Mateus Fernandes,substitute_in
ENG-Premier League,2526,2025-09-13 West Ham-Tottenham,West Ham United,61’,0:2,Luis Guilherme,Crysencio Summerville,substitute_in
ENG-Premier League,2526,2025-09-13 West Ham-Tottenham,Tottenham Hotspur,64’,0:3,Micky van de Ven,Lucas Bergvall,goal
ENG-Premier League,2526,2025-09-13 West Ham-Tottenham,West Ham United,68’,0:3,Callum Wilson,Lucas Paquetá,substitute_in
ENG-Premier League,2526,2025-09-13 West Ham-Tottenham,Tottenham Hotspur,71’,0:3,Destiny Udogie,Djed Spence,substitute_in
ENG-Premier League,2526,2025-09-13 West Ham-Tottenham,Tottenham Hotspur,71’,0:3,Richarlison,Xavi Simons,substitute_in
ENG-Premier League,2526,2025-09-13 West Ham-Tottenham,Tottenham Hotspur,79’,0:3,Wilson Odobert,Mathys Tel,substitute_in
ENG-Premier League,2526,2025-09-13 West Ham-Tottenham,Tottenham Hotspur,80’,0:3,Brennan Johnson,Lucas Bergvall,substitute_in
ENG-Premier League,2526,2025-09-13 West Ham-Tottenham,Tottenham Hotspur,80’,0:3,Kevin Danso,Micky van de Ven,substitute_in
ENG-Premier League,2526,2025-09-13 West Ham-Tottenham,West Ham United,90+2’,0:3,Andy Irving,James Ward-Prowse,substitute_in
ENG-Premier League,2526,2025-09-14 Burnley-Liverpool,Burnley,16’,0:0,Lesley Ugochukwu,,yellow_card
ENG-Premier League,2526,2025-09-14 Burnley-Liverpool,Liverpool,22’,0:0,Milos Kerkez,,yellow_card
ENG-Premier League,2526,2025-09-14 Burnley-Liverpool,Liverpool,38’,0:0,Andy Robertson,Milos Kerkez,substitute_in
ENG-Premier League,2526,2025-09-14 Burnley-Liverpool,Liverpool,46’,0:0,Conor Bradley,Alexis Mac Allister,substitute_in
ENG-Premier League,2526,2025-09-14 Burnley-Liverpool,Burnley,63’,0:0,Hannibal Mejbri,Loum Tchaouna,substitute_in
ENG-Premier League,2526,2025-09-14 Burnley-Liverpool,Burnley,63’,0:0,Florentino Luís,Josh Cullen,substitute_in
ENG-Premier League,2526,2025-09-14 Burnley-Liverpool,Liverpool,72’,0:0,Federico Chiesa,Hugo Ekitike,substitute_in
ENG-Premier League,2526,2025-09-14 Burnley-Liverpool,Liverpool,75’,0:0,Conor Bradley,,yellow_card
ENG-Premier League,2526,2025-09-14 Burnley-Liverpool,Burnley,84’,0:0,Lesley Ugochukwu,,yellow_red_card
ENG-Premier League,2526,2025-09-14 Burnley-Liverpool,Burnley,86’,0:0,Joe Worrall,Lyle Foster,substitute_in
ENG-Premier League,2526,2025-09-14 Burnley-Liverpool,Liverpool,87’,0:0,Rio Ngumoha,Florian Wirtz,substitute_in
ENG-Premier League,2526,2025-09-14 Burnley-Liverpool,Liverpool,87’,0:0,Jeremie Frimpong,Ibrahima Konaté,substitute_in
ENG-Premier League,2526,2025-09-14 Burnley-Liverpool,Burnley,89’,0:0,Armando Broja,Jaidon Anthony,substitute_in
ENG-Premier League,2526,2025-09-14 Burnley-Liverpool,Liverpool,90+5’,0:1,Mohamed Salah,,penalty_goal
ENG-Premier League,2526,2025-09-14 Manchester City-Manchester Utd,Manchester City,18’,1:0,Phil Foden,Jeremy Doku,goal
ENG-Premier League,2526,2025-09-14 Manchester City-Manchester Utd,Manchester City,53’,2:0,Erling Haaland,Jeremy Doku,goal
ENG-Premier League,2526,2025-09-14 Manchester City-Manchester Utd,Manchester United,62’,2:0,Kobbie Mainoo,Noussair Mazraoui,substitute_in
ENG-Premier League,2526,2025-09-14 Manchester City-Manchester Utd,Manchester United,62’,2:0,Harry Maguire,Leny Yoro,substitute_in
ENG-Premier League,2526,2025-09-14 Manchester City-Manchester Utd,Manchester City,68’,3:0,Erling Haaland,Bernardo Silva,goal
ENG-Premier League,2526,2025-09-14 Manchester City-Manchester Utd,Manchester City,76’,3:0,Nicolás González,Rodri,substitute_in
ENG-Premier League,2526,2025-09-14 Manchester City-Manchester Utd,Manchester City,77’,3:0,Sávio,Jeremy Doku,substitute_in
ENG-Premier League,2526,2025-09-14 Manchester City-Manchester Utd,Manchester United,80’,3:0,Casemiro,Benjamin Šeško,substitute_in
ENG-Premier League,2526,2025-09-14 Manchester City-Manchester Utd,Manchester United,80’,3:0,Joshua Zirkzee,Manuel Ugarte,substitute_in
ENG-Premier League,2526,2025-09-14 Manchester City-Manchester Utd,Manchester City,87’,3:0,Oscar Bobb,Erling Haaland,substitute_in
ENG-Premier League,2526,2025-09-14 Manchester City-Manchester Utd,Manchester City,88’,3:0,Nathan Aké,Bernardo Silva,substitute_in
ENG-Premier League,2526,2025-09-20 Brighton-Tottenham,Brighton & Hove Albion,31’,2:0,Yasin Ayari,,goal
ENG-Premier League,2526,2025-09-20 Brighton-Tottenham,Tottenham Hotspur,43’,2:1,Richarlison,Mohammed Kudus,goal
ENG-Premier League,2526,2025-09-20 Brighton-Tottenham,Brighton & Hove Albion,46’,2:1,Diego Gómez,Carlos Baleba,substitute_in
ENG-Premier League,2526,2025-09-20 Brighton-Tottenham,Tottenham Hotspur,46’,2:1,Mohammed Kudus,,yellow_card
ENG-Premier League,2526,2025-09-20 Brighton-Tottenham,Tottenham Hotspur,61’,2:1,Xavi Simons,Rodrigo Bentancur,substitute_in
ENG-Premier League,2526,2025-09-20 Brighton-Tottenham,Brighton & Hove Albion,63’,2:1,James Milner,Brajan Gruda,substitute_in
ENG-Premier League,2526,2025-09-20 Brighton-Tottenham,Tottenham Hotspur,72’,2:1,Brennan Johnson,Wilson Odobert,substitute_in
ENG-Premier League,2526,2025-09-20 Brighton-Tottenham,Brighton & Hove Albion,73’,2:1,Diego Gómez,,yellow_card
ENG-Premier League,2526,2025-09-20 Brighton-Tottenham,Brighton & Hove Albion,75’,2:1,Danny Welbeck,Georginio Rutter,substitute_in
ENG-Premier League,2526,2025-09-20 Brighton-Tottenham,Brighton & Hove Albion,75’,2:1,Diego Coppola,Yankuba Minteh,substitute_in
ENG-Premier League,2526,2025-09-20 Brighton-Tottenham,Tottenham Hotspur,82’,2:2,Jan Paul van Hecke,,own_goal
ENG-Premier League,2526,2025-09-20 Brighton-Tottenham,Brighton & Hove Albion,85’,2:2,Mats Wieffer,Ferdi Kadioglu,substitute_in
ENG-Premier League,2526,2025-09-20 Brighton-Tottenham,Tottenham Hotspur,88’,2:2,Cristian Romero,,yellow_card
ENG-Premier League,2526,2025-09-20 Brighton-Tottenham,Tottenham Hotspur,89’,2:2,Djed Spence,Pedro Porro,substitute_in
ENG-Premier League,2526,2025-09-20 Brighton-Tottenham,Tottenham Hotspur,89’,2:2,Archie Gray,Lucas Bergvall,substitute_in
ENG-Premier League,2526,2025-09-20 Brighton-Tottenham,Brighton & Hove Albion,8’,1:0,Yankuba Minteh,Georginio Rutter,goal
ENG-Premier League,2526,2025-09-20 Burnley-Nottingham,Burnley,16’,0:1,Florentino Luís,,yellow_card
ENG-Premier League,2526,2025-09-20 Burnley-Nottingham,Burnley,20’,1:1,Jaidon Anthony,Lyle Foster,goal
ENG-Premier League,2526,2025-09-20 Burnley-Nottingham,Nottingham Forest,2’,0:1,Neco Williams,,goal
ENG-Premier League,2526,2025-09-20 Burnley-Nottingham,Nottingham Forest,59’,1:1,Callum Hudson-Odoi,Dilane Bakwa,substitute_in
ENG-Premier League,2526,2025-09-20 Burnley-Nottingham,Nottingham Forest,76’,1:1,Arnaud Kalimuendo,Douglas Luiz,substitute_in
ENG-Premier League,2526,2025-09-20 Burnley-Nottingham,Nottingham Forest,76’,1:1,Ibrahim Sangaré,Dan Ndoye,substitute_in
ENG-Premier League,2526,2025-09-20 Burnley-Nottingham,Nottingham Forest,76’,1:1,Igor Jesus,Chris Wood,substitute_in
ENG-Premier League,2526,2025-09-20 Burnley-Nottingham,Burnley,81’,1:1,Hannibal Mejbri,Loum Tchaouna,substitute_in
ENG-Premier League,2526,2025-09-20 Burnley-Nottingham,Burnley,86’,1:1,Zian Flemming,Lyle Foster,substitute_in
ENG-Premier League,2526,2025-09-20 Burnley-Nottingham,Nottingham Forest,90+2’,1:1,Morato,,yellow_card
ENG-Premier League,2526,2025-09-20 Fulham-Brentford,Brentford,20’,0:1,Mikkel Damsgaard,,goal
ENG-Premier League,2526,2025-09-20 Fulham-Brentford,Fulham,38’,1:1,Alex Iwobi,Rodrigo Muniz,goal
ENG-Premier League,2526,2025-09-20 Fulham-Brentford,Fulham,40’,2:1,Harry Wilson,Alex Iwobi,goal
ENG-Premier League,2526,2025-09-20 Fulham-Brentford,Fulham,43’,2:1,Joshua King,,yellow_card
ENG-Premier League,2526,2025-09-20 Fulham-Brentford,Fulham,50’,3:1,Ethan Pinnock,,own_goal
ENG-Premier League,2526,2025-09-20 Fulham-Brentford,Fulham,53’,3:1,Saša Lukić,,yellow_card
ENG-Premier League,2526,2025-09-20 Fulham-Brentford,Brentford,65’,3:1,Dango Ouattara,Igor Thiago,substitute_in
ENG-Premier League,2526,2025-09-20 Fulham-Brentford,Brentford,66’,3:1,Rico Henry,Keane Lewis-Potter,substitute_in
ENG-Premier League,2526,2025-09-20 Fulham-Brentford,Fulham,67’,3:1,Kevin,Joshua King,substitute_in
ENG-Premier League,2526,2025-09-20 Fulham-Brentford,Brentford,69’,3:1,Nathan Collins,,yellow_card
ENG-Premier League,2526,2025-09-20 Fulham-Brentford,Brentford,74’,3:1,Kristoffer Ajer,Ethan Pinnock,substitute_in
ENG-Premier League,2526,2025-09-20 Fulham-Brentford,Brentford,74’,3:1,Vitaly Janelt,Jordan Henderson,substitute_in
ENG-Premier League,2526,2025-09-20 Fulham-Brentford,Fulham,80’,3:1,Raúl Jiménez,Rodrigo Muniz,substitute_in
ENG-Premier League,2526,2025-09-20 Fulham-Brentford,Fulham,80’,3:1,Emile Smith Rowe,Alex Iwobi,substitute_in
ENG-Premier League,2526,2025-09-20 Fulham-Brentford,Fulham,81’,3:1,Bernd Leno,,yellow_card
ENG-Premier League,2526,2025-09-20 Fulham-Brentford,Fulham,86’,3:1,Jorge Cuenca,Harry Wilson,substitute_in
ENG-Premier League,2526,2025-09-20 Fulham-Brentford,Fulham,86’,3:1,Tom Cairney,Saša Lukić,substitute_in
ENG-Premier League,2526,2025-09-20 Fulham-Brentford,Brentford,87’,3:1,Fabio Carvalho,Mikkel Damsgaard,substitute_in
ENG-Premier League,2526,2025-09-20 Fulham-Brentford,Fulham,90+3’,3:1,Kevin,,yellow_card
ENG-Premier League,2526,2025-09-20 Liverpool-Everton,Liverpool,10’,1:0,Ryan Gravenberch,Mohamed Salah,goal
ENG-Premier League,2526,2025-09-20 Liverpool-Everton,Everton,28’,1:0,Iliman Ndiaye,,yellow_card
ENG-Premier League,2526,2025-09-20 Liverpool-Everton,Liverpool,29’,2:0,Hugo Ekitike,Ryan Gravenberch,goal
ENG-Premier League,2526,2025-09-20 Liverpool-Everton,Everton,46’,2:0,Thierno Barry,Beto,substitute_in
ENG-Premier League,2526,2025-09-20 Liverpool-Everton,Everton,58’,2:1,Idrissa Gueye,Iliman Ndiaye,goal
ENG-Premier League,2526,2025-09-20 Liverpool-Everton,Liverpool,61’,2:1,Curtis Jones,Alexis Mac Allister,substitute_in
ENG-Premier League,2526,2025-09-20 Liverpool-Everton,Liverpool,61’,2:1,Florian Wirtz,Cody Gakpo,substitute_in
ENG-Premier League,2526,2025-09-20 Liverpool-Everton,Liverpool,67’,2:1,Alexander Isak,Hugo Ekitike,substitute_in
ENG-Premier League,2526,2025-09-20 Liverpool-Everton,Liverpool,69’,2:1,Dominik Szoboszlai,,yellow_card
ENG-Premier League,2526,2025-09-20 Liverpool-Everton,Everton,78’,2:1,Kiernan Dewsbury-Hall,,yellow_card
ENG-Premier League,2526,2025-09-20 Liverpool-Everton,Liverpool,82’,2:1,Florian Wirtz,,yellow_card
ENG-Premier League,2526,2025-09-20 Liverpool-Everton,Everton,86’,2:1,Tyler Dibling,Iliman Ndiaye,substitute_in
ENG-Premier League,2526,2025-09-20 Liverpool-Everton,Everton,86’,2:1,Carlos Alcaraz,Vitaliy Mykolenko,substitute_in
ENG-Premier League,2526,2025-09-20 Liverpool-Everton,Everton,90+4’,2:1,Jack Grealish,,yellow_card
ENG-Premier League,2526,2025-09-20 Manchester Utd-Chelsea,Manchester United,14’,1:0,Bruno Fernandes,Patrick Dorgu,goal
ENG-Premier League,2526,2025-09-20 Manchester Utd-Chelsea,Manchester United,17’,1:0,Casemiro,,yellow_card
ENG-Premier League,2526,2025-09-20 Manchester Utd-Chelsea,Chelsea,21’,1:0,Andrey Santos,Cole Palmer,substitute_in
ENG-Premier League,2526,2025-09-20 Manchester Utd-Chelsea,Manchester United,37’,2:0,Casemiro,Harry Maguire,goal
ENG-Premier League,2526,2025-09-20 Manchester Utd-Chelsea,Chelsea,44’,2:0,Marc Cucurella,,yellow_card
ENG-Premier League,2526,2025-09-20 Manchester Utd-Chelsea,Manchester United,45+5’,2:0,Casemiro,,yellow_red_card
ENG-Premier League,2526,2025-09-20 Manchester Utd-Chelsea,Manchester United,46’,2:0,Manuel Ugarte,Benjamin Šeško,substitute_in
ENG-Premier League,2526,2025-09-20 Manchester Utd-Chelsea,Chelsea,48’,2:0,Enzo Fernández,,yellow_card
ENG-Premier League,2526,2025-09-20 Manchester Utd-Chelsea,Chelsea,50’,2:0,Trevoh Chalobah,,yellow_card
ENG-Premier League,2526,2025-09-20 Manchester Utd-Chelsea,Chelsea,5’,0:0,Robert Sánchez,,red_card
ENG-Premier League,2526,2025-09-20 Manchester Utd-Chelsea,Chelsea,64’,2:0,Tyrique George,Wesley Fofana,substitute_in
ENG-Premier League,2526,2025-09-20 Manchester Utd-Chelsea,Chelsea,64’,2:0,Malo Gusto,Marc Cucurella,substitute_in
ENG-Premier League,2526,2025-09-20 Manchester Utd-Chelsea,Manchester United,65’,2:0,Matheus Cunha,Noussair Mazraoui,substitute_in
ENG-Premier League,2526,2025-09-20 Manchester Utd-Chelsea,Manchester United,70’,2:0,Mason Mount,Bryan Mbeumo,substitute_in
ENG-Premier League,2526,2025-09-20 Manchester Utd-Chelsea,Manchester United,70’,2:0,Leny Yoro,Harry Maguire,substitute_in
ENG-Premier League,2526,2025-09-20 Manchester Utd-Chelsea,Chelsea,72’,2:0,Tyrique George,,yellow_card
ENG-Premier League,2526,2025-09-20 Manchester Utd-Chelsea,Chelsea,7’,0:0,Filip Jørgensen,Estêvão Willian,substitute_in
ENG-Premier League,2526,2025-09-20 Manchester Utd-Chelsea,Chelsea,7’,0:0,Tosin Adarabioyo,Pedro Neto,substitute_in
ENG-Premier League,2526,2025-09-20 Manchester Utd-Chelsea,Chelsea,80’,2:1,Trevoh Chalobah,Reece James,goal
ENG-Premier League,2526,2025-09-20 Manchester Utd-Chelsea,Manchester United,87’,2:1,Kobbie Mainoo,Bruno Fernandes,substitute_in
ENG-Premier League,2526,2025-09-20 Manchester Utd-Chelsea,Chelsea,90+6’,2:1,Tosin Adarabioyo,,yellow_card
ENG-Premier League,2526,2025-09-20 West Ham-Crystal Palace,Crystal Palace,37’,0:1,Jean-Philippe Mateta,,goal
ENG-Premier League,2526,2025-09-20 West Ham-Crystal Palace,Crystal Palace,40’,0:1,Tyrick Mitchell,,yellow_card
ENG-Premier League,2526,2025-09-20 West Ham-Crystal Palace,West Ham United,45+1’,0:1,Max Kilman,,yellow_card
ENG-Premier League,2526,2025-09-20 West Ham-Crystal Palace,Crystal Palace,46’,0:1,Justin Devenny,Yéremy Pino,substitute_in
ENG-Premier League,2526,2025-09-20 West Ham-Crystal Palace,West Ham United,49’,1:1,Jarrod Bowen,El Hadji Malick Diouf,goal
ENG-Premier League,2526,2025-09-20 West Ham-Crystal Palace,West Ham United,59’,1:1,Niclas Füllkrug,Callum Wilson,substitute_in
ENG-Premier League,2526,2025-09-20 West Ham-Crystal Palace,Crystal Palace,65’,1:1,Jefferson Lerma,Will Hughes,substitute_in
ENG-Premier League,2526,2025-09-20 West Ham-Crystal Palace,Crystal Palace,68’,1:2,Tyrick Mitchell,,goal
ENG-Premier League,2526,2025-09-20 West Ham-Crystal Palace,West Ham United,74’,1:2,Lucas Paquetá,,yellow_card
ENG-Premier League,2526,2025-09-20 West Ham-Crystal Palace,Crystal Palace,75’,1:2,Eddie Nketiah,Adam Wharton,substitute_in
ENG-Premier League,2526,2025-09-20 West Ham-Crystal Palace,West Ham United,78’,1:2,Soungoutou Magassa,Mateus Fernandes,substitute_in
ENG-Premier League,2526,2025-09-20 West Ham-Crystal Palace,West Ham United,78’,1:2,Luis Guilherme,Crysencio Summerville,substitute_in
ENG-Premier League,2526,2025-09-20 West Ham-Crystal Palace,West Ham United,82’,1:2,El Hadji Malick Diouf,,yellow_card
ENG-Premier League,2526,2025-09-20 West Ham-Crystal Palace,Crystal Palace,90+1’,1:2,Jefferson Lerma,,yellow_card
ENG-Premier League,2526,2025-09-20 West Ham-Crystal Palace,Crystal Palace,90+3’,1:2,Dean Henderson,,yellow_card
ENG-Premier League,2526,2025-09-20 Wolves-Leeds United,Wolverhampton Wanderers,12’,1:0,Fer López,,yellow_card
ENG-Premier League,2526,2025-09-20 Wolves-Leeds United,Leeds United,31’,1:1,Dominic Calvert-Lewin,,goal
ENG-Premier League,2526,2025-09-20 Wolves-Leeds United,Leeds United,39’,1:2,Anton Stach,,goal
ENG-Premier League,2526,2025-09-20 Wolves-Leeds United,Leeds United,41’,1:2,Jayden Bogle,,yellow_card
ENG-Premier League,2526,2025-09-20 Wolves-Leeds United,Leeds United,45’,1:3,Noah Okafor,Anton Stach,goal
ENG-Premier League,2526,2025-09-20 Wolves-Leeds United,Wolverhampton Wanderers,46’,1:3,Jørgen Strand Larsen,Fer López,substitute_in
ENG-Premier League,2526,2025-09-20 Wolves-Leeds United,Wolverhampton Wanderers,46’,1:3,Hugo Bueno,Rodrigo Gomes,substitute_in
ENG-Premier League,2526,2025-09-20 Wolves-Leeds United,Wolverhampton Wanderers,46’,1:3,Marshall Munetsi,Jean-Ricner Bellegarde,substitute_in
ENG-Premier League,2526,2025-09-20 Wolves-Leeds United,Leeds United,70’,1:3,Jack Harrison,Noah Okafor,substitute_in
ENG-Premier League,2526,2025-09-20 Wolves-Leeds United,Wolverhampton Wanderers,72’,1:3,André,Yerson Mosquera,substitute_in
ENG-Premier League,2526,2025-09-20 Wolves-Leeds United,Wolverhampton Wanderers,72’,1:3,Jhon Arias,Toti Gomes,substitute_in
ENG-Premier League,2526,2025-09-20 Wolves-Leeds United,Leeds United,83’,1:3,Ao Tanaka,Sean Longstaff,substitute_in
ENG-Premier League,2526,2025-09-20 Wolves-Leeds United,Leeds United,83’,1:3,James Justin,Jayden Bogle,substitute_in
ENG-Premier League,2526,2025-09-20 Wolves-Leeds United,Wolverhampton Wanderers,8’,1:0,Ladislav Krejčí,Fer López,goal
ENG-Premier League,2526,2025-09-20 Wolves-Leeds United,Leeds United,90+2’,1:3,Lukas Nmecha,Dominic Calvert-Lewin,substitute_in
ENG-Premier League,2526,2025-09-20 Wolves-Leeds United,Leeds United,90+2’,1:3,Ilia Gruev,Brenden Aaronson,substitute_in
ENG-Premier League,2526,2025-09-21 Arsenal-Manchester City,Manchester City,36’,0:1,Bernardo Silva,,yellow_card
ENG-Premier League,2526,2025-09-21 Arsenal-Manchester City,Arsenal,46’,0:1,Bukayo Saka,Noni Madueke,substitute_in
ENG-Premier League,2526,2025-09-21 Arsenal-Manchester City,Arsenal,46’,0:1,Eberechi Eze,Mikel Merino,substitute_in
ENG-Premier League,2526,2025-09-21 Arsenal-Manchester City,Arsenal,46’,0:1,Jurriën Timber,,yellow_card
ENG-Premier League,2526,2025-09-21 Arsenal-Manchester City,Manchester City,46’,0:1,Matheus Nunes,Abdukodir Khusanov,substitute_in
ENG-Premier League,2526,2025-09-21 Arsenal-Manchester City,Manchester City,68’,0:1,Nathan Aké,Phil Foden,substitute_in
ENG-Premier League,2526,2025-09-21 Arsenal-Manchester City,Manchester City,76’,0:1,Nicolás González,Erling Haaland,substitute_in
ENG-Premier League,2526,2025-09-21 Arsenal-Manchester City,Manchester City,77’,0:1,Gianluigi Donnarumma,,yellow_card
ENG-Premier League,2526,2025-09-21 Arsenal-Manchester City,Arsenal,80’,0:1,Gabriel Martinelli,Jurriën Timber,substitute_in
ENG-Premier League,2526,2025-09-21 Arsenal-Manchester City,Arsenal,84’,0:1,Ethan Nwaneri,Leandro Trossard,substitute_in
ENG-Premier League,2526,2025-09-21 Arsenal-Manchester City,Manchester City,87’,0:1,John Stones,Nico O'Reilly,substitute_in
ENG-Premier League,2526,2025-09-21 Arsenal-Manchester City,Manchester City,87’,0:1,Sávio,Jeremy Doku,substitute_in
ENG-Premier League,2526,2025-09-21 Arsenal-Manchester City,Arsenal,90+3’,1:1,Gabriel Martinelli,Eberechi Eze,goal
ENG-Premier League,2526,2025-09-21 Arsenal-Manchester City,Arsenal,90+8’,1:1,Cristhian Mosquera,Martín Zubimendi,substitute_in
ENG-Premier League,2526,2025-09-21 Arsenal-Manchester City,Manchester City,9’,0:1,Erling Haaland,Tijjani Reijnders,goal
ENG-Premier League,2526,2025-09-21 Bournemouth-Newcastle,Bournemouth,45+3’,0:0,Álex Jiménez,,yellow_card
ENG-Premier League,2526,2025-09-21 Bournemouth-Newcastle,Bournemouth,46’,0:0,James Hill,Álex Jiménez,substitute_in
ENG-Premier League,2526,2025-09-21 Bournemouth-Newcastle,Newcastle United,62’,0:0,Harvey Barnes,Joe Willock,substitute_in
ENG-Premier League,2526,2025-09-21 Bournemouth-Newcastle,Newcastle United,62’,0:0,Anthony Elanga,Jacob Murphy,substitute_in
ENG-Premier League,2526,2025-09-21 Bournemouth-Newcastle,Bournemouth,63’,0:0,Justin Kluivert,David Brooks,substitute_in
ENG-Premier League,2526,2025-09-21 Bournemouth-Newcastle,Bournemouth,63’,0:0,Ryan Christie,Alex Scott,substitute_in
ENG-Premier League,2526,2025-09-21 Bournemouth-Newcastle,Bournemouth,74’,0:0,Bafodé Diakité,,yellow_card
ENG-Premier League,2526,2025-09-21 Bournemouth-Newcastle,Bournemouth,75’,0:0,Amine Adli,Marcus Tavernier,substitute_in
ENG-Premier League,2526,2025-09-21 Bournemouth-Newcastle,Newcastle United,77’,0:0,Malick Thiaw,,yellow_card
ENG-Premier League,2526,2025-09-21 Bournemouth-Newcastle,Newcastle United,84’,0:0,Jamaal Lascelles,Malick Thiaw,substitute_in
ENG-Premier League,2526,2025-09-21 Bournemouth-Newcastle,Newcastle United,84’,0:0,William Osula,Nick Woltemade,substitute_in
ENG-Premier League,2526,2025-09-21 Sunderland-Aston Villa,Sunderland,33’,0:0,Reinildo Mandava,,red_card
ENG-Premier League,2526,2025-09-21 Sunderland-Aston Villa,Sunderland,37’,0:0,Daniel Ballard,Chris Rigg,substitute_in
ENG-Premier League,2526,2025-09-21 Sunderland-Aston Villa,Aston Villa,58’,0:0,Harvey Elliott,Lucas Digne,substitute_in
ENG-Premier League,2526,2025-09-21 Sunderland-Aston Villa,Aston Villa,58’,0:0,Ian Maatsen,Emi Buendía,substitute_in
ENG-Premier League,2526,2025-09-21 Sunderland-Aston Villa,Aston Villa,63’,0:0,Ian Maatsen,,yellow_card
ENG-Premier League,2526,2025-09-21 Sunderland-Aston Villa,Aston Villa,67’,0:1,Matty Cash,Boubacar Kamara,goal
ENG-Premier League,2526,2025-09-21 Sunderland-Aston Villa,Aston Villa,73’,0:1,Donyell Malen,Evann Guessand,substitute_in
ENG-Premier League,2526,2025-09-21 Sunderland-Aston Villa,Sunderland,74’,0:1,Noah Sadiki,,yellow_card
ENG-Premier League,2526,2025-09-21 Sunderland-Aston Villa,Sunderland,75’,1:1,Wilson Isidor,Granit Xhaka,goal
ENG-Premier League,2526,2025-09-21 Sunderland-Aston Villa,Sunderland,80’,1:1,Eliezer Mayenda,Wilson Isidor,substitute_in
ENG-Premier League,2526,2025-09-21 Sunderland-Aston Villa,Sunderland,80’,1:1,Arthur Masuaku,Chemsdine Talbi,substitute_in
ENG-Premier League,2526,2025-09-21 Sunderland-Aston Villa,Sunderland,80’,1:1,Lutsharel Geertruida,Enzo Le Fée,substitute_in
ENG-Premier League,2526,2025-09-21 Sunderland-Aston Villa,Aston Villa,82’,1:1,Jadon Sancho,Morgan Rogers,substitute_in
ENG-Premier League,2526,2025-09-21 Sunderland-Aston Villa,Aston Villa,82’,1:1,Lamare Bogarde,Boubacar Kamara,substitute_in
ENG-Premier League,2526,2025-09-21 Sunderland-Aston Villa,Sunderland,88’,1:1,Granit Xhaka,,yellow_card
ENG-Premier League,2526,2025-09-21 Sunderland-Aston Villa,Sunderland,90+1’,1:1,Dan Neil,Noah Sadiki,substitute_in
ENG-Premier League,2526,2025-09-27 Brentford-Manchester Utd,Brentford,20’,2:0,Igor Thiago,,goal
ENG-Premier League,2526,2025-09-27 Brentford-Manchester Utd,Manchester United,26’,2:1,Benjamin Šeško,,goal
ENG-Premier League,2526,2025-09-27 Brentford-Manchester Utd,Manchester United,55’,2:1,Bruno Fernandes,,yellow_card
ENG-Premier League,2526,2025-09-27 Brentford-Manchester Utd,Manchester United,66’,2:1,Kobbie Mainoo,Harry Maguire,substitute_in
ENG-Premier League,2526,2025-09-27 Brentford-Manchester Utd,Manchester United,66’,2:1,Leny Yoro,Manuel Ugarte,substitute_in
ENG-Premier League,2526,2025-09-27 Brentford-Manchester Utd,Brentford,72’,2:1,Nathan Collins,,yellow_card
ENG-Premier League,2526,2025-09-27 Brentford-Manchester Utd,Brentford,75’,2:1,Rico Henry,Aaron Hickey,substitute_in
ENG-Premier League,2526,2025-09-27 Brentford-Manchester Utd,Brentford,75’,2:1,Keane Lewis-Potter,Dango Ouattara,substitute_in
ENG-Premier League,2526,2025-09-27 Brentford-Manchester Utd,Manchester United,76’,2:1,Bruno Fernandes,Caoimhín Kelleher,penalty_miss
ENG-Premier League,2526,2025-09-27 Brentford-Manchester Utd,Brentford,80’,2:1,Kevin Schade,,yellow_card
ENG-Premier League,2526,2025-09-27 Brentford-Manchester Utd,Brentford,81’,2:1,Frank Onyeka,Jordan Henderson,substitute_in
ENG-Premier League,2526,2025-09-27 Brentford-Manchester Utd,Brentford,81’,2:1,Vitaly Janelt,Mikkel Damsgaard,substitute_in
ENG-Premier League,2526,2025-09-27 Brentford-Manchester Utd,Manchester United,81’,2:1,Mason Mount,Luke Shaw,substitute_in
ENG-Premier League,2526,2025-09-27 Brentford-Manchester Utd,Manchester United,84’,2:1,Patrick Dorgu,,yellow_card
ENG-Premier League,2526,2025-09-27 Brentford-Manchester Utd,Manchester United,85’,2:1,Joshua Zirkzee,Patrick Dorgu,substitute_in
ENG-Premier League,2526,2025-09-27 Brentford-Manchester Utd,Brentford,8’,1:0,Igor Thiago,Jordan Henderson,goal
ENG-Premier League,2526,2025-09-27 Brentford-Manchester Utd,Brentford,90+5’,3:1,Mathias Jensen,Yehor Yarmoliuk,goal
ENG-Premier League,2526,2025-09-27 Brentford-Manchester Utd,Brentford,90’,2:1,Mathias Jensen,Igor Thiago,substitute_in
ENG-Premier League,2526,2025-09-27 Chelsea-Brighton,Chelsea,24’,1:0,Enzo Fernández,,goal
ENG-Premier League,2526,2025-09-27 Chelsea-Brighton,Chelsea,42’,1:0,Marc Cucurella,,yellow_card
ENG-Premier League,2526,2025-09-27 Chelsea-Brighton,Chelsea,53’,1:0,Trevoh Chalobah,,red_card
ENG-Premier League,2526,2025-09-27 Chelsea-Brighton,Chelsea,54’,1:0,Joshua Acheampong,Andrey Santos,substitute_in
ENG-Premier League,2526,2025-09-27 Chelsea-Brighton,Brighton & Hove Albion,55’,1:0,Mats Wieffer,Joël Veltman,substitute_in
ENG-Premier League,2526,2025-09-27 Chelsea-Brighton,Chelsea,63’,1:0,Malo Gusto,Estêvão Willian,substitute_in
ENG-Premier League,2526,2025-09-27 Chelsea-Brighton,Brighton & Hove Albion,64’,1:0,Mats Wieffer,,yellow_card
ENG-Premier League,2526,2025-09-27 Chelsea-Brighton,Chelsea,66’,1:0,Reece James,,yellow_card
ENG-Premier League,2526,2025-09-27 Chelsea-Brighton,Brighton & Hove Albion,67’,1:0,Danny Welbeck,Kaoru Mitoma,substitute_in
ENG-Premier League,2526,2025-09-27 Chelsea-Brighton,Brighton & Hove Albion,67’,1:0,Brajan Gruda,Carlos Baleba,substitute_in
ENG-Premier League,2526,2025-09-27 Chelsea-Brighton,Brighton & Hove Albion,77’,1:1,Danny Welbeck,Yankuba Minteh,goal
ENG-Premier League,2526,2025-09-27 Chelsea-Brighton,Chelsea,79’,1:1,Roméo Lavia,Pedro Neto,substitute_in
ENG-Premier League,2526,2025-09-27 Chelsea-Brighton,Chelsea,79’,1:1,Benoît Badiashile,Jorrel Hato,substitute_in
ENG-Premier League,2526,2025-09-27 Chelsea-Brighton,Brighton & Hove Albion,85’,1:1,Stefanos Tzimas,Georginio Rutter,substitute_in
ENG-Premier League,2526,2025-09-27 Chelsea-Brighton,Brighton & Hove Albion,85’,1:1,Maxim De Cuyper,Diego Gómez,substitute_in
ENG-Premier League,2526,2025-09-27 Chelsea-Brighton,Chelsea,89’,1:1,Benoît Badiashile,,yellow_card
ENG-Premier League,2526,2025-09-27 Chelsea-Brighton,Brighton & Hove Albion,89’,1:1,Jan Paul van Hecke,,yellow_card
ENG-Premier League,2526,2025-09-27 Chelsea-Brighton,Brighton & Hove Albion,90+10’,1:3,Danny Welbeck,Brajan Gruda,goal
ENG-Premier League,2526,2025-09-27 Chelsea-Brighton,Brighton & Hove Albion,90+11’,1:3,Danny Welbeck,,yellow_card
ENG-Premier League,2526,2025-09-27 Chelsea-Brighton,Brighton & Hove Albion,90+2’,1:2,Maxim De Cuyper,Mats Wieffer,goal
ENG-Premier League,2526,2025-09-27 Chelsea-Brighton,Brighton & Hove Albion,90’,1:1,Lewis Dunk,,yellow_card
ENG-Premier League,2526,2025-09-27 Chelsea-Brighton,Brighton & Hove Albion,9’,0:0,Joël Veltman,,yellow_card
ENG-Premier League,2526,2025-09-27 Crystal Palace-Liverpool,Liverpool,26’,1:0,Ibrahima Konaté,,yellow_card
ENG-Premier League,2526,2025-09-27 Crystal Palace-Liverpool,Liverpool,46’,1:0,Cody Gakpo,Conor Bradley,substitute_in
ENG-Premier League,2526,2025-09-27 Crystal Palace-Liverpool,Liverpool,61’,1:0,Virgil van Dijk,,yellow_card
ENG-Premier League,2526,2025-09-27 Crystal Palace-Liverpool,Crystal Palace,62’,1:0,Will Hughes,Adam Wharton,substitute_in
ENG-Premier League,2526,2025-09-27 Crystal Palace-Liverpool,Liverpool,65’,1:0,Curtis Jones,Alexis Mac Allister,substitute_in
ENG-Premier League,2526,2025-09-27 Crystal Palace-Liverpool,Crystal Palace,74’,1:0,Jefferson Lerma,Yéremy Pino,substitute_in
ENG-Premier League,2526,2025-09-27 Crystal Palace-Liverpool,Liverpool,74’,1:0,Jeremie Frimpong,Ibrahima Konaté,substitute_in
ENG-Premier League,2526,2025-09-27 Crystal Palace-Liverpool,Liverpool,74’,1:0,Federico Chiesa,Florian Wirtz,substitute_in
ENG-Premier League,2526,2025-09-27 Crystal Palace-Liverpool,Crystal Palace,75’,1:0,Eddie Nketiah,Ismaila Sarr,substitute_in
ENG-Premier League,2526,2025-09-27 Crystal Palace-Liverpool,Liverpool,77’,1:0,Federico Chiesa,,yellow_card
ENG-Premier League,2526,2025-09-27 Crystal Palace-Liverpool,Crystal Palace,78’,1:0,Eddie Nketiah,,yellow_card
ENG-Premier League,2526,2025-09-27 Crystal Palace-Liverpool,Liverpool,84’,1:0,Rio Ngumoha,Alexander Isak,substitute_in
ENG-Premier League,2526,2025-09-27 Crystal Palace-Liverpool,Liverpool,87’,1:1,Federico Chiesa,,goal
ENG-Premier League,2526,2025-09-27 Crystal Palace-Liverpool,Crystal Palace,90+1’,1:1,Justin Devenny,Daichi Kamada,substitute_in
ENG-Premier League,2526,2025-09-27 Crystal Palace-Liverpool,Crystal Palace,90+7’,2:1,Eddie Nketiah,Marc Guéhi,goal
ENG-Premier League,2526,2025-09-27 Crystal Palace-Liverpool,Crystal Palace,9’,1:0,Ismaila Sarr,,goal
ENG-Premier League,2526,2025-09-27 Leeds United-Bournemouth,Bournemouth,12’,0:0,Álex Jiménez,,yellow_card
ENG-Premier League,2526,2025-09-27 Leeds United-Bournemouth,Bournemouth,26’,0:1,Antoine Semenyo,,goal
ENG-Premier League,2526,2025-09-27 Leeds United-Bournemouth,Leeds United,37’,1:1,Joe Rodon,Sean Longstaff,goal
ENG-Premier League,2526,2025-09-27 Leeds United-Bournemouth,Leeds United,54’,2:1,Sean Longstaff,,goal
ENG-Premier League,2526,2025-09-27 Leeds United-Bournemouth,Bournemouth,60’,2:1,Alex Scott,Ryan Christie,substitute_in
ENG-Premier League,2526,2025-09-27 Leeds United-Bournemouth,Bournemouth,60’,2:1,David Brooks,Amine Adli,substitute_in
ENG-Premier League,2526,2025-09-27 Leeds United-Bournemouth,Bournemouth,60’,2:1,Marcus Tavernier,Justin Kluivert,substitute_in
ENG-Premier League,2526,2025-09-27 Leeds United-Bournemouth,Leeds United,67’,2:1,Jack Harrison,Noah Okafor,substitute_in
ENG-Premier League,2526,2025-09-27 Leeds United-Bournemouth,Leeds United,70’,2:1,Brenden Aaronson,,yellow_card
ENG-Premier League,2526,2025-09-27 Leeds United-Bournemouth,Bournemouth,73’,2:1,Ben Gannon-Doak,Álex Jiménez,substitute_in
ENG-Premier League,2526,2025-09-27 Leeds United-Bournemouth,Bournemouth,81’,2:1,Eli Junior Kroupi,Tyler Adams,substitute_in
ENG-Premier League,2526,2025-09-27 Leeds United-Bournemouth,Leeds United,87’,2:1,Ao Tanaka,Brenden Aaronson,substitute_in
ENG-Premier League,2526,2025-09-27 Leeds United-Bournemouth,Leeds United,90+2’,2:1,Ethan Ampadu,,yellow_card
ENG-Premier League,2526,2025-09-27 Leeds United-Bournemouth,Leeds United,90+2’,2:1,Lukas Nmecha,Dominic Calvert-Lewin,substitute_in
ENG-Premier League,2526,2025-09-27 Leeds United-Bournemouth,Bournemouth,90+3’,2:2,Eli Junior Kroupi,Marcos Senesi,goal
ENG-Premier League,2526,2025-09-27 Leeds United-Bournemouth,Bournemouth,90+3’,2:2,Eli Junior Kroupi,,yellow_card
ENG-Premier League,2526,2025-09-27 Manchester City-Burnley,Manchester City,12’,1:0,Maxime Estève,,own_goal
ENG-Premier League,2526,2025-09-27 Manchester City-Burnley,Burnley,27’,1:0,Quilindschy Hartman,,yellow_card
ENG-Premier League,2526,2025-09-27 Manchester City-Burnley,Burnley,30’,1:0,Kyle Walker,,yellow_card
ENG-Premier League,2526,2025-09-27 Manchester City-Burnley,Burnley,38’,1:1,Jaidon Anthony,Quilindschy Hartman,goal
ENG-Premier League,2526,2025-09-27 Manchester City-Burnley,Manchester City,61’,2:1,Matheus Nunes,Erling Haaland,goal
ENG-Premier League,2526,2025-09-27 Manchester City-Burnley,Manchester City,62’,2:1,Oscar Bobb,Sávio,substitute_in
ENG-Premier League,2526,2025-09-27 Manchester City-Burnley,Burnley,62’,2:1,Jacob Bruun Larsen,Loum Tchaouna,substitute_in
ENG-Premier League,2526,2025-09-27 Manchester City-Burnley,Burnley,63’,2:1,Jaidon Anthony,,yellow_card
ENG-Premier League,2526,2025-09-27 Manchester City-Burnley,Manchester City,65’,3:1,Maxime Estève,,own_goal
ENG-Premier League,2526,2025-09-27 Manchester City-Burnley,Manchester City,70’,3:1,Nathan Aké,Joško Gvardiol,substitute_in
ENG-Premier League,2526,2025-09-27 Manchester City-Burnley,Burnley,79’,3:1,Lesley Ugochukwu,Josh Cullen,substitute_in
ENG-Premier League,2526,2025-09-27 Manchester City-Burnley,Burnley,80’,3:1,Armando Broja,Lyle Foster,substitute_in
ENG-Premier League,2526,2025-09-27 Manchester City-Burnley,Manchester City,83’,3:1,Phil Foden,,yellow_card
ENG-Premier League,2526,2025-09-27 Manchester City-Burnley,Manchester City,83’,3:1,Bernardo Silva,Tijjani Reijnders,substitute_in
ENG-Premier League,2526,2025-09-27 Manchester City-Burnley,Manchester City,83’,3:1,Rico Lewis,Nico O'Reilly,substitute_in
ENG-Premier League,2526,2025-09-27 Manchester City-Burnley,Burnley,88’,3:1,Bashir Humphreys,Quilindschy Hartman,substitute_in
ENG-Premier League,2526,2025-09-27 Manchester City-Burnley,Burnley,88’,3:1,Hannibal Mejbri,Jaidon Anthony,substitute_in
ENG-Premier League,2526,2025-09-27 Manchester City-Burnley,Manchester City,90+3’,5:1,Erling Haaland,,goal
ENG-Premier League,2526,2025-09-27 Manchester City-Burnley,Manchester City,90’,4:1,Erling Haaland,Jeremy Doku,goal
ENG-Premier League,2526,2025-09-27 Nottingham-Sunderland,Sunderland,31’,0:0,Arthur Masuaku,,yellow_card
ENG-Premier League,2526,2025-09-27 Nottingham-Sunderland,Nottingham Forest,36’,0:0,Nicolás Domínguez,,yellow_card
ENG-Premier League,2526,2025-09-27 Nottingham-Sunderland,Nottingham Forest,38’,0:1,Nikola Milenković,,yellow_card
ENG-Premier League,2526,2025-09-27 Nottingham-Sunderland,Sunderland,38’,0:1,Omar Alderete,Granit Xhaka,goal
ENG-Premier League,2526,2025-09-27 Nottingham-Sunderland,Nottingham Forest,46’,0:1,Morgan Gibbs-White,Nicolás Domínguez,substitute_in
ENG-Premier League,2526,2025-09-27 Nottingham-Sunderland,Nottingham Forest,49’,0:1,Neco Williams,,yellow_card
ENG-Premier League,2526,2025-09-27 Nottingham-Sunderland,Sunderland,59’,0:1,Lutsharel Geertruida,Arthur Masuaku,substitute_in
ENG-Premier League,2526,2025-09-27 Nottingham-Sunderland,Sunderland,59’,0:1,Bertrand Traoré,Chris Rigg,substitute_in
ENG-Premier League,2526,2025-09-27 Nottingham-Sunderland,Nottingham Forest,60’,0:1,Igor Jesus,Dan Ndoye,substitute_in
ENG-Premier League,2526,2025-09-27 Nottingham-Sunderland,Nottingham Forest,60’,0:1,Callum Hudson-Odoi,James Mcatee,substitute_in
ENG-Premier League,2526,2025-09-27 Nottingham-Sunderland,Nottingham Forest,72’,0:1,Omari Hutchinson,Dilane Bakwa,substitute_in
ENG-Premier League,2526,2025-09-27 Nottingham-Sunderland,Sunderland,75’,0:1,Daniel Ballard,Enzo Le Fée,substitute_in
ENG-Premier League,2526,2025-09-27 Nottingham-Sunderland,Nottingham Forest,82’,0:1,Elliot Anderson,,yellow_card
ENG-Premier League,2526,2025-09-27 Nottingham-Sunderland,Sunderland,85’,0:1,Brian Brobbey,Wilson Isidor,substitute_in
ENG-Premier League,2526,2025-09-27 Nottingham-Sunderland,Sunderland,85’,0:1,Simon Adingra,Chemsdine Talbi,substitute_in
ENG-Premier League,2526,2025-09-27 Nottingham-Sunderland,Nottingham Forest,90’,0:1,Arnaud Kalimuendo,Chris Wood,substitute_in
ENG-Premier League,2526,2025-09-27 Nottingham-Sunderland,Sunderland,9’,0:0,Noah Sadiki,,yellow_card
ENG-Premier League,2526,2025-09-27 Tottenham-Wolves,Tottenham Hotspur,32’,0:0,Xavi Simons,,yellow_card
ENG-Premier League,2526,2025-09-27 Tottenham-Wolves,Wolverhampton Wanderers,35’,0:0,Matt Doherty,,yellow_card
ENG-Premier League,2526,2025-09-27 Tottenham-Wolves,Wolverhampton Wanderers,39’,0:0,João Gomes,,yellow_card
ENG-Premier League,2526,2025-09-27 Tottenham-Wolves,Wolverhampton Wanderers,46’,0:0,Emmanuel Agbadou,Matt Doherty,substitute_in
ENG-Premier League,2526,2025-09-27 Tottenham-Wolves,Wolverhampton Wanderers,46’,0:0,Jackson Tchatchoua,Hwang Hee-chan,substitute_in
ENG-Premier League,2526,2025-09-27 Tottenham-Wolves,Wolverhampton Wanderers,54’,0:1,Santiago Bueno,,goal
ENG-Premier League,2526,2025-09-27 Tottenham-Wolves,Tottenham Hotspur,62’,0:1,Brennan Johnson,Rodrigo Bentancur,substitute_in
ENG-Premier League,2526,2025-09-27 Tottenham-Wolves,Tottenham Hotspur,62’,0:1,Pedro Porro,Djed Spence,substitute_in
ENG-Premier League,2526,2025-09-27 Tottenham-Wolves,Wolverhampton Wanderers,64’,0:1,Jean-Ricner Bellegarde,João Gomes,substitute_in
ENG-Premier League,2526,2025-09-27 Tottenham-Wolves,Tottenham Hotspur,65’,0:1,Lucas Bergvall,,yellow_card
ENG-Premier League,2526,2025-09-27 Tottenham-Wolves,Tottenham Hotspur,78’,0:1,Pape Matar Sarr,Lucas Bergvall,substitute_in
ENG-Premier League,2526,2025-09-27 Tottenham-Wolves,Tottenham Hotspur,78’,0:1,Wilson Odobert,Xavi Simons,substitute_in
ENG-Premier League,2526,2025-09-27 Tottenham-Wolves,Tottenham Hotspur,84’,0:1,Mathys Tel,Destiny Udogie,substitute_in
ENG-Premier League,2526,2025-09-27 Tottenham-Wolves,Wolverhampton Wanderers,84’,0:1,Tolu Arokodare,Jørgen Strand Larsen,substitute_in
ENG-Premier League,2526,2025-09-27 Tottenham-Wolves,Wolverhampton Wanderers,90+2’,0:1,Toti Gomes,Jhon Arias,substitute_in
ENG-Premier League,2526,2025-09-27 Tottenham-Wolves,Tottenham Hotspur,90+4’,1:1,João Palhinha,Pape Matar Sarr,goal
ENG-Premier League,2526,2025-09-27 Tottenham-Wolves,Tottenham Hotspur,90+4’,1:1,João Palhinha,,yellow_card
ENG-Premier League,2526,2025-09-28 Aston Villa-Fulham,Fulham,11’,0:1,Adama Traoré,Raúl Jiménez,substitute_in
ENG-Premier League,2526,2025-09-28 Aston Villa-Fulham,Fulham,22’,0:1,Joshua King,,yellow_card
ENG-Premier League,2526,2025-09-28 Aston Villa-Fulham,Aston Villa,32’,0:1,Pau Torres,Tyrone Mings,substitute_in
ENG-Premier League,2526,2025-09-28 Aston Villa-Fulham,Fulham,34’,0:1,Saša Lukić,,yellow_card
ENG-Premier League,2526,2025-09-28 Aston Villa-Fulham,Aston Villa,37’,1:1,Ollie Watkins,Lucas Digne,goal
ENG-Premier League,2526,2025-09-28 Aston Villa-Fulham,Fulham,3’,0:1,Raúl Jiménez,Saša Lukić,goal
ENG-Premier League,2526,2025-09-28 Aston Villa-Fulham,Fulham,45+1’,1:1,Harry Wilson,,yellow_card
ENG-Premier League,2526,2025-09-28 Aston Villa-Fulham,Aston Villa,45+5’,1:1,John McGinn,,yellow_card
ENG-Premier League,2526,2025-09-28 Aston Villa-Fulham,Aston Villa,46’,1:1,Emi Buendía,Harvey Elliott,substitute_in
ENG-Premier League,2526,2025-09-28 Aston Villa-Fulham,Aston Villa,49’,2:1,John McGinn,Emi Buendía,goal
ENG-Premier League,2526,2025-09-28 Aston Villa-Fulham,Aston Villa,51’,3:1,Emi Buendía,Morgan Rogers,goal
ENG-Premier League,2526,2025-09-28 Aston Villa-Fulham,Fulham,55’,3:1,Calvin Bassey,,yellow_card
ENG-Premier League,2526,2025-09-28 Aston Villa-Fulham,Fulham,65’,3:1,Kevin,Alex Iwobi,substitute_in
ENG-Premier League,2526,2025-09-28 Aston Villa-Fulham,Fulham,65’,3:1,Emile Smith Rowe,Joshua King,substitute_in
ENG-Premier League,2526,2025-09-28 Aston Villa-Fulham,Aston Villa,72’,3:1,Boubacar Kamara,John McGinn,substitute_in
ENG-Premier League,2526,2025-09-28 Aston Villa-Fulham,Fulham,80’,3:1,Antonee Robinson,Ryan Sessegnon,substitute_in
ENG-Premier League,2526,2025-09-28 Aston Villa-Fulham,Fulham,80’,3:1,Samuel Chukwueze,Harry Wilson,substitute_in
ENG-Premier League,2526,2025-09-28 Aston Villa-Fulham,Aston Villa,82’,3:1,Victor Lindelöf,Lamare Bogarde,substitute_in
ENG-Premier League,2526,2025-09-28 Aston Villa-Fulham,Aston Villa,82’,3:1,Donyell Malen,Evann Guessand,substitute_in
ENG-Premier League,2526,2025-09-28 Newcastle-Arsenal,Newcastle United,34’,1:0,Nick Woltemade,Sandro Tonali,goal
ENG-Premier League,2526,2025-09-28 Newcastle-Arsenal,Arsenal,46’,1:0,William Saliba,Cristhian Mosquera,substitute_in
ENG-Premier League,2526,2025-09-28 Newcastle-Arsenal,Arsenal,56’,1:0,Riccardo Calafiori,,yellow_card
ENG-Premier League,2526,2025-09-28 Newcastle-Arsenal,Newcastle United,67’,1:0,Kieran Trippier,Anthony Gordon,substitute_in
ENG-Premier League,2526,2025-09-28 Newcastle-Arsenal,Newcastle United,67’,1:0,Anthony Elanga,Jacob Murphy,substitute_in
ENG-Premier League,2526,2025-09-28 Newcastle-Arsenal,Newcastle United,67’,1:0,William Osula,Nick Woltemade,substitute_in
ENG-Premier League,2526,2025-09-28 Newcastle-Arsenal,Arsenal,70’,1:0,Mikel Merino,Riccardo Calafiori,substitute_in
ENG-Premier League,2526,2025-09-28 Newcastle-Arsenal,Arsenal,70’,1:0,Gabriel Martinelli,Bukayo Saka,substitute_in
ENG-Premier League,2526,2025-09-28 Newcastle-Arsenal,Newcastle United,77’,1:0,Jamaal Lascelles,Tino Livramento,substitute_in
ENG-Premier League,2526,2025-09-28 Newcastle-Arsenal,Arsenal,82’,1:0,Martin Ødegaard,Martín Zubimendi,substitute_in
ENG-Premier League,2526,2025-09-28 Newcastle-Arsenal,Newcastle United,83’,1:0,Joelinton,,yellow_card
ENG-Premier League,2526,2025-09-28 Newcastle-Arsenal,Arsenal,84’,1:1,Mikel Merino,Declan Rice,goal
ENG-Premier League,2526,2025-09-28 Newcastle-Arsenal,Newcastle United,88’,1:1,Dan Burn,,yellow_card
ENG-Premier League,2526,2025-09-28 Newcastle-Arsenal,Arsenal,88’,1:1,Myles Lewis-Skelly,Leandro Trossard,substitute_in
ENG-Premier League,2526,2025-09-28 Newcastle-Arsenal,Newcastle United,90+4’,1:1,Harvey Barnes,Joelinton,substitute_in
ENG-Premier League,2526,2025-09-28 Newcastle-Arsenal,Arsenal,90+6’,1:2,Gabriel Magalhães,Martin Ødegaard,goal
ENG-Premier League,2526,2025-09-29 Everton-West Ham,Everton,18’,1:0,Michael Keane,James Garner,goal
ENG-Premier League,2526,2025-09-29 Everton-West Ham,Everton,24’,1:0,James Tarkowski,,yellow_card
ENG-Premier League,2526,2025-09-29 Everton-West Ham,West Ham United,33’,1:0,Kyle Walker-Peters,,yellow_card
ENG-Premier League,2526,2025-09-29 Everton-West Ham,West Ham United,48’,1:0,Soungoutou Magassa,,yellow_card
ENG-Premier League,2526,2025-09-29 Everton-West Ham,West Ham United,59’,1:0,Freddie Potts,Soungoutou Magassa,substitute_in
ENG-Premier League,2526,2025-09-29 Everton-West Ham,West Ham United,64’,1:0,Max Kilman,,yellow_card
ENG-Premier League,2526,2025-09-29 Everton-West Ham,West Ham United,65’,1:1,Jarrod Bowen,,goal
ENG-Premier League,2526,2025-09-29 Everton-West Ham,Everton,69’,1:1,Thierno Barry,Beto,substitute_in
ENG-Premier League,2526,2025-09-29 Everton-West Ham,West Ham United,77’,1:1,Luis Guilherme,Crysencio Summerville,substitute_in
ENG-Premier League,2526,2025-09-29 Everton-West Ham,Everton,81’,1:1,Tyler Dibling,Iliman Ndiaye,substitute_in
ENG-Premier League,2526,2025-09-29 Everton-West Ham,West Ham United,82’,1:1,Konstantinos Mavropanos,,yellow_card
ENG-Premier League,2526,2025-09-29 Everton-West Ham,Everton,87’,1:1,Vitaliy Mykolenko,,yellow_card
ENG-Premier League,2526,2025-09-29 Everton-West Ham,West Ham United,90+4’,1:1,Igor,Lucas Paquetá,substitute_in
ENG-Premier League,2526,2025-09-29 Everton-West Ham,West Ham United,90+4’,1:1,Andy Irving,Niclas Füllkrug,substitute_in
ENG-Premier League,2526,2025-09-29 Everton-West Ham,Everton,90’,1:1,Kiernan Dewsbury-Hall,,yellow_card
ENG-Premier League,2526,2025-10-03 Bournemouth-Fulham,Fulham,14’,0:0,Tom Cairney,Saša Lukić,substitute_in
ENG-Premier League,2526,2025-10-03 Bournemouth-Fulham,Bournemouth,61’,0:0,Álex Jiménez,James Hill,substitute_in
ENG-Premier League,2526,2025-10-03 Bournemouth-Fulham,Bournemouth,61’,0:0,Justin Kluivert,Marcus Tavernier,substitute_in
ENG-Premier League,2526,2025-10-03 Bournemouth-Fulham,Fulham,67’,0:0,Samuel Chukwueze,Harry Wilson,substitute_in
ENG-Premier League,2526,2025-10-03 Bournemouth-Fulham,Fulham,67’,0:0,Kevin,Joshua King,substitute_in
ENG-Premier League,2526,2025-10-03 Bournemouth-Fulham,Fulham,70’,0:1,Ryan Sessegnon,Samuel Chukwueze,goal
ENG-Premier League,2526,2025-10-03 Bournemouth-Fulham,Fulham,76’,0:1,Issa Diop,,yellow_card
ENG-Premier League,2526,2025-10-03 Bournemouth-Fulham,Bournemouth,78’,1:1,Antoine Semenyo,Adrien Truffert,goal
ENG-Premier League,2526,2025-10-03 Bournemouth-Fulham,Bournemouth,78’,1:1,Ryan Christie,Tyler Adams,substitute_in
ENG-Premier League,2526,2025-10-03 Bournemouth-Fulham,Bournemouth,78’,1:1,Ben Gannon-Doak,Marcos Senesi,substitute_in
ENG-Premier League,2526,2025-10-03 Bournemouth-Fulham,Bournemouth,84’,2:1,Justin Kluivert,Antoine Semenyo,goal
ENG-Premier League,2526,2025-10-03 Bournemouth-Fulham,Bournemouth,85’,2:1,Veljko Milosavljević,David Brooks,substitute_in
ENG-Premier League,2526,2025-10-03 Bournemouth-Fulham,Fulham,86’,2:1,Adama Traoré,Alex Iwobi,substitute_in
ENG-Premier League,2526,2025-10-03 Bournemouth-Fulham,Fulham,86’,2:1,Emile Smith Rowe,Issa Diop,substitute_in
ENG-Premier League,2526,2025-10-03 Bournemouth-Fulham,Bournemouth,90+6’,3:1,Antoine Semenyo,Ben Gannon-Doak,goal
ENG-Premier League,2526,2025-10-04 Arsenal-West Ham,Arsenal,30’,0:0,Martín Zubimendi,Martin Ødegaard,substitute_in
ENG-Premier League,2526,2025-10-04 Arsenal-West Ham,Arsenal,38’,1:0,Declan Rice,,goal
ENG-Premier League,2526,2025-10-04 Arsenal-West Ham,West Ham United,58’,1:0,Crysencio Summerville,,yellow_card
ENG-Premier League,2526,2025-10-04 Arsenal-West Ham,West Ham United,61’,1:0,Freddie Potts,Soungoutou Magassa,substitute_in
ENG-Premier League,2526,2025-10-04 Arsenal-West Ham,West Ham United,61’,1:0,Callum Marshall,Niclas Füllkrug,substitute_in
ENG-Premier League,2526,2025-10-04 Arsenal-West Ham,Arsenal,67’,2:0,Bukayo Saka,,penalty_goal
ENG-Premier League,2526,2025-10-04 Arsenal-West Ham,West Ham United,69’,2:0,Lucas Paquetá,,yellow_card
ENG-Premier League,2526,2025-10-04 Arsenal-West Ham,Arsenal,75’,2:0,Myles Lewis-Skelly,Riccardo Calafiori,substitute_in
ENG-Premier League,2526,2025-10-04 Arsenal-West Ham,Arsenal,75’,2:0,Ethan Nwaneri,Leandro Trossard,substitute_in
ENG-Premier League,2526,2025-10-04 Arsenal-West Ham,Arsenal,79’,2:0,Mikel Merino,Declan Rice,substitute_in
ENG-Premier League,2526,2025-10-04 Arsenal-West Ham,Arsenal,79’,2:0,Gabriel Martinelli,Eberechi Eze,substitute_in
ENG-Premier League,2526,2025-10-04 Arsenal-West Ham,West Ham United,79’,2:0,Kyle Walker-Peters,Aaron Wan-Bissaka,substitute_in
ENG-Premier League,2526,2025-10-04 Chelsea-Liverpool,Chelsea,14’,1:0,Moisés Caicedo,Malo Gusto,goal
ENG-Premier League,2526,2025-10-04 Chelsea-Liverpool,Liverpool,34’,1:0,Conor Bradley,,yellow_card
ENG-Premier League,2526,2025-10-04 Chelsea-Liverpool,Liverpool,46’,1:0,Florian Wirtz,Conor Bradley,substitute_in
ENG-Premier League,2526,2025-10-04 Chelsea-Liverpool,Chelsea,55’,1:0,Roméo Lavia,Benoît Badiashile,substitute_in
ENG-Premier League,2526,2025-10-04 Chelsea-Liverpool,Liverpool,55’,1:0,Andy Robertson,Milos Kerkez,substitute_in
ENG-Premier League,2526,2025-10-04 Chelsea-Liverpool,Liverpool,56’,1:0,Curtis Jones,Ibrahima Konaté,substitute_in
ENG-Premier League,2526,2025-10-04 Chelsea-Liverpool,Liverpool,63’,1:1,Cody Gakpo,Alexander Isak,goal
ENG-Premier League,2526,2025-10-04 Chelsea-Liverpool,Chelsea,68’,1:1,Jorrel Hato,Joshua Acheampong,substitute_in
ENG-Premier League,2526,2025-10-04 Chelsea-Liverpool,Liverpool,74’,1:1,Hugo Ekitike,Alexander Isak,substitute_in
ENG-Premier League,2526,2025-10-04 Chelsea-Liverpool,Chelsea,75’,1:1,Marc Guiu,João Pedro,substitute_in
ENG-Premier League,2526,2025-10-04 Chelsea-Liverpool,Chelsea,75’,1:1,Jamie Gittens,Alejandro Garnacho,substitute_in
ENG-Premier League,2526,2025-10-04 Chelsea-Liverpool,Chelsea,75’,1:1,Estêvão Willian,Pedro Neto,substitute_in
ENG-Premier League,2526,2025-10-04 Chelsea-Liverpool,Liverpool,79’,1:1,Dominik Szoboszlai,,yellow_card
ENG-Premier League,2526,2025-10-04 Chelsea-Liverpool,Liverpool,86’,1:1,Wataru Endo,Alexis Mac Allister,substitute_in
ENG-Premier League,2526,2025-10-04 Chelsea-Liverpool,Chelsea,90+5’,2:1,Estêvão Willian,Marc Cucurella,goal
ENG-Premier League,2526,2025-10-04 Leeds United-Tottenham,Tottenham Hotspur,22’,0:0,Mohammed Kudus,,yellow_card
ENG-Premier League,2526,2025-10-04 Leeds United-Tottenham,Tottenham Hotspur,23’,0:1,Mathys Tel,Mohammed Kudus,goal
ENG-Premier League,2526,2025-10-04 Leeds United-Tottenham,Leeds United,34’,1:1,Noah Okafor,,goal
ENG-Premier League,2526,2025-10-04 Leeds United-Tottenham,Tottenham Hotspur,41’,1:1,João Palhinha,,yellow_card
ENG-Premier League,2526,2025-10-04 Leeds United-Tottenham,Leeds United,52’,1:1,Ethan Ampadu,,yellow_card
ENG-Premier League,2526,2025-10-04 Leeds United-Tottenham,Tottenham Hotspur,57’,1:2,Mohammed Kudus,,goal
ENG-Premier League,2526,2025-10-04 Leeds United-Tottenham,Leeds United,64’,1:2,Noah Okafor,,yellow_card
ENG-Premier League,2526,2025-10-04 Leeds United-Tottenham,Tottenham Hotspur,64’,1:2,Cristian Romero,,yellow_card
ENG-Premier League,2526,2025-10-04 Leeds United-Tottenham,Leeds United,67’,1:2,Jack Harrison,Brenden Aaronson,substitute_in
ENG-Premier League,2526,2025-10-04 Leeds United-Tottenham,Leeds United,67’,1:2,Ao Tanaka,Anton Stach,substitute_in
ENG-Premier League,2526,2025-10-04 Leeds United-Tottenham,Tottenham Hotspur,74’,1:2,Pape Matar Sarr,Mathys Tel,substitute_in
ENG-Premier League,2526,2025-10-04 Leeds United-Tottenham,Tottenham Hotspur,74’,1:2,Richarlison,Xavi Simons,substitute_in
ENG-Premier League,2526,2025-10-04 Leeds United-Tottenham,Leeds United,79’,1:2,Lukas Nmecha,Gabriel Gudmundsson,substitute_in
ENG-Premier League,2526,2025-10-04 Leeds United-Tottenham,Leeds United,79’,1:2,Joël Piroe,Noah Okafor,substitute_in
ENG-Premier League,2526,2025-10-04 Leeds United-Tottenham,Tottenham Hotspur,85’,1:2,Kevin Danso,Wilson Odobert,substitute_in
ENG-Premier League,2526,2025-10-04 Leeds United-Tottenham,Leeds United,89’,1:2,James Justin,Jayden Bogle,substitute_in
ENG-Premier League,2526,2025-10-04 Leeds United-Tottenham,Tottenham Hotspur,90’,1:2,Brennan Johnson,Mohammed Kudus,substitute_in
ENG-Premier League,2526,2025-10-04 Manchester Utd-Sunderland,Sunderland,29’,1:0,Omar Alderete,,yellow_card
ENG-Premier League,2526,2025-10-04 Manchester Utd-Sunderland,Manchester United,31’,2:0,Benjamin Šeško,,goal
ENG-Premier League,2526,2025-10-04 Manchester Utd-Sunderland,Sunderland,35’,2:0,Noah Sadiki,,yellow_card
ENG-Premier League,2526,2025-10-04 Manchester Utd-Sunderland,Sunderland,37’,2:0,Daniel Ballard,Simon Adingra,substitute_in
ENG-Premier League,2526,2025-10-04 Manchester Utd-Sunderland,Sunderland,57’,2:0,Bertrand Traoré,,yellow_card
ENG-Premier League,2526,2025-10-04 Manchester Utd-Sunderland,Sunderland,58’,2:0,Eliezer Mayenda,Bertrand Traoré,substitute_in
ENG-Premier League,2526,2025-10-04 Manchester Utd-Sunderland,Sunderland,58’,2:0,Chemsdine Talbi,Arthur Masuaku,substitute_in
ENG-Premier League,2526,2025-10-04 Manchester Utd-Sunderland,Sunderland,59’,2:0,Brian Brobbey,Wilson Isidor,substitute_in
ENG-Premier League,2526,2025-10-04 Manchester Utd-Sunderland,Manchester United,64’,2:0,Patrick Dorgu,Diogo Dalot,substitute_in
ENG-Premier League,2526,2025-10-04 Manchester Utd-Sunderland,Manchester United,65’,2:0,Matheus Cunha,Mason Mount,substitute_in
ENG-Premier League,2526,2025-10-04 Manchester Utd-Sunderland,Sunderland,76’,2:0,Granit Xhaka,,yellow_card
ENG-Premier League,2526,2025-10-04 Manchester Utd-Sunderland,Manchester United,77’,2:0,Kobbie Mainoo,Bryan Mbeumo,substitute_in
ENG-Premier League,2526,2025-10-04 Manchester Utd-Sunderland,Sunderland,79’,2:0,Lutsharel Geertruida,Trai Hume,substitute_in
ENG-Premier League,2526,2025-10-04 Manchester Utd-Sunderland,Manchester United,81’,2:0,Casemiro,,yellow_card
ENG-Premier League,2526,2025-10-04 Manchester Utd-Sunderland,Manchester United,85’,2:0,Manuel Ugarte,Casemiro,substitute_in
ENG-Premier League,2526,2025-10-04 Manchester Utd-Sunderland,Manchester United,85’,2:0,Harry Maguire,Leny Yoro,substitute_in
ENG-Premier League,2526,2025-10-04 Manchester Utd-Sunderland,Manchester United,8’,1:0,Mason Mount,Bryan Mbeumo,goal
ENG-Premier League,2526,2025-10-05 Aston Villa-Burnley,Burnley,17’,0:0,Lyle Foster,,yellow_card
ENG-Premier League,2526,2025-10-05 Aston Villa-Burnley,Aston Villa,25’,1:0,Donyell Malen,Boubacar Kamara,goal
ENG-Premier League,2526,2025-10-05 Aston Villa-Burnley,Aston Villa,53’,1:0,Lucas Digne,,yellow_card
ENG-Premier League,2526,2025-10-05 Aston Villa-Burnley,Burnley,59’,1:0,Jacob Bruun Larsen,Loum Tchaouna,substitute_in
ENG-Premier League,2526,2025-10-05 Aston Villa-Burnley,Burnley,59’,1:0,Armando Broja,Jaidon Anthony,substitute_in
ENG-Premier League,2526,2025-10-05 Aston Villa-Burnley,Aston Villa,63’,2:0,Donyell Malen,Morgan Rogers,goal
ENG-Premier League,2526,2025-10-05 Aston Villa-Burnley,Aston Villa,67’,2:0,Emi Buendía,Ollie Watkins,substitute_in
ENG-Premier League,2526,2025-10-05 Aston Villa-Burnley,Aston Villa,67’,2:0,Evann Guessand,John McGinn,substitute_in
ENG-Premier League,2526,2025-10-05 Aston Villa-Burnley,Burnley,69’,2:0,Lesley Ugochukwu,Lyle Foster,substitute_in
ENG-Premier League,2526,2025-10-05 Aston Villa-Burnley,Burnley,78’,2:1,Lesley Ugochukwu,Quilindschy Hartman,goal
ENG-Premier League,2526,2025-10-05 Aston Villa-Burnley,Burnley,82’,2:1,Zian Flemming,Josh Laurent,substitute_in
ENG-Premier League,2526,2025-10-05 Aston Villa-Burnley,Aston Villa,84’,2:1,Victor Lindelöf,Matty Cash,substitute_in
ENG-Premier League,2526,2025-10-05 Aston Villa-Burnley,Aston Villa,84’,2:1,Ross Barkley,Donyell Malen,substitute_in
ENG-Premier League,2526,2025-10-05 Aston Villa-Burnley,Aston Villa,90+10’,2:1,Ian Maatsen,Emi Buendía,substitute_in
ENG-Premier League,2526,2025-10-05 Aston Villa-Burnley,Burnley,90+10’,2:1,Joe Worrall,Maxime Estève,substitute_in
ENG-Premier League,2526,2025-10-05 Aston Villa-Burnley,Aston Villa,90+1’,2:1,Emi Buendía,,yellow_card
ENG-Premier League,2526,2025-10-05 Aston Villa-Burnley,Aston Villa,90+3’,2:1,Emiliano Martínez,,yellow_card
ENG-Premier League,2526,2025-10-05 Aston Villa-Burnley,Aston Villa,90’,2:1,Amadou Onana,Lamare Bogarde,substitute_in
ENG-Premier League,2526,2025-10-05 Brentford-Manchester City,Manchester City,22’,0:1,Nicolás González,Rodri,substitute_in
ENG-Premier League,2526,2025-10-05 Brentford-Manchester City,Brentford,45+1’,0:1,Kevin Schade,,yellow_card
ENG-Premier League,2526,2025-10-05 Brentford-Manchester City,Brentford,68’,0:1,Dango Ouattara,Igor Thiago,substitute_in
ENG-Premier League,2526,2025-10-05 Brentford-Manchester City,Brentford,68’,0:1,Mathias Jensen,Mikkel Damsgaard,substitute_in
ENG-Premier League,2526,2025-10-05 Brentford-Manchester City,Brentford,70’,0:1,Jordan Henderson,,yellow_card
ENG-Premier League,2526,2025-10-05 Brentford-Manchester City,Brentford,74’,0:1,Vitaly Janelt,Jordan Henderson,substitute_in
ENG-Premier League,2526,2025-10-05 Brentford-Manchester City,Brentford,74’,0:1,Frank Onyeka,Yehor Yarmoliuk,substitute_in
ENG-Premier League,2526,2025-10-05 Brentford-Manchester City,Manchester City,76’,0:1,Jeremy Doku,Oscar Bobb,substitute_in
ENG-Premier League,2526,2025-10-05 Brentford-Manchester City,Manchester City,76’,0:1,Bernardo Silva,Tijjani Reijnders,substitute_in
ENG-Premier League,2526,2025-10-05 Brentford-Manchester City,Manchester City,77’,0:1,Matheus Nunes,,yellow_card
ENG-Premier League,2526,2025-10-05 Brentford-Manchester City,Manchester City,83’,0:1,Nico O'Reilly,,yellow_card
ENG-Premier League,2526,2025-10-05 Brentford-Manchester City,Brentford,84’,0:1,Dango Ouattara,,yellow_card
ENG-Premier League,2526,2025-10-05 Brentford-Manchester City,Brentford,90+2’,0:1,Fabio Carvalho,Kristoffer Ajer,substitute_in
ENG-Premier League,2526,2025-10-05 Brentford-Manchester City,Manchester City,9’,0:1,Erling Haaland,Joško Gvardiol,goal
ENG-Premier League,2526,2025-10-05 Everton-Crystal Palace,Crystal Palace,37’,0:1,Daniel Muñoz,Ismaila Sarr,goal
ENG-Premier League,2526,2025-10-05 Everton-Crystal Palace,Everton,46’,0:1,Carlos Alcaraz,Tyler Dibling,substitute_in
ENG-Premier League,2526,2025-10-05 Everton-Crystal Palace,Everton,46’,0:1,Beto,Thierno Barry,substitute_in
ENG-Premier League,2526,2025-10-05 Everton-Crystal Palace,Everton,65’,0:1,Tim Iroegbunam,Michael Keane,substitute_in
ENG-Premier League,2526,2025-10-05 Everton-Crystal Palace,Everton,68’,0:1,James Garner,,yellow_card
ENG-Premier League,2526,2025-10-05 Everton-Crystal Palace,Crystal Palace,68’,0:1,Yéremy Pino,,yellow_card
ENG-Premier League,2526,2025-10-05 Everton-Crystal Palace,Crystal Palace,70’,0:1,Eddie Nketiah,Jean-Philippe Mateta,substitute_in
ENG-Premier League,2526,2025-10-05 Everton-Crystal Palace,Everton,76’,1:1,Iliman Ndiaye,,penalty_goal
ENG-Premier League,2526,2025-10-05 Everton-Crystal Palace,Crystal Palace,82’,1:1,Jefferson Lerma,Daichi Kamada,substitute_in
ENG-Premier League,2526,2025-10-05 Everton-Crystal Palace,Crystal Palace,82’,1:1,Adam Wharton,,yellow_card
ENG-Premier League,2526,2025-10-05 Everton-Crystal Palace,Crystal Palace,87’,1:1,Daniel Muñoz,,yellow_card
ENG-Premier League,2526,2025-10-05 Everton-Crystal Palace,Crystal Palace,88’,1:1,Justin Devenny,Yéremy Pino,substitute_in
ENG-Premier League,2526,2025-10-05 Everton-Crystal Palace,Crystal Palace,88’,1:1,Christantus Uche,Ismaila Sarr,substitute_in
ENG-Premier League,2526,2025-10-05 Everton-Crystal Palace,Everton,90+10’,2:1,Séamus Coleman,Iliman Ndiaye,substitute_in
ENG-Premier League,2526,2025-10-05 Everton-Crystal Palace,Everton,90+3’,2:1,Jack Grealish,,goal
ENG-Premier League,2526,2025-10-05 Everton-Crystal Palace,Everton,90+5’,2:1,Iliman Ndiaye,,yellow_card
ENG-Premier League,2526,2025-10-05 Newcastle-Nottingham,Nottingham Forest,32’,0:0,Ryan Yates,,yellow_card
ENG-Premier League,2526,2025-10-05 Newcastle-Nottingham,Nottingham Forest,34’,0:0,Neco Williams,,yellow_card
ENG-Premier League,2526,2025-10-05 Newcastle-Nottingham,Newcastle United,58’,1:0,Bruno Guimarães,Dan Burn,goal
ENG-Premier League,2526,2025-10-05 Newcastle-Nottingham,Nottingham Forest,64’,1:0,Igor Jesus,Chris Wood,substitute_in
ENG-Premier League,2526,2025-10-05 Newcastle-Nottingham,Nottingham Forest,64’,1:0,Callum Hudson-Odoi,Ryan Yates,substitute_in
ENG-Premier League,2526,2025-10-05 Newcastle-Nottingham,Nottingham Forest,64’,1:0,Omari Hutchinson,Dan Ndoye,substitute_in
ENG-Premier League,2526,2025-10-05 Newcastle-Nottingham,Nottingham Forest,68’,1:0,Morato,,yellow_card
ENG-Premier League,2526,2025-10-05 Newcastle-Nottingham,Newcastle United,70’,1:0,Harvey Barnes,Anthony Gordon,substitute_in
ENG-Premier League,2526,2025-10-05 Newcastle-Nottingham,Newcastle United,70’,1:0,Jacob Murphy,Anthony Elanga,substitute_in
ENG-Premier League,2526,2025-10-05 Newcastle-Nottingham,Nottingham Forest,77’,1:0,Dilane Bakwa,Morato,substitute_in
ENG-Premier League,2526,2025-10-05 Newcastle-Nottingham,Nottingham Forest,83’,1:0,Elliot Anderson,,yellow_card
ENG-Premier League,2526,2025-10-05 Newcastle-Nottingham,Newcastle United,84’,2:0,Nick Woltemade,,penalty_goal
ENG-Premier League,2526,2025-10-05 Newcastle-Nottingham,Newcastle United,90+2’,2:0,Lewis Miley,Joelinton,substitute_in
ENG-Premier League,2526,2025-10-05 Newcastle-Nottingham,Newcastle United,90+2’,2:0,William Osula,Nick Woltemade,substitute_in
ENG-Premier League,2526,2025-10-05 Wolves-Brighton,Brighton & Hove Albion,20’,0:0,Carlos Baleba,,yellow_card
ENG-Premier League,2526,2025-10-05 Wolves-Brighton,Wolverhampton Wanderers,21’,1:0,Bart Verbruggen,,own_goal
ENG-Premier League,2526,2025-10-05 Wolves-Brighton,Brighton & Hove Albion,36’,1:0,Lewis Dunk,,yellow_card
ENG-Premier League,2526,2025-10-05 Wolves-Brighton,Brighton & Hove Albion,43’,1:0,Mats Wieffer,,yellow_card
ENG-Premier League,2526,2025-10-05 Wolves-Brighton,Brighton & Hove Albion,45+2’,1:0,Danny Welbeck,,yellow_card
ENG-Premier League,2526,2025-10-05 Wolves-Brighton,Brighton & Hove Albion,46’,1:0,Georginio Rutter,Carlos Baleba,substitute_in
ENG-Premier League,2526,2025-10-05 Wolves-Brighton,Wolverhampton Wanderers,51’,1:0,Santiago Bueno,,yellow_card
ENG-Premier League,2526,2025-10-05 Wolves-Brighton,Wolverhampton Wanderers,60’,1:0,Emmanuel Agbadou,Hwang Hee-chan,substitute_in
ENG-Premier League,2526,2025-10-05 Wolves-Brighton,Brighton & Hove Albion,70’,1:0,Maxim De Cuyper,Mats Wieffer,substitute_in
ENG-Premier League,2526,2025-10-05 Wolves-Brighton,Brighton & Hove Albion,70’,1:0,Stefanos Tzimas,Brajan Gruda,substitute_in
ENG-Premier League,2526,2025-10-05 Wolves-Brighton,Wolverhampton Wanderers,77’,1:0,Jean-Ricner Bellegarde,Jørgen Strand Larsen,substitute_in
ENG-Premier League,2526,2025-10-05 Wolves-Brighton,Wolverhampton Wanderers,77’,1:0,David Møller Wolfe,Hugo Bueno,substitute_in
ENG-Premier League,2526,2025-10-05 Wolves-Brighton,Brighton & Hove Albion,77’,1:0,James Milner,Diego Gómez,substitute_in
ENG-Premier League,2526,2025-10-05 Wolves-Brighton,Brighton & Hove Albion,86’,1:1,Jan Paul van Hecke,Stefanos Tzimas,goal
ENG-Premier League,2526,2025-10-05 Wolves-Brighton,Wolverhampton Wanderers,90+1’,1:1,Tolu Arokodare,Marshall Munetsi,substitute_in
ENG-Premier League,2526,2025-10-05 Wolves-Brighton,Wolverhampton Wanderers,90+1’,1:1,Yerson Mosquera,João Gomes,substitute_in
ENG-Premier League,2526,2025-10-05 Wolves-Brighton,Wolverhampton Wanderers,90+6’,1:1,André,,yellow_card
ENG-Premier League,2526,2025-10-18 Brighton-Newcastle,Brighton & Hove Albion,36’,0:0,Maxim De Cuyper,Diego Gómez,substitute_in
ENG-Premier League,2526,2025-10-18 Brighton-Newcastle,Brighton & Hove Albion,41’,1:0,Danny Welbeck,Georginio Rutter,goal
ENG-Premier League,2526,2025-10-18 Brighton-Newcastle,Newcastle United,46’,1:0,Lewis Miley,Joelinton,substitute_in
ENG-Premier League,2526,2025-10-18 Brighton-Newcastle,Newcastle United,46’,1:0,Jacob Murphy,Anthony Elanga,substitute_in
ENG-Premier League,2526,2025-10-18 Brighton-Newcastle,Newcastle United,70’,1:0,Jacob Ramsey,Sandro Tonali,substitute_in
ENG-Premier League,2526,2025-10-18 Brighton-Newcastle,Newcastle United,70’,1:0,Harvey Barnes,Anthony Gordon,substitute_in
ENG-Premier League,2526,2025-10-18 Brighton-Newcastle,Brighton & Hove Albion,71’,1:0,James Milner,Carlos Baleba,substitute_in
ENG-Premier League,2526,2025-10-18 Brighton-Newcastle,Brighton & Hove Albion,71’,1:0,Stefanos Tzimas,Georginio Rutter,substitute_in
ENG-Premier League,2526,2025-10-18 Brighton-Newcastle,Newcastle United,76’,1:1,Nick Woltemade,Lewis Miley,goal
ENG-Premier League,2526,2025-10-18 Brighton-Newcastle,Brighton & Hove Albion,84’,2:1,Danny Welbeck,,goal
ENG-Premier League,2526,2025-10-18 Brighton-Newcastle,Newcastle United,86’,2:1,William Osula,Bruno Guimarães,substitute_in
ENG-Premier League,2526,2025-10-18 Brighton-Newcastle,Newcastle United,90+7’,2:1,Dan Burn,,yellow_card
ENG-Premier League,2526,2025-10-18 Brighton-Newcastle,Brighton & Hove Albion,90’,2:1,Diego Coppola,Yankuba Minteh,substitute_in
ENG-Premier League,2526,2025-10-18 Brighton-Newcastle,Brighton & Hove Albion,90’,2:1,Charalampos Kostoulas,Danny Welbeck,substitute_in
ENG-Premier League,2526,2025-10-18 Burnley-Leeds United,Burnley,18’,1:0,Lesley Ugochukwu,Kyle Walker,goal
ENG-Premier League,2526,2025-10-18 Burnley-Leeds United,Burnley,52’,1:0,Jaidon Anthony,,yellow_card
ENG-Premier League,2526,2025-10-18 Burnley-Leeds United,Burnley,58’,1:0,Loum Tchaouna,Jacob Bruun Larsen,substitute_in
ENG-Premier League,2526,2025-10-18 Burnley-Leeds United,Leeds United,66’,1:0,Daniel James,Brenden Aaronson,substitute_in
ENG-Premier League,2526,2025-10-18 Burnley-Leeds United,Leeds United,66’,1:0,Lukas Nmecha,Jack Harrison,substitute_in
ENG-Premier League,2526,2025-10-18 Burnley-Leeds United,Burnley,68’,2:0,Loum Tchaouna,Florentino Luís,goal
ENG-Premier League,2526,2025-10-18 Burnley-Leeds United,Leeds United,73’,2:0,Joël Piroe,Anton Stach,substitute_in
ENG-Premier League,2526,2025-10-18 Burnley-Leeds United,Burnley,77’,2:0,Josh Laurent,Zian Flemming,substitute_in
ENG-Premier League,2526,2025-10-18 Burnley-Leeds United,Leeds United,81’,2:0,Ao Tanaka,Ethan Ampadu,substitute_in
ENG-Premier League,2526,2025-10-18 Burnley-Leeds United,Burnley,83’,2:0,Hannibal Mejbri,Lesley Ugochukwu,substitute_in
ENG-Premier League,2526,2025-10-18 Burnley-Leeds United,Burnley,83’,2:0,Ashley Barnes,Jaidon Anthony,substitute_in
ENG-Premier League,2526,2025-10-18 Burnley-Leeds United,Burnley,90+2’,2:0,Hannibal Mejbri,,yellow_card
ENG-Premier League,2526,2025-10-18 Burnley-Leeds United,Leeds United,90+2’,2:0,Pascal Struijk,,yellow_card
ENG-Premier League,2526,2025-10-18 Crystal Palace-Bournemouth,Bournemouth,2’,0:0,Antoine Semenyo,,yellow_card
ENG-Premier League,2526,2025-10-18 Crystal Palace-Bournemouth,Bournemouth,38’,0:2,Eli Junior Kroupi,,goal
ENG-Premier League,2526,2025-10-18 Crystal Palace-Bournemouth,Bournemouth,40’,0:2,Tyler Adams,,yellow_card
ENG-Premier League,2526,2025-10-18 Crystal Palace-Bournemouth,Bournemouth,51’,0:2,Marcos Senesi,,yellow_card
ENG-Premier League,2526,2025-10-18 Crystal Palace-Bournemouth,Crystal Palace,62’,0:2,Yéremy Pino,,yellow_card
ENG-Premier League,2526,2025-10-18 Crystal Palace-Bournemouth,Crystal Palace,64’,0:2,Eddie Nketiah,Yéremy Pino,substitute_in
ENG-Premier League,2526,2025-10-18 Crystal Palace-Bournemouth,Crystal Palace,64’,1:2,Jean-Philippe Mateta,Daniel Muñoz,goal
ENG-Premier League,2526,2025-10-18 Crystal Palace-Bournemouth,Bournemouth,67’,1:2,Ryan Christie,Alex Scott,substitute_in
ENG-Premier League,2526,2025-10-18 Crystal Palace-Bournemouth,Crystal Palace,69’,2:2,Jean-Philippe Mateta,,goal
ENG-Premier League,2526,2025-10-18 Crystal Palace-Bournemouth,Bournemouth,75’,2:2,James Hill,Álex Jiménez,substitute_in
ENG-Premier League,2526,2025-10-18 Crystal Palace-Bournemouth,Bournemouth,75’,2:2,Amine Adli,Eli Junior Kroupi,substitute_in
ENG-Premier League,2526,2025-10-18 Crystal Palace-Bournemouth,Bournemouth,76’,2:2,Ben Gannon-Doak,Justin Kluivert,substitute_in
ENG-Premier League,2526,2025-10-18 Crystal Palace-Bournemouth,Bournemouth,7’,0:1,Eli Junior Kroupi,,goal
ENG-Premier League,2526,2025-10-18 Crystal Palace-Bournemouth,Bournemouth,89’,2:3,Ryan Christie,Marcus Tavernier,goal
ENG-Premier League,2526,2025-10-18 Crystal Palace-Bournemouth,Bournemouth,90+1’,2:3,Lewis Cook,Marcus Tavernier,substitute_in
ENG-Premier League,2526,2025-10-18 Crystal Palace-Bournemouth,Crystal Palace,90+7’,3:3,Jean-Philippe Mateta,,penalty_goal
ENG-Premier League,2526,2025-10-18 Crystal Palace-Bournemouth,Bournemouth,90’,2:3,Ryan Christie,,yellow_card
ENG-Premier League,2526,2025-10-18 Fulham-Arsenal,Fulham,42’,0:0,Issa Diop,Joachim Andersen,substitute_in
ENG-Premier League,2526,2025-10-18 Fulham-Arsenal,Arsenal,58’,0:1,Leandro Trossard,Gabriel Magalhães,goal
ENG-Premier League,2526,2025-10-18 Fulham-Arsenal,Arsenal,62’,0:1,Mikel Merino,Eberechi Eze,substitute_in
ENG-Premier League,2526,2025-10-18 Fulham-Arsenal,Fulham,64’,0:1,Emile Smith Rowe,Tom Cairney,substitute_in
ENG-Premier League,2526,2025-10-18 Fulham-Arsenal,Fulham,64’,0:1,Kevin,Joshua King,substitute_in
ENG-Premier League,2526,2025-10-18 Fulham-Arsenal,Arsenal,81’,0:1,Gabriel Martinelli,Leandro Trossard,substitute_in
ENG-Premier League,2526,2025-10-18 Fulham-Arsenal,Fulham,82’,0:1,Calvin Bassey,Jorge Cuenca,substitute_in
ENG-Premier League,2526,2025-10-18 Fulham-Arsenal,Fulham,82’,0:1,Adama Traoré,Harry Wilson,substitute_in
ENG-Premier League,2526,2025-10-18 Fulham-Arsenal,Arsenal,90+6’,0:1,Christian Nørgaard,Viktor Gyökeres,substitute_in
ENG-Premier League,2526,2025-10-18 Manchester City-Everton,Everton,39’,0:0,James Garner,,yellow_card
ENG-Premier League,2526,2025-10-18 Manchester City-Everton,Manchester City,58’,1:0,Erling Haaland,Nico O'Reilly,goal
ENG-Premier League,2526,2025-10-18 Manchester City-Everton,Manchester City,59’,1:0,Oscar Bobb,Jeremy Doku,substitute_in
ENG-Premier League,2526,2025-10-18 Manchester City-Everton,Manchester City,59’,1:0,Bernardo Silva,Tijjani Reijnders,substitute_in
ENG-Premier League,2526,2025-10-18 Manchester City-Everton,Manchester City,63’,2:0,Erling Haaland,Sávio,goal
ENG-Premier League,2526,2025-10-18 Manchester City-Everton,Everton,70’,2:0,Tim Iroegbunam,Idrissa Gueye,substitute_in
ENG-Premier League,2526,2025-10-18 Manchester City-Everton,Everton,70’,2:0,Merlin Röhl,Carlos Alcaraz,substitute_in
ENG-Premier League,2526,2025-10-18 Manchester City-Everton,Everton,75’,2:0,Thierno Barry,Beto,substitute_in
ENG-Premier League,2526,2025-10-18 Manchester City-Everton,Manchester City,85’,2:0,Rico Lewis,Nico O'Reilly,substitute_in
ENG-Premier League,2526,2025-10-18 Manchester City-Everton,Manchester City,85’,2:0,Rayan Cherki,Sávio,substitute_in
ENG-Premier League,2526,2025-10-18 Manchester City-Everton,Manchester City,86’,2:0,Mateo Kovačić,Nicolás González,substitute_in
ENG-Premier League,2526,2025-10-18 Manchester City-Everton,Everton,86’,2:0,Dwight McNeil,Kiernan Dewsbury-Hall,substitute_in
ENG-Premier League,2526,2025-10-18 Manchester City-Everton,Everton,86’,2:0,Tyler Dibling,Iliman Ndiaye,substitute_in
ENG-Premier League,2526,2025-10-18 Manchester City-Everton,Everton,90+6’,2:0,Tyler Dibling,,yellow_card
ENG-Premier League,2526,2025-10-18 Nottingham-Chelsea,Nottingham Forest,41’,0:0,Morato,,yellow_card
ENG-Premier League,2526,2025-10-18 Nottingham-Chelsea,Nottingham Forest,46’,0:0,Igor Jesus,Taiwo Awoniyi,substitute_in
ENG-Premier League,2526,2025-10-18 Nottingham-Chelsea,Chelsea,46’,0:0,Moisés Caicedo,Roméo Lavia,substitute_in
ENG-Premier League,2526,2025-10-18 Nottingham-Chelsea,Chelsea,46’,0:0,Jamie Gittens,Alejandro Garnacho,substitute_in
ENG-Premier League,2526,2025-10-18 Nottingham-Chelsea,Chelsea,46’,0:0,Marc Guiu,Andrey Santos,substitute_in
ENG-Premier League,2526,2025-10-18 Nottingham-Chelsea,Chelsea,49’,0:1,Joshua Acheampong,Pedro Neto,goal
ENG-Premier League,2526,2025-10-18 Nottingham-Chelsea,Chelsea,52’,0:2,Pedro Neto,Reece James,goal
ENG-Premier League,2526,2025-10-18 Nottingham-Chelsea,Nottingham Forest,53’,0:2,Callum Hudson-Odoi,Douglas Luiz,substitute_in
ENG-Premier League,2526,2025-10-18 Nottingham-Chelsea,Chelsea,54’,0:2,Malo Gusto,,yellow_card
ENG-Premier League,2526,2025-10-18 Nottingham-Chelsea,Nottingham Forest,74’,0:2,Chris Wood,Oleksandr Zinchenko,substitute_in
ENG-Premier League,2526,2025-10-18 Nottingham-Chelsea,Nottingham Forest,74’,0:2,Nicolò Savona,Murillo,substitute_in
ENG-Premier League,2526,2025-10-18 Nottingham-Chelsea,Chelsea,78’,0:2,Estêvão Willian,Pedro Neto,substitute_in
ENG-Premier League,2526,2025-10-18 Nottingham-Chelsea,Nottingham Forest,80’,0:2,Ibrahim Sangaré,,yellow_card
ENG-Premier League,2526,2025-10-18 Nottingham-Chelsea,Chelsea,81’,0:2,Tosin Adarabioyo,Joshua Acheampong,substitute_in
ENG-Premier League,2526,2025-10-18 Nottingham-Chelsea,Chelsea,84’,0:3,Reece James,,goal
ENG-Premier League,2526,2025-10-18 Nottingham-Chelsea,Chelsea,87’,0:3,Malo Gusto,,yellow_red_card
ENG-Premier League,2526,2025-10-18 Nottingham-Chelsea,Chelsea,89’,0:3,Estêvão Willian,,yellow_card
ENG-Premier League,2526,2025-10-18 Nottingham-Chelsea,Chelsea,90+4’,0:3,Robert Sánchez,,yellow_card
ENG-Premier League,2526,2025-10-18 Sunderland-Wolves,Sunderland,16’,1:0,Nordi Mukiele,Trai Hume,goal
ENG-Premier League,2526,2025-10-18 Sunderland-Wolves,Sunderland,63’,1:0,Chemsdine Talbi,Bertrand Traoré,substitute_in
ENG-Premier League,2526,2025-10-18 Sunderland-Wolves,Wolverhampton Wanderers,67’,1:0,Ki-Jana Hoever,Matt Doherty,substitute_in
ENG-Premier League,2526,2025-10-18 Sunderland-Wolves,Sunderland,76’,1:0,Eliezer Mayenda,Wilson Isidor,substitute_in
ENG-Premier League,2526,2025-10-18 Sunderland-Wolves,Sunderland,76’,1:0,Lutsharel Geertruida,Chris Rigg,substitute_in
ENG-Premier League,2526,2025-10-18 Sunderland-Wolves,Wolverhampton Wanderers,76’,1:0,Fer López,João Gomes,substitute_in
ENG-Premier League,2526,2025-10-18 Sunderland-Wolves,Wolverhampton Wanderers,76’,1:0,Tolu Arokodare,Rodrigo Gomes,substitute_in
ENG-Premier League,2526,2025-10-18 Sunderland-Wolves,Wolverhampton Wanderers,77’,1:0,Jackson Tchatchoua,Jhon Arias,substitute_in
ENG-Premier League,2526,2025-10-18 Sunderland-Wolves,Sunderland,90+2’,2:0,Ladislav Krejčí,,own_goal
ENG-Premier League,2526,2025-10-18 Sunderland-Wolves,Sunderland,90+5’,2:0,Dan Neil,Noah Sadiki,substitute_in
ENG-Premier League,2526,2025-10-19 Liverpool-Manchester Utd,Manchester United,2’,0:1,Bryan Mbeumo,Amad Diallo,goal
ENG-Premier League,2526,2025-10-19 Liverpool-Manchester Utd,Manchester United,52’,0:1,Amad Diallo,,yellow_card
ENG-Premier League,2526,2025-10-19 Liverpool-Manchester Utd,Manchester United,57’,0:1,Casemiro,,yellow_card
ENG-Premier League,2526,2025-10-19 Liverpool-Manchester Utd,Manchester United,59’,0:1,Manuel Ugarte,Casemiro,substitute_in
ENG-Premier League,2526,2025-10-19 Liverpool-Manchester Utd,Manchester United,59’,0:1,Patrick Dorgu,Amad Diallo,substitute_in
ENG-Premier League,2526,2025-10-19 Liverpool-Manchester Utd,Manchester United,61’,0:1,Benjamin Šeško,Mason Mount,substitute_in
ENG-Premier League,2526,2025-10-19 Liverpool-Manchester Utd,Liverpool,62’,0:1,Florian Wirtz,Conor Bradley,substitute_in
ENG-Premier League,2526,2025-10-19 Liverpool-Manchester Utd,Liverpool,62’,0:1,Hugo Ekitike,Alexis Mac Allister,substitute_in
ENG-Premier League,2526,2025-10-19 Liverpool-Manchester Utd,Liverpool,62’,0:1,Curtis Jones,Ryan Gravenberch,substitute_in
ENG-Premier League,2526,2025-10-19 Liverpool-Manchester Utd,Liverpool,72’,0:1,Federico Chiesa,Alexander Isak,substitute_in
ENG-Premier League,2526,2025-10-19 Liverpool-Manchester Utd,Liverpool,78’,1:1,Cody Gakpo,Federico Chiesa,goal
ENG-Premier League,2526,2025-10-19 Liverpool-Manchester Utd,Manchester United,84’,1:2,Harry Maguire,Bruno Fernandes,goal
ENG-Premier League,2526,2025-10-19 Liverpool-Manchester Utd,Liverpool,85’,1:2,Jeremie Frimpong,Mohamed Salah,substitute_in
ENG-Premier League,2526,2025-10-19 Liverpool-Manchester Utd,Manchester United,85’,1:2,Kobbie Mainoo,Bruno Fernandes,substitute_in
ENG-Premier League,2526,2025-10-19 Liverpool-Manchester Utd,Manchester United,85’,1:2,Leny Yoro,Luke Shaw,substitute_in
ENG-Premier League,2526,2025-10-19 Tottenham-Aston Villa,Tottenham Hotspur,22’,1:0,Micky van de Ven,,yellow_card
ENG-Premier League,2526,2025-10-19 Tottenham-Aston Villa,Aston Villa,37’,1:1,Morgan Rogers,,goal
ENG-Premier League,2526,2025-10-19 Tottenham-Aston Villa,Tottenham Hotspur,5’,1:0,Rodrigo Bentancur,João Palhinha,goal
ENG-Premier League,2526,2025-10-19 Tottenham-Aston Villa,Tottenham Hotspur,60’,1:1,Richarlison,Mathys Tel,substitute_in
ENG-Premier League,2526,2025-10-19 Tottenham-Aston Villa,Aston Villa,61’,1:1,Emi Buendía,Evann Guessand,substitute_in
ENG-Premier League,2526,2025-10-19 Tottenham-Aston Villa,Aston Villa,61’,1:1,Ollie Watkins,Donyell Malen,substitute_in
ENG-Premier League,2526,2025-10-19 Tottenham-Aston Villa,Tottenham Hotspur,67’,1:1,Kevin Danso,,yellow_card
ENG-Premier League,2526,2025-10-19 Tottenham-Aston Villa,Aston Villa,77’,1:2,Emi Buendía,Lucas Digne,goal
ENG-Premier League,2526,2025-10-19 Tottenham-Aston Villa,Tottenham Hotspur,79’,1:2,Lucas Bergvall,Xavi Simons,substitute_in
ENG-Premier League,2526,2025-10-19 Tottenham-Aston Villa,Tottenham Hotspur,79’,1:2,Randal Kolo Muani,Wilson Odobert,substitute_in
ENG-Premier League,2526,2025-10-19 Tottenham-Aston Villa,Aston Villa,82’,1:2,Ian Maatsen,Lucas Digne,substitute_in
ENG-Premier League,2526,2025-10-19 Tottenham-Aston Villa,Aston Villa,82’,1:2,Ross Barkley,Amadou Onana,substitute_in
ENG-Premier League,2526,2025-10-19 Tottenham-Aston Villa,Tottenham Hotspur,86’,1:2,Pape Matar Sarr,Rodrigo Bentancur,substitute_in
ENG-Premier League,2526,2025-10-19 Tottenham-Aston Villa,Tottenham Hotspur,86’,1:2,Brennan Johnson,Djed Spence,substitute_in
ENG-Premier League,2526,2025-10-20 West Ham-Brentford,Brentford,43’,0:1,Igor Thiago,Kevin Schade,goal
ENG-Premier League,2526,2025-10-20 West Ham-Brentford,West Ham United,46’,0:1,Aaron Wan-Bissaka,Kyle Walker-Peters,substitute_in
ENG-Premier League,2526,2025-10-20 West Ham-Brentford,West Ham United,46’,0:1,El Hadji Malick Diouf,Oliver Scarles,substitute_in
ENG-Premier League,2526,2025-10-20 West Ham-Brentford,West Ham United,46’,0:1,Konstantinos Mavropanos,Mateus Fernandes,substitute_in
ENG-Premier League,2526,2025-10-20 West Ham-Brentford,West Ham United,61’,0:1,Callum Marshall,Andy Irving,substitute_in
ENG-Premier League,2526,2025-10-20 West Ham-Brentford,West Ham United,67’,0:1,Crysencio Summerville,,yellow_card
ENG-Premier League,2526,2025-10-20 West Ham-Brentford,West Ham United,71’,0:1,Guido Rodríguez,Tomáš Souček,substitute_in
ENG-Premier League,2526,2025-10-20 West Ham-Brentford,Brentford,76’,0:1,Vitaly Janelt,Mikkel Damsgaard,substitute_in
ENG-Premier League,2526,2025-10-20 West Ham-Brentford,Brentford,76’,0:1,Keane Lewis-Potter,Dango Ouattara,substitute_in
ENG-Premier League,2526,2025-10-20 West Ham-Brentford,Brentford,89’,0:1,Jordan Henderson,,yellow_card
ENG-Premier League,2526,2025-10-20 West Ham-Brentford,Brentford,90+4’,0:2,Mathias Jensen,Keane Lewis-Potter,goal
ENG-Premier League,2526,2025-10-20 West Ham-Brentford,Brentford,90’,0:1,Mathias Jensen,Jordan Henderson,substitute_in
ENG-Premier League,2526,2025-10-24 Leeds United-West Ham,Leeds United,15’,2:0,Joe Rodon,Sean Longstaff,goal
ENG-Premier League,2526,2025-10-24 Leeds United-West Ham,West Ham United,25’,2:0,Callum Wilson,Oliver Scarles,substitute_in
ENG-Premier League,2526,2025-10-24 Leeds United-West Ham,Leeds United,3’,1:0,Brenden Aaronson,,goal
ENG-Premier League,2526,2025-10-24 Leeds United-West Ham,West Ham United,40’,2:0,Crysencio Summerville,,yellow_card
ENG-Premier League,2526,2025-10-24 Leeds United-West Ham,Leeds United,44’,2:0,James Justin,Gabriel Gudmundsson,substitute_in
ENG-Premier League,2526,2025-10-24 Leeds United-West Ham,Leeds United,46’,2:0,Jack Harrison,Noah Okafor,substitute_in
ENG-Premier League,2526,2025-10-24 Leeds United-West Ham,West Ham United,55’,2:0,Lucas Paquetá,,yellow_card
ENG-Premier League,2526,2025-10-24 Leeds United-West Ham,West Ham United,64’,2:0,Freddie Potts,Andy Irving,substitute_in
ENG-Premier League,2526,2025-10-24 Leeds United-West Ham,West Ham United,65’,2:0,Mateus Fernandes,Tomáš Souček,substitute_in
ENG-Premier League,2526,2025-10-24 Leeds United-West Ham,Leeds United,72’,2:0,Ilia Gruev,Ao Tanaka,substitute_in
ENG-Premier League,2526,2025-10-24 Leeds United-West Ham,Leeds United,76’,2:0,Ilia Gruev,,yellow_card
ENG-Premier League,2526,2025-10-24 Leeds United-West Ham,West Ham United,79’,2:0,Soungoutou Magassa,Crysencio Summerville,substitute_in
ENG-Premier League,2526,2025-10-24 Leeds United-West Ham,West Ham United,79’,2:0,Kyle Walker-Peters,Aaron Wan-Bissaka,substitute_in
ENG-Premier League,2526,2025-10-24 Leeds United-West Ham,Leeds United,84’,2:0,Lucas Perri,,yellow_card
ENG-Premier League,2526,2025-10-24 Leeds United-West Ham,Leeds United,87’,2:0,Daniel James,Brenden Aaronson,substitute_in
ENG-Premier League,2526,2025-10-24 Leeds United-West Ham,Leeds United,87’,2:0,Lukas Nmecha,Dominic Calvert-Lewin,substitute_in
ENG-Premier League,2526,2025-10-24 Leeds United-West Ham,West Ham United,90+2’,2:1,Jean-Clair Todibo,,yellow_card
ENG-Premier League,2526,2025-10-24 Leeds United-West Ham,Leeds United,90+3’,2:1,James Justin,,yellow_card
ENG-Premier League,2526,2025-10-24 Leeds United-West Ham,West Ham United,90’,2:1,Mateus Fernandes,Jarrod Bowen,goal
ENG-Premier League,2526,2025-10-25 Brentford-Liverpool,Brentford,29’,1:0,Vitaly Janelt,Yehor Yarmoliuk,substitute_in
ENG-Premier League,2526,2025-10-25 Brentford-Liverpool,Liverpool,33’,1:0,Milos Kerkez,,yellow_card
ENG-Premier League,2526,2025-10-25 Brentford-Liverpool,Liverpool,45+5’,2:1,Milos Kerkez,,goal
ENG-Premier League,2526,2025-10-25 Brentford-Liverpool,Brentford,45’,2:0,Kevin Schade,Mikkel Damsgaard,goal
ENG-Premier League,2526,2025-10-25 Brentford-Liverpool,Liverpool,57’,2:1,Mohamed Salah,,yellow_card
ENG-Premier League,2526,2025-10-25 Brentford-Liverpool,Brentford,5’,1:0,Dango Ouattara,,goal
ENG-Premier League,2526,2025-10-25 Brentford-Liverpool,Brentford,60’,3:1,Igor Thiago,,penalty_goal
ENG-Premier League,2526,2025-10-25 Brentford-Liverpool,Liverpool,61’,3:1,Federico Chiesa,Cody Gakpo,substitute_in
ENG-Premier League,2526,2025-10-25 Brentford-Liverpool,Liverpool,61’,3:1,Andy Robertson,Milos Kerkez,substitute_in
ENG-Premier League,2526,2025-10-25 Brentford-Liverpool,Liverpool,62’,3:1,Alexis Mac Allister,Conor Bradley,substitute_in
ENG-Premier League,2526,2025-10-25 Brentford-Liverpool,Liverpool,70’,3:1,Rio Ngumoha,Curtis Jones,substitute_in
ENG-Premier League,2526,2025-10-25 Brentford-Liverpool,Brentford,76’,3:1,Kevin Schade,,yellow_card
ENG-Premier League,2526,2025-10-25 Brentford-Liverpool,Brentford,79’,3:1,Keane Lewis-Potter,Kevin Schade,substitute_in
ENG-Premier League,2526,2025-10-25 Brentford-Liverpool,Brentford,79’,3:1,Mathias Jensen,Mikkel Damsgaard,substitute_in
ENG-Premier League,2526,2025-10-25 Brentford-Liverpool,Liverpool,83’,3:1,Joe Gomez,Florian Wirtz,substitute_in
ENG-Premier League,2526,2025-10-25 Brentford-Liverpool,Liverpool,89’,3:2,Mohamed Salah,Dominik Szoboszlai,goal
ENG-Premier League,2526,2025-10-25 Brentford-Liverpool,Brentford,90+10’,3:2,Igor Thiago,,yellow_card
ENG-Premier League,2526,2025-10-25 Brentford-Liverpool,Brentford,90+4’,3:2,Keane Lewis-Potter,,yellow_card
ENG-Premier League,2526,2025-10-25 Brentford-Liverpool,Brentford,90+6’,3:2,Frank Onyeka,Dango Ouattara,substitute_in
ENG-Premier League,2526,2025-10-25 Brentford-Liverpool,Brentford,90+6’,3:2,Rico Henry,Kristoffer Ajer,substitute_in
ENG-Premier League,2526,2025-10-25 Chelsea-Sunderland,Sunderland,22’,1:1,Wilson Isidor,,goal
ENG-Premier League,2526,2025-10-25 Chelsea-Sunderland,Chelsea,4’,1:0,Alejandro Garnacho,Pedro Neto,goal
ENG-Premier League,2526,2025-10-25 Chelsea-Sunderland,Chelsea,58’,1:1,Estêvão Willian,Alejandro Garnacho,substitute_in
ENG-Premier League,2526,2025-10-25 Chelsea-Sunderland,Sunderland,65’,1:1,Chemsdine Talbi,Bertrand Traoré,substitute_in
ENG-Premier League,2526,2025-10-25 Chelsea-Sunderland,Sunderland,69’,1:1,Enzo Le Fée,,yellow_card
ENG-Premier League,2526,2025-10-25 Chelsea-Sunderland,Sunderland,75’,1:1,Chris Rigg,Enzo Le Fée,substitute_in
ENG-Premier League,2526,2025-10-25 Chelsea-Sunderland,Sunderland,75’,1:1,Brian Brobbey,Wilson Isidor,substitute_in
ENG-Premier League,2526,2025-10-25 Chelsea-Sunderland,Chelsea,76’,1:1,Jamie Gittens,Marc Guiu,substitute_in
ENG-Premier League,2526,2025-10-25 Chelsea-Sunderland,Chelsea,76’,1:1,Tosin Adarabioyo,Joshua Acheampong,substitute_in
ENG-Premier League,2526,2025-10-25 Chelsea-Sunderland,Chelsea,85’,1:1,Andrey Santos,Pedro Neto,substitute_in
ENG-Premier League,2526,2025-10-25 Chelsea-Sunderland,Chelsea,85’,1:1,Tyrique George,João Pedro,substitute_in
ENG-Premier League,2526,2025-10-25 Chelsea-Sunderland,Chelsea,88’,1:1,Andrey Santos,,yellow_card
ENG-Premier League,2526,2025-10-25 Chelsea-Sunderland,Sunderland,90+3’,1:2,Chemsdine Talbi,Brian Brobbey,goal
ENG-Premier League,2526,2025-10-25 Manchester Utd-Brighton,Manchester United,24’,1:0,Matheus Cunha,Casemiro,goal
ENG-Premier League,2526,2025-10-25 Manchester Utd-Brighton,Manchester United,34’,2:0,Casemiro,Luke Shaw,goal
ENG-Premier League,2526,2025-10-25 Manchester Utd-Brighton,Brighton & Hove Albion,41’,2:0,Carlos Baleba,,yellow_card
ENG-Premier League,2526,2025-10-25 Manchester Utd-Brighton,Brighton & Hove Albion,59’,2:0,James Milner,Carlos Baleba,substitute_in
ENG-Premier League,2526,2025-10-25 Manchester Utd-Brighton,Brighton & Hove Albion,59’,2:0,Tom Watson,Maxim De Cuyper,substitute_in
ENG-Premier League,2526,2025-10-25 Manchester Utd-Brighton,Brighton & Hove Albion,60’,2:0,Diego Gómez,Yasin Ayari,substitute_in
ENG-Premier League,2526,2025-10-25 Manchester Utd-Brighton,Manchester United,61’,3:0,Bryan Mbeumo,Benjamin Šeško,goal
ENG-Premier League,2526,2025-10-25 Manchester Utd-Brighton,Manchester United,65’,3:0,Ayden Heaven,Luke Shaw,substitute_in
ENG-Premier League,2526,2025-10-25 Manchester Utd-Brighton,Manchester United,70’,3:0,Kobbie Mainoo,Casemiro,substitute_in
ENG-Premier League,2526,2025-10-25 Manchester Utd-Brighton,Manchester United,70’,3:0,Patrick Dorgu,Amad Diallo,substitute_in
ENG-Premier League,2526,2025-10-25 Manchester Utd-Brighton,Manchester United,72’,3:0,Patrick Dorgu,,yellow_card
ENG-Premier League,2526,2025-10-25 Manchester Utd-Brighton,Brighton & Hove Albion,74’,3:1,Danny Welbeck,,goal
ENG-Premier League,2526,2025-10-25 Manchester Utd-Brighton,Brighton & Hove Albion,79’,3:1,Charalampos Kostoulas,Georginio Rutter,substitute_in
ENG-Premier League,2526,2025-10-25 Manchester Utd-Brighton,Manchester United,81’,3:1,Benjamin Šeško,,yellow_card
ENG-Premier League,2526,2025-10-25 Manchester Utd-Brighton,Manchester United,81’,3:1,Manuel Ugarte,Matheus Cunha,substitute_in
ENG-Premier League,2526,2025-10-25 Manchester Utd-Brighton,Manchester United,82’,3:1,Joshua Zirkzee,Benjamin Šeško,substitute_in
ENG-Premier League,2526,2025-10-25 Manchester Utd-Brighton,Brighton & Hove Albion,87’,3:1,Stefanos Tzimas,Mats Wieffer,substitute_in
ENG-Premier League,2526,2025-10-25 Manchester Utd-Brighton,Brighton & Hove Albion,90+2’,3:2,Charalampos Kostoulas,James Milner,goal
ENG-Premier League,2526,2025-10-25 Manchester Utd-Brighton,Brighton & Hove Albion,90+4’,3:2,Ferdi Kadioglu,,yellow_card
ENG-Premier League,2526,2025-10-25 Manchester Utd-Brighton,Manchester United,90+6’,4:2,Bryan Mbeumo,Ayden Heaven,goal
ENG-Premier League,2526,2025-10-25 Newcastle-Fulham,Newcastle United,18’,1:0,Jacob Murphy,,goal
ENG-Premier League,2526,2025-10-25 Newcastle-Fulham,Fulham,3’,0:0,Kenny Tete,,yellow_card
ENG-Premier League,2526,2025-10-25 Newcastle-Fulham,Fulham,46’,1:0,Kevin,Emile Smith Rowe,substitute_in
ENG-Premier League,2526,2025-10-25 Newcastle-Fulham,Fulham,56’,1:1,Saša Lukić,,goal
ENG-Premier League,2526,2025-10-25 Newcastle-Fulham,Newcastle United,61’,1:1,Fabian Schär,Sven Botman,substitute_in
ENG-Premier League,2526,2025-10-25 Newcastle-Fulham,Newcastle United,61’,1:1,Harvey Barnes,Jacob Murphy,substitute_in
ENG-Premier League,2526,2025-10-25 Newcastle-Fulham,Newcastle United,61’,1:1,Sandro Tonali,Lewis Miley,substitute_in
ENG-Premier League,2526,2025-10-25 Newcastle-Fulham,Fulham,66’,1:1,Alex Iwobi,,yellow_card
ENG-Premier League,2526,2025-10-25 Newcastle-Fulham,Newcastle United,76’,1:1,Anthony Elanga,Anthony Gordon,substitute_in
ENG-Premier League,2526,2025-10-25 Newcastle-Fulham,Fulham,76’,1:1,Joshua King,Adama Traoré,substitute_in
ENG-Premier League,2526,2025-10-25 Newcastle-Fulham,Fulham,84’,1:1,Tom Cairney,Saša Lukić,substitute_in
ENG-Premier League,2526,2025-10-25 Newcastle-Fulham,Newcastle United,86’,1:1,William Osula,Nick Woltemade,substitute_in
ENG-Premier League,2526,2025-10-25 Newcastle-Fulham,Fulham,90+2’,2:1,Timothy Castagne,Kenny Tete,substitute_in
ENG-Premier League,2526,2025-10-25 Newcastle-Fulham,Fulham,90+2’,2:1,Jonah Kusi-Asare,Alex Iwobi,substitute_in
ENG-Premier League,2526,2025-10-25 Newcastle-Fulham,Newcastle United,90’,2:1,Bruno Guimarães,,goal
ENG-Premier League,2526,2025-10-26 Arsenal-Crystal Palace,Arsenal,39’,1:0,Eberechi Eze,,goal
ENG-Premier League,2526,2025-10-26 Arsenal-Crystal Palace,Arsenal,46’,1:0,Cristhian Mosquera,William Saliba,substitute_in
ENG-Premier League,2526,2025-10-26 Arsenal-Crystal Palace,Crystal Palace,59’,1:0,Eddie Nketiah,Yéremy Pino,substitute_in
ENG-Premier League,2526,2025-10-26 Arsenal-Crystal Palace,Arsenal,66’,1:0,Gabriel Martinelli,Bukayo Saka,substitute_in
ENG-Premier League,2526,2025-10-26 Arsenal-Crystal Palace,Crystal Palace,74’,1:0,Will Hughes,Daichi Kamada,substitute_in
ENG-Premier League,2526,2025-10-26 Arsenal-Crystal Palace,Arsenal,82’,1:0,Mikel Merino,Declan Rice,substitute_in
ENG-Premier League,2526,2025-10-26 Arsenal-Crystal Palace,Arsenal,82’,1:0,Piero Hincapié,Riccardo Calafiori,substitute_in
ENG-Premier League,2526,2025-10-26 Arsenal-Crystal Palace,Arsenal,88’,1:0,Myles Lewis-Skelly,Eberechi Eze,substitute_in
ENG-Premier League,2526,2025-10-26 Arsenal-Crystal Palace,Crystal Palace,90+1’,1:0,Jefferson Lerma,Adam Wharton,substitute_in
ENG-Premier League,2526,2025-10-26 Arsenal-Crystal Palace,Crystal Palace,90+1’,1:0,Borna Sosa,Tyrick Mitchell,substitute_in
ENG-Premier League,2526,2025-10-26 Arsenal-Crystal Palace,Crystal Palace,90+1’,1:0,Christantus Uche,Daniel Muñoz,substitute_in
ENG-Premier League,2526,2025-10-26 Aston Villa-Manchester City,Aston Villa,19’,1:0,Matty Cash,Emi Buendía,goal
ENG-Premier League,2526,2025-10-26 Aston Villa-Manchester City,Aston Villa,29’,1:0,Jadon Sancho,Emi Buendía,substitute_in
ENG-Premier League,2526,2025-10-26 Aston Villa-Manchester City,Manchester City,40’,1:0,Sávio,,yellow_card
ENG-Premier League,2526,2025-10-26 Aston Villa-Manchester City,Manchester City,54’,1:0,Tijjani Reijnders,,yellow_card
ENG-Premier League,2526,2025-10-26 Aston Villa-Manchester City,Manchester City,61’,1:0,Nico O'Reilly,John Stones,substitute_in
ENG-Premier League,2526,2025-10-26 Aston Villa-Manchester City,Manchester City,61’,1:0,Nicolás González,Bernardo Silva,substitute_in
ENG-Premier League,2526,2025-10-26 Aston Villa-Manchester City,Manchester City,61’,1:0,Jeremy Doku,Oscar Bobb,substitute_in
ENG-Premier League,2526,2025-10-26 Aston Villa-Manchester City,Manchester City,64’,1:0,Nicolás González,,yellow_card
ENG-Premier League,2526,2025-10-26 Aston Villa-Manchester City,Aston Villa,74’,1:0,Ross Barkley,John McGinn,substitute_in
ENG-Premier League,2526,2025-10-26 Aston Villa-Manchester City,Aston Villa,74’,1:0,Evann Guessand,Jadon Sancho,substitute_in
ENG-Premier League,2526,2025-10-26 Aston Villa-Manchester City,Manchester City,76’,1:0,Rayan Cherki,Tijjani Reijnders,substitute_in
ENG-Premier League,2526,2025-10-26 Aston Villa-Manchester City,Manchester City,80’,1:0,Phil Foden,,yellow_card
ENG-Premier League,2526,2025-10-26 Aston Villa-Manchester City,Aston Villa,81’,1:0,Boubacar Kamara,,yellow_card
ENG-Premier League,2526,2025-10-26 Aston Villa-Manchester City,Manchester City,84’,1:0,Omar Marmoush,Sávio,substitute_in
ENG-Premier League,2526,2025-10-26 Aston Villa-Manchester City,Aston Villa,86’,1:0,Donyell Malen,Ollie Watkins,substitute_in
ENG-Premier League,2526,2025-10-26 Aston Villa-Manchester City,Aston Villa,86’,1:0,Ian Maatsen,Lucas Digne,substitute_in
ENG-Premier League,2526,2025-10-26 Bournemouth-Nottingham,Bournemouth,18’,0:0,Justin Kluivert,,yellow_card
ENG-Premier League,2526,2025-10-26 Bournemouth-Nottingham,Nottingham Forest,18’,0:0,Douglas Luiz,,yellow_card
ENG-Premier League,2526,2025-10-26 Bournemouth-Nottingham,Bournemouth,25’,1:0,Marcus Tavernier,,goal
ENG-Premier League,2526,2025-10-26 Bournemouth-Nottingham,Bournemouth,40’,2:0,Eli Junior Kroupi,Tyler Adams,goal
ENG-Premier League,2526,2025-10-26 Bournemouth-Nottingham,Nottingham Forest,46’,2:0,Ryan Yates,Douglas Luiz,substitute_in
ENG-Premier League,2526,2025-10-26 Bournemouth-Nottingham,Nottingham Forest,46’,2:0,Taiwo Awoniyi,Igor Jesus,substitute_in
ENG-Premier League,2526,2025-10-26 Bournemouth-Nottingham,Nottingham Forest,46’,2:0,Omari Hutchinson,Callum Hudson-Odoi,substitute_in
ENG-Premier League,2526,2025-10-26 Bournemouth-Nottingham,Bournemouth,63’,2:0,Marcos Senesi,,yellow_card
ENG-Premier League,2526,2025-10-26 Bournemouth-Nottingham,Bournemouth,69’,2:0,Amine Adli,Eli Junior Kroupi,substitute_in
ENG-Premier League,2526,2025-10-26 Bournemouth-Nottingham,Bournemouth,69’,2:0,David Brooks,Justin Kluivert,substitute_in
ENG-Premier League,2526,2025-10-26 Bournemouth-Nottingham,Bournemouth,80’,2:0,Ryan Christie,Alex Scott,substitute_in
ENG-Premier League,2526,2025-10-26 Bournemouth-Nottingham,Nottingham Forest,83’,2:0,Nicolás Domínguez,Dan Ndoye,substitute_in
ENG-Premier League,2526,2025-10-26 Bournemouth-Nottingham,Bournemouth,87’,2:0,David Brooks,,yellow_card
ENG-Premier League,2526,2025-10-26 Bournemouth-Nottingham,Nottingham Forest,89’,2:0,Arnaud Kalimuendo,Morgan Gibbs-White,substitute_in
ENG-Premier League,2526,2025-10-26 Bournemouth-Nottingham,Bournemouth,90+2’,2:0,Lewis Cook,Marcus Tavernier,substitute_in
ENG-Premier League,2526,2025-10-26 Bournemouth-Nottingham,Bournemouth,90+2’,2:0,Enes Ünal,Antoine Semenyo,substitute_in
ENG-Premier League,2526,2025-10-26 Everton-Tottenham,Tottenham Hotspur,19’,0:1,Micky van de Ven,Rodrigo Bentancur,goal
ENG-Premier League,2526,2025-10-26 Everton-Tottenham,Tottenham Hotspur,45+6’,0:2,Micky van de Ven,Pedro Porro,goal
ENG-Premier League,2526,2025-10-26 Everton-Tottenham,Everton,58’,0:2,James Garner,,yellow_card
ENG-Premier League,2526,2025-10-26 Everton-Tottenham,Tottenham Hotspur,61’,0:2,Lucas Bergvall,Xavi Simons,substitute_in
ENG-Premier League,2526,2025-10-26 Everton-Tottenham,Tottenham Hotspur,62’,0:2,Richarlison,Randal Kolo Muani,substitute_in
ENG-Premier League,2526,2025-10-26 Everton-Tottenham,Everton,66’,0:2,Merlin Röhl,Jake O'Brien,substitute_in
ENG-Premier League,2526,2025-10-26 Everton-Tottenham,Everton,66’,0:2,Thierno Barry,Beto,substitute_in
ENG-Premier League,2526,2025-10-26 Everton-Tottenham,Everton,71’,0:2,Jack Grealish,,yellow_card
ENG-Premier League,2526,2025-10-26 Everton-Tottenham,Tottenham Hotspur,78’,0:2,Pape Matar Sarr,Mohammed Kudus,substitute_in
ENG-Premier League,2526,2025-10-26 Everton-Tottenham,Everton,86’,0:2,Carlos Alcaraz,Idrissa Gueye,substitute_in
ENG-Premier League,2526,2025-10-26 Everton-Tottenham,Tottenham Hotspur,89’,0:3,Pape Matar Sarr,Richarlison,goal
ENG-Premier League,2526,2025-10-26 Everton-Tottenham,Tottenham Hotspur,90+3’,0:3,Mathys Tel,Brennan Johnson,substitute_in
ENG-Premier League,2526,2025-10-26 Wolves-Burnley,Burnley,14’,0:1,Zian Flemming,Quilindschy Hartman,goal
ENG-Premier League,2526,2025-10-26 Wolves-Burnley,Burnley,30’,0:2,Zian Flemming,Quilindschy Hartman,goal
ENG-Premier League,2526,2025-10-26 Wolves-Burnley,Wolverhampton Wanderers,35’,0:2,Jean-Ricner Bellegarde,,yellow_card
ENG-Premier League,2526,2025-10-26 Wolves-Burnley,Wolverhampton Wanderers,42’,1:2,Jørgen Strand Larsen,,penalty_goal
ENG-Premier League,2526,2025-10-26 Wolves-Burnley,Wolverhampton Wanderers,45+4’,2:2,Marshall Munetsi,Ladislav Krejčí,goal
ENG-Premier League,2526,2025-10-26 Wolves-Burnley,Wolverhampton Wanderers,68’,2:2,João Gomes,André,substitute_in
ENG-Premier League,2526,2025-10-26 Wolves-Burnley,Wolverhampton Wanderers,68’,2:2,Hwang Hee-chan,Jhon Arias,substitute_in
ENG-Premier League,2526,2025-10-26 Wolves-Burnley,Burnley,69’,2:2,Josh Laurent,Jacob Bruun Larsen,substitute_in
ENG-Premier League,2526,2025-10-26 Wolves-Burnley,Wolverhampton Wanderers,76’,2:2,Jackson Tchatchoua,Ki-Jana Hoever,substitute_in
ENG-Premier League,2526,2025-10-26 Wolves-Burnley,Burnley,77’,2:2,Lyle Foster,Jaidon Anthony,substitute_in
ENG-Premier League,2526,2025-10-26 Wolves-Burnley,Wolverhampton Wanderers,85’,2:2,Tolu Arokodare,Marshall Munetsi,substitute_in
ENG-Premier League,2526,2025-10-26 Wolves-Burnley,Wolverhampton Wanderers,85’,2:2,David Møller Wolfe,Hugo Bueno,substitute_in
ENG-Premier League,2526,2025-10-26 Wolves-Burnley,Burnley,90+3’,2:2,Hjalmar Ekdal,Lesley Ugochukwu,substitute_in
ENG-Premier League,2526,2025-10-26 Wolves-Burnley,Burnley,90+3’,2:2,Hannibal Mejbri,Florentino Luís,substitute_in
ENG-Premier League,2526,2025-10-26 Wolves-Burnley,Burnley,90+5’,2:3,Lyle Foster,Hannibal Mejbri,goal
ENG-Premier League,2526,2025-11-01 Brighton-Leeds United,Brighton & Hove Albion,11’,1:0,Danny Welbeck,Mats Wieffer,goal
ENG-Premier League,2526,2025-11-01 Brighton-Leeds United,Leeds United,60’,1:0,Anton Stach,Sean Longstaff,substitute_in
ENG-Premier League,2526,2025-11-01 Brighton-Leeds United,Leeds United,61’,1:0,Daniel James,Ao Tanaka,substitute_in
ENG-Premier League,2526,2025-11-01 Brighton-Leeds United,Brighton & Hove Albion,64’,2:0,Diego Gómez,,goal
ENG-Premier League,2526,2025-11-01 Brighton-Leeds United,Leeds United,65’,2:0,Lukas Nmecha,Dominic Calvert-Lewin,substitute_in
ENG-Premier League,2526,2025-11-01 Brighton-Leeds United,Brighton & Hove Albion,70’,3:0,Diego Gómez,Yankuba Minteh,goal
ENG-Premier League,2526,2025-11-01 Brighton-Leeds United,Leeds United,73’,3:0,Ethan Ampadu,,yellow_card
ENG-Premier League,2526,2025-11-01 Brighton-Leeds United,Leeds United,77’,3:0,Jack Harrison,Noah Okafor,substitute_in
ENG-Premier League,2526,2025-11-01 Brighton-Leeds United,Leeds United,77’,3:0,James Justin,Jayden Bogle,substitute_in
ENG-Premier League,2526,2025-11-01 Brighton-Leeds United,Brighton & Hove Albion,81’,3:0,Tom Watson,Diego Gómez,substitute_in
ENG-Premier League,2526,2025-11-01 Brighton-Leeds United,Brighton & Hove Albion,82’,3:0,Stefanos Tzimas,Danny Welbeck,substitute_in
ENG-Premier League,2526,2025-11-01 Brighton-Leeds United,Brighton & Hove Albion,88’,3:0,Charalampos Kostoulas,Yankuba Minteh,substitute_in
ENG-Premier League,2526,2025-11-01 Brighton-Leeds United,Brighton & Hove Albion,90+4’,3:0,Nehemiah Oriola,Georginio Rutter,substitute_in
ENG-Premier League,2526,2025-11-01 Brighton-Leeds United,Brighton & Hove Albion,90+4’,3:0,Joe Knight,Yasin Ayari,substitute_in
ENG-Premier League,2526,2025-11-01 Burnley-Arsenal,Arsenal,14’,0:1,Viktor Gyökeres,Gabriel Magalhães,goal
ENG-Premier League,2526,2025-11-01 Burnley-Arsenal,Burnley,27’,0:1,Josh Cullen,,yellow_card
ENG-Premier League,2526,2025-11-01 Burnley-Arsenal,Arsenal,35’,0:2,Declan Rice,Leandro Trossard,goal
ENG-Premier League,2526,2025-11-01 Burnley-Arsenal,Arsenal,46’,0:2,Mikel Merino,Viktor Gyökeres,substitute_in
ENG-Premier League,2526,2025-11-01 Burnley-Arsenal,Burnley,55’,0:2,Zian Flemming,,yellow_card
ENG-Premier League,2526,2025-11-01 Burnley-Arsenal,Burnley,62’,0:2,Loum Tchaouna,Jaidon Anthony,substitute_in
ENG-Premier League,2526,2025-11-01 Burnley-Arsenal,Burnley,62’,0:2,Jacob Bruun Larsen,Lesley Ugochukwu,substitute_in
ENG-Premier League,2526,2025-11-01 Burnley-Arsenal,Arsenal,72’,0:2,Piero Hincapié,Riccardo Calafiori,substitute_in
ENG-Premier League,2526,2025-11-01 Burnley-Arsenal,Arsenal,72’,0:2,Ethan Nwaneri,Eberechi Eze,substitute_in
ENG-Premier League,2526,2025-11-01 Burnley-Arsenal,Burnley,76’,0:2,Armando Broja,Zian Flemming,substitute_in
ENG-Premier League,2526,2025-11-01 Burnley-Arsenal,Burnley,76’,0:2,Hannibal Mejbri,Josh Laurent,substitute_in
ENG-Premier League,2526,2025-11-01 Burnley-Arsenal,Arsenal,77’,0:2,Christian Nørgaard,Martín Zubimendi,substitute_in
ENG-Premier League,2526,2025-11-01 Burnley-Arsenal,Burnley,83’,0:2,Marcus Edwards,Josh Cullen,substitute_in
ENG-Premier League,2526,2025-11-01 Burnley-Arsenal,Arsenal,90+1’,0:2,Myles Lewis-Skelly,Leandro Trossard,substitute_in
ENG-Premier League,2526,2025-11-01 Burnley-Arsenal,Arsenal,90+5’,0:2,Gabriel Magalhães,,yellow_card
ENG-Premier League,2526,2025-11-01 Crystal Palace-Brentford,Crystal Palace,30’,1:0,Jean-Philippe Mateta,Jefferson Lerma,goal
ENG-Premier League,2526,2025-11-01 Crystal Palace-Brentford,Brentford,34’,1:0,Kevin Schade,,yellow_card
ENG-Premier League,2526,2025-11-01 Crystal Palace-Brentford,Crystal Palace,51’,2:0,Nathan Collins,,own_goal
ENG-Premier League,2526,2025-11-01 Crystal Palace-Brentford,Brentford,67’,2:0,Keane Lewis-Potter,Michael Kayode,substitute_in
ENG-Premier League,2526,2025-11-01 Crystal Palace-Brentford,Brentford,68’,2:0,Mathias Jensen,Mikkel Damsgaard,substitute_in
ENG-Premier League,2526,2025-11-01 Crystal Palace-Brentford,Brentford,68’,2:0,Vitaly Janelt,Yehor Yarmoliuk,substitute_in
ENG-Premier League,2526,2025-11-01 Crystal Palace-Brentford,Brentford,75’,2:0,Reiss Nelson,Dango Ouattara,substitute_in
ENG-Premier League,2526,2025-11-01 Crystal Palace-Brentford,Crystal Palace,78’,2:0,Justin Devenny,Daichi Kamada,substitute_in
ENG-Premier League,2526,2025-11-01 Crystal Palace-Brentford,Crystal Palace,78’,2:0,Will Hughes,Yéremy Pino,substitute_in
ENG-Premier League,2526,2025-11-01 Crystal Palace-Brentford,Brentford,79’,2:0,Jordan Henderson,,yellow_card
ENG-Premier League,2526,2025-11-01 Crystal Palace-Brentford,Brentford,84’,2:0,Nathan Collins,,yellow_card
ENG-Premier League,2526,2025-11-01 Crystal Palace-Brentford,Brentford,86’,2:0,Fabio Carvalho,Jordan Henderson,substitute_in
ENG-Premier League,2526,2025-11-01 Crystal Palace-Brentford,Crystal Palace,90’,2:0,Jaydee Canvot,Jean-Philippe Mateta,substitute_in
ENG-Premier League,2526,2025-11-01 Fulham-Wolves,Wolverhampton Wanderers,36’,1:0,Emmanuel Agbadou,,red_card
ENG-Premier League,2526,2025-11-01 Fulham-Wolves,Wolverhampton Wanderers,40’,1:0,Toti Gomes,,yellow_card
ENG-Premier League,2526,2025-11-01 Fulham-Wolves,Wolverhampton Wanderers,46’,1:0,Yerson Mosquera,Toti Gomes,substitute_in
ENG-Premier League,2526,2025-11-01 Fulham-Wolves,Wolverhampton Wanderers,46’,1:0,Jackson Tchatchoua,Ki-Jana Hoever,substitute_in
ENG-Premier League,2526,2025-11-01 Fulham-Wolves,Wolverhampton Wanderers,46’,1:0,João Gomes,Jhon Arias,substitute_in
ENG-Premier League,2526,2025-11-01 Fulham-Wolves,Fulham,62’,2:0,Harry Wilson,,goal
ENG-Premier League,2526,2025-11-01 Fulham-Wolves,Wolverhampton Wanderers,64’,2:0,Tolu Arokodare,Jean-Ricner Bellegarde,substitute_in
ENG-Premier League,2526,2025-11-01 Fulham-Wolves,Fulham,72’,2:0,Rodrigo Muniz,Raúl Jiménez,substitute_in
ENG-Premier League,2526,2025-11-01 Fulham-Wolves,Fulham,72’,2:0,Emile Smith Rowe,Kevin,substitute_in
ENG-Premier League,2526,2025-11-01 Fulham-Wolves,Fulham,72’,2:0,Tom Cairney,Joshua King,substitute_in
ENG-Premier League,2526,2025-11-01 Fulham-Wolves,Wolverhampton Wanderers,74’,2:0,Yerson Mosquera,,yellow_card
ENG-Premier League,2526,2025-11-01 Fulham-Wolves,Fulham,75’,3:0,Yerson Mosquera,,own_goal
ENG-Premier League,2526,2025-11-01 Fulham-Wolves,Wolverhampton Wanderers,76’,3:0,André,Jørgen Strand Larsen,substitute_in
ENG-Premier League,2526,2025-11-01 Fulham-Wolves,Fulham,77’,3:0,Samuel Chukwueze,Harry Wilson,substitute_in
ENG-Premier League,2526,2025-11-01 Fulham-Wolves,Wolverhampton Wanderers,84’,3:0,Santiago Bueno,,yellow_card
ENG-Premier League,2526,2025-11-01 Fulham-Wolves,Fulham,89’,3:0,Adama Traoré,Alex Iwobi,substitute_in
ENG-Premier League,2526,2025-11-01 Fulham-Wolves,Fulham,90+3’,3:0,Sander Berge,,yellow_card
ENG-Premier League,2526,2025-11-01 Fulham-Wolves,Fulham,9’,1:0,Ryan Sessegnon,Raúl Jiménez,goal
ENG-Premier League,2526,2025-11-01 Liverpool-Aston Villa,Liverpool,45+1’,1:0,Mohamed Salah,,goal
ENG-Premier League,2526,2025-11-01 Liverpool-Aston Villa,Liverpool,54’,1:0,Virgil van Dijk,,yellow_card
ENG-Premier League,2526,2025-11-01 Liverpool-Aston Villa,Aston Villa,57’,1:0,Matty Cash,,yellow_card
ENG-Premier League,2526,2025-11-01 Liverpool-Aston Villa,Liverpool,58’,2:0,Ryan Gravenberch,Alexis Mac Allister,goal
ENG-Premier League,2526,2025-11-01 Liverpool-Aston Villa,Aston Villa,59’,2:0,Ross Barkley,John McGinn,substitute_in
ENG-Premier League,2526,2025-11-01 Liverpool-Aston Villa,Aston Villa,59’,2:0,Donyell Malen,Evann Guessand,substitute_in
ENG-Premier League,2526,2025-11-01 Liverpool-Aston Villa,Aston Villa,73’,2:0,Amadou Onana,,yellow_card
ENG-Premier League,2526,2025-11-01 Liverpool-Aston Villa,Aston Villa,74’,2:0,Tyrone Mings,Pau Torres,substitute_in
ENG-Premier League,2526,2025-11-01 Liverpool-Aston Villa,Aston Villa,74’,2:0,Jadon Sancho,Ollie Watkins,substitute_in
ENG-Premier League,2526,2025-11-01 Liverpool-Aston Villa,Aston Villa,75’,2:0,Ian Maatsen,Lucas Digne,substitute_in
ENG-Premier League,2526,2025-11-01 Liverpool-Aston Villa,Liverpool,77’,2:0,Florian Wirtz,Hugo Ekitike,substitute_in
ENG-Premier League,2526,2025-11-01 Liverpool-Aston Villa,Aston Villa,80’,2:0,Morgan Rogers,,yellow_card
ENG-Premier League,2526,2025-11-01 Liverpool-Aston Villa,Liverpool,87’,2:0,Dominik Szoboszlai,,yellow_card
ENG-Premier League,2526,2025-11-01 Nottingham-Manchester Utd,Nottingham Forest,14’,0:0,Ryan Yates,Douglas Luiz,substitute_in
ENG-Premier League,2526,2025-11-01 Nottingham-Manchester Utd,Manchester United,34’,0:1,Casemiro,Bruno Fernandes,goal
ENG-Premier League,2526,2025-11-01 Nottingham-Manchester Utd,Nottingham Forest,48’,1:1,Morgan Gibbs-White,Ryan Yates,goal
ENG-Premier League,2526,2025-11-01 Nottingham-Manchester Utd,Nottingham Forest,50’,2:1,Nicolò Savona,,goal
ENG-Premier League,2526,2025-11-01 Nottingham-Manchester Utd,Nottingham Forest,62’,2:1,Dan Ndoye,,yellow_card
ENG-Premier League,2526,2025-11-01 Nottingham-Manchester Utd,Manchester United,68’,2:1,Patrick Dorgu,Diogo Dalot,substitute_in
ENG-Premier League,2526,2025-11-01 Nottingham-Manchester Utd,Manchester United,77’,2:1,Noussair Mazraoui,Leny Yoro,substitute_in
ENG-Premier League,2526,2025-11-01 Nottingham-Manchester Utd,Nottingham Forest,78’,2:1,Taiwo Awoniyi,Igor Jesus,substitute_in
ENG-Premier League,2526,2025-11-01 Nottingham-Manchester Utd,Manchester United,81’,2:2,Amad Diallo,,goal
ENG-Premier League,2526,2025-11-01 Nottingham-Manchester Utd,Manchester United,85’,2:2,Noussair Mazraoui,,yellow_card
ENG-Premier League,2526,2025-11-01 Nottingham-Manchester Utd,Nottingham Forest,90+2’,2:2,Ibrahim Sangaré,Callum Hudson-Odoi,substitute_in
ENG-Premier League,2526,2025-11-01 Tottenham-Chelsea,Chelsea,34’,0:1,João Pedro,Moisés Caicedo,goal
ENG-Premier League,2526,2025-11-01 Tottenham-Chelsea,Tottenham Hotspur,45+3’,0:1,Rodrigo Bentancur,,yellow_card
ENG-Premier League,2526,2025-11-01 Tottenham-Chelsea,Chelsea,45+3’,0:1,Trevoh Chalobah,,yellow_card
ENG-Premier League,2526,2025-11-01 Tottenham-Chelsea,Tottenham Hotspur,47’,0:1,Kevin Danso,,yellow_card
ENG-Premier League,2526,2025-11-01 Tottenham-Chelsea,Tottenham Hotspur,59’,0:1,Xavi Simons,,yellow_card
ENG-Premier League,2526,2025-11-01 Tottenham-Chelsea,Tottenham Hotspur,60’,0:1,Richarlison,Rodrigo Bentancur,substitute_in
ENG-Premier League,2526,2025-11-01 Tottenham-Chelsea,Tottenham Hotspur,60’,0:1,Cristian Romero,Kevin Danso,substitute_in
ENG-Premier League,2526,2025-11-01 Tottenham-Chelsea,Chelsea,66’,0:1,Jamie Gittens,Alejandro Garnacho,substitute_in
ENG-Premier League,2526,2025-11-01 Tottenham-Chelsea,Chelsea,68’,0:1,Enzo Fernández,,yellow_card
ENG-Premier League,2526,2025-11-01 Tottenham-Chelsea,Tottenham Hotspur,73’,0:1,Wilson Odobert,Xavi Simons,substitute_in
ENG-Premier League,2526,2025-11-01 Tottenham-Chelsea,Tottenham Hotspur,73’,0:1,Destiny Udogie,Pedro Porro,substitute_in
ENG-Premier League,2526,2025-11-01 Tottenham-Chelsea,Tottenham Hotspur,73’,0:1,Brennan Johnson,Randal Kolo Muani,substitute_in
ENG-Premier League,2526,2025-11-01 Tottenham-Chelsea,Tottenham Hotspur,74’,0:1,Mohammed Kudus,,yellow_card
ENG-Premier League,2526,2025-11-01 Tottenham-Chelsea,Chelsea,76’,0:1,Roméo Lavia,Malo Gusto,substitute_in
ENG-Premier League,2526,2025-11-01 Tottenham-Chelsea,Tottenham Hotspur,7’,0:0,Xavi Simons,Lucas Bergvall,substitute_in
ENG-Premier League,2526,2025-11-01 Tottenham-Chelsea,Chelsea,85’,0:1,Estêvão Willian,Pedro Neto,substitute_in
ENG-Premier League,2526,2025-11-01 Tottenham-Chelsea,Chelsea,89’,0:1,Tosin Adarabioyo,Wesley Fofana,substitute_in
ENG-Premier League,2526,2025-11-02 Manchester City-Bournemouth,Manchester City,17’,1:0,Erling Haaland,Rayan Cherki,goal
ENG-Premier League,2526,2025-11-02 Manchester City-Bournemouth,Bournemouth,25’,1:1,Tyler Adams,,goal
ENG-Premier League,2526,2025-11-02 Manchester City-Bournemouth,Manchester City,26’,1:1,Gianluigi Donnarumma,,yellow_card
ENG-Premier League,2526,2025-11-02 Manchester City-Bournemouth,Manchester City,33’,2:1,Erling Haaland,Rayan Cherki,goal
ENG-Premier League,2526,2025-11-02 Manchester City-Bournemouth,Manchester City,45+2’,2:1,Phil Foden,,yellow_card
ENG-Premier League,2526,2025-11-02 Manchester City-Bournemouth,Manchester City,60’,3:1,Nico O'Reilly,Phil Foden,goal
ENG-Premier League,2526,2025-11-02 Manchester City-Bournemouth,Bournemouth,62’,3:1,Evanilson,Eli Junior Kroupi,substitute_in
ENG-Premier League,2526,2025-11-02 Manchester City-Bournemouth,Bournemouth,62’,3:1,Lewis Cook,Álex Jiménez,substitute_in
ENG-Premier League,2526,2025-11-02 Manchester City-Bournemouth,Bournemouth,62’,3:1,Justin Kluivert,David Brooks,substitute_in
ENG-Premier League,2526,2025-11-02 Manchester City-Bournemouth,Bournemouth,65’,3:1,Adrien Truffert,,yellow_card
ENG-Premier League,2526,2025-11-02 Manchester City-Bournemouth,Manchester City,73’,3:1,Sávio,Jeremy Doku,substitute_in
ENG-Premier League,2526,2025-11-02 Manchester City-Bournemouth,Manchester City,73’,3:1,Tijjani Reijnders,Rayan Cherki,substitute_in
ENG-Premier League,2526,2025-11-02 Manchester City-Bournemouth,Bournemouth,73’,3:1,Ryan Christie,Alex Scott,substitute_in
ENG-Premier League,2526,2025-11-02 Manchester City-Bournemouth,Bournemouth,80’,3:1,Ben Gannon-Doak,Tyler Adams,substitute_in
ENG-Premier League,2526,2025-11-02 Manchester City-Bournemouth,Manchester City,82’,3:1,Omar Marmoush,Erling Haaland,substitute_in
ENG-Premier League,2526,2025-11-02 Manchester City-Bournemouth,Bournemouth,87’,3:1,Justin Kluivert,,yellow_card
ENG-Premier League,2526,2025-11-02 Manchester City-Bournemouth,Manchester City,90’,3:1,Rayan Aït-Nouri,Phil Foden,substitute_in
ENG-Premier League,2526,2025-11-02 Manchester City-Bournemouth,Manchester City,90’,3:1,Rodri,Bernardo Silva,substitute_in
ENG-Premier League,2526,2025-11-02 West Ham-Newcastle,Newcastle United,30’,0:1,Bruno Guimarães,,yellow_card
ENG-Premier League,2526,2025-11-02 West Ham-Newcastle,West Ham United,35’,1:1,Lucas Paquetá,Mateus Fernandes,goal
ENG-Premier League,2526,2025-11-02 West Ham-Newcastle,West Ham United,45+5’,2:1,Sven Botman,,own_goal
ENG-Premier League,2526,2025-11-02 West Ham-Newcastle,Newcastle United,46’,2:1,Fabian Schär,Emil Krafth,substitute_in
ENG-Premier League,2526,2025-11-02 West Ham-Newcastle,Newcastle United,46’,2:1,Jacob Ramsey,Anthony Gordon,substitute_in
ENG-Premier League,2526,2025-11-02 West Ham-Newcastle,Newcastle United,46’,2:1,William Osula,Nick Woltemade,substitute_in
ENG-Premier League,2526,2025-11-02 West Ham-Newcastle,Newcastle United,4’,0:1,Jacob Murphy,Bruno Guimarães,goal
ENG-Premier League,2526,2025-11-02 West Ham-Newcastle,West Ham United,61’,2:1,Tomáš Souček,Callum Wilson,substitute_in
ENG-Premier League,2526,2025-11-02 West Ham-Newcastle,Newcastle United,65’,2:1,Harvey Barnes,Sven Botman,substitute_in
ENG-Premier League,2526,2025-11-02 West Ham-Newcastle,Newcastle United,77’,2:1,Anthony Elanga,Jacob Murphy,substitute_in
ENG-Premier League,2526,2025-11-02 West Ham-Newcastle,West Ham United,79’,2:1,Kyle Walker-Peters,Crysencio Summerville,substitute_in
ENG-Premier League,2526,2025-11-02 West Ham-Newcastle,West Ham United,85’,2:1,Igor,Mateus Fernandes,substitute_in
ENG-Premier League,2526,2025-11-02 West Ham-Newcastle,West Ham United,90+6’,2:1,Lucas Paquetá,,yellow_card
ENG-Premier League,2526,2025-11-02 West Ham-Newcastle,Newcastle United,90+6’,2:1,Jacob Ramsey,,yellow_card
ENG-Premier League,2526,2025-11-02 West Ham-Newcastle,West Ham United,90+7’,3:1,Tomáš Souček,,goal
ENG-Premier League,2526,2025-11-03 Sunderland-Everton,Everton,15’,0:1,Iliman Ndiaye,,goal
ENG-Premier League,2526,2025-11-03 Sunderland-Everton,Sunderland,17’,0:1,Noah Sadiki,,yellow_card
ENG-Premier League,2526,2025-11-03 Sunderland-Everton,Sunderland,18’,0:1,Nordi Mukiele,,yellow_card
ENG-Premier League,2526,2025-11-03 Sunderland-Everton,Everton,32’,0:1,Thierno Barry,,yellow_card
ENG-Premier League,2526,2025-11-03 Sunderland-Everton,Sunderland,46’,1:1,Granit Xhaka,Enzo Le Fée,goal
ENG-Premier League,2526,2025-11-03 Sunderland-Everton,Sunderland,54’,1:1,Trai Hume,,yellow_card
ENG-Premier League,2526,2025-11-03 Sunderland-Everton,Everton,57’,1:1,Beto,Thierno Barry,substitute_in
ENG-Premier League,2526,2025-11-03 Sunderland-Everton,Everton,62’,1:1,Dwight McNeil,Iliman Ndiaye,substitute_in
ENG-Premier League,2526,2025-11-03 Sunderland-Everton,Sunderland,82’,1:1,Chemsdine Talbi,Bertrand Traoré,substitute_in
ENG-Premier League,2526,2025-11-03 Sunderland-Everton,Sunderland,83’,1:1,Brian Brobbey,Wilson Isidor,substitute_in
ENG-Premier League,2526,2025-11-03 Sunderland-Everton,Everton,83’,1:1,Carlos Alcaraz,Kiernan Dewsbury-Hall,substitute_in
ENG-Premier League,2526,2025-11-03 Sunderland-Everton,Everton,83’,1:1,Tim Iroegbunam,Jake O'Brien,substitute_in
ENG-Premier League,2526,2025-11-03 Sunderland-Everton,Everton,90+5’,1:1,Carlos Alcaraz,,yellow_card
ENG-Premier League,2526,2025-11-08 Chelsea-Wolves,Wolverhampton Wanderers,49’,0:0,André,,yellow_card
ENG-Premier League,2526,2025-11-08 Chelsea-Wolves,Chelsea,51’,1:0,Malo Gusto,Alejandro Garnacho,goal
ENG-Premier League,2526,2025-11-08 Chelsea-Wolves,Chelsea,60’,1:0,Moisés Caicedo,,yellow_card
ENG-Premier League,2526,2025-11-08 Chelsea-Wolves,Chelsea,64’,1:0,Estêvão Willian,Liam Delap,substitute_in
ENG-Premier League,2526,2025-11-08 Chelsea-Wolves,Chelsea,65’,2:0,João Pedro,,goal
ENG-Premier League,2526,2025-11-08 Chelsea-Wolves,Wolverhampton Wanderers,70’,2:0,Mateus Mane,Hwang Hee-chan,substitute_in
ENG-Premier League,2526,2025-11-08 Chelsea-Wolves,Wolverhampton Wanderers,70’,2:0,Marshall Munetsi,Jean-Ricner Bellegarde,substitute_in
ENG-Premier League,2526,2025-11-08 Chelsea-Wolves,Chelsea,73’,3:0,Pedro Neto,Alejandro Garnacho,goal
ENG-Premier League,2526,2025-11-08 Chelsea-Wolves,Chelsea,77’,3:0,Reece James,Malo Gusto,substitute_in
ENG-Premier League,2526,2025-11-08 Chelsea-Wolves,Chelsea,77’,3:0,Marc Guiu,Pedro Neto,substitute_in
ENG-Premier League,2526,2025-11-08 Chelsea-Wolves,Wolverhampton Wanderers,79’,3:0,Marshall Munetsi,,yellow_card
ENG-Premier League,2526,2025-11-08 Chelsea-Wolves,Chelsea,83’,3:0,Andrey Santos,Enzo Fernández,substitute_in
ENG-Premier League,2526,2025-11-08 Chelsea-Wolves,Chelsea,83’,3:0,Jamie Gittens,João Pedro,substitute_in
ENG-Premier League,2526,2025-11-08 Everton-Fulham,Fulham,10’,0:0,Saša Lukić,,yellow_card
ENG-Premier League,2526,2025-11-08 Everton-Fulham,Everton,45+3’,0:0,James Tarkowski,,yellow_card
ENG-Premier League,2526,2025-11-08 Everton-Fulham,Fulham,45+3’,0:0,Calvin Bassey,,yellow_card
ENG-Premier League,2526,2025-11-08 Everton-Fulham,Everton,45+4’,1:0,Idrissa Gueye,Tim Iroegbunam,goal
ENG-Premier League,2526,2025-11-08 Everton-Fulham,Fulham,46’,1:0,Joshua King,Saša Lukić,substitute_in
ENG-Premier League,2526,2025-11-08 Everton-Fulham,Fulham,58’,1:0,Rodrigo Muniz,Raúl Jiménez,substitute_in
ENG-Premier League,2526,2025-11-08 Everton-Fulham,Fulham,59’,1:0,Samuel Chukwueze,Harry Wilson,substitute_in
ENG-Premier League,2526,2025-11-08 Everton-Fulham,Everton,63’,1:0,Tim Iroegbunam,,yellow_card
ENG-Premier League,2526,2025-11-08 Everton-Fulham,Everton,67’,1:0,Merlin Röhl,Tim Iroegbunam,substitute_in
ENG-Premier League,2526,2025-11-08 Everton-Fulham,Fulham,75’,1:0,Adama Traoré,Rodrigo Muniz,substitute_in
ENG-Premier League,2526,2025-11-08 Everton-Fulham,Everton,79’,1:0,Beto,Thierno Barry,substitute_in
ENG-Premier League,2526,2025-11-08 Everton-Fulham,Everton,81’,2:0,Michael Keane,Kiernan Dewsbury-Hall,goal
ENG-Premier League,2526,2025-11-08 Everton-Fulham,Fulham,87’,2:0,Emile Smith Rowe,Kevin,substitute_in
ENG-Premier League,2526,2025-11-08 Everton-Fulham,Everton,89’,2:0,Jake O'Brien,Kiernan Dewsbury-Hall,substitute_in
ENG-Premier League,2526,2025-11-08 Sunderland-Arsenal,Sunderland,36’,1:0,Daniel Ballard,Nordi Mukiele,goal
ENG-Premier League,2526,2025-11-08 Sunderland-Arsenal,Arsenal,36’,0:0,Martín Zubimendi,,yellow_card
ENG-Premier League,2526,2025-11-08 Sunderland-Arsenal,Sunderland,45+1’,1:0,Granit Xhaka,,yellow_card
ENG-Premier League,2526,2025-11-08 Sunderland-Arsenal,Arsenal,54’,1:1,Bukayo Saka,Mikel Merino,goal
ENG-Premier League,2526,2025-11-08 Sunderland-Arsenal,Sunderland,63’,1:1,Brian Brobbey,Wilson Isidor,substitute_in
ENG-Premier League,2526,2025-11-08 Sunderland-Arsenal,Sunderland,64’,1:1,Chemsdine Talbi,Bertrand Traoré,substitute_in
ENG-Premier League,2526,2025-11-08 Sunderland-Arsenal,Sunderland,64’,1:1,Simon Adingra,Enzo Le Fée,substitute_in
ENG-Premier League,2526,2025-11-08 Sunderland-Arsenal,Sunderland,72’,1:1,Reinildo Mandava,,yellow_card
ENG-Premier League,2526,2025-11-08 Sunderland-Arsenal,Arsenal,74’,1:2,Leandro Trossard,Martín Zubimendi,goal
ENG-Premier League,2526,2025-11-08 Sunderland-Arsenal,Sunderland,87’,1:2,Eliezer Mayenda,Lutsharel Geertruida,substitute_in
ENG-Premier League,2526,2025-11-08 Sunderland-Arsenal,Arsenal,88’,1:2,Cristhian Mosquera,Eberechi Eze,substitute_in
ENG-Premier League,2526,2025-11-08 Sunderland-Arsenal,Sunderland,90+4’,2:2,Brian Brobbey,,goal
ENG-Premier League,2526,2025-11-08 Tottenham-Manchester Utd,Tottenham Hotspur,29’,0:0,Brennan Johnson,,yellow_card
ENG-Premier League,2526,2025-11-08 Tottenham-Manchester Utd,Manchester United,32’,0:1,Bryan Mbeumo,Amad Diallo,goal
ENG-Premier League,2526,2025-11-08 Tottenham-Manchester Utd,Tottenham Hotspur,34’,0:1,Cristian Romero,,yellow_card
ENG-Premier League,2526,2025-11-08 Tottenham-Manchester Utd,Tottenham Hotspur,46’,0:1,Wilson Odobert,Randal Kolo Muani,substitute_in
ENG-Premier League,2526,2025-11-08 Tottenham-Manchester Utd,Manchester United,58’,0:1,Benjamin Šeško,Noussair Mazraoui,substitute_in
ENG-Premier League,2526,2025-11-08 Tottenham-Manchester Utd,Tottenham Hotspur,67’,0:1,Destiny Udogie,Pedro Porro,substitute_in
ENG-Premier League,2526,2025-11-08 Tottenham-Manchester Utd,Manchester United,72’,0:1,Leny Yoro,Harry Maguire,substitute_in
ENG-Premier League,2526,2025-11-08 Tottenham-Manchester Utd,Manchester United,72’,0:1,Mason Mount,Matheus Cunha,substitute_in
ENG-Premier League,2526,2025-11-08 Tottenham-Manchester Utd,Manchester United,72’,0:1,Manuel Ugarte,Casemiro,substitute_in
ENG-Premier League,2526,2025-11-08 Tottenham-Manchester Utd,Tottenham Hotspur,75’,0:1,João Palhinha,,yellow_card
ENG-Premier League,2526,2025-11-08 Tottenham-Manchester Utd,Tottenham Hotspur,79’,0:1,Rodrigo Bentancur,João Palhinha,substitute_in
ENG-Premier League,2526,2025-11-08 Tottenham-Manchester Utd,Tottenham Hotspur,79’,0:1,Mathys Tel,Xavi Simons,substitute_in
ENG-Premier League,2526,2025-11-08 Tottenham-Manchester Utd,Manchester United,79’,0:1,Patrick Dorgu,,yellow_card
ENG-Premier League,2526,2025-11-08 Tottenham-Manchester Utd,Manchester United,80’,0:1,Diogo Dalot,Patrick Dorgu,substitute_in
ENG-Premier League,2526,2025-11-08 Tottenham-Manchester Utd,Tottenham Hotspur,84’,1:1,Mathys Tel,Destiny Udogie,goal
ENG-Premier League,2526,2025-11-08 Tottenham-Manchester Utd,Tottenham Hotspur,88’,1:1,Kevin Danso,Cristian Romero,substitute_in
ENG-Premier League,2526,2025-11-08 Tottenham-Manchester Utd,Tottenham Hotspur,90+1’,2:1,Richarlison,Wilson Odobert,goal
ENG-Premier League,2526,2025-11-08 Tottenham-Manchester Utd,Tottenham Hotspur,90+2’,2:1,Richarlison,,yellow_card
ENG-Premier League,2526,2025-11-08 Tottenham-Manchester Utd,Manchester United,90+6’,2:2,Matthijs de Ligt,Bruno Fernandes,goal
ENG-Premier League,2526,2025-11-08 Tottenham-Manchester Utd,Tottenham Hotspur,90+7’,2:2,Kevin Danso,,yellow_card
ENG-Premier League,2526,2025-11-08 West Ham-Burnley,West Ham United,25’,0:0,Lucas Paquetá,,yellow_card
ENG-Premier League,2526,2025-11-08 West Ham-Burnley,Burnley,35’,0:1,Zian Flemming,,goal
ENG-Premier League,2526,2025-11-08 West Ham-Burnley,West Ham United,44’,1:1,Callum Wilson,,goal
ENG-Premier League,2526,2025-11-08 West Ham-Burnley,Burnley,55’,1:1,Zian Flemming,,yellow_card
ENG-Premier League,2526,2025-11-08 West Ham-Burnley,West Ham United,62’,1:1,Tomáš Souček,Freddie Potts,substitute_in
ENG-Premier League,2526,2025-11-08 West Ham-Burnley,Burnley,67’,1:1,Jacob Bruun Larsen,Loum Tchaouna,substitute_in
ENG-Premier League,2526,2025-11-08 West Ham-Burnley,West Ham United,71’,1:1,Soungoutou Magassa,Callum Wilson,substitute_in
ENG-Premier League,2526,2025-11-08 West Ham-Burnley,Burnley,71’,1:1,Hannibal Mejbri,Lesley Ugochukwu,substitute_in
ENG-Premier League,2526,2025-11-08 West Ham-Burnley,Burnley,71’,1:1,Armando Broja,Zian Flemming,substitute_in
ENG-Premier League,2526,2025-11-08 West Ham-Burnley,West Ham United,77’,2:1,Tomáš Souček,,goal
ENG-Premier League,2526,2025-11-08 West Ham-Burnley,Burnley,81’,2:1,Marcus Edwards,Jaidon Anthony,substitute_in
ENG-Premier League,2526,2025-11-08 West Ham-Burnley,Burnley,81’,2:1,Lucas,Quilindschy Hartman,substitute_in
ENG-Premier League,2526,2025-11-08 West Ham-Burnley,West Ham United,83’,2:1,Igor,Lucas Paquetá,substitute_in
ENG-Premier League,2526,2025-11-08 West Ham-Burnley,West Ham United,83’,2:1,Kyle Walker-Peters,Crysencio Summerville,substitute_in
ENG-Premier League,2526,2025-11-08 West Ham-Burnley,Burnley,86’,2:1,Kyle Walker,,yellow_card
ENG-Premier League,2526,2025-11-08 West Ham-Burnley,West Ham United,87’,3:1,Kyle Walker-Peters,,goal
ENG-Premier League,2526,2025-11-08 West Ham-Burnley,West Ham United,90+6’,3:1,Mateus Fernandes,,yellow_card
ENG-Premier League,2526,2025-11-08 West Ham-Burnley,Burnley,90+7’,3:2,Josh Cullen,,goal
ENG-Premier League,2526,2025-11-09 Aston Villa-Bournemouth,Bournemouth,10’,0:0,Álex Jiménez,Adam Smith,substitute_in
ENG-Premier League,2526,2025-11-09 Aston Villa-Bournemouth,Aston Villa,13’,0:0,Morgan Rogers,,yellow_card
ENG-Premier League,2526,2025-11-09 Aston Villa-Bournemouth,Aston Villa,23’,0:0,Boubacar Kamara,,yellow_card
ENG-Premier League,2526,2025-11-09 Aston Villa-Bournemouth,Bournemouth,27’,0:0,Álex Jiménez,,yellow_card
ENG-Premier League,2526,2025-11-09 Aston Villa-Bournemouth,Aston Villa,28’,1:0,Emi Buendía,,goal
ENG-Premier League,2526,2025-11-09 Aston Villa-Bournemouth,Bournemouth,38’,1:0,Adrien Truffert,,yellow_card
ENG-Premier League,2526,2025-11-09 Aston Villa-Bournemouth,Aston Villa,40’,2:0,Amadou Onana,,goal
ENG-Premier League,2526,2025-11-09 Aston Villa-Bournemouth,Bournemouth,46’,2:0,Lewis Cook,Álex Jiménez,substitute_in
ENG-Premier League,2526,2025-11-09 Aston Villa-Bournemouth,Bournemouth,63’,2:0,Amine Adli,Adrien Truffert,substitute_in
ENG-Premier League,2526,2025-11-09 Aston Villa-Bournemouth,Bournemouth,63’,2:0,Eli Junior Kroupi,Justin Kluivert,substitute_in
ENG-Premier League,2526,2025-11-09 Aston Villa-Bournemouth,Bournemouth,63’,2:0,Ryan Christie,Alex Scott,substitute_in
ENG-Premier League,2526,2025-11-09 Aston Villa-Bournemouth,Bournemouth,67’,2:0,Antoine Semenyo,Emiliano Martínez,penalty_miss
ENG-Premier League,2526,2025-11-09 Aston Villa-Bournemouth,Aston Villa,71’,2:0,Ross Barkley,Emi Buendía,substitute_in
ENG-Premier League,2526,2025-11-09 Aston Villa-Bournemouth,Aston Villa,71’,2:0,Jadon Sancho,Amadou Onana,substitute_in
ENG-Premier League,2526,2025-11-09 Aston Villa-Bournemouth,Aston Villa,71’,2:0,Youri Tielemans,John McGinn,substitute_in
ENG-Premier League,2526,2025-11-09 Aston Villa-Bournemouth,Aston Villa,77’,3:0,Ross Barkley,Lucas Digne,goal
ENG-Premier League,2526,2025-11-09 Aston Villa-Bournemouth,Bournemouth,77’,3:0,David Brooks,Evanilson,substitute_in
ENG-Premier League,2526,2025-11-09 Aston Villa-Bournemouth,Aston Villa,81’,3:0,Donyell Malen,Boubacar Kamara,substitute_in
ENG-Premier League,2526,2025-11-09 Aston Villa-Bournemouth,Aston Villa,81’,3:0,Lamare Bogarde,Ollie Watkins,substitute_in
ENG-Premier League,2526,2025-11-09 Aston Villa-Bournemouth,Aston Villa,82’,4:0,Donyell Malen,Youri Tielemans,goal
ENG-Premier League,2526,2025-11-09 Aston Villa-Bournemouth,Aston Villa,86’,4:0,Evann Guessand,Morgan Rogers,substitute_in
ENG-Premier League,2526,2025-11-09 Brentford-Newcastle,Newcastle United,24’,0:0,Jacob Ramsey,Joelinton,substitute_in
ENG-Premier League,2526,2025-11-09 Brentford-Newcastle,Newcastle United,27’,0:1,Harvey Barnes,,goal
ENG-Premier League,2526,2025-11-09 Brentford-Newcastle,Newcastle United,49’,0:1,Dan Burn,,yellow_card
ENG-Premier League,2526,2025-11-09 Brentford-Newcastle,Brentford,56’,1:1,Kevin Schade,,goal
ENG-Premier League,2526,2025-11-09 Brentford-Newcastle,Brentford,61’,1:1,Dango Ouattara,,yellow_card
ENG-Premier League,2526,2025-11-09 Brentford-Newcastle,Brentford,70’,1:1,Rico Henry,Aaron Hickey,substitute_in
ENG-Premier League,2526,2025-11-09 Brentford-Newcastle,Newcastle United,73’,1:1,Dan Burn,,yellow_red_card
ENG-Premier League,2526,2025-11-09 Brentford-Newcastle,Newcastle United,77’,1:1,Joe Willock,Sandro Tonali,substitute_in
ENG-Premier League,2526,2025-11-09 Brentford-Newcastle,Newcastle United,77’,1:1,Anthony Elanga,Jacob Murphy,substitute_in
ENG-Premier League,2526,2025-11-09 Brentford-Newcastle,Newcastle United,77’,1:1,Lewis Hall,Harvey Barnes,substitute_in
ENG-Premier League,2526,2025-11-09 Brentford-Newcastle,Newcastle United,77’,1:1,Aaron Ramsdale,Nick Pope,substitute_in
ENG-Premier League,2526,2025-11-09 Brentford-Newcastle,Brentford,78’,2:1,Igor Thiago,,penalty_goal
ENG-Premier League,2526,2025-11-09 Brentford-Newcastle,Brentford,84’,2:1,Mathias Jensen,Mikkel Damsgaard,substitute_in
ENG-Premier League,2526,2025-11-09 Brentford-Newcastle,Brentford,84’,2:1,Vitaly Janelt,Yehor Yarmoliuk,substitute_in
ENG-Premier League,2526,2025-11-09 Brentford-Newcastle,Brentford,87’,2:1,Michael Kayode,,yellow_card
ENG-Premier League,2526,2025-11-09 Brentford-Newcastle,Brentford,90+2’,2:1,Reiss Nelson,Dango Ouattara,substitute_in
ENG-Premier League,2526,2025-11-09 Brentford-Newcastle,Brentford,90+5’,3:1,Igor Thiago,,goal
ENG-Premier League,2526,2025-11-09 Brentford-Newcastle,Newcastle United,90+6’,3:1,Lewis Miley,Bruno Guimarães,substitute_in
ENG-Premier League,2526,2025-11-09 Brentford-Newcastle,Newcastle United,90+7’,3:1,Kieran Trippier,,yellow_card
ENG-Premier League,2526,2025-11-09 Crystal Palace-Brighton,Brighton & Hove Albion,60’,0:0,Carlos Baleba,,yellow_card
ENG-Premier League,2526,2025-11-09 Crystal Palace-Brighton,Brighton & Hove Albion,65’,0:0,Georginio Rutter,,yellow_card
ENG-Premier League,2526,2025-11-09 Crystal Palace-Brighton,Crystal Palace,66’,0:0,Yéremy Pino,Adam Wharton,substitute_in
ENG-Premier League,2526,2025-11-09 Crystal Palace-Brighton,Brighton & Hove Albion,75’,0:0,Charalampos Kostoulas,Georginio Rutter,substitute_in
ENG-Premier League,2526,2025-11-09 Crystal Palace-Brighton,Brighton & Hove Albion,75’,0:0,Joël Veltman,Carlos Baleba,substitute_in
ENG-Premier League,2526,2025-11-09 Crystal Palace-Brighton,Crystal Palace,83’,0:0,Will Hughes,Daichi Kamada,substitute_in
ENG-Premier League,2526,2025-11-09 Crystal Palace-Brighton,Brighton & Hove Albion,85’,0:0,Stefanos Tzimas,Danny Welbeck,substitute_in
ENG-Premier League,2526,2025-11-09 Crystal Palace-Brighton,Brighton & Hove Albion,85’,0:0,Maxim De Cuyper,Diego Gómez,substitute_in
ENG-Premier League,2526,2025-11-09 Crystal Palace-Brighton,Crystal Palace,90+1’,0:0,Jefferson Lerma,,yellow_card
ENG-Premier League,2526,2025-11-09 Crystal Palace-Brighton,Brighton & Hove Albion,90+1’,0:0,Jan Paul van Hecke,,yellow_card
ENG-Premier League,2526,2025-11-09 Crystal Palace-Brighton,Brighton & Hove Albion,90+5’,0:0,Joël Veltman,,yellow_card
ENG-Premier League,2526,2025-11-09 Manchester City-Liverpool,Manchester City,13’,0:0,Erling Haaland,Giorgi Mamardashvili,penalty_miss
ENG-Premier League,2526,2025-11-09 Manchester City-Liverpool,Manchester City,27’,0:0,Nicolás González,,yellow_card
ENG-Premier League,2526,2025-11-09 Manchester City-Liverpool,Manchester City,29’,1:0,Erling Haaland,Matheus Nunes,goal
ENG-Premier League,2526,2025-11-09 Manchester City-Liverpool,Liverpool,36’,1:0,Alexis Mac Allister,,yellow_card
ENG-Premier League,2526,2025-11-09 Manchester City-Liverpool,Manchester City,41’,1:0,Bernardo Silva,,yellow_card
ENG-Premier League,2526,2025-11-09 Manchester City-Liverpool,Manchester City,45+3’,2:0,Nicolás González,Bernardo Silva,goal
ENG-Premier League,2526,2025-11-09 Manchester City-Liverpool,Liverpool,52’,2:0,Conor Bradley,,yellow_card
ENG-Premier League,2526,2025-11-09 Manchester City-Liverpool,Manchester City,53’,2:0,Sávio,Rayan Cherki,substitute_in
ENG-Premier League,2526,2025-11-09 Manchester City-Liverpool,Liverpool,56’,2:0,Cody Gakpo,Hugo Ekitike,substitute_in
ENG-Premier League,2526,2025-11-09 Manchester City-Liverpool,Liverpool,56’,2:0,Milos Kerkez,Andy Robertson,substitute_in
ENG-Premier League,2526,2025-11-09 Manchester City-Liverpool,Manchester City,63’,3:0,Jeremy Doku,Nico O'Reilly,goal
ENG-Premier League,2526,2025-11-09 Manchester City-Liverpool,Manchester City,74’,3:0,Omar Marmoush,Jeremy Doku,substitute_in
ENG-Premier League,2526,2025-11-09 Manchester City-Liverpool,Liverpool,74’,3:0,Curtis Jones,Alexis Mac Allister,substitute_in
ENG-Premier League,2526,2025-11-09 Manchester City-Liverpool,Liverpool,83’,3:0,Federico Chiesa,Florian Wirtz,substitute_in
ENG-Premier League,2526,2025-11-09 Manchester City-Liverpool,Liverpool,83’,3:0,Joe Gomez,Conor Bradley,substitute_in
ENG-Premier League,2526,2025-11-09 Manchester City-Liverpool,Liverpool,89’,3:0,Curtis Jones,,yellow_card
ENG-Premier League,2526,2025-11-09 Manchester City-Liverpool,Liverpool,90+1’,3:0,Dominik Szoboszlai,,yellow_card
ENG-Premier League,2526,2025-11-09 Nottingham-Leeds United,Leeds United,13’,0:1,Lukas Nmecha,Brenden Aaronson,goal
ENG-Premier League,2526,2025-11-09 Nottingham-Leeds United,Nottingham Forest,15’,1:1,Ibrahim Sangaré,,goal
ENG-Premier League,2526,2025-11-09 Nottingham-Leeds United,Nottingham Forest,33’,1:1,Ibrahim Sangaré,,yellow_card
ENG-Premier League,2526,2025-11-09 Nottingham-Leeds United,Nottingham Forest,41’,1:1,Murillo,,yellow_card
ENG-Premier League,2526,2025-11-09 Nottingham-Leeds United,Nottingham Forest,59’,1:1,Omari Hutchinson,Nicolás Domínguez,substitute_in
ENG-Premier League,2526,2025-11-09 Nottingham-Leeds United,Nottingham Forest,59’,1:1,Ryan Yates,Ibrahim Sangaré,substitute_in
ENG-Premier League,2526,2025-11-09 Nottingham-Leeds United,Nottingham Forest,59’,1:1,Taiwo Awoniyi,Igor Jesus,substitute_in
ENG-Premier League,2526,2025-11-09 Nottingham-Leeds United,Nottingham Forest,68’,2:1,Morgan Gibbs-White,Omari Hutchinson,goal
ENG-Premier League,2526,2025-11-09 Nottingham-Leeds United,Leeds United,71’,2:1,Sean Longstaff,,yellow_card
ENG-Premier League,2526,2025-11-09 Nottingham-Leeds United,Leeds United,74’,2:1,Joël Piroe,Sean Longstaff,substitute_in
ENG-Premier League,2526,2025-11-09 Nottingham-Leeds United,Leeds United,74’,2:1,Dominic Calvert-Lewin,Lukas Nmecha,substitute_in
ENG-Premier League,2526,2025-11-09 Nottingham-Leeds United,Leeds United,74’,2:1,Daniel James,Brenden Aaronson,substitute_in
ENG-Premier League,2526,2025-11-09 Nottingham-Leeds United,Leeds United,82’,2:1,Pascal Struijk,Jaka Bijol,substitute_in
ENG-Premier League,2526,2025-11-09 Nottingham-Leeds United,Leeds United,82’,2:1,Jack Harrison,Gabriel Gudmundsson,substitute_in
ENG-Premier League,2526,2025-11-09 Nottingham-Leeds United,Nottingham Forest,88’,2:1,Morato,Morgan Gibbs-White,substitute_in
ENG-Premier League,2526,2025-11-09 Nottingham-Leeds United,Nottingham Forest,90+1’,3:1,Elliot Anderson,,penalty_goal
ENG-Premier League,2526,2025-11-22 Bournemouth-West Ham,West Ham United,11’,0:1,Callum Wilson,Alphonse Areola,goal
ENG-Premier League,2526,2025-11-22 Bournemouth-West Ham,Bournemouth,34’,0:1,David Brooks,,yellow_card
ENG-Premier League,2526,2025-11-22 Bournemouth-West Ham,West Ham United,34’,0:1,Jean-Clair Todibo,,yellow_card
ENG-Premier League,2526,2025-11-22 Bournemouth-West Ham,West Ham United,35’,0:2,Callum Wilson,Jean-Clair Todibo,goal
ENG-Premier League,2526,2025-11-22 Bournemouth-West Ham,Bournemouth,46’,0:2,Álex Jiménez,Bafodé Diakité,substitute_in
ENG-Premier League,2526,2025-11-22 Bournemouth-West Ham,Bournemouth,46’,0:2,Ryan Christie,Alex Scott,substitute_in
ENG-Premier League,2526,2025-11-22 Bournemouth-West Ham,West Ham United,46’,0:2,Kyle Walker-Peters,Luis Guilherme,substitute_in
ENG-Premier League,2526,2025-11-22 Bournemouth-West Ham,West Ham United,52’,0:2,Tomáš Souček,Callum Wilson,substitute_in
ENG-Premier League,2526,2025-11-22 Bournemouth-West Ham,Bournemouth,61’,0:2,Amine Adli,David Brooks,substitute_in
ENG-Premier League,2526,2025-11-22 Bournemouth-West Ham,Bournemouth,69’,1:2,Marcus Tavernier,,penalty_goal
ENG-Premier League,2526,2025-11-22 Bournemouth-West Ham,West Ham United,74’,1:2,Niclas Füllkrug,Mateus Fernandes,substitute_in
ENG-Premier League,2526,2025-11-22 Bournemouth-West Ham,Bournemouth,80’,1:2,Enes Ünal,Tyler Adams,substitute_in
ENG-Premier League,2526,2025-11-22 Bournemouth-West Ham,Bournemouth,81’,2:2,Enes Ünal,Marcos Senesi,goal
ENG-Premier League,2526,2025-11-22 Bournemouth-West Ham,Bournemouth,83’,2:2,Adrien Truffert,,yellow_card
ENG-Premier League,2526,2025-11-22 Bournemouth-West Ham,West Ham United,83’,2:2,Aaron Wan-Bissaka,,yellow_card
ENG-Premier League,2526,2025-11-22 Bournemouth-West Ham,Bournemouth,86’,2:2,Adam Smith,Eli Junior Kroupi,substitute_in
ENG-Premier League,2526,2025-11-22 Bournemouth-West Ham,Bournemouth,90+6’,2:2,Marcos Senesi,,yellow_card
ENG-Premier League,2526,2025-11-22 Brighton-Brentford,Brighton & Hove Albion,15’,0:0,Olivier Boscagli,,yellow_card
ENG-Premier League,2526,2025-11-22 Brighton-Brentford,Brentford,29’,0:1,Igor Thiago,,penalty_goal
ENG-Premier League,2526,2025-11-22 Brighton-Brentford,Brentford,36’,0:1,Dango Ouattara,,yellow_card
ENG-Premier League,2526,2025-11-22 Brighton-Brentford,Brighton & Hove Albion,46’,0:1,Maxim De Cuyper,Carlos Baleba,substitute_in
ENG-Premier League,2526,2025-11-22 Brighton-Brentford,Brighton & Hove Albion,46’,0:1,Lewis Dunk,Olivier Boscagli,substitute_in
ENG-Premier League,2526,2025-11-22 Brighton-Brentford,Brighton & Hove Albion,64’,0:1,Diego Gómez,,yellow_card
ENG-Premier League,2526,2025-11-22 Brighton-Brentford,Brentford,65’,0:1,Keane Lewis-Potter,Dango Ouattara,substitute_in
ENG-Premier League,2526,2025-11-22 Brighton-Brentford,Brighton & Hove Albion,70’,0:1,Jack Hinshelwood,Diego Gómez,substitute_in
ENG-Premier League,2526,2025-11-22 Brighton-Brentford,Brighton & Hove Albion,71’,1:1,Danny Welbeck,Yankuba Minteh,goal
ENG-Premier League,2526,2025-11-22 Brighton-Brentford,Brentford,80’,1:1,Mathias Jensen,Yehor Yarmoliuk,substitute_in
ENG-Premier League,2526,2025-11-22 Brighton-Brentford,Brentford,80’,1:1,Vitaly Janelt,Mikkel Damsgaard,substitute_in
ENG-Premier League,2526,2025-11-22 Brighton-Brentford,Brentford,80’,1:1,Aaron Hickey,Kristoffer Ajer,substitute_in
ENG-Premier League,2526,2025-11-22 Brighton-Brentford,Brighton & Hove Albion,84’,2:1,Jack Hinshelwood,,goal
ENG-Premier League,2526,2025-11-22 Brighton-Brentford,Brighton & Hove Albion,89’,2:1,Joël Veltman,Georginio Rutter,substitute_in
ENG-Premier League,2526,2025-11-22 Brighton-Brentford,Brighton & Hove Albion,89’,2:1,Brajan Gruda,Yankuba Minteh,substitute_in
ENG-Premier League,2526,2025-11-22 Brighton-Brentford,Brighton & Hove Albion,90+1’,2:1,Brajan Gruda,,yellow_card
ENG-Premier League,2526,2025-11-22 Brighton-Brentford,Brighton & Hove Albion,90+4’,2:1,Bart Verbruggen,,yellow_card
ENG-Premier League,2526,2025-11-22 Brighton-Brentford,Brentford,90+4’,2:1,Igor Thiago,Bart Verbruggen,penalty_miss
ENG-Premier League,2526,2025-11-22 Brighton-Brentford,Brentford,90+5’,2:1,Vitaly Janelt,,yellow_card
ENG-Premier League,2526,2025-11-22 Burnley-Chelsea,Chelsea,37’,0:1,Pedro Neto,Jamie Gittens,goal
ENG-Premier League,2526,2025-11-22 Burnley-Chelsea,Chelsea,41’,0:1,Pedro Neto,,yellow_card
ENG-Premier League,2526,2025-11-22 Burnley-Chelsea,Chelsea,46’,0:1,Benoît Badiashile,Reece James,substitute_in
ENG-Premier League,2526,2025-11-22 Burnley-Chelsea,Burnley,49’,0:1,Kyle Walker,,yellow_card
ENG-Premier League,2526,2025-11-22 Burnley-Chelsea,Chelsea,67’,0:1,Malo Gusto,Liam Delap,substitute_in
ENG-Premier League,2526,2025-11-22 Burnley-Chelsea,Chelsea,69’,0:1,João Pedro,,yellow_card
ENG-Premier League,2526,2025-11-22 Burnley-Chelsea,Burnley,72’,0:1,Armando Broja,Zian Flemming,substitute_in
ENG-Premier League,2526,2025-11-22 Burnley-Chelsea,Burnley,72’,0:1,Hannibal Mejbri,Lesley Ugochukwu,substitute_in
ENG-Premier League,2526,2025-11-22 Burnley-Chelsea,Burnley,72’,0:1,Lyle Foster,Jaidon Anthony,substitute_in
ENG-Premier League,2526,2025-11-22 Burnley-Chelsea,Burnley,76’,0:1,Jacob Bruun Larsen,Loum Tchaouna,substitute_in
ENG-Premier League,2526,2025-11-22 Burnley-Chelsea,Chelsea,76’,0:1,Marc Guiu,João Pedro,substitute_in
ENG-Premier League,2526,2025-11-22 Burnley-Chelsea,Chelsea,81’,0:1,Benoît Badiashile,,yellow_card
ENG-Premier League,2526,2025-11-22 Burnley-Chelsea,Burnley,82’,0:1,Hannibal Mejbri,,yellow_card
ENG-Premier League,2526,2025-11-22 Burnley-Chelsea,Burnley,84’,0:1,Josh Laurent,Florentino Luís,substitute_in
ENG-Premier League,2526,2025-11-22 Burnley-Chelsea,Chelsea,88’,0:2,Enzo Fernández,Marc Guiu,goal
ENG-Premier League,2526,2025-11-22 Fulham-Sunderland,Sunderland,32’,0:0,Daniel Ballard,,yellow_card
ENG-Premier League,2526,2025-11-22 Fulham-Sunderland,Fulham,64’,0:0,Emile Smith Rowe,Joshua King,substitute_in
ENG-Premier League,2526,2025-11-22 Fulham-Sunderland,Fulham,64’,0:0,Samuel Chukwueze,Kevin,substitute_in
ENG-Premier League,2526,2025-11-22 Fulham-Sunderland,Sunderland,64’,0:0,Chemsdine Talbi,Bertrand Traoré,substitute_in
ENG-Premier League,2526,2025-11-22 Fulham-Sunderland,Sunderland,64’,0:0,Brian Brobbey,Wilson Isidor,substitute_in
ENG-Premier League,2526,2025-11-22 Fulham-Sunderland,Sunderland,79’,0:0,Reinildo Mandava,,yellow_card
ENG-Premier League,2526,2025-11-22 Fulham-Sunderland,Fulham,84’,1:0,Raúl Jiménez,Samuel Chukwueze,goal
ENG-Premier League,2526,2025-11-22 Fulham-Sunderland,Sunderland,88’,1:0,Trai Hume,,yellow_card
ENG-Premier League,2526,2025-11-22 Fulham-Sunderland,Fulham,89’,1:0,Harrison Reed,Alex Iwobi,substitute_in
ENG-Premier League,2526,2025-11-22 Fulham-Sunderland,Fulham,90+3’,1:0,Bernd Leno,,yellow_card
ENG-Premier League,2526,2025-11-22 Fulham-Sunderland,Fulham,90+4’,1:0,Harry Wilson,,yellow_card
ENG-Premier League,2526,2025-11-22 Fulham-Sunderland,Fulham,90+4’,1:0,Timothy Castagne,Harry Wilson,substitute_in
ENG-Premier League,2526,2025-11-22 Fulham-Sunderland,Fulham,90+5’,1:0,Raúl Jiménez,,yellow_card
ENG-Premier League,2526,2025-11-22 Fulham-Sunderland,Sunderland,90’,1:0,Eliezer Mayenda,Trai Hume,substitute_in
ENG-Premier League,2526,2025-11-22 Fulham-Sunderland,Sunderland,90’,1:0,Simon Adingra,Enzo Le Fée,substitute_in
ENG-Premier League,2526,2025-11-22 Liverpool-Nottingham,Nottingham Forest,33’,0:1,Murillo,,goal
ENG-Premier League,2526,2025-11-22 Liverpool-Nottingham,Nottingham Forest,46’,0:2,Nicolò Savona,Neco Williams,goal
ENG-Premier League,2526,2025-11-22 Liverpool-Nottingham,Liverpool,55’,0:2,Hugo Ekitike,Ibrahima Konaté,substitute_in
ENG-Premier League,2526,2025-11-22 Liverpool-Nottingham,Nottingham Forest,61’,0:2,Omari Hutchinson,Nicolás Domínguez,substitute_in
ENG-Premier League,2526,2025-11-22 Liverpool-Nottingham,Liverpool,66’,0:2,Ryan Gravenberch,,yellow_card
ENG-Premier League,2526,2025-11-22 Liverpool-Nottingham,Liverpool,68’,0:2,Andy Robertson,Milos Kerkez,substitute_in
ENG-Premier League,2526,2025-11-22 Liverpool-Nottingham,Liverpool,68’,0:2,Federico Chiesa,Alexander Isak,substitute_in
ENG-Premier League,2526,2025-11-22 Liverpool-Nottingham,Liverpool,78’,0:3,Rio Ngumoha,Curtis Jones,substitute_in
ENG-Premier League,2526,2025-11-22 Liverpool-Nottingham,Nottingham Forest,78’,0:3,Morgan Gibbs-White,,goal
ENG-Premier League,2526,2025-11-22 Liverpool-Nottingham,Nottingham Forest,86’,0:3,Ryan Yates,Igor Jesus,substitute_in
ENG-Premier League,2526,2025-11-22 Liverpool-Nottingham,Nottingham Forest,86’,0:3,Callum Hudson-Odoi,Dan Ndoye,substitute_in
ENG-Premier League,2526,2025-11-22 Liverpool-Nottingham,Liverpool,87’,0:3,Federico Chiesa,,yellow_card
ENG-Premier League,2526,2025-11-22 Newcastle-Manchester City,Newcastle United,63’,1:0,Harvey Barnes,Bruno Guimarães,goal
ENG-Premier League,2526,2025-11-22 Newcastle-Manchester City,Manchester City,68’,1:1,Rúben Dias,,goal
ENG-Premier League,2526,2025-11-22 Newcastle-Manchester City,Newcastle United,70’,2:1,Harvey Barnes,,goal
ENG-Premier League,2526,2025-11-22 Newcastle-Manchester City,Manchester City,71’,2:1,Gianluigi Donnarumma,,yellow_card
ENG-Premier League,2526,2025-11-22 Newcastle-Manchester City,Manchester City,76’,2:1,Sávio,Jeremy Doku,substitute_in
ENG-Premier League,2526,2025-11-22 Newcastle-Manchester City,Newcastle United,77’,2:1,Sven Botman,Lewis Hall,substitute_in
ENG-Premier League,2526,2025-11-22 Newcastle-Manchester City,Manchester City,77’,2:1,Oscar Bobb,Rayan Cherki,substitute_in
ENG-Premier League,2526,2025-11-22 Newcastle-Manchester City,Manchester City,77’,2:1,Tijjani Reijnders,Bernardo Silva,substitute_in
ENG-Premier League,2526,2025-11-22 Newcastle-Manchester City,Newcastle United,85’,2:1,Anthony Elanga,Harvey Barnes,substitute_in
ENG-Premier League,2526,2025-11-22 Newcastle-Manchester City,Newcastle United,85’,2:1,Joe Willock,Nick Woltemade,substitute_in
ENG-Premier League,2526,2025-11-22 Newcastle-Manchester City,Manchester City,87’,2:1,Omar Marmoush,Phil Foden,substitute_in
ENG-Premier League,2526,2025-11-22 Newcastle-Manchester City,Manchester City,90+2’,2:1,Oscar Bobb,,yellow_card
ENG-Premier League,2526,2025-11-22 Newcastle-Manchester City,Newcastle United,90+4’,2:1,Joelinton,,yellow_card
ENG-Premier League,2526,2025-11-22 Newcastle-Manchester City,Manchester City,90+9’,2:1,Bernardo Silva,,yellow_card
ENG-Premier League,2526,2025-11-22 Wolves-Crystal Palace,Crystal Palace,4’,0:0,Marc Guéhi,,yellow_card
ENG-Premier League,2526,2025-11-22 Wolves-Crystal Palace,Wolverhampton Wanderers,50’,0:0,Tolu Arokodare,,yellow_card
ENG-Premier League,2526,2025-11-22 Wolves-Crystal Palace,Crystal Palace,59’,0:0,Yéremy Pino,,yellow_card
ENG-Premier League,2526,2025-11-22 Wolves-Crystal Palace,Crystal Palace,60’,0:0,Eddie Nketiah,Jean-Philippe Mateta,substitute_in
ENG-Premier League,2526,2025-11-22 Wolves-Crystal Palace,Crystal Palace,63’,0:1,Daniel Muñoz,Maxence Lacroix,goal
ENG-Premier League,2526,2025-11-22 Wolves-Crystal Palace,Wolverhampton Wanderers,66’,0:1,Hwang Hee-chan,Tolu Arokodare,substitute_in
ENG-Premier League,2526,2025-11-22 Wolves-Crystal Palace,Wolverhampton Wanderers,66’,0:1,Jean-Ricner Bellegarde,Marshall Munetsi,substitute_in
ENG-Premier League,2526,2025-11-22 Wolves-Crystal Palace,Crystal Palace,66’,0:1,Daniel Muñoz,,yellow_card
ENG-Premier League,2526,2025-11-22 Wolves-Crystal Palace,Crystal Palace,69’,0:2,Yéremy Pino,Adam Wharton,goal
ENG-Premier League,2526,2025-11-22 Wolves-Crystal Palace,Wolverhampton Wanderers,75’,0:2,Jhon Arias,Ladislav Krejčí,substitute_in
ENG-Premier League,2526,2025-11-22 Wolves-Crystal Palace,Wolverhampton Wanderers,77’,0:2,João Gomes,,yellow_card
ENG-Premier League,2526,2025-11-22 Wolves-Crystal Palace,Crystal Palace,81’,0:2,Jefferson Lerma,Daichi Kamada,substitute_in
ENG-Premier League,2526,2025-11-22 Wolves-Crystal Palace,Crystal Palace,81’,0:2,Justin Devenny,Yéremy Pino,substitute_in
ENG-Premier League,2526,2025-11-22 Wolves-Crystal Palace,Crystal Palace,83’,0:2,Jaydee Canvot,Chris Richards,substitute_in
ENG-Premier League,2526,2025-11-22 Wolves-Crystal Palace,Wolverhampton Wanderers,88’,0:2,Hugo Bueno,David Møller Wolfe,substitute_in
ENG-Premier League,2526,2025-11-22 Wolves-Crystal Palace,Crystal Palace,90+2’,0:2,Will Hughes,Adam Wharton,substitute_in
ENG-Premier League,2526,2025-11-23 Arsenal-Tottenham,Tottenham Hotspur,32’,0:0,Rodrigo Bentancur,,yellow_card
ENG-Premier League,2526,2025-11-23 Arsenal-Tottenham,Arsenal,36’,1:0,Leandro Trossard,Mikel Merino,goal
ENG-Premier League,2526,2025-11-23 Arsenal-Tottenham,Arsenal,41’,2:0,Eberechi Eze,Declan Rice,goal
ENG-Premier League,2526,2025-11-23 Arsenal-Tottenham,Arsenal,46’,3:0,Eberechi Eze,Jurriën Timber,goal
ENG-Premier League,2526,2025-11-23 Arsenal-Tottenham,Tottenham Hotspur,46’,2:0,Xavi Simons,Kevin Danso,substitute_in
ENG-Premier League,2526,2025-11-23 Arsenal-Tottenham,Tottenham Hotspur,55’,3:1,Richarlison,João Palhinha,goal
ENG-Premier League,2526,2025-11-23 Arsenal-Tottenham,Tottenham Hotspur,66’,3:1,Pape Matar Sarr,Wilson Odobert,substitute_in
ENG-Premier League,2526,2025-11-23 Arsenal-Tottenham,Tottenham Hotspur,66’,3:1,Randal Kolo Muani,Rodrigo Bentancur,substitute_in
ENG-Premier League,2526,2025-11-23 Arsenal-Tottenham,Tottenham Hotspur,70’,3:1,Cristian Romero,,yellow_card
ENG-Premier League,2526,2025-11-23 Arsenal-Tottenham,Arsenal,76’,4:1,Eberechi Eze,Leandro Trossard,goal
ENG-Premier League,2526,2025-11-23 Arsenal-Tottenham,Arsenal,78’,4:1,Noni Madueke,Leandro Trossard,substitute_in
ENG-Premier League,2526,2025-11-23 Arsenal-Tottenham,Tottenham Hotspur,78’,4:1,Brennan Johnson,Mohammed Kudus,substitute_in
ENG-Premier League,2526,2025-11-23 Arsenal-Tottenham,Tottenham Hotspur,78’,4:1,Pedro Porro,Djed Spence,substitute_in
ENG-Premier League,2526,2025-11-23 Arsenal-Tottenham,Arsenal,87’,4:1,Declan Rice,,yellow_card
ENG-Premier League,2526,2025-11-23 Arsenal-Tottenham,Tottenham Hotspur,87’,4:1,Pedro Porro,,yellow_card
ENG-Premier League,2526,2025-11-23 Arsenal-Tottenham,Arsenal,88’,4:1,Ethan Nwaneri,Mikel Merino,substitute_in
ENG-Premier League,2526,2025-11-23 Arsenal-Tottenham,Arsenal,88’,4:1,Cristhian Mosquera,Piero Hincapié,substitute_in
ENG-Premier League,2526,2025-11-23 Arsenal-Tottenham,Arsenal,90+2’,4:1,Myles Lewis-Skelly,Riccardo Calafiori,substitute_in
ENG-Premier League,2526,2025-11-23 Leeds United-Aston Villa,Leeds United,23’,1:0,Ao Tanaka,Anton Stach,substitute_in
ENG-Premier League,2526,2025-11-23 Leeds United-Aston Villa,Leeds United,41’,1:0,Jayden Bogle,,yellow_card
ENG-Premier League,2526,2025-11-23 Leeds United-Aston Villa,Leeds United,45+3’,1:0,Ao Tanaka,,yellow_card
ENG-Premier League,2526,2025-11-23 Leeds United-Aston Villa,Aston Villa,46’,1:0,Ian Maatsen,Lucas Digne,substitute_in
ENG-Premier League,2526,2025-11-23 Leeds United-Aston Villa,Aston Villa,46’,1:0,Donyell Malen,Emi Buendía,substitute_in
ENG-Premier League,2526,2025-11-23 Leeds United-Aston Villa,Aston Villa,48’,1:1,Morgan Rogers,Donyell Malen,goal
ENG-Premier League,2526,2025-11-23 Leeds United-Aston Villa,Aston Villa,53’,1:1,John McGinn,,yellow_card
ENG-Premier League,2526,2025-11-23 Leeds United-Aston Villa,Leeds United,63’,1:1,Ethan Ampadu,,yellow_card
ENG-Premier League,2526,2025-11-23 Leeds United-Aston Villa,Aston Villa,68’,1:1,Ross Barkley,John McGinn,substitute_in
ENG-Premier League,2526,2025-11-23 Leeds United-Aston Villa,Aston Villa,68’,1:1,Jadon Sancho,Ollie Watkins,substitute_in
ENG-Premier League,2526,2025-11-23 Leeds United-Aston Villa,Leeds United,71’,1:1,Dominic Calvert-Lewin,Ao Tanaka,substitute_in
ENG-Premier League,2526,2025-11-23 Leeds United-Aston Villa,Leeds United,71’,1:1,Daniel James,Lukas Nmecha,substitute_in
ENG-Premier League,2526,2025-11-23 Leeds United-Aston Villa,Leeds United,74’,1:1,Pascal Struijk,,yellow_card
ENG-Premier League,2526,2025-11-23 Leeds United-Aston Villa,Aston Villa,75’,1:2,Morgan Rogers,,goal
ENG-Premier League,2526,2025-11-23 Leeds United-Aston Villa,Leeds United,80’,1:2,Wilfried Gnonto,Noah Okafor,substitute_in
ENG-Premier League,2526,2025-11-23 Leeds United-Aston Villa,Leeds United,80’,1:2,Joël Piroe,Brenden Aaronson,substitute_in
ENG-Premier League,2526,2025-11-23 Leeds United-Aston Villa,Aston Villa,84’,1:2,Lamare Bogarde,Youri Tielemans,substitute_in
ENG-Premier League,2526,2025-11-23 Leeds United-Aston Villa,Leeds United,89’,1:2,Wilfried Gnonto,,yellow_card
ENG-Premier League,2526,2025-11-23 Leeds United-Aston Villa,Leeds United,8’,1:0,Lukas Nmecha,,goal
ENG-Premier League,2526,2025-11-24 Manchester Utd-Everton,Everton,10’,0:0,Jake O'Brien,Séamus Coleman,substitute_in
ENG-Premier League,2526,2025-11-24 Manchester Utd-Everton,Everton,13’,0:0,Idrissa Gueye,,red_card
ENG-Premier League,2526,2025-11-24 Manchester Utd-Everton,Everton,29’,0:1,Kiernan Dewsbury-Hall,James Garner,goal
ENG-Premier League,2526,2025-11-24 Manchester Utd-Everton,Manchester United,45+2’,0:1,Bryan Mbeumo,,yellow_card
ENG-Premier League,2526,2025-11-24 Manchester Utd-Everton,Manchester United,46’,0:1,Mason Mount,Noussair Mazraoui,substitute_in
ENG-Premier League,2526,2025-11-24 Manchester Utd-Everton,Manchester United,49’,0:1,Casemiro,,yellow_card
ENG-Premier League,2526,2025-11-24 Manchester Utd-Everton,Manchester United,58’,0:1,Diogo Dalot,Patrick Dorgu,substitute_in
ENG-Premier League,2526,2025-11-24 Manchester Utd-Everton,Manchester United,58’,0:1,Kobbie Mainoo,Casemiro,substitute_in
ENG-Premier League,2526,2025-11-24 Manchester Utd-Everton,Everton,81’,0:1,Tim Iroegbunam,Thierno Barry,substitute_in
ENG-Premier League,2526,2025-11-24 Manchester Utd-Everton,Everton,81’,0:1,Beto,Iliman Ndiaye,substitute_in
ENG-Premier League,2526,2025-11-24 Manchester Utd-Everton,Everton,87’,0:1,Dwight McNeil,Jack Grealish,substitute_in
ENG-Premier League,2526,2025-11-24 Manchester Utd-Everton,Everton,88’,0:1,Carlos Alcaraz,Kiernan Dewsbury-Hall,substitute_in
ENG-Premier League,2526,2025-11-29 Brentford-Burnley,Burnley,16’,0:0,Hannibal Mejbri,,yellow_card
ENG-Premier League,2526,2025-11-29 Brentford-Burnley,Burnley,60’,0:0,Lesley Ugochukwu,Hannibal Mejbri,substitute_in
ENG-Premier League,2526,2025-11-29 Brentford-Burnley,Brentford,75’,0:0,Reiss Nelson,Kevin Schade,substitute_in
ENG-Premier League,2526,2025-11-29 Brentford-Burnley,Brentford,75’,0:0,Rico Henry,Aaron Hickey,substitute_in
ENG-Premier League,2526,2025-11-29 Brentford-Burnley,Burnley,75’,0:0,Josh Laurent,Florentino Luís,substitute_in
ENG-Premier League,2526,2025-11-29 Brentford-Burnley,Burnley,75’,0:0,Jacob Bruun Larsen,Loum Tchaouna,substitute_in
ENG-Premier League,2526,2025-11-29 Brentford-Burnley,Burnley,75’,0:0,Jaidon Anthony,Lyle Foster,substitute_in
ENG-Premier League,2526,2025-11-29 Brentford-Burnley,Burnley,77’,0:0,Axel Tuanzebe,,yellow_card
ENG-Premier League,2526,2025-11-29 Brentford-Burnley,Brentford,81’,1:0,Igor Thiago,,penalty_goal
ENG-Premier League,2526,2025-11-29 Brentford-Burnley,Burnley,81’,0:0,Armando Broja,Josh Cullen,substitute_in
ENG-Premier League,2526,2025-11-29 Brentford-Burnley,Brentford,85’,1:1,Yehor Yarmoliuk,Mathias Jensen,substitute_in
ENG-Premier League,2526,2025-11-29 Brentford-Burnley,Burnley,85’,1:1,Zian Flemming,,penalty_goal
ENG-Premier League,2526,2025-11-29 Brentford-Burnley,Brentford,86’,2:1,Igor Thiago,,goal
ENG-Premier League,2526,2025-11-29 Brentford-Burnley,Brentford,90+1’,2:1,Keane Lewis-Potter,Igor Thiago,substitute_in
ENG-Premier League,2526,2025-11-29 Brentford-Burnley,Brentford,90+2’,3:1,Dango Ouattara,Jordan Henderson,goal
ENG-Premier League,2526,2025-11-29 Everton-Newcastle,Newcastle United,1’,0:1,Malick Thiaw,Lewis Miley,goal
ENG-Premier League,2526,2025-11-29 Everton-Newcastle,Newcastle United,25’,0:2,Lewis Miley,Dan Burn,goal
ENG-Premier League,2526,2025-11-29 Everton-Newcastle,Newcastle United,45’,0:3,Nick Woltemade,Anthony Elanga,goal
ENG-Premier League,2526,2025-11-29 Everton-Newcastle,Everton,46’,0:3,Carlos Alcaraz,Tim Iroegbunam,substitute_in
ENG-Premier League,2526,2025-11-29 Everton-Newcastle,Newcastle United,58’,0:4,Malick Thiaw,Lewis Hall,goal
ENG-Premier League,2526,2025-11-29 Everton-Newcastle,Everton,69’,1:4,Kiernan Dewsbury-Hall,James Tarkowski,goal
ENG-Premier League,2526,2025-11-29 Everton-Newcastle,Newcastle United,71’,1:4,Jacob Ramsey,Harvey Barnes,substitute_in
ENG-Premier League,2526,2025-11-29 Everton-Newcastle,Newcastle United,71’,1:4,Joe Willock,Anthony Elanga,substitute_in
ENG-Premier League,2526,2025-11-29 Everton-Newcastle,Everton,80’,1:4,Tyler Dibling,Iliman Ndiaye,substitute_in
ENG-Premier League,2526,2025-11-29 Everton-Newcastle,Everton,80’,1:4,Dwight McNeil,Jack Grealish,substitute_in
ENG-Premier League,2526,2025-11-29 Everton-Newcastle,Everton,87’,1:4,Beto,Thierno Barry,substitute_in
ENG-Premier League,2526,2025-11-29 Everton-Newcastle,Newcastle United,90’,1:4,Sandro Tonali,Bruno Guimarães,substitute_in
ENG-Premier League,2526,2025-11-29 Everton-Newcastle,Newcastle United,90’,1:4,Fabian Schär,Lewis Hall,substitute_in
ENG-Premier League,2526,2025-11-29 Everton-Newcastle,Newcastle United,90’,1:4,Anthony Gordon,Nick Woltemade,substitute_in
ENG-Premier League,2526,2025-11-29 Manchester City-Leeds United,Manchester City,1’,1:0,Phil Foden,Matheus Nunes,goal
ENG-Premier League,2526,2025-11-29 Manchester City-Leeds United,Manchester City,25’,2:0,Joško Gvardiol,Nico O'Reilly,goal
ENG-Premier League,2526,2025-11-29 Manchester City-Leeds United,Leeds United,46’,2:0,Dominic Calvert-Lewin,Daniel James,substitute_in
ENG-Premier League,2526,2025-11-29 Manchester City-Leeds United,Leeds United,46’,2:0,Jaka Bijol,Wilfried Gnonto,substitute_in
ENG-Premier League,2526,2025-11-29 Manchester City-Leeds United,Leeds United,49’,2:1,Dominic Calvert-Lewin,,goal
ENG-Premier League,2526,2025-11-29 Manchester City-Leeds United,Manchester City,55’,2:1,Matheus Nunes,,yellow_card
ENG-Premier League,2526,2025-11-29 Manchester City-Leeds United,Manchester City,57’,2:1,Bernardo Silva,,yellow_card
ENG-Premier League,2526,2025-11-29 Manchester City-Leeds United,Leeds United,58’,2:1,Joe Rodon,,yellow_card
ENG-Premier League,2526,2025-11-29 Manchester City-Leeds United,Manchester City,66’,2:1,Joško Gvardiol,,yellow_card
ENG-Premier League,2526,2025-11-29 Manchester City-Leeds United,Leeds United,68’,2:1,Lukas Nmecha,Gianluigi Donnarumma,penalty_miss
ENG-Premier League,2526,2025-11-29 Manchester City-Leeds United,Leeds United,68’,2:2,Lukas Nmecha,,goal
ENG-Premier League,2526,2025-11-29 Manchester City-Leeds United,Leeds United,69’,2:2,Gabriel Gudmundsson,James Justin,substitute_in
ENG-Premier League,2526,2025-11-29 Manchester City-Leeds United,Manchester City,75’,2:2,Rayan Cherki,Tijjani Reijnders,substitute_in
ENG-Premier League,2526,2025-11-29 Manchester City-Leeds United,Leeds United,82’,2:2,Noah Okafor,Lukas Nmecha,substitute_in
ENG-Premier League,2526,2025-11-29 Manchester City-Leeds United,Manchester City,87’,2:2,Gianluigi Donnarumma,,yellow_card
ENG-Premier League,2526,2025-11-29 Manchester City-Leeds United,Manchester City,89’,2:2,Omar Marmoush,Bernardo Silva,substitute_in
ENG-Premier League,2526,2025-11-29 Manchester City-Leeds United,Manchester City,90+1’,3:2,Phil Foden,Rayan Cherki,goal
ENG-Premier League,2526,2025-11-29 Manchester City-Leeds United,Leeds United,90+2’,3:2,Brenden Aaronson,Ao Tanaka,substitute_in
ENG-Premier League,2526,2025-11-29 Manchester City-Leeds United,Manchester City,90+6’,3:2,John Stones,Jeremy Doku,substitute_in
ENG-Premier League,2526,2025-11-29 Sunderland-Bournemouth,Bournemouth,15’,0:2,Tyler Adams,,goal
ENG-Premier League,2526,2025-11-29 Sunderland-Bournemouth,Sunderland,21’,0:2,Omar Alderete,,yellow_card
ENG-Premier League,2526,2025-11-29 Sunderland-Bournemouth,Bournemouth,25’,0:2,Alex Scott,,yellow_card
ENG-Premier League,2526,2025-11-29 Sunderland-Bournemouth,Sunderland,30’,1:2,Enzo Le Fée,,penalty_goal
ENG-Premier League,2526,2025-11-29 Sunderland-Bournemouth,Sunderland,46’,2:2,Bertrand Traoré,Granit Xhaka,goal
ENG-Premier League,2526,2025-11-29 Sunderland-Bournemouth,Bournemouth,46’,1:2,Lewis Cook,Alex Scott,substitute_in
ENG-Premier League,2526,2025-11-29 Sunderland-Bournemouth,Sunderland,63’,2:2,Brian Brobbey,Wilson Isidor,substitute_in
ENG-Premier League,2526,2025-11-29 Sunderland-Bournemouth,Sunderland,63’,2:2,Romaine Mundle,Chemsdine Talbi,substitute_in
ENG-Premier League,2526,2025-11-29 Sunderland-Bournemouth,Sunderland,63’,2:2,Trai Hume,Bertrand Traoré,substitute_in
ENG-Premier League,2526,2025-11-29 Sunderland-Bournemouth,Sunderland,65’,2:2,Trai Hume,,yellow_card
ENG-Premier League,2526,2025-11-29 Sunderland-Bournemouth,Sunderland,69’,3:2,Brian Brobbey,Enzo Le Fée,goal
ENG-Premier League,2526,2025-11-29 Sunderland-Bournemouth,Bournemouth,71’,3:2,Justin Kluivert,Tyler Adams,substitute_in
ENG-Premier League,2526,2025-11-29 Sunderland-Bournemouth,Bournemouth,71’,3:2,David Brooks,Amine Adli,substitute_in
ENG-Premier League,2526,2025-11-29 Sunderland-Bournemouth,Bournemouth,7’,0:1,Amine Adli,,goal
ENG-Premier League,2526,2025-11-29 Sunderland-Bournemouth,Bournemouth,80’,3:2,Eli Junior Kroupi,Evanilson,substitute_in
ENG-Premier League,2526,2025-11-29 Sunderland-Bournemouth,Bournemouth,80’,3:2,Enes Ünal,Adam Smith,substitute_in
ENG-Premier League,2526,2025-11-29 Sunderland-Bournemouth,Sunderland,86’,3:2,Lutsharel Geertruida,Enzo Le Fée,substitute_in
ENG-Premier League,2526,2025-11-29 Sunderland-Bournemouth,Bournemouth,86’,3:2,Antoine Semenyo,,yellow_card
ENG-Premier League,2526,2025-11-29 Sunderland-Bournemouth,Bournemouth,90+12’,3:2,Marcus Tavernier,,yellow_card
ENG-Premier League,2526,2025-11-29 Sunderland-Bournemouth,Bournemouth,90+1’,3:2,Marcos Senesi,,yellow_card
ENG-Premier League,2526,2025-11-29 Sunderland-Bournemouth,Sunderland,90+3’,3:2,Nordi Mukiele,,yellow_card
ENG-Premier League,2526,2025-11-29 Sunderland-Bournemouth,Bournemouth,90+3’,3:2,David Brooks,,yellow_card
ENG-Premier League,2526,2025-11-29 Sunderland-Bournemouth,Bournemouth,90+6’,3:2,Lewis Cook,,red_card
ENG-Premier League,2526,2025-11-29 Sunderland-Bournemouth,Sunderland,90+8’,3:2,Romaine Mundle,,yellow_card
ENG-Premier League,2526,2025-11-29 Sunderland-Bournemouth,Sunderland,90’,3:2,Robin Roefs,,yellow_card
ENG-Premier League,2526,2025-11-29 Tottenham-Fulham,Tottenham Hotspur,30’,0:2,Micky van de Ven,,yellow_card
ENG-Premier League,2526,2025-11-29 Tottenham-Fulham,Tottenham Hotspur,49’,0:2,Destiny Udogie,,yellow_card
ENG-Premier League,2526,2025-11-29 Tottenham-Fulham,Fulham,4’,0:1,Kenny Tete,Samuel Chukwueze,goal
ENG-Premier League,2526,2025-11-29 Tottenham-Fulham,Tottenham Hotspur,59’,1:2,Mohammed Kudus,Lucas Bergvall,goal
ENG-Premier League,2526,2025-11-29 Tottenham-Fulham,Tottenham Hotspur,60’,1:2,Wilson Odobert,Archie Gray,substitute_in
ENG-Premier League,2526,2025-11-29 Tottenham-Fulham,Tottenham Hotspur,60’,1:2,Xavi Simons,Richarlison,substitute_in
ENG-Premier League,2526,2025-11-29 Tottenham-Fulham,Tottenham Hotspur,60’,1:2,Rodrigo Bentancur,João Palhinha,substitute_in
ENG-Premier League,2526,2025-11-29 Tottenham-Fulham,Fulham,68’,1:2,Saša Lukić,Harry Wilson,substitute_in
ENG-Premier League,2526,2025-11-29 Tottenham-Fulham,Fulham,68’,1:2,Emile Smith Rowe,Joshua King,substitute_in
ENG-Premier League,2526,2025-11-29 Tottenham-Fulham,Fulham,6’,0:2,Harry Wilson,Joshua King,goal
ENG-Premier League,2526,2025-11-29 Tottenham-Fulham,Tottenham Hotspur,77’,1:2,Pape Matar Sarr,Lucas Bergvall,substitute_in
ENG-Premier League,2526,2025-11-29 Tottenham-Fulham,Fulham,78’,1:2,Raúl Jiménez,,yellow_card
ENG-Premier League,2526,2025-11-29 Tottenham-Fulham,Fulham,81’,1:2,Kevin,Samuel Chukwueze,substitute_in
ENG-Premier League,2526,2025-11-29 Tottenham-Fulham,Tottenham Hotspur,85’,1:2,Mathys Tel,Destiny Udogie,substitute_in
ENG-Premier League,2526,2025-11-29 Tottenham-Fulham,Fulham,87’,1:2,Timothy Castagne,Alex Iwobi,substitute_in
ENG-Premier League,2526,2025-11-29 Tottenham-Fulham,Fulham,90+1’,1:2,Bernd Leno,,yellow_card
ENG-Premier League,2526,2025-11-29 Tottenham-Fulham,Tottenham Hotspur,90+4’,1:2,Randal Kolo Muani,,yellow_card
ENG-Premier League,2526,2025-11-30 Aston Villa-Wolves,Wolverhampton Wanderers,45+2’,0:0,André,,yellow_card
ENG-Premier League,2526,2025-11-30 Aston Villa-Wolves,Aston Villa,54’,0:0,Ollie Watkins,Emi Buendía,substitute_in
ENG-Premier League,2526,2025-11-30 Aston Villa-Wolves,Wolverhampton Wanderers,58’,0:0,David Møller Wolfe,,yellow_card
ENG-Premier League,2526,2025-11-30 Aston Villa-Wolves,Aston Villa,67’,1:0,Boubacar Kamara,John McGinn,goal
ENG-Premier League,2526,2025-11-30 Aston Villa-Wolves,Wolverhampton Wanderers,69’,1:0,Tawanda Chirewa,Jean-Ricner Bellegarde,substitute_in
ENG-Premier League,2526,2025-11-30 Aston Villa-Wolves,Aston Villa,75’,1:0,Amadou Onana,Donyell Malen,substitute_in
ENG-Premier League,2526,2025-11-30 Aston Villa-Wolves,Aston Villa,75’,1:0,Ross Barkley,Youri Tielemans,substitute_in
ENG-Premier League,2526,2025-11-30 Aston Villa-Wolves,Wolverhampton Wanderers,76’,1:0,Yerson Mosquera,,yellow_card
ENG-Premier League,2526,2025-11-30 Aston Villa-Wolves,Wolverhampton Wanderers,77’,1:0,Hugo Bueno,David Møller Wolfe,substitute_in
ENG-Premier League,2526,2025-11-30 Aston Villa-Wolves,Wolverhampton Wanderers,77’,1:0,Mateus Mane,Yerson Mosquera,substitute_in
ENG-Premier League,2526,2025-11-30 Aston Villa-Wolves,Wolverhampton Wanderers,80’,1:0,Jhon Arias,,yellow_card
ENG-Premier League,2526,2025-11-30 Aston Villa-Wolves,Aston Villa,88’,1:0,Lamare Bogarde,Boubacar Kamara,substitute_in
ENG-Premier League,2526,2025-11-30 Aston Villa-Wolves,Aston Villa,88’,1:0,Jadon Sancho,Ross Barkley,substitute_in
ENG-Premier League,2526,2025-11-30 Aston Villa-Wolves,Wolverhampton Wanderers,88’,1:0,Tolu Arokodare,Jhon Arias,substitute_in
ENG-Premier League,2526,2025-11-30 Chelsea-Arsenal,Chelsea,11’,0:0,Marc Cucurella,,yellow_card
ENG-Premier League,2526,2025-11-30 Chelsea-Arsenal,Arsenal,13’,0:0,Cristhian Mosquera,,yellow_card
ENG-Premier League,2526,2025-11-30 Chelsea-Arsenal,Arsenal,27’,0:0,Riccardo Calafiori,,yellow_card
ENG-Premier League,2526,2025-11-30 Chelsea-Arsenal,Chelsea,38’,0:0,Moisés Caicedo,,red_card
ENG-Premier League,2526,2025-11-30 Chelsea-Arsenal,Arsenal,41’,0:0,Piero Hincapié,,yellow_card
ENG-Premier League,2526,2025-11-30 Chelsea-Arsenal,Chelsea,46’,0:0,Alejandro Garnacho,Estêvão Willian,substitute_in
ENG-Premier League,2526,2025-11-30 Chelsea-Arsenal,Arsenal,46’,0:0,Myles Lewis-Skelly,Riccardo Calafiori,substitute_in
ENG-Premier League,2526,2025-11-30 Chelsea-Arsenal,Chelsea,48’,1:0,Trevoh Chalobah,Reece James,goal
ENG-Premier League,2526,2025-11-30 Chelsea-Arsenal,Arsenal,54’,1:0,Myles Lewis-Skelly,,yellow_card
ENG-Premier League,2526,2025-11-30 Chelsea-Arsenal,Chelsea,55’,1:0,Liam Delap,João Pedro,substitute_in
ENG-Premier League,2526,2025-11-30 Chelsea-Arsenal,Arsenal,57’,1:0,Noni Madueke,Gabriel Martinelli,substitute_in
ENG-Premier League,2526,2025-11-30 Chelsea-Arsenal,Arsenal,57’,1:0,Martin Ødegaard,Martín Zubimendi,substitute_in
ENG-Premier League,2526,2025-11-30 Chelsea-Arsenal,Arsenal,59’,1:1,Mikel Merino,Bukayo Saka,goal
ENG-Premier League,2526,2025-11-30 Chelsea-Arsenal,Arsenal,5’,0:0,Martín Zubimendi,,yellow_card
ENG-Premier League,2526,2025-11-30 Chelsea-Arsenal,Arsenal,72’,1:1,Viktor Gyökeres,Eberechi Eze,substitute_in
ENG-Premier League,2526,2025-11-30 Chelsea-Arsenal,Arsenal,88’,1:1,Viktor Gyökeres,,yellow_card
ENG-Premier League,2526,2025-11-30 Crystal Palace-Manchester Utd,Manchester United,17’,0:0,Bryan Mbeumo,,yellow_card
ENG-Premier League,2526,2025-11-30 Crystal Palace-Manchester Utd,Crystal Palace,36’,1:0,Jean-Philippe Mateta,,penalty_goal
ENG-Premier League,2526,2025-11-30 Crystal Palace-Manchester Utd,Crystal Palace,38’,1:0,Eddie Nketiah,Ismaila Sarr,substitute_in
ENG-Premier League,2526,2025-11-30 Crystal Palace-Manchester Utd,Crystal Palace,53’,1:0,Eddie Nketiah,,yellow_card
ENG-Premier League,2526,2025-11-30 Crystal Palace-Manchester Utd,Manchester United,54’,1:1,Joshua Zirkzee,Bruno Fernandes,goal
ENG-Premier League,2526,2025-11-30 Crystal Palace-Manchester Utd,Manchester United,54’,1:1,Noussair Mazraoui,Leny Yoro,substitute_in
ENG-Premier League,2526,2025-11-30 Crystal Palace-Manchester Utd,Manchester United,63’,1:2,Mason Mount,Bruno Fernandes,goal
ENG-Premier League,2526,2025-11-30 Crystal Palace-Manchester Utd,Manchester United,72’,1:2,Luke Shaw,,yellow_card
ENG-Premier League,2526,2025-11-30 Crystal Palace-Manchester Utd,Crystal Palace,75’,1:2,Marc Guéhi,,yellow_card
ENG-Premier League,2526,2025-11-30 Crystal Palace-Manchester Utd,Crystal Palace,78’,1:2,Christantus Uche,Yéremy Pino,substitute_in
ENG-Premier League,2526,2025-11-30 Crystal Palace-Manchester Utd,Crystal Palace,78’,1:2,Will Hughes,Adam Wharton,substitute_in
ENG-Premier League,2526,2025-11-30 Crystal Palace-Manchester Utd,Manchester United,82’,1:2,Lisandro Martínez,Luke Shaw,substitute_in
ENG-Premier League,2526,2025-11-30 Crystal Palace-Manchester Utd,Crystal Palace,85’,1:2,Jefferson Lerma,Daichi Kamada,substitute_in
ENG-Premier League,2526,2025-11-30 Crystal Palace-Manchester Utd,Crystal Palace,85’,1:2,Justin Devenny,Tyrick Mitchell,substitute_in
ENG-Premier League,2526,2025-11-30 Crystal Palace-Manchester Utd,Manchester United,90+1’,1:2,Patrick Dorgu,Amad Diallo,substitute_in
ENG-Premier League,2526,2025-11-30 Crystal Palace-Manchester Utd,Manchester United,90+1’,1:2,Kobbie Mainoo,Bryan Mbeumo,substitute_in
ENG-Premier League,2526,2025-11-30 Crystal Palace-Manchester Utd,Crystal Palace,90+3’,1:2,Jefferson Lerma,,yellow_card
ENG-Premier League,2526,2025-11-30 Nottingham-Brighton,Brighton & Hove Albion,44’,0:0,Mats Wieffer,,yellow_card
ENG-Premier League,2526,2025-11-30 Nottingham-Brighton,Brighton & Hove Albion,45+1’,0:1,Maxim De Cuyper,,goal
ENG-Premier League,2526,2025-11-30 Nottingham-Brighton,Nottingham Forest,46’,0:1,Omari Hutchinson,Dan Ndoye,substitute_in
ENG-Premier League,2526,2025-11-30 Nottingham-Brighton,Nottingham Forest,46’,0:1,Callum Hudson-Odoi,Nicolás Domínguez,substitute_in
ENG-Premier League,2526,2025-11-30 Nottingham-Brighton,Brighton & Hove Albion,56’,0:1,Jack Hinshelwood,Georginio Rutter,substitute_in
ENG-Premier League,2526,2025-11-30 Nottingham-Brighton,Brighton & Hove Albion,65’,0:1,Stefanos Tzimas,Danny Welbeck,substitute_in
ENG-Premier League,2526,2025-11-30 Nottingham-Brighton,Nottingham Forest,74’,0:1,Arnaud Kalimuendo,Igor Jesus,substitute_in
ENG-Premier League,2526,2025-11-30 Nottingham-Brighton,Nottingham Forest,74’,0:1,Ryan Yates,Ibrahim Sangaré,substitute_in
ENG-Premier League,2526,2025-11-30 Nottingham-Brighton,Brighton & Hove Albion,84’,0:1,Brajan Gruda,Yankuba Minteh,substitute_in
ENG-Premier League,2526,2025-11-30 Nottingham-Brighton,Brighton & Hove Albion,84’,0:1,Joël Veltman,Diego Gómez,substitute_in
ENG-Premier League,2526,2025-11-30 Nottingham-Brighton,Brighton & Hove Albion,84’,0:1,Carlos Baleba,Maxim De Cuyper,substitute_in
ENG-Premier League,2526,2025-11-30 Nottingham-Brighton,Nottingham Forest,85’,0:1,James Mcatee,Morgan Gibbs-White,substitute_in
ENG-Premier League,2526,2025-11-30 Nottingham-Brighton,Brighton & Hove Albion,88’,0:2,Stefanos Tzimas,,goal
ENG-Premier League,2526,2025-11-30 West Ham-Liverpool,Liverpool,60’,0:1,Alexander Isak,Cody Gakpo,goal
ENG-Premier League,2526,2025-11-30 West Ham-Liverpool,West Ham United,66’,0:1,Soungoutou Magassa,,yellow_card
ENG-Premier League,2526,2025-11-30 West Ham-Liverpool,West Ham United,68’,0:1,Luis Guilherme,Soungoutou Magassa,substitute_in
ENG-Premier League,2526,2025-11-30 West Ham-Liverpool,Liverpool,68’,0:1,Hugo Ekitike,Alexander Isak,substitute_in
ENG-Premier League,2526,2025-11-30 West Ham-Liverpool,Liverpool,75’,0:1,Curtis Jones,Florian Wirtz,substitute_in
ENG-Premier League,2526,2025-11-30 West Ham-Liverpool,West Ham United,78’,0:1,Niclas Füllkrug,Callum Wilson,substitute_in
ENG-Premier League,2526,2025-11-30 West Ham-Liverpool,West Ham United,83’,0:1,Lucas Paquetá,,yellow_card
ENG-Premier League,2526,2025-11-30 West Ham-Liverpool,West Ham United,84’,0:1,Lucas Paquetá,,yellow_red_card
ENG-Premier League,2526,2025-11-30 West Ham-Liverpool,Liverpool,85’,0:1,Andy Robertson,Milos Kerkez,substitute_in
ENG-Premier League,2526,2025-11-30 West Ham-Liverpool,West Ham United,88’,0:1,Tomáš Souček,Freddie Potts,substitute_in
ENG-Premier League,2526,2025-11-30 West Ham-Liverpool,Liverpool,90+2’,0:2,Cody Gakpo,Joe Gomez,goal
ENG-Premier League,2526,2025-12-02 Bournemouth-Everton,Everton,22’,0:0,Tim Iroegbunam,,yellow_card
ENG-Premier League,2526,2025-12-02 Bournemouth-Everton,Bournemouth,45’,0:0,Justin Kluivert,,yellow_card
ENG-Premier League,2526,2025-12-02 Bournemouth-Everton,Everton,49’,0:0,Vitaliy Mykolenko,,yellow_card
ENG-Premier League,2526,2025-12-02 Bournemouth-Everton,Bournemouth,53’,0:0,Tyler Adams,,yellow_card
ENG-Premier League,2526,2025-12-02 Bournemouth-Everton,Bournemouth,60’,0:0,Marcus Tavernier,Amine Adli,substitute_in
ENG-Premier League,2526,2025-12-02 Bournemouth-Everton,Bournemouth,61’,0:0,Evanilson,Eli Junior Kroupi,substitute_in
ENG-Premier League,2526,2025-12-02 Bournemouth-Everton,Bournemouth,70’,0:0,Julio Soler,Justin Kluivert,substitute_in
ENG-Premier League,2526,2025-12-02 Bournemouth-Everton,Everton,78’,0:1,Jack Grealish,Carlos Alcaraz,goal
ENG-Premier League,2526,2025-12-02 Bournemouth-Everton,Everton,79’,0:1,Carlos Alcaraz,,yellow_card
ENG-Premier League,2526,2025-12-02 Bournemouth-Everton,Bournemouth,80’,0:1,Enes Ünal,Alex Scott,substitute_in
ENG-Premier League,2526,2025-12-02 Bournemouth-Everton,Everton,80’,0:1,Beto,Thierno Barry,substitute_in
ENG-Premier League,2526,2025-12-02 Bournemouth-Everton,Everton,80’,0:1,Dwight McNeil,Carlos Alcaraz,substitute_in
ENG-Premier League,2526,2025-12-02 Bournemouth-Everton,Bournemouth,89’,0:1,Enes Ünal,,yellow_card
ENG-Premier League,2526,2025-12-02 Fulham-Manchester City,Manchester City,17’,0:1,Erling Haaland,Jeremy Doku,goal
ENG-Premier League,2526,2025-12-02 Fulham-Manchester City,Manchester City,37’,0:2,Tijjani Reijnders,Erling Haaland,goal
ENG-Premier League,2526,2025-12-02 Fulham-Manchester City,Manchester City,44’,0:3,Phil Foden,,goal
ENG-Premier League,2526,2025-12-02 Fulham-Manchester City,Fulham,45+2’,1:3,Emile Smith Rowe,Harry Wilson,goal
ENG-Premier League,2526,2025-12-02 Fulham-Manchester City,Fulham,46’,1:3,Timothy Castagne,Kenny Tete,substitute_in
ENG-Premier League,2526,2025-12-02 Fulham-Manchester City,Fulham,46’,1:3,Samuel Chukwueze,Saša Lukić,substitute_in
ENG-Premier League,2526,2025-12-02 Fulham-Manchester City,Manchester City,48’,1:4,Phil Foden,Erling Haaland,goal
ENG-Premier League,2526,2025-12-02 Fulham-Manchester City,Manchester City,54’,1:5,Sander Berge,,own_goal
ENG-Premier League,2526,2025-12-02 Fulham-Manchester City,Fulham,57’,2:5,Alex Iwobi,,goal
ENG-Premier League,2526,2025-12-02 Fulham-Manchester City,Manchester City,64’,2:5,John Stones,Nicolás González,substitute_in
ENG-Premier League,2526,2025-12-02 Fulham-Manchester City,Manchester City,64’,2:5,Sávio,Jeremy Doku,substitute_in
ENG-Premier League,2526,2025-12-02 Fulham-Manchester City,Fulham,72’,3:5,Samuel Chukwueze,,goal
ENG-Premier League,2526,2025-12-02 Fulham-Manchester City,Fulham,73’,3:5,Jonah Kusi-Asare,Raúl Jiménez,substitute_in
ENG-Premier League,2526,2025-12-02 Fulham-Manchester City,Fulham,74’,3:5,Joshua King,Emile Smith Rowe,substitute_in
ENG-Premier League,2526,2025-12-02 Fulham-Manchester City,Fulham,78’,4:5,Samuel Chukwueze,,goal
ENG-Premier League,2526,2025-12-02 Fulham-Manchester City,Fulham,82’,4:5,Kevin,Harry Wilson,substitute_in
ENG-Premier League,2526,2025-12-02 Fulham-Manchester City,Manchester City,82’,4:5,Rayan Cherki,Tijjani Reijnders,substitute_in
ENG-Premier League,2526,2025-12-02 Fulham-Manchester City,Manchester City,90+5’,4:5,Rayan Cherki,,yellow_card
ENG-Premier League,2526,2025-12-02 Fulham-Manchester City,Manchester City,90+7’,4:5,Nathan Aké,Phil Foden,substitute_in
ENG-Premier League,2526,2025-12-02 Newcastle-Tottenham,Tottenham Hotspur,23’,0:0,Cristian Romero,,yellow_card
ENG-Premier League,2526,2025-12-02 Newcastle-Tottenham,Newcastle United,46’,0:0,Bruno Guimarães,Sandro Tonali,substitute_in
ENG-Premier League,2526,2025-12-02 Newcastle-Tottenham,Tottenham Hotspur,56’,0:0,Rodrigo Bentancur,,yellow_card
ENG-Premier League,2526,2025-12-02 Newcastle-Tottenham,Newcastle United,66’,0:0,Anthony Gordon,Harvey Barnes,substitute_in
ENG-Premier League,2526,2025-12-02 Newcastle-Tottenham,Newcastle United,66’,0:0,Anthony Elanga,Jacob Murphy,substitute_in
ENG-Premier League,2526,2025-12-02 Newcastle-Tottenham,Newcastle United,71’,1:0,Bruno Guimarães,Nick Woltemade,goal
ENG-Premier League,2526,2025-12-02 Newcastle-Tottenham,Tottenham Hotspur,77’,1:0,Xavi Simons,Lucas Bergvall,substitute_in
ENG-Premier League,2526,2025-12-02 Newcastle-Tottenham,Tottenham Hotspur,77’,1:0,Richarlison,Randal Kolo Muani,substitute_in
ENG-Premier League,2526,2025-12-02 Newcastle-Tottenham,Tottenham Hotspur,77’,1:0,Mathys Tel,Brennan Johnson,substitute_in
ENG-Premier League,2526,2025-12-02 Newcastle-Tottenham,Tottenham Hotspur,78’,1:1,Cristian Romero,Mohammed Kudus,goal
ENG-Premier League,2526,2025-12-02 Newcastle-Tottenham,Newcastle United,86’,2:1,Anthony Gordon,,penalty_goal
ENG-Premier League,2526,2025-12-02 Newcastle-Tottenham,Tottenham Hotspur,86’,2:1,Richarlison,,yellow_card
ENG-Premier League,2526,2025-12-02 Newcastle-Tottenham,Tottenham Hotspur,87’,2:1,Archie Gray,Pape Matar Sarr,substitute_in
ENG-Premier League,2526,2025-12-02 Newcastle-Tottenham,Tottenham Hotspur,87’,2:1,Wilson Odobert,Mohammed Kudus,substitute_in
ENG-Premier League,2526,2025-12-02 Newcastle-Tottenham,Newcastle United,90+3’,2:1,Fabian Schär,Lewis Miley,substitute_in
ENG-Premier League,2526,2025-12-02 Newcastle-Tottenham,Tottenham Hotspur,90+5’,2:2,Cristian Romero,,goal
ENG-Premier League,2526,2025-12-03 Arsenal-Brentford,Arsenal,11’,1:0,Mikel Merino,Ben White,goal
ENG-Premier League,2526,2025-12-03 Arsenal-Brentford,Arsenal,44’,1:0,Jurriën Timber,Cristhian Mosquera,substitute_in
ENG-Premier League,2526,2025-12-03 Arsenal-Brentford,Brentford,60’,1:0,Igor Thiago,Kevin Schade,substitute_in
ENG-Premier League,2526,2025-12-03 Arsenal-Brentford,Arsenal,61’,1:0,Eberechi Eze,Gabriel Martinelli,substitute_in
ENG-Premier League,2526,2025-12-03 Arsenal-Brentford,Arsenal,61’,1:0,Bukayo Saka,Noni Madueke,substitute_in
ENG-Premier League,2526,2025-12-03 Arsenal-Brentford,Brentford,61’,1:0,Jordan Henderson,Vitaly Janelt,substitute_in
ENG-Premier League,2526,2025-12-03 Arsenal-Brentford,Brentford,61’,1:0,Mikkel Damsgaard,Mathias Jensen,substitute_in
ENG-Premier League,2526,2025-12-03 Arsenal-Brentford,Brentford,65’,1:0,Yehor Yarmoliuk,,yellow_card
ENG-Premier League,2526,2025-12-03 Arsenal-Brentford,Brentford,74’,1:0,Keane Lewis-Potter,Rico Henry,substitute_in
ENG-Premier League,2526,2025-12-03 Arsenal-Brentford,Brentford,74’,1:0,Nathan Collins,Ethan Pinnock,substitute_in
ENG-Premier League,2526,2025-12-03 Arsenal-Brentford,Arsenal,83’,1:0,Viktor Gyökeres,Declan Rice,substitute_in
ENG-Premier League,2526,2025-12-03 Arsenal-Brentford,Arsenal,90+1’,2:0,Bukayo Saka,Mikel Merino,goal
ENG-Premier League,2526,2025-12-03 Brighton-Aston Villa,Brighton & Hove Albion,24’,1:0,Jack Hinshelwood,Stefanos Tzimas,substitute_in
ENG-Premier League,2526,2025-12-03 Brighton-Aston Villa,Brighton & Hove Albion,29’,2:0,Pau Torres,,own_goal
ENG-Premier League,2526,2025-12-03 Brighton-Aston Villa,Aston Villa,37’,2:1,Ollie Watkins,Evann Guessand,goal
ENG-Premier League,2526,2025-12-03 Brighton-Aston Villa,Aston Villa,45+7’,2:2,Ollie Watkins,Morgan Rogers,goal
ENG-Premier League,2526,2025-12-03 Brighton-Aston Villa,Brighton & Hove Albion,45+8’,2:2,Bart Verbruggen,,yellow_card
ENG-Premier League,2526,2025-12-03 Brighton-Aston Villa,Aston Villa,60’,2:3,Amadou Onana,Matty Cash,goal
ENG-Premier League,2526,2025-12-03 Brighton-Aston Villa,Brighton & Hove Albion,67’,2:3,Danny Welbeck,Ferdi Kadioglu,substitute_in
ENG-Premier League,2526,2025-12-03 Brighton-Aston Villa,Aston Villa,70’,2:3,Youri Tielemans,Boubacar Kamara,substitute_in
ENG-Premier League,2526,2025-12-03 Brighton-Aston Villa,Aston Villa,70’,2:3,Lucas Digne,Ian Maatsen,substitute_in
ENG-Premier League,2526,2025-12-03 Brighton-Aston Villa,Aston Villa,75’,2:3,John McGinn,,yellow_card
ENG-Premier League,2526,2025-12-03 Brighton-Aston Villa,Brighton & Hove Albion,77’,2:3,Charalampos Kostoulas,Brajan Gruda,substitute_in
ENG-Premier League,2526,2025-12-03 Brighton-Aston Villa,Aston Villa,77’,2:3,Donyell Malen,John McGinn,substitute_in
ENG-Premier League,2526,2025-12-03 Brighton-Aston Villa,Brighton & Hove Albion,78’,2:3,Joël Veltman,Carlos Baleba,substitute_in
ENG-Premier League,2526,2025-12-03 Brighton-Aston Villa,Aston Villa,78’,2:4,Donyell Malen,,goal
ENG-Premier League,2526,2025-12-03 Brighton-Aston Villa,Brighton & Hove Albion,83’,3:4,Jan Paul van Hecke,Jack Hinshelwood,goal
ENG-Premier League,2526,2025-12-03 Brighton-Aston Villa,Brighton & Hove Albion,85’,3:4,Diego Gómez,,yellow_card
ENG-Premier League,2526,2025-12-03 Brighton-Aston Villa,Aston Villa,86’,3:4,Emi Buendía,Ollie Watkins,substitute_in
ENG-Premier League,2526,2025-12-03 Brighton-Aston Villa,Aston Villa,86’,3:4,Lamare Bogarde,Evann Guessand,substitute_in
ENG-Premier League,2526,2025-12-03 Brighton-Aston Villa,Aston Villa,90+5’,3:4,Marco Bizot,,yellow_card
ENG-Premier League,2526,2025-12-03 Brighton-Aston Villa,Brighton & Hove Albion,9’,1:0,Jan Paul van Hecke,Mats Wieffer,goal
ENG-Premier League,2526,2025-12-03 Burnley-Crystal Palace,Crystal Palace,44’,0:1,Daniel Muñoz,Marc Guéhi,goal
ENG-Premier League,2526,2025-12-03 Burnley-Crystal Palace,Burnley,46’,0:1,Jacob Bruun Larsen,Loum Tchaouna,substitute_in
ENG-Premier League,2526,2025-12-03 Burnley-Crystal Palace,Burnley,58’,0:1,Marcus Edwards,Jaidon Anthony,substitute_in
ENG-Premier League,2526,2025-12-03 Burnley-Crystal Palace,Burnley,59’,0:1,Hannibal Mejbri,Zian Flemming,substitute_in
ENG-Premier League,2526,2025-12-03 Burnley-Crystal Palace,Crystal Palace,64’,0:1,Justin Devenny,Yéremy Pino,substitute_in
ENG-Premier League,2526,2025-12-03 Burnley-Crystal Palace,Crystal Palace,64’,0:1,Eddie Nketiah,Jean-Philippe Mateta,substitute_in
ENG-Premier League,2526,2025-12-03 Burnley-Crystal Palace,Burnley,71’,0:1,Lesley Ugochukwu,Florentino Luís,substitute_in
ENG-Premier League,2526,2025-12-03 Burnley-Crystal Palace,Crystal Palace,76’,0:1,Will Hughes,Adam Wharton,substitute_in
ENG-Premier League,2526,2025-12-03 Burnley-Crystal Palace,Burnley,81’,0:1,Armando Broja,Josh Cullen,substitute_in
ENG-Premier League,2526,2025-12-03 Burnley-Crystal Palace,Crystal Palace,88’,0:1,Jaydee Canvot,Daichi Kamada,substitute_in
ENG-Premier League,2526,2025-12-03 Leeds United-Chelsea,Leeds United,35’,1:0,Anton Stach,,yellow_card
ENG-Premier League,2526,2025-12-03 Leeds United-Chelsea,Chelsea,39’,1:0,Estêvão Willian,,yellow_card
ENG-Premier League,2526,2025-12-03 Leeds United-Chelsea,Leeds United,43’,2:0,Ao Tanaka,Jayden Bogle,goal
ENG-Premier League,2526,2025-12-03 Leeds United-Chelsea,Chelsea,46’,2:0,Pedro Neto,Estêvão Willian,substitute_in
ENG-Premier League,2526,2025-12-03 Leeds United-Chelsea,Chelsea,46’,2:0,Malo Gusto,Benoît Badiashile,substitute_in
ENG-Premier League,2526,2025-12-03 Leeds United-Chelsea,Chelsea,50’,2:1,Pedro Neto,Jamie Gittens,goal
ENG-Premier League,2526,2025-12-03 Leeds United-Chelsea,Chelsea,61’,2:1,Alejandro Garnacho,Jamie Gittens,substitute_in
ENG-Premier League,2526,2025-12-03 Leeds United-Chelsea,Chelsea,61’,2:1,Cole Palmer,Liam Delap,substitute_in
ENG-Premier League,2526,2025-12-03 Leeds United-Chelsea,Leeds United,67’,2:1,Noah Okafor,Lukas Nmecha,substitute_in
ENG-Premier League,2526,2025-12-03 Leeds United-Chelsea,Leeds United,67’,2:1,Ilia Gruev,Ao Tanaka,substitute_in
ENG-Premier League,2526,2025-12-03 Leeds United-Chelsea,Leeds United,6’,1:0,Jaka Bijol,Anton Stach,goal
ENG-Premier League,2526,2025-12-03 Leeds United-Chelsea,Leeds United,72’,3:1,Dominic Calvert-Lewin,,goal
ENG-Premier League,2526,2025-12-03 Leeds United-Chelsea,Chelsea,77’,3:1,Marc Guiu,Andrey Santos,substitute_in
ENG-Premier League,2526,2025-12-03 Leeds United-Chelsea,Leeds United,86’,3:1,Joël Piroe,Dominic Calvert-Lewin,substitute_in
ENG-Premier League,2526,2025-12-03 Leeds United-Chelsea,Leeds United,87’,3:1,James Justin,Jayden Bogle,substitute_in
ENG-Premier League,2526,2025-12-03 Leeds United-Chelsea,Leeds United,90+4’,3:1,Sebastiaan Bornauw,Gabriel Gudmundsson,substitute_in
ENG-Premier League,2526,2025-12-03 Liverpool-Sunderland,Liverpool,46’,0:0,Mohamed Salah,Cody Gakpo,substitute_in
ENG-Premier League,2526,2025-12-03 Liverpool-Sunderland,Sunderland,54’,0:0,Enzo Le Fée,,yellow_card
ENG-Premier League,2526,2025-12-03 Liverpool-Sunderland,Liverpool,55’,0:0,Joe Gomez,,yellow_card
ENG-Premier League,2526,2025-12-03 Liverpool-Sunderland,Sunderland,62’,0:0,Wilson Isidor,Brian Brobbey,substitute_in
ENG-Premier League,2526,2025-12-03 Liverpool-Sunderland,Liverpool,65’,0:0,Curtis Jones,Joe Gomez,substitute_in
ENG-Premier League,2526,2025-12-03 Liverpool-Sunderland,Sunderland,67’,0:1,Chemsdine Talbi,Enzo Le Fée,goal
ENG-Premier League,2526,2025-12-03 Liverpool-Sunderland,Liverpool,74’,0:1,Hugo Ekitike,Alexis Mac Allister,substitute_in
ENG-Premier League,2526,2025-12-03 Liverpool-Sunderland,Sunderland,79’,0:1,Lutsharel Geertruida,Enzo Le Fée,substitute_in
ENG-Premier League,2526,2025-12-03 Liverpool-Sunderland,Liverpool,81’,1:1,Nordi Mukiele,,own_goal
ENG-Premier League,2526,2025-12-03 Liverpool-Sunderland,Liverpool,86’,1:1,Federico Chiesa,Alexander Isak,substitute_in
ENG-Premier League,2526,2025-12-03 Liverpool-Sunderland,Liverpool,86’,1:1,Milos Kerkez,Andy Robertson,substitute_in
ENG-Premier League,2526,2025-12-03 Liverpool-Sunderland,Sunderland,90+1’,1:1,Luke O'Nien,Chemsdine Talbi,substitute_in
ENG-Premier League,2526,2025-12-03 Wolves-Nottingham,Nottingham Forest,19’,0:0,Nikola Milenković,,yellow_card
ENG-Premier League,2526,2025-12-03 Wolves-Nottingham,Wolverhampton Wanderers,52’,0:0,João Gomes,,yellow_card
ENG-Premier League,2526,2025-12-03 Wolves-Nottingham,Nottingham Forest,61’,0:0,Elliot Anderson,,yellow_card
ENG-Premier League,2526,2025-12-03 Wolves-Nottingham,Wolverhampton Wanderers,67’,0:0,Yerson Mosquera,,yellow_card
ENG-Premier League,2526,2025-12-03 Wolves-Nottingham,Wolverhampton Wanderers,67’,0:0,Hwang Hee-chan,Jean-Ricner Bellegarde,substitute_in
ENG-Premier League,2526,2025-12-03 Wolves-Nottingham,Nottingham Forest,67’,0:0,Ryan Yates,Ibrahim Sangaré,substitute_in
ENG-Premier League,2526,2025-12-03 Wolves-Nottingham,Nottingham Forest,67’,0:0,Callum Hudson-Odoi,Dan Ndoye,substitute_in
ENG-Premier League,2526,2025-12-03 Wolves-Nottingham,Nottingham Forest,72’,0:1,Igor Jesus,Omari Hutchinson,goal
ENG-Premier League,2526,2025-12-03 Wolves-Nottingham,Wolverhampton Wanderers,81’,0:1,Ki-Jana Hoever,Jackson Tchatchoua,substitute_in
ENG-Premier League,2526,2025-12-03 Wolves-Nottingham,Wolverhampton Wanderers,81’,0:1,Tolu Arokodare,Jhon Arias,substitute_in
ENG-Premier League,2526,2025-12-03 Wolves-Nottingham,Wolverhampton Wanderers,81’,0:1,Mateus Mane,Yerson Mosquera,substitute_in
ENG-Premier League,2526,2025-12-03 Wolves-Nottingham,Wolverhampton Wanderers,85’,0:1,Marshall Munetsi,João Gomes,substitute_in
ENG-Premier League,2526,2025-12-03 Wolves-Nottingham,Nottingham Forest,90+3’,0:1,Nicolás Domínguez,Morgan Gibbs-White,substitute_in
ENG-Premier League,2526,2025-12-04 Manchester Utd-West Ham,West Ham United,37’,0:0,El Hadji Malick Diouf,,yellow_card
ENG-Premier League,2526,2025-12-04 Manchester Utd-West Ham,Manchester United,46’,0:0,Leny Yoro,Ayden Heaven,substitute_in
ENG-Premier League,2526,2025-12-04 Manchester Utd-West Ham,Manchester United,58’,1:0,Diogo Dalot,,goal
ENG-Premier League,2526,2025-12-04 Manchester Utd-West Ham,Manchester United,68’,1:0,Patrick Dorgu,Diogo Dalot,substitute_in
ENG-Premier League,2526,2025-12-04 Manchester Utd-West Ham,Manchester United,77’,1:0,Manuel Ugarte,Matheus Cunha,substitute_in
ENG-Premier League,2526,2025-12-04 Manchester Utd-West Ham,Manchester United,78’,1:0,Mason Mount,Joshua Zirkzee,substitute_in
ENG-Premier League,2526,2025-12-04 Manchester Utd-West Ham,West Ham United,78’,1:0,Aaron Wan-Bissaka,,yellow_card
ENG-Premier League,2526,2025-12-04 Manchester Utd-West Ham,West Ham United,83’,1:0,Andy Irving,Freddie Potts,substitute_in
ENG-Premier League,2526,2025-12-04 Manchester Utd-West Ham,West Ham United,83’,1:0,Mohamadou Kanté,Tomáš Souček,substitute_in
ENG-Premier League,2526,2025-12-04 Manchester Utd-West Ham,West Ham United,83’,1:1,Soungoutou Magassa,,goal
ENG-Premier League,2526,2025-12-04 Manchester Utd-West Ham,Manchester United,85’,1:1,Luke Shaw,,yellow_card
ENG-Premier League,2526,2025-12-04 Manchester Utd-West Ham,West Ham United,87’,1:1,Max Kilman,Callum Wilson,substitute_in
ENG-Premier League,2526,2025-12-04 Manchester Utd-West Ham,Manchester United,88’,1:1,Lisandro Martínez,Luke Shaw,substitute_in
ENG-Premier League,2526,2025-12-04 Manchester Utd-West Ham,Manchester United,8’,0:0,Ayden Heaven,,yellow_card
ENG-Premier League,2526,2025-12-06 Aston Villa-Arsenal,Aston Villa,36’,1:0,Matty Cash,,goal
ENG-Premier League,2526,2025-12-06 Aston Villa-Arsenal,Arsenal,46’,1:0,Viktor Gyökeres,Mikel Merino,substitute_in
ENG-Premier League,2526,2025-12-06 Aston Villa-Arsenal,Arsenal,46’,1:0,Leandro Trossard,Eberechi Eze,substitute_in
ENG-Premier League,2526,2025-12-06 Aston Villa-Arsenal,Arsenal,52’,1:1,Leandro Trossard,,goal
ENG-Premier League,2526,2025-12-06 Aston Villa-Arsenal,Aston Villa,66’,1:1,Donyell Malen,Ollie Watkins,substitute_in
ENG-Premier League,2526,2025-12-06 Aston Villa-Arsenal,Arsenal,72’,1:1,Riccardo Calafiori,,yellow_card
ENG-Premier League,2526,2025-12-06 Aston Villa-Arsenal,Arsenal,74’,1:1,Bukayo Saka,,yellow_card
ENG-Premier League,2526,2025-12-06 Aston Villa-Arsenal,Aston Villa,75’,1:1,Lamare Bogarde,Amadou Onana,substitute_in
ENG-Premier League,2526,2025-12-06 Aston Villa-Arsenal,Aston Villa,75’,1:1,Jadon Sancho,John McGinn,substitute_in
ENG-Premier League,2526,2025-12-06 Aston Villa-Arsenal,Arsenal,79’,1:1,Noni Madueke,Bukayo Saka,substitute_in
ENG-Premier League,2526,2025-12-06 Aston Villa-Arsenal,Aston Villa,86’,1:1,Victor Lindelöf,Pau Torres,substitute_in
ENG-Premier League,2526,2025-12-06 Aston Villa-Arsenal,Aston Villa,86’,1:1,Emi Buendía,Matty Cash,substitute_in
ENG-Premier League,2526,2025-12-06 Aston Villa-Arsenal,Arsenal,86’,1:1,Myles Lewis-Skelly,Riccardo Calafiori,substitute_in
ENG-Premier League,2526,2025-12-06 Aston Villa-Arsenal,Arsenal,86’,1:1,Gabriel Martinelli,Leandro Trossard,substitute_in
ENG-Premier League,2526,2025-12-06 Aston Villa-Arsenal,Aston Villa,90+5’,2:1,Emi Buendía,Boubacar Kamara,goal
ENG-Premier League,2526,2025-12-06 Bournemouth-Chelsea,Chelsea,32’,0:0,Marc Guiu,Liam Delap,substitute_in
ENG-Premier League,2526,2025-12-06 Bournemouth-Chelsea,Chelsea,58’,0:0,João Pedro,Cole Palmer,substitute_in
ENG-Premier League,2526,2025-12-06 Bournemouth-Chelsea,Bournemouth,62’,0:0,James Hill,Marcos Senesi,substitute_in
ENG-Premier League,2526,2025-12-06 Bournemouth-Chelsea,Bournemouth,74’,0:0,David Brooks,Justin Kluivert,substitute_in
ENG-Premier League,2526,2025-12-06 Bournemouth-Chelsea,Bournemouth,74’,0:0,Amine Adli,Álex Jiménez,substitute_in
ENG-Premier League,2526,2025-12-06 Bournemouth-Chelsea,Chelsea,77’,0:0,Estêvão Willian,Alejandro Garnacho,substitute_in
ENG-Premier League,2526,2025-12-06 Bournemouth-Chelsea,Chelsea,85’,0:0,Marc Guiu,,yellow_card
ENG-Premier League,2526,2025-12-06 Bournemouth-Chelsea,Bournemouth,87’,0:0,Enes Ünal,Evanilson,substitute_in
ENG-Premier League,2526,2025-12-06 Bournemouth-Chelsea,Chelsea,90+1’,0:0,Pedro Neto,,yellow_card
ENG-Premier League,2526,2025-12-06 Everton-Nottingham,Nottingham Forest,1’,0:0,Nicolò Savona,,yellow_card
ENG-Premier League,2526,2025-12-06 Everton-Nottingham,Everton,2’,1:0,Nikola Milenković,,own_goal
ENG-Premier League,2526,2025-12-06 Everton-Nottingham,Everton,45+3’,2:0,Thierno Barry,Iliman Ndiaye,goal
ENG-Premier League,2526,2025-12-06 Everton-Nottingham,Nottingham Forest,45+3’,2:0,Morato,,yellow_card
ENG-Premier League,2526,2025-12-06 Everton-Nottingham,Nottingham Forest,46’,2:0,Callum Hudson-Odoi,Dan Ndoye,substitute_in
ENG-Premier League,2526,2025-12-06 Everton-Nottingham,Nottingham Forest,46’,2:0,Ryan Yates,Ibrahim Sangaré,substitute_in
ENG-Premier League,2526,2025-12-06 Everton-Nottingham,Nottingham Forest,46’,2:0,Zach Abbott,Nicolò Savona,substitute_in
ENG-Premier League,2526,2025-12-06 Everton-Nottingham,Nottingham Forest,54’,2:0,Nikola Milenković,,yellow_card
ENG-Premier League,2526,2025-12-06 Everton-Nottingham,Everton,57’,2:0,Thierno Barry,,yellow_card
ENG-Premier League,2526,2025-12-06 Everton-Nottingham,Everton,62’,2:0,Beto,Thierno Barry,substitute_in
ENG-Premier League,2526,2025-12-06 Everton-Nottingham,Nottingham Forest,62’,2:0,Nicolás Domínguez,Ryan Yates,substitute_in
ENG-Premier League,2526,2025-12-06 Everton-Nottingham,Everton,73’,2:0,James Tarkowski,,yellow_card
ENG-Premier League,2526,2025-12-06 Everton-Nottingham,Everton,73’,2:0,Dwight McNeil,Carlos Alcaraz,substitute_in
ENG-Premier League,2526,2025-12-06 Everton-Nottingham,Everton,80’,3:0,Kiernan Dewsbury-Hall,Jake O'Brien,goal
ENG-Premier League,2526,2025-12-06 Everton-Nottingham,Everton,84’,3:0,Vitaliy Mykolenko,,yellow_card
ENG-Premier League,2526,2025-12-06 Everton-Nottingham,Everton,86’,3:0,Tyler Dibling,Jack Grealish,substitute_in
ENG-Premier League,2526,2025-12-06 Everton-Nottingham,Everton,90+3’,3:0,Jake O'Brien,,yellow_card
ENG-Premier League,2526,2025-12-06 Leeds United-Liverpool,Leeds United,20’,0:0,Jayden Bogle,,yellow_card
ENG-Premier League,2526,2025-12-06 Leeds United-Liverpool,Leeds United,26’,0:0,Gabriel Gudmundsson,,yellow_card
ENG-Premier League,2526,2025-12-06 Leeds United-Liverpool,Liverpool,45+3’,0:0,Conor Bradley,,yellow_card
ENG-Premier League,2526,2025-12-06 Leeds United-Liverpool,Liverpool,48’,0:1,Hugo Ekitike,,goal
ENG-Premier League,2526,2025-12-06 Leeds United-Liverpool,Liverpool,50’,0:2,Hugo Ekitike,,goal
ENG-Premier League,2526,2025-12-06 Leeds United-Liverpool,Leeds United,65’,0:2,Wilfried Gnonto,Noah Okafor,substitute_in
ENG-Premier League,2526,2025-12-06 Leeds United-Liverpool,Leeds United,65’,0:2,Brenden Aaronson,Jaka Bijol,substitute_in
ENG-Premier League,2526,2025-12-06 Leeds United-Liverpool,Leeds United,65’,0:2,Ao Tanaka,Ilia Gruev,substitute_in
ENG-Premier League,2526,2025-12-06 Leeds United-Liverpool,Liverpool,68’,0:2,Joe Gomez,Conor Bradley,substitute_in
ENG-Premier League,2526,2025-12-06 Leeds United-Liverpool,Liverpool,68’,0:2,Alexis Mac Allister,Florian Wirtz,substitute_in
ENG-Premier League,2526,2025-12-06 Leeds United-Liverpool,Leeds United,73’,1:2,Dominic Calvert-Lewin,,penalty_goal
ENG-Premier League,2526,2025-12-06 Leeds United-Liverpool,Leeds United,75’,2:2,Anton Stach,Brenden Aaronson,goal
ENG-Premier League,2526,2025-12-06 Leeds United-Liverpool,Liverpool,80’,2:3,Dominik Szoboszlai,Ryan Gravenberch,goal
ENG-Premier League,2526,2025-12-06 Leeds United-Liverpool,Liverpool,81’,2:3,Virgil van Dijk,,yellow_card
ENG-Premier League,2526,2025-12-06 Leeds United-Liverpool,Liverpool,83’,2:3,Wataru Endo,Cody Gakpo,substitute_in
ENG-Premier League,2526,2025-12-06 Leeds United-Liverpool,Liverpool,84’,2:3,Alexander Isak,Hugo Ekitike,substitute_in
ENG-Premier League,2526,2025-12-06 Leeds United-Liverpool,Leeds United,87’,2:3,Joël Piroe,Ethan Ampadu,substitute_in
ENG-Premier League,2526,2025-12-06 Leeds United-Liverpool,Leeds United,89’,2:3,Pascal Struijk,,yellow_card
ENG-Premier League,2526,2025-12-06 Leeds United-Liverpool,Liverpool,90+1’,2:3,Joe Gomez,,yellow_card
ENG-Premier League,2526,2025-12-06 Leeds United-Liverpool,Leeds United,90+3’,2:3,Sebastiaan Bornauw,Jayden Bogle,substitute_in
ENG-Premier League,2526,2025-12-06 Leeds United-Liverpool,Leeds United,90+6’,3:3,Ao Tanaka,,goal
ENG-Premier League,2526,2025-12-06 Manchester City-Sunderland,Manchester City,31’,1:0,Rúben Dias,Rayan Cherki,goal
ENG-Premier League,2526,2025-12-06 Manchester City-Sunderland,Manchester City,35’,2:0,Joško Gvardiol,Phil Foden,goal
ENG-Premier League,2526,2025-12-06 Manchester City-Sunderland,Manchester City,37’,2:0,Joško Gvardiol,,yellow_card
ENG-Premier League,2526,2025-12-06 Manchester City-Sunderland,Sunderland,56’,2:0,Brian Brobbey,Wilson Isidor,substitute_in
ENG-Premier League,2526,2025-12-06 Manchester City-Sunderland,Sunderland,56’,2:0,Chemsdine Talbi,Bertrand Traoré,substitute_in
ENG-Premier League,2526,2025-12-06 Manchester City-Sunderland,Manchester City,65’,3:0,Phil Foden,Rayan Cherki,goal
ENG-Premier League,2526,2025-12-06 Manchester City-Sunderland,Manchester City,69’,3:0,Tijjani Reijnders,Phil Foden,substitute_in
ENG-Premier League,2526,2025-12-06 Manchester City-Sunderland,Manchester City,69’,3:0,Omar Marmoush,Erling Haaland,substitute_in
ENG-Premier League,2526,2025-12-06 Manchester City-Sunderland,Manchester City,70’,3:0,Nathan Aké,Joško Gvardiol,substitute_in
ENG-Premier League,2526,2025-12-06 Manchester City-Sunderland,Sunderland,72’,3:0,Simon Adingra,Noah Sadiki,substitute_in
ENG-Premier League,2526,2025-12-06 Manchester City-Sunderland,Sunderland,73’,3:0,Romaine Mundle,Granit Xhaka,substitute_in
ENG-Premier League,2526,2025-12-06 Manchester City-Sunderland,Manchester City,82’,3:0,Sávio,Rayan Cherki,substitute_in
ENG-Premier League,2526,2025-12-06 Manchester City-Sunderland,Manchester City,82’,3:0,Rico Lewis,Bernardo Silva,substitute_in
ENG-Premier League,2526,2025-12-06 Manchester City-Sunderland,Sunderland,88’,3:0,Luke O'Nien,Trai Hume,substitute_in
ENG-Premier League,2526,2025-12-06 Manchester City-Sunderland,Sunderland,90+5’,3:0,Luke O'Nien,,red_card
ENG-Premier League,2526,2025-12-06 Newcastle-Burnley,Newcastle United,31’,1:0,Bruno Guimarães,,goal
ENG-Premier League,2526,2025-12-06 Newcastle-Burnley,Burnley,35’,1:0,Kyle Walker,,yellow_card
ENG-Premier League,2526,2025-12-06 Newcastle-Burnley,Burnley,43’,1:0,Lucas,,red_card
ENG-Premier League,2526,2025-12-06 Newcastle-Burnley,Newcastle United,45+8’,2:0,Anthony Gordon,,penalty_goal
ENG-Premier League,2526,2025-12-06 Newcastle-Burnley,Burnley,46’,2:0,Joe Worrall,Lyle Foster,substitute_in
ENG-Premier League,2526,2025-12-06 Newcastle-Burnley,Newcastle United,52’,2:0,Tino Livramento,,yellow_card
ENG-Premier League,2526,2025-12-06 Newcastle-Burnley,Newcastle United,63’,2:0,Lewis Hall,Dan Burn,substitute_in
ENG-Premier League,2526,2025-12-06 Newcastle-Burnley,Newcastle United,63’,2:0,Lewis Miley,Joe Willock,substitute_in
ENG-Premier League,2526,2025-12-06 Newcastle-Burnley,Burnley,65’,2:0,Josh Laurent,Florentino Luís,substitute_in
ENG-Premier League,2526,2025-12-06 Newcastle-Burnley,Newcastle United,74’,2:0,Yoane Wissa,Nick Woltemade,substitute_in
ENG-Premier League,2526,2025-12-06 Newcastle-Burnley,Newcastle United,74’,2:0,Joelinton,Anthony Gordon,substitute_in
ENG-Premier League,2526,2025-12-06 Newcastle-Burnley,Burnley,86’,2:0,Zian Flemming,Armando Broja,substitute_in
ENG-Premier League,2526,2025-12-06 Newcastle-Burnley,Burnley,86’,2:0,Jaidon Anthony,Jacob Bruun Larsen,substitute_in
ENG-Premier League,2526,2025-12-06 Newcastle-Burnley,Burnley,89’,2:0,Josh Laurent,,yellow_card
ENG-Premier League,2526,2025-12-06 Newcastle-Burnley,Newcastle United,90+3’,2:0,Jacob Ramsey,,yellow_card
ENG-Premier League,2526,2025-12-06 Newcastle-Burnley,Burnley,90+4’,2:1,Zian Flemming,,penalty_goal
ENG-Premier League,2526,2025-12-06 Newcastle-Burnley,Burnley,90+5’,2:1,Marcus Edwards,Hjalmar Ekdal,substitute_in
ENG-Premier League,2526,2025-12-06 Newcastle-Burnley,Newcastle United,90+6’,2:1,Sandro Tonali,Jacob Ramsey,substitute_in
ENG-Premier League,2526,2025-12-06 Tottenham-Brentford,Tottenham Hotspur,25’,1:0,Richarlison,Xavi Simons,goal
ENG-Premier League,2526,2025-12-06 Tottenham-Brentford,Brentford,28’,1:0,Michael Kayode,,yellow_card
ENG-Premier League,2526,2025-12-06 Tottenham-Brentford,Tottenham Hotspur,31’,1:0,Cristian Romero,,yellow_card
ENG-Premier League,2526,2025-12-06 Tottenham-Brentford,Tottenham Hotspur,43’,2:0,Xavi Simons,,goal
ENG-Premier League,2526,2025-12-06 Tottenham-Brentford,Brentford,45’,2:0,Kristoffer Ajer,,yellow_card
ENG-Premier League,2526,2025-12-06 Tottenham-Brentford,Brentford,46’,2:0,Rico Henry,Kristoffer Ajer,substitute_in
ENG-Premier League,2526,2025-12-06 Tottenham-Brentford,Tottenham Hotspur,47’,2:0,Pedro Porro,,yellow_card
ENG-Premier League,2526,2025-12-06 Tottenham-Brentford,Brentford,60’,2:0,Kevin Schade,,yellow_card
ENG-Premier League,2526,2025-12-06 Tottenham-Brentford,Brentford,61’,2:0,Mathias Jensen,Mikkel Damsgaard,substitute_in
ENG-Premier League,2526,2025-12-06 Tottenham-Brentford,Tottenham Hotspur,65’,2:0,João Palhinha,Rodrigo Bentancur,substitute_in
ENG-Premier League,2526,2025-12-06 Tottenham-Brentford,Brentford,72’,2:0,Yehor Yarmoliuk,,yellow_card
ENG-Premier League,2526,2025-12-06 Tottenham-Brentford,Tottenham Hotspur,74’,2:0,Wilson Odobert,Randal Kolo Muani,substitute_in
ENG-Premier League,2526,2025-12-06 Tottenham-Brentford,Brentford,76’,2:0,Aaron Hickey,Michael Kayode,substitute_in
ENG-Premier League,2526,2025-12-06 Tottenham-Brentford,Brentford,76’,2:0,Vitaly Janelt,Yehor Yarmoliuk,substitute_in
ENG-Premier League,2526,2025-12-06 Tottenham-Brentford,Tottenham Hotspur,77’,2:0,Archie Gray,,yellow_card
ENG-Premier League,2526,2025-12-06 Tottenham-Brentford,Tottenham Hotspur,80’,2:0,Pape Matar Sarr,Mohammed Kudus,substitute_in
ENG-Premier League,2526,2025-12-06 Tottenham-Brentford,Tottenham Hotspur,81’,2:0,Kevin Danso,Cristian Romero,substitute_in
ENG-Premier League,2526,2025-12-06 Tottenham-Brentford,Brentford,88’,2:0,Keane Lewis-Potter,Dango Ouattara,substitute_in
ENG-Premier League,2526,2025-12-07 Brighton-West Ham,Brighton & Hove Albion,10’,0:0,Ferdi Kadioglu,,yellow_card
ENG-Premier League,2526,2025-12-07 Brighton-West Ham,Brighton & Hove Albion,52’,0:0,Lewis Dunk,,yellow_card
ENG-Premier League,2526,2025-12-07 Brighton-West Ham,Brighton & Hove Albion,60’,0:0,Jack Hinshelwood,Carlos Baleba,substitute_in
ENG-Premier League,2526,2025-12-07 Brighton-West Ham,West Ham United,60’,0:0,Guido Rodríguez,,yellow_card
ENG-Premier League,2526,2025-12-07 Brighton-West Ham,West Ham United,64’,0:0,Freddie Potts,Guido Rodríguez,substitute_in
ENG-Premier League,2526,2025-12-07 Brighton-West Ham,Brighton & Hove Albion,72’,0:0,Charalampos Kostoulas,Maxim De Cuyper,substitute_in
ENG-Premier League,2526,2025-12-07 Brighton-West Ham,Brighton & Hove Albion,72’,0:0,Brajan Gruda,Yankuba Minteh,substitute_in
ENG-Premier League,2526,2025-12-07 Brighton-West Ham,West Ham United,72’,0:0,Callum Wilson,Crysencio Summerville,substitute_in
ENG-Premier League,2526,2025-12-07 Brighton-West Ham,West Ham United,73’,0:1,Jarrod Bowen,Callum Wilson,goal
ENG-Premier League,2526,2025-12-07 Brighton-West Ham,West Ham United,77’,0:1,Freddie Potts,,yellow_card
ENG-Premier League,2526,2025-12-07 Brighton-West Ham,West Ham United,82’,0:1,Tomáš Souček,Lucas Paquetá,substitute_in
ENG-Premier League,2526,2025-12-07 Brighton-West Ham,West Ham United,82’,0:1,Soungoutou Magassa,Mateus Fernandes,substitute_in
ENG-Premier League,2526,2025-12-07 Brighton-West Ham,Brighton & Hove Albion,83’,0:1,Olivier Boscagli,Ferdi Kadioglu,substitute_in
ENG-Premier League,2526,2025-12-07 Brighton-West Ham,West Ham United,83’,0:1,Ezra Mayers,El Hadji Malick Diouf,substitute_in
ENG-Premier League,2526,2025-12-07 Brighton-West Ham,Brighton & Hove Albion,90+1’,1:1,Georginio Rutter,Jan Paul van Hecke,goal
ENG-Premier League,2526,2025-12-07 Fulham-Crystal Palace,Crystal Palace,20’,0:1,Eddie Nketiah,Adam Wharton,goal
ENG-Premier League,2526,2025-12-07 Fulham-Crystal Palace,Fulham,38’,1:1,Harry Wilson,Raúl Jiménez,goal
ENG-Premier League,2526,2025-12-07 Fulham-Crystal Palace,Crystal Palace,65’,1:1,Jefferson Lerma,Eddie Nketiah,substitute_in
ENG-Premier League,2526,2025-12-07 Fulham-Crystal Palace,Crystal Palace,66’,1:1,Christantus Uche,Jean-Philippe Mateta,substitute_in
ENG-Premier League,2526,2025-12-07 Fulham-Crystal Palace,Fulham,68’,1:1,Kevin,Emile Smith Rowe,substitute_in
ENG-Premier League,2526,2025-12-07 Fulham-Crystal Palace,Fulham,76’,1:1,Joshua King,Samuel Chukwueze,substitute_in
ENG-Premier League,2526,2025-12-07 Fulham-Crystal Palace,Fulham,76’,1:1,Saša Lukić,Sander Berge,substitute_in
ENG-Premier League,2526,2025-12-07 Fulham-Crystal Palace,Crystal Palace,77’,1:1,Jaydee Canvot,Nathaniel Clyne,substitute_in
ENG-Premier League,2526,2025-12-07 Fulham-Crystal Palace,Crystal Palace,87’,1:2,Marc Guéhi,Yéremy Pino,goal
ENG-Premier League,2526,2025-12-07 Fulham-Crystal Palace,Fulham,88’,1:2,Tom Cairney,Harry Wilson,substitute_in
ENG-Premier League,2526,2025-12-07 Fulham-Crystal Palace,Fulham,89’,1:2,Adama Traoré,Alex Iwobi,substitute_in
ENG-Premier League,2526,2025-12-07 Fulham-Crystal Palace,Crystal Palace,90+2’,1:2,Justin Devenny,Yéremy Pino,substitute_in
ENG-Premier League,2526,2025-12-08 Wolves-Manchester Utd,Manchester United,25’,0:1,Bruno Fernandes,Matheus Cunha,goal
ENG-Premier League,2526,2025-12-08 Wolves-Manchester Utd,Manchester United,38’,0:1,Bryan Mbeumo,,yellow_card
ENG-Premier League,2526,2025-12-08 Wolves-Manchester Utd,Wolverhampton Wanderers,44’,0:1,Jørgen Strand Larsen,,yellow_card
ENG-Premier League,2526,2025-12-08 Wolves-Manchester Utd,Wolverhampton Wanderers,45+2’,1:1,Jean-Ricner Bellegarde,David Møller Wolfe,goal
ENG-Premier League,2526,2025-12-08 Wolves-Manchester Utd,Wolverhampton Wanderers,46’,1:1,Ladislav Krejčí,,yellow_card
ENG-Premier League,2526,2025-12-08 Wolves-Manchester Utd,Manchester United,51’,1:2,Bryan Mbeumo,Diogo Dalot,goal
ENG-Premier League,2526,2025-12-08 Wolves-Manchester Utd,Wolverhampton Wanderers,54’,1:2,Fer López,Jean-Ricner Bellegarde,substitute_in
ENG-Premier League,2526,2025-12-08 Wolves-Manchester Utd,Manchester United,62’,1:3,Mason Mount,Bruno Fernandes,goal
ENG-Premier League,2526,2025-12-08 Wolves-Manchester Utd,Wolverhampton Wanderers,69’,1:3,Tolu Arokodare,Jørgen Strand Larsen,substitute_in
ENG-Premier League,2526,2025-12-08 Wolves-Manchester Utd,Manchester United,69’,1:3,Leny Yoro,Ayden Heaven,substitute_in
ENG-Premier League,2526,2025-12-08 Wolves-Manchester Utd,Manchester United,69’,1:3,Lisandro Martínez,Noussair Mazraoui,substitute_in
ENG-Premier League,2526,2025-12-08 Wolves-Manchester Utd,Wolverhampton Wanderers,70’,1:3,Mateus Mane,Jhon Arias,substitute_in
ENG-Premier League,2526,2025-12-08 Wolves-Manchester Utd,Wolverhampton Wanderers,70’,1:3,Hugo Bueno,Toti Gomes,substitute_in
ENG-Premier League,2526,2025-12-08 Wolves-Manchester Utd,Manchester United,78’,1:3,Kobbie Mainoo,Casemiro,substitute_in
ENG-Premier League,2526,2025-12-08 Wolves-Manchester Utd,Wolverhampton Wanderers,81’,1:3,Yerson Mosquera,,yellow_card
ENG-Premier League,2526,2025-12-08 Wolves-Manchester Utd,Manchester United,82’,1:4,Bruno Fernandes,,penalty_goal
ENG-Premier League,2526,2025-12-08 Wolves-Manchester Utd,Manchester United,84’,1:4,Patrick Dorgu,Diogo Dalot,substitute_in
ENG-Premier League,2526,2025-12-08 Wolves-Manchester Utd,Manchester United,84’,1:4,Joshua Zirkzee,Mason Mount,substitute_in
ENG-Premier League,2526,2025-12-08 Wolves-Manchester Utd,Wolverhampton Wanderers,86’,1:4,Jackson Tchatchoua,Ki-Jana Hoever,substitute_in
ENG-Premier League,2526,2025-12-08 Wolves-Manchester Utd,Manchester United,90+6’,1:4,Joshua Zirkzee,,yellow_card
ENG-Premier League,2526,2025-12-13 Arsenal-Wolves,Arsenal,31’,0:0,Myles Lewis-Skelly,Ben White,substitute_in
ENG-Premier League,2526,2025-12-13 Arsenal-Wolves,Arsenal,57’,0:0,Martin Ødegaard,Eberechi Eze,substitute_in
ENG-Premier League,2526,2025-12-13 Arsenal-Wolves,Arsenal,57’,0:0,Leandro Trossard,Gabriel Martinelli,substitute_in
ENG-Premier League,2526,2025-12-13 Arsenal-Wolves,Arsenal,57’,0:0,Mikel Merino,Martín Zubimendi,substitute_in
ENG-Premier League,2526,2025-12-13 Arsenal-Wolves,Wolverhampton Wanderers,60’,0:0,Hwang Hee-chan,,yellow_card
ENG-Premier League,2526,2025-12-13 Arsenal-Wolves,Wolverhampton Wanderers,65’,0:0,Matt Doherty,,yellow_card
ENG-Premier League,2526,2025-12-13 Arsenal-Wolves,Wolverhampton Wanderers,69’,0:0,Jackson Tchatchoua,Matt Doherty,substitute_in
ENG-Premier League,2526,2025-12-13 Arsenal-Wolves,Wolverhampton Wanderers,69’,0:0,Tolu Arokodare,Jørgen Strand Larsen,substitute_in
ENG-Premier League,2526,2025-12-13 Arsenal-Wolves,Arsenal,70’,1:0,Sam Johnstone,,own_goal
ENG-Premier League,2526,2025-12-13 Arsenal-Wolves,Wolverhampton Wanderers,80’,1:0,Fer López,Ladislav Krejčí,substitute_in
ENG-Premier League,2526,2025-12-13 Arsenal-Wolves,Wolverhampton Wanderers,80’,1:0,Jhon Arias,Hwang Hee-chan,substitute_in
ENG-Premier League,2526,2025-12-13 Arsenal-Wolves,Arsenal,81’,1:0,Gabriel Jesus,Viktor Gyökeres,substitute_in
ENG-Premier League,2526,2025-12-13 Arsenal-Wolves,Wolverhampton Wanderers,86’,1:0,Mateus Mane,Toti Gomes,substitute_in
ENG-Premier League,2526,2025-12-13 Arsenal-Wolves,Arsenal,90+4’,2:1,Yerson Mosquera,,own_goal
ENG-Premier League,2526,2025-12-13 Arsenal-Wolves,Wolverhampton Wanderers,90+6’,2:1,Yerson Mosquera,,yellow_card
ENG-Premier League,2526,2025-12-13 Arsenal-Wolves,Wolverhampton Wanderers,90+8’,2:1,Emmanuel Agbadou,,yellow_card
ENG-Premier League,2526,2025-12-13 Arsenal-Wolves,Wolverhampton Wanderers,90’,1:1,Tolu Arokodare,Mateus Mane,goal
ENG-Premier League,2526,2025-12-13 Burnley-Fulham,Burnley,21’,1:1,Lesley Ugochukwu,Josh Cullen,goal
ENG-Premier League,2526,2025-12-13 Burnley-Fulham,Fulham,31’,1:2,Calvin Bassey,Harry Wilson,goal
ENG-Premier League,2526,2025-12-13 Burnley-Fulham,Fulham,37’,1:2,Joachim Andersen,,yellow_card
ENG-Premier League,2526,2025-12-13 Burnley-Fulham,Fulham,58’,1:3,Harry Wilson,Samuel Chukwueze,goal
ENG-Premier League,2526,2025-12-13 Burnley-Fulham,Burnley,62’,1:3,Marcus Edwards,Florentino Luís,substitute_in
ENG-Premier League,2526,2025-12-13 Burnley-Fulham,Burnley,62’,1:3,Zian Flemming,Lyle Foster,substitute_in
ENG-Premier League,2526,2025-12-13 Burnley-Fulham,Burnley,66’,1:3,Josh Cullen,,yellow_card
ENG-Premier League,2526,2025-12-13 Burnley-Fulham,Burnley,77’,1:3,Oliver Sonne,Axel Tuanzebe,substitute_in
ENG-Premier League,2526,2025-12-13 Burnley-Fulham,Burnley,77’,1:3,Jaidon Anthony,Jacob Bruun Larsen,substitute_in
ENG-Premier League,2526,2025-12-13 Burnley-Fulham,Fulham,79’,1:3,Joshua King,Raúl Jiménez,substitute_in
ENG-Premier League,2526,2025-12-13 Burnley-Fulham,Fulham,79’,1:3,Saša Lukić,Alex Iwobi,substitute_in
ENG-Premier League,2526,2025-12-13 Burnley-Fulham,Fulham,82’,1:3,Kenny Tete,,yellow_card
ENG-Premier League,2526,2025-12-13 Burnley-Fulham,Burnley,83’,1:3,Mike Trésor,Lesley Ugochukwu,substitute_in
ENG-Premier League,2526,2025-12-13 Burnley-Fulham,Burnley,86’,2:3,Oliver Sonne,,goal
ENG-Premier League,2526,2025-12-13 Burnley-Fulham,Fulham,89’,2:3,Adama Traoré,Harry Wilson,substitute_in
ENG-Premier League,2526,2025-12-13 Burnley-Fulham,Fulham,89’,2:3,Timothy Castagne,Emile Smith Rowe,substitute_in
ENG-Premier League,2526,2025-12-13 Burnley-Fulham,Fulham,9’,0:1,Emile Smith Rowe,Harry Wilson,goal
ENG-Premier League,2526,2025-12-13 Chelsea-Everton,Everton,16’,0:0,Carlos Alcaraz,Kiernan Dewsbury-Hall,substitute_in
ENG-Premier League,2526,2025-12-13 Chelsea-Everton,Chelsea,21’,1:0,Cole Palmer,Malo Gusto,goal
ENG-Premier League,2526,2025-12-13 Chelsea-Everton,Chelsea,45’,2:0,Malo Gusto,Pedro Neto,goal
ENG-Premier League,2526,2025-12-13 Chelsea-Everton,Chelsea,58’,2:0,Andrey Santos,Cole Palmer,substitute_in
ENG-Premier League,2526,2025-12-13 Chelsea-Everton,Chelsea,65’,2:0,Jamie Gittens,Alejandro Garnacho,substitute_in
ENG-Premier League,2526,2025-12-13 Chelsea-Everton,Everton,68’,2:0,Beto,Thierno Barry,substitute_in
ENG-Premier League,2526,2025-12-13 Chelsea-Everton,Chelsea,76’,2:0,Wesley Fofana,,yellow_card
ENG-Premier League,2526,2025-12-13 Chelsea-Everton,Chelsea,81’,2:0,Estêvão Willian,João Pedro,substitute_in
ENG-Premier League,2526,2025-12-13 Chelsea-Everton,Everton,84’,2:0,Tyler Dibling,Jack Grealish,substitute_in
ENG-Premier League,2526,2025-12-13 Chelsea-Everton,Everton,84’,2:0,Tim Iroegbunam,James Garner,substitute_in
ENG-Premier League,2526,2025-12-13 Liverpool-Brighton,Liverpool,1’,1:0,Hugo Ekitike,Joe Gomez,goal
ENG-Premier League,2526,2025-12-13 Liverpool-Brighton,Liverpool,26’,1:0,Mohamed Salah,Joe Gomez,substitute_in
ENG-Premier League,2526,2025-12-13 Liverpool-Brighton,Brighton & Hove Albion,45+3’,1:0,Diego Gómez,,yellow_card
ENG-Premier League,2526,2025-12-13 Liverpool-Brighton,Brighton & Hove Albion,59’,1:0,Lewis Dunk,,yellow_card
ENG-Premier League,2526,2025-12-13 Liverpool-Brighton,Liverpool,60’,2:0,Hugo Ekitike,Mohamed Salah,goal
ENG-Premier League,2526,2025-12-13 Liverpool-Brighton,Liverpool,64’,2:0,Ibrahima Konaté,,yellow_card
ENG-Premier League,2526,2025-12-13 Liverpool-Brighton,Brighton & Hove Albion,64’,2:0,Yasin Ayari,Carlos Baleba,substitute_in
ENG-Premier League,2526,2025-12-13 Liverpool-Brighton,Brighton & Hove Albion,64’,2:0,Kaoru Mitoma,Brajan Gruda,substitute_in
ENG-Premier League,2526,2025-12-13 Liverpool-Brighton,Liverpool,78’,2:0,Alexander Isak,Hugo Ekitike,substitute_in
ENG-Premier League,2526,2025-12-13 Liverpool-Brighton,Liverpool,78’,2:0,Andy Robertson,Florian Wirtz,substitute_in
ENG-Premier League,2526,2025-12-13 Liverpool-Brighton,Brighton & Hove Albion,82’,2:0,Danny Welbeck,Jack Hinshelwood,substitute_in
ENG-Premier League,2526,2025-12-13 Liverpool-Brighton,Brighton & Hove Albion,82’,2:0,Charalampos Kostoulas,Georginio Rutter,substitute_in
ENG-Premier League,2526,2025-12-13 Liverpool-Brighton,Liverpool,83’,2:0,Federico Chiesa,Dominik Szoboszlai,substitute_in
ENG-Premier League,2526,2025-12-13 Liverpool-Brighton,Brighton & Hove Albion,87’,2:0,James Milner,Diego Gómez,substitute_in
ENG-Premier League,2526,2025-12-14 Brentford-Leeds United,Brentford,61’,0:0,Rico Henry,Aaron Hickey,substitute_in
ENG-Premier League,2526,2025-12-14 Brentford-Leeds United,Brentford,61’,0:0,Mikkel Damsgaard,Keane Lewis-Potter,substitute_in
ENG-Premier League,2526,2025-12-14 Brentford-Leeds United,Brentford,70’,1:0,Jordan Henderson,,goal
ENG-Premier League,2526,2025-12-14 Brentford-Leeds United,Leeds United,73’,1:0,Wilfried Gnonto,Jaka Bijol,substitute_in
ENG-Premier League,2526,2025-12-14 Brentford-Leeds United,Leeds United,73’,1:0,Brenden Aaronson,Ao Tanaka,substitute_in
ENG-Premier League,2526,2025-12-14 Brentford-Leeds United,Brentford,80’,1:0,Yehor Yarmoliuk,Vitaly Janelt,substitute_in
ENG-Premier League,2526,2025-12-14 Brentford-Leeds United,Brentford,81’,1:0,Kristoffer Ajer,Mathias Jensen,substitute_in
ENG-Premier League,2526,2025-12-14 Brentford-Leeds United,Leeds United,82’,1:1,Dominic Calvert-Lewin,Wilfried Gnonto,goal
ENG-Premier League,2526,2025-12-14 Brentford-Leeds United,Leeds United,89’,1:1,James Justin,Gabriel Gudmundsson,substitute_in
ENG-Premier League,2526,2025-12-14 Brentford-Leeds United,Leeds United,90+2’,1:1,Jack Harrison,Noah Okafor,substitute_in
ENG-Premier League,2526,2025-12-14 Crystal Palace-Manchester City,Manchester City,41’,0:1,Erling Haaland,Matheus Nunes,goal
ENG-Premier League,2526,2025-12-14 Crystal Palace-Manchester City,Crystal Palace,62’,0:1,Daichi Kamada,,yellow_card
ENG-Premier League,2526,2025-12-14 Crystal Palace-Manchester City,Crystal Palace,63’,0:1,Eddie Nketiah,Jean-Philippe Mateta,substitute_in
ENG-Premier League,2526,2025-12-14 Crystal Palace-Manchester City,Crystal Palace,67’,0:1,Will Hughes,Daichi Kamada,substitute_in
ENG-Premier League,2526,2025-12-14 Crystal Palace-Manchester City,Manchester City,69’,0:2,Phil Foden,Rayan Cherki,goal
ENG-Premier League,2526,2025-12-14 Crystal Palace-Manchester City,Crystal Palace,77’,0:2,Christantus Uche,Nathaniel Clyne,substitute_in
ENG-Premier League,2526,2025-12-14 Crystal Palace-Manchester City,Manchester City,85’,0:2,Sávio,Tijjani Reijnders,substitute_in
ENG-Premier League,2526,2025-12-14 Crystal Palace-Manchester City,Crystal Palace,88’,0:2,Dean Henderson,,yellow_card
ENG-Premier League,2526,2025-12-14 Crystal Palace-Manchester City,Manchester City,89’,0:3,Erling Haaland,,penalty_goal
ENG-Premier League,2526,2025-12-14 Crystal Palace-Manchester City,Manchester City,90+1’,0:3,Rayan Aït-Nouri,Nico O'Reilly,substitute_in
ENG-Premier League,2526,2025-12-14 Crystal Palace-Manchester City,Manchester City,90+1’,0:3,Omar Marmoush,Erling Haaland,substitute_in
ENG-Premier League,2526,2025-12-14 Crystal Palace-Manchester City,Manchester City,90+1’,0:3,Rico Lewis,Bernardo Silva,substitute_in
ENG-Premier League,2526,2025-12-14 Nottingham-Tottenham,Nottingham Forest,28’,1:0,Callum Hudson-Odoi,Ibrahim Sangaré,goal
ENG-Premier League,2526,2025-12-14 Nottingham-Tottenham,Nottingham Forest,31’,1:0,Nicolò Savona,,yellow_card
ENG-Premier League,2526,2025-12-14 Nottingham-Tottenham,Tottenham Hotspur,40’,1:0,Archie Gray,,yellow_card
ENG-Premier League,2526,2025-12-14 Nottingham-Tottenham,Nottingham Forest,50’,2:0,Callum Hudson-Odoi,Ibrahim Sangaré,goal
ENG-Premier League,2526,2025-12-14 Nottingham-Tottenham,Tottenham Hotspur,59’,2:0,Ben Davies,Djed Spence,substitute_in
ENG-Premier League,2526,2025-12-14 Nottingham-Tottenham,Tottenham Hotspur,59’,2:0,Lucas Bergvall,Rodrigo Bentancur,substitute_in
ENG-Premier League,2526,2025-12-14 Nottingham-Tottenham,Tottenham Hotspur,59’,2:0,João Palhinha,Archie Gray,substitute_in
ENG-Premier League,2526,2025-12-14 Nottingham-Tottenham,Tottenham Hotspur,70’,2:0,Lucas Bergvall,,yellow_card
ENG-Premier League,2526,2025-12-14 Nottingham-Tottenham,Nottingham Forest,79’,3:0,Ibrahim Sangaré,Callum Hudson-Odoi,goal
ENG-Premier League,2526,2025-12-14 Nottingham-Tottenham,Tottenham Hotspur,80’,3:0,Mathys Tel,Randal Kolo Muani,substitute_in
ENG-Premier League,2526,2025-12-14 Nottingham-Tottenham,Tottenham Hotspur,80’,3:0,Brennan Johnson,Mohammed Kudus,substitute_in
ENG-Premier League,2526,2025-12-14 Nottingham-Tottenham,Tottenham Hotspur,84’,3:0,Pedro Porro,,yellow_card
ENG-Premier League,2526,2025-12-14 Nottingham-Tottenham,Nottingham Forest,85’,3:0,Douglas Luiz,Igor Jesus,substitute_in
ENG-Premier League,2526,2025-12-14 Nottingham-Tottenham,Nottingham Forest,90+2’,3:0,Dan Ndoye,Callum Hudson-Odoi,substitute_in
ENG-Premier League,2526,2025-12-14 Sunderland-Newcastle,Sunderland,27’,0:0,Brian Brobbey,,yellow_card
ENG-Premier League,2526,2025-12-14 Sunderland-Newcastle,Sunderland,34’,0:0,Nordi Mukiele,,yellow_card
ENG-Premier League,2526,2025-12-14 Sunderland-Newcastle,Newcastle United,42’,0:0,Fabian Schär,Dan Burn,substitute_in
ENG-Premier League,2526,2025-12-14 Sunderland-Newcastle,Sunderland,46’,1:0,Nick Woltemade,,own_goal
ENG-Premier League,2526,2025-12-14 Sunderland-Newcastle,Newcastle United,57’,1:0,Sandro Tonali,,yellow_card
ENG-Premier League,2526,2025-12-14 Sunderland-Newcastle,Sunderland,58’,1:0,Reinildo Mandava,,yellow_card
ENG-Premier League,2526,2025-12-14 Sunderland-Newcastle,Newcastle United,59’,1:0,Harvey Barnes,Anthony Gordon,substitute_in
ENG-Premier League,2526,2025-12-14 Sunderland-Newcastle,Newcastle United,59’,1:0,Jacob Murphy,Anthony Elanga,substitute_in
ENG-Premier League,2526,2025-12-14 Sunderland-Newcastle,Newcastle United,59’,1:0,Joe Willock,Sandro Tonali,substitute_in
ENG-Premier League,2526,2025-12-14 Sunderland-Newcastle,Sunderland,70’,1:0,Trai Hume,Bertrand Traoré,substitute_in
ENG-Premier League,2526,2025-12-14 Sunderland-Newcastle,Sunderland,70’,1:0,Wilson Isidor,Brian Brobbey,substitute_in
ENG-Premier League,2526,2025-12-14 Sunderland-Newcastle,Newcastle United,75’,1:0,Yoane Wissa,Nick Woltemade,substitute_in
ENG-Premier League,2526,2025-12-14 Sunderland-Newcastle,Sunderland,83’,1:0,Romaine Mundle,Chemsdine Talbi,substitute_in
ENG-Premier League,2526,2025-12-14 Sunderland-Newcastle,Sunderland,86’,1:0,Enzo Le Fée,,yellow_card
ENG-Premier League,2526,2025-12-14 Sunderland-Newcastle,Sunderland,90+4’,1:0,Wilson Isidor,,yellow_card
ENG-Premier League,2526,2025-12-14 Sunderland-Newcastle,Newcastle United,90+4’,1:0,Bruno Guimarães,,yellow_card
ENG-Premier League,2526,2025-12-14 Sunderland-Newcastle,Newcastle United,90+4’,1:0,Joe Willock,,yellow_card
ENG-Premier League,2526,2025-12-14 Sunderland-Newcastle,Newcastle United,90+5’,1:0,Malick Thiaw,,yellow_card
ENG-Premier League,2526,2025-12-14 West Ham-Aston Villa,West Ham United,1’,1:0,Mateus Fernandes,,goal
ENG-Premier League,2526,2025-12-14 West Ham-Aston Villa,West Ham United,24’,2:1,Jarrod Bowen,Freddie Potts,goal
ENG-Premier League,2526,2025-12-14 West Ham-Aston Villa,Aston Villa,38’,2:1,Boubacar Kamara,,yellow_card
ENG-Premier League,2526,2025-12-14 West Ham-Aston Villa,Aston Villa,42’,2:1,Matty Cash,,yellow_card
ENG-Premier League,2526,2025-12-14 West Ham-Aston Villa,Aston Villa,50’,2:2,Morgan Rogers,Youri Tielemans,goal
ENG-Premier League,2526,2025-12-14 West Ham-Aston Villa,Aston Villa,64’,2:2,Donyell Malen,Amadou Onana,substitute_in
ENG-Premier League,2526,2025-12-14 West Ham-Aston Villa,Aston Villa,75’,2:2,Lucas Digne,Ian Maatsen,substitute_in
ENG-Premier League,2526,2025-12-14 West Ham-Aston Villa,Aston Villa,75’,2:2,Emi Buendía,Ollie Watkins,substitute_in
ENG-Premier League,2526,2025-12-14 West Ham-Aston Villa,Aston Villa,79’,2:3,Morgan Rogers,Victor Lindelöf,goal
ENG-Premier League,2526,2025-12-14 West Ham-Aston Villa,West Ham United,81’,2:3,Callum Wilson,Soungoutou Magassa,substitute_in
ENG-Premier League,2526,2025-12-14 West Ham-Aston Villa,West Ham United,88’,2:3,Tomáš Souček,Freddie Potts,substitute_in
ENG-Premier League,2526,2025-12-14 West Ham-Aston Villa,West Ham United,88’,2:3,Mohamadou Kanté,Crysencio Summerville,substitute_in
ENG-Premier League,2526,2025-12-14 West Ham-Aston Villa,West Ham United,88’,2:3,Guido Rodríguez,Lucas Paquetá,substitute_in
ENG-Premier League,2526,2025-12-14 West Ham-Aston Villa,West Ham United,90+2’,2:3,El Hadji Malick Diouf,,yellow_card
ENG-Premier League,2526,2025-12-14 West Ham-Aston Villa,Aston Villa,9’,1:1,Konstantinos Mavropanos,,own_goal
ENG-Premier League,2526,2025-12-15 Manchester Utd-Bournemouth,Manchester United,13’,1:0,Amad Diallo,,goal
ENG-Premier League,2526,2025-12-15 Manchester Utd-Bournemouth,Bournemouth,40’,1:1,Antoine Semenyo,Adam Smith,goal
ENG-Premier League,2526,2025-12-15 Manchester Utd-Bournemouth,Manchester United,43’,1:1,Diogo Dalot,,yellow_card
ENG-Premier League,2526,2025-12-15 Manchester Utd-Bournemouth,Bournemouth,43’,1:1,Antoine Semenyo,,yellow_card
ENG-Premier League,2526,2025-12-15 Manchester Utd-Bournemouth,Manchester United,45+4’,2:1,Casemiro,Bruno Fernandes,goal
ENG-Premier League,2526,2025-12-15 Manchester Utd-Bournemouth,Bournemouth,46’,2:2,Evanilson,Marcus Tavernier,goal
ENG-Premier League,2526,2025-12-15 Manchester Utd-Bournemouth,Manchester United,50’,2:2,Casemiro,,yellow_card
ENG-Premier League,2526,2025-12-15 Manchester Utd-Bournemouth,Bournemouth,52’,2:3,Marcus Tavernier,,goal
ENG-Premier League,2526,2025-12-15 Manchester Utd-Bournemouth,Bournemouth,5’,0:0,Alex Scott,Tyler Adams,substitute_in
ENG-Premier League,2526,2025-12-15 Manchester Utd-Bournemouth,Manchester United,61’,2:3,Kobbie Mainoo,Casemiro,substitute_in
ENG-Premier League,2526,2025-12-15 Manchester Utd-Bournemouth,Manchester United,69’,2:3,Benjamin Šeško,Mason Mount,substitute_in
ENG-Premier League,2526,2025-12-15 Manchester Utd-Bournemouth,Manchester United,69’,2:3,Lisandro Martínez,Leny Yoro,substitute_in
ENG-Premier League,2526,2025-12-15 Manchester Utd-Bournemouth,Bournemouth,76’,2:3,Marcos Senesi,,yellow_card
ENG-Premier League,2526,2025-12-15 Manchester Utd-Bournemouth,Manchester United,77’,3:3,Bruno Fernandes,,goal
ENG-Premier League,2526,2025-12-15 Manchester Utd-Bournemouth,Bournemouth,78’,3:3,Eli Junior Kroupi,Evanilson,substitute_in
ENG-Premier League,2526,2025-12-15 Manchester Utd-Bournemouth,Bournemouth,78’,3:3,Adam Smith,,yellow_card
ENG-Premier League,2526,2025-12-15 Manchester Utd-Bournemouth,Manchester United,79’,4:3,Matheus Cunha,,goal
ENG-Premier League,2526,2025-12-15 Manchester Utd-Bournemouth,Bournemouth,84’,4:4,Eli Junior Kroupi,,goal
ENG-Premier League,2526,2025-12-15 Manchester Utd-Bournemouth,Bournemouth,90+1’,4:4,James Hill,Justin Kluivert,substitute_in
ENG-Premier League,2526,2025-12-15 Manchester Utd-Bournemouth,Bournemouth,90+1’,4:4,David Brooks,Marcus Tavernier,substitute_in
ENG-Premier League,2526,2025-12-15 Manchester Utd-Bournemouth,Manchester United,90+3’,4:4,Joshua Zirkzee,Bryan Mbeumo,substitute_in
ENG-Premier League,2526,2025-12-15 Manchester Utd-Bournemouth,Manchester United,90+3’,4:4,Patrick Dorgu,Luke Shaw,substitute_in
ENG-Premier League,2526,2025-12-20 Bournemouth-Burnley,Burnley,38’,0:0,Zian Flemming,,yellow_card
ENG-Premier League,2526,2025-12-20 Bournemouth-Burnley,Bournemouth,63’,0:0,Enes Ünal,Evanilson,substitute_in
ENG-Premier League,2526,2025-12-20 Bournemouth-Burnley,Bournemouth,64’,0:0,Eli Junior Kroupi,Justin Kluivert,substitute_in
ENG-Premier League,2526,2025-12-20 Bournemouth-Burnley,Burnley,65’,0:0,Armando Broja,Zian Flemming,substitute_in
ENG-Premier League,2526,2025-12-20 Bournemouth-Burnley,Burnley,66’,0:0,Loum Tchaouna,Jacob Bruun Larsen,substitute_in
ENG-Premier League,2526,2025-12-20 Bournemouth-Burnley,Bournemouth,67’,1:0,Antoine Semenyo,,goal
ENG-Premier League,2526,2025-12-20 Bournemouth-Burnley,Bournemouth,74’,1:0,Ryan Christie,David Brooks,substitute_in
ENG-Premier League,2526,2025-12-20 Bournemouth-Burnley,Bournemouth,74’,1:0,David Brooks,,yellow_card
ENG-Premier League,2526,2025-12-20 Bournemouth-Burnley,Burnley,77’,1:0,Marcus Edwards,Jaidon Anthony,substitute_in
ENG-Premier League,2526,2025-12-20 Bournemouth-Burnley,Burnley,77’,1:0,Oliver Sonne,Kyle Walker,substitute_in
ENG-Premier League,2526,2025-12-20 Bournemouth-Burnley,Burnley,82’,1:0,Mike Trésor,Lesley Ugochukwu,substitute_in
ENG-Premier League,2526,2025-12-20 Bournemouth-Burnley,Bournemouth,90+2’,1:1,Alex Scott,Marcus Tavernier,substitute_in
ENG-Premier League,2526,2025-12-20 Bournemouth-Burnley,Bournemouth,90+2’,1:1,Amine Adli,Álex Jiménez,substitute_in
ENG-Premier League,2526,2025-12-20 Bournemouth-Burnley,Burnley,90’,1:1,Armando Broja,Marcus Edwards,goal
ENG-Premier League,2526,2025-12-20 Brighton-Sunderland,Brighton & Hove Albion,19’,0:0,Brajan Gruda,,yellow_card
ENG-Premier League,2526,2025-12-20 Brighton-Sunderland,Brighton & Hove Albion,34’,0:0,Diego Coppola,,yellow_card
ENG-Premier League,2526,2025-12-20 Brighton-Sunderland,Brighton & Hove Albion,46’,0:0,Joël Veltman,Mats Wieffer,substitute_in
ENG-Premier League,2526,2025-12-20 Brighton-Sunderland,Sunderland,63’,0:0,Romaine Mundle,Simon Adingra,substitute_in
ENG-Premier League,2526,2025-12-20 Brighton-Sunderland,Brighton & Hove Albion,64’,0:0,Kaoru Mitoma,Maxim De Cuyper,substitute_in
ENG-Premier League,2526,2025-12-20 Brighton-Sunderland,Sunderland,64’,0:0,Habib Diarra,Chris Rigg,substitute_in
ENG-Premier League,2526,2025-12-20 Brighton-Sunderland,Brighton & Hove Albion,71’,0:0,James Milner,Jack Hinshelwood,substitute_in
ENG-Premier League,2526,2025-12-20 Brighton-Sunderland,Brighton & Hove Albion,71’,0:0,Charalampos Kostoulas,Yankuba Minteh,substitute_in
ENG-Premier League,2526,2025-12-20 Brighton-Sunderland,Sunderland,72’,0:0,Wilson Isidor,Brian Brobbey,substitute_in
ENG-Premier League,2526,2025-12-20 Brighton-Sunderland,Sunderland,79’,0:0,Daniel Ballard,,yellow_card
ENG-Premier League,2526,2025-12-20 Brighton-Sunderland,Sunderland,86’,0:0,Enzo Le Fée,,yellow_card
ENG-Premier League,2526,2025-12-20 Brighton-Sunderland,Brighton & Hove Albion,87’,0:0,Tom Watson,Brajan Gruda,substitute_in
ENG-Premier League,2526,2025-12-20 Everton-Arsenal,Everton,26’,0:0,Vitaliy Mykolenko,,yellow_card
ENG-Premier League,2526,2025-12-20 Everton-Arsenal,Arsenal,27’,0:1,Viktor Gyökeres,,penalty_goal
ENG-Premier League,2526,2025-12-20 Everton-Arsenal,Everton,39’,0:1,James Tarkowski,,yellow_card
ENG-Premier League,2526,2025-12-20 Everton-Arsenal,Arsenal,56’,0:1,Viktor Gyökeres,,yellow_card
ENG-Premier League,2526,2025-12-20 Everton-Arsenal,Arsenal,65’,0:1,Gabriel Jesus,Viktor Gyökeres,substitute_in
ENG-Premier League,2526,2025-12-20 Everton-Arsenal,Everton,66’,0:1,Beto,Thierno Barry,substitute_in
ENG-Premier League,2526,2025-12-20 Everton-Arsenal,Everton,75’,0:1,Tyler Dibling,Dwight McNeil,substitute_in
ENG-Premier League,2526,2025-12-20 Everton-Arsenal,Everton,75’,0:1,Merlin Röhl,Carlos Alcaraz,substitute_in
ENG-Premier League,2526,2025-12-20 Everton-Arsenal,Arsenal,80’,0:1,Gabriel Martinelli,Leandro Trossard,substitute_in
ENG-Premier League,2526,2025-12-20 Everton-Arsenal,Arsenal,88’,0:1,Mikel Merino,Martin Ødegaard,substitute_in
ENG-Premier League,2526,2025-12-20 Everton-Arsenal,Arsenal,89’,0:1,Gabriel Martinelli,,yellow_card
ENG-Premier League,2526,2025-12-20 Leeds United-Crystal Palace,Leeds United,38’,1:0,Dominic Calvert-Lewin,,goal
ENG-Premier League,2526,2025-12-20 Leeds United-Crystal Palace,Crystal Palace,42’,1:0,Maxence Lacroix,,yellow_card
ENG-Premier League,2526,2025-12-20 Leeds United-Crystal Palace,Crystal Palace,45+2’,1:0,Marc Guéhi,,yellow_card
ENG-Premier League,2526,2025-12-20 Leeds United-Crystal Palace,Leeds United,45+4’,2:0,Dominic Calvert-Lewin,Jaka Bijol,goal
ENG-Premier League,2526,2025-12-20 Leeds United-Crystal Palace,Crystal Palace,46’,2:0,Jefferson Lerma,Will Hughes,substitute_in
ENG-Premier League,2526,2025-12-20 Leeds United-Crystal Palace,Leeds United,60’,3:0,Ethan Ampadu,,goal
ENG-Premier League,2526,2025-12-20 Leeds United-Crystal Palace,Crystal Palace,65’,3:0,Borna Sosa,Nathaniel Clyne,substitute_in
ENG-Premier League,2526,2025-12-20 Leeds United-Crystal Palace,Leeds United,77’,3:0,Wilfried Gnonto,Noah Okafor,substitute_in
ENG-Premier League,2526,2025-12-20 Leeds United-Crystal Palace,Leeds United,77’,3:0,Ao Tanaka,Brenden Aaronson,substitute_in
ENG-Premier League,2526,2025-12-20 Leeds United-Crystal Palace,Crystal Palace,77’,3:0,Justin Devenny,Eddie Nketiah,substitute_in
ENG-Premier League,2526,2025-12-20 Leeds United-Crystal Palace,Crystal Palace,77’,3:0,Christantus Uche,Jean-Philippe Mateta,substitute_in
ENG-Premier League,2526,2025-12-20 Leeds United-Crystal Palace,Leeds United,80’,3:0,James Justin,Jayden Bogle,substitute_in
ENG-Premier League,2526,2025-12-20 Leeds United-Crystal Palace,Crystal Palace,86’,3:0,Joél Drakes-Thomas,Yéremy Pino,substitute_in
ENG-Premier League,2526,2025-12-20 Leeds United-Crystal Palace,Leeds United,87’,3:0,Ilia Gruev,Ethan Ampadu,substitute_in
ENG-Premier League,2526,2025-12-20 Leeds United-Crystal Palace,Leeds United,87’,3:0,Joël Piroe,Dominic Calvert-Lewin,substitute_in
ENG-Premier League,2526,2025-12-20 Leeds United-Crystal Palace,Leeds United,90+11’,4:1,Anton Stach,,goal
ENG-Premier League,2526,2025-12-20 Leeds United-Crystal Palace,Leeds United,90+1’,3:0,Lucas Perri,,yellow_card
ENG-Premier League,2526,2025-12-20 Leeds United-Crystal Palace,Crystal Palace,90+2’,3:1,Justin Devenny,,penalty_goal
ENG-Premier League,2526,2025-12-20 Leeds United-Crystal Palace,Crystal Palace,90+7’,3:1,Adam Wharton,,yellow_card
ENG-Premier League,2526,2025-12-20 Manchester City-West Ham,Manchester City,28’,1:0,Nicolás González,,yellow_card
ENG-Premier League,2526,2025-12-20 Manchester City-West Ham,Manchester City,38’,2:0,Tijjani Reijnders,Erling Haaland,goal
ENG-Premier League,2526,2025-12-20 Manchester City-West Ham,West Ham United,41’,2:0,Jarrod Bowen,,yellow_card
ENG-Premier League,2526,2025-12-20 Manchester City-West Ham,Manchester City,5’,1:0,Erling Haaland,,goal
ENG-Premier League,2526,2025-12-20 Manchester City-West Ham,West Ham United,64’,2:0,Ezra Mayers,Oliver Scarles,substitute_in
ENG-Premier League,2526,2025-12-20 Manchester City-West Ham,Manchester City,67’,2:0,Abdukodir Khusanov,Nicolás González,substitute_in
ENG-Premier League,2526,2025-12-20 Manchester City-West Ham,Manchester City,67’,2:0,Rico Lewis,Tijjani Reijnders,substitute_in
ENG-Premier League,2526,2025-12-20 Manchester City-West Ham,Manchester City,67’,2:0,Sávio,Rayan Cherki,substitute_in
ENG-Premier League,2526,2025-12-20 Manchester City-West Ham,Manchester City,69’,3:0,Erling Haaland,,goal
ENG-Premier League,2526,2025-12-20 Manchester City-West Ham,Manchester City,75’,3:0,Divine Mukasa,Bernardo Silva,substitute_in
ENG-Premier League,2526,2025-12-20 Manchester City-West Ham,West Ham United,78’,3:0,Tomáš Souček,Lucas Paquetá,substitute_in
ENG-Premier League,2526,2025-12-20 Manchester City-West Ham,West Ham United,79’,3:0,Konstantinos Mavropanos,Crysencio Summerville,substitute_in
ENG-Premier League,2526,2025-12-20 Manchester City-West Ham,West Ham United,79’,3:0,Guido Rodríguez,Mateus Fernandes,substitute_in
ENG-Premier League,2526,2025-12-20 Manchester City-West Ham,West Ham United,79’,3:0,Callum Wilson,Freddie Potts,substitute_in
ENG-Premier League,2526,2025-12-20 Newcastle-Chelsea,Newcastle United,20’,2:0,Nick Woltemade,Anthony Gordon,goal
ENG-Premier League,2526,2025-12-20 Newcastle-Chelsea,Chelsea,27’,2:0,Alejandro Garnacho,,yellow_card
ENG-Premier League,2526,2025-12-20 Newcastle-Chelsea,Chelsea,45’,2:0,Malo Gusto,,yellow_card
ENG-Premier League,2526,2025-12-20 Newcastle-Chelsea,Chelsea,49’,2:1,Reece James,,goal
ENG-Premier League,2526,2025-12-20 Newcastle-Chelsea,Newcastle United,4’,1:0,Nick Woltemade,,goal
ENG-Premier League,2526,2025-12-20 Newcastle-Chelsea,Chelsea,54’,2:1,Enzo Fernández,Malo Gusto,substitute_in
ENG-Premier League,2526,2025-12-20 Newcastle-Chelsea,Newcastle United,61’,2:1,Fabian Schär,,yellow_card
ENG-Premier League,2526,2025-12-20 Newcastle-Chelsea,Chelsea,66’,2:2,João Pedro,Robert Sánchez,goal
ENG-Premier League,2526,2025-12-20 Newcastle-Chelsea,Chelsea,70’,2:2,Moisés Caicedo,,yellow_card
ENG-Premier League,2526,2025-12-20 Newcastle-Chelsea,Newcastle United,73’,2:2,Harvey Barnes,Anthony Gordon,substitute_in
ENG-Premier League,2526,2025-12-20 Newcastle-Chelsea,Newcastle United,73’,2:2,Anthony Elanga,Jacob Murphy,substitute_in
ENG-Premier League,2526,2025-12-20 Newcastle-Chelsea,Newcastle United,73’,2:2,Yoane Wissa,Nick Woltemade,substitute_in
ENG-Premier League,2526,2025-12-20 Newcastle-Chelsea,Newcastle United,77’,2:2,Yoane Wissa,,yellow_card
ENG-Premier League,2526,2025-12-20 Newcastle-Chelsea,Chelsea,79’,2:2,Andrey Santos,Cole Palmer,substitute_in
ENG-Premier League,2526,2025-12-20 Newcastle-Chelsea,Chelsea,7’,1:0,Robert Sánchez,,yellow_card
ENG-Premier League,2526,2025-12-20 Newcastle-Chelsea,Chelsea,82’,2:2,Andrey Santos,,yellow_card
ENG-Premier League,2526,2025-12-20 Newcastle-Chelsea,Chelsea,83’,2:2,João Pedro,,yellow_card
ENG-Premier League,2526,2025-12-20 Newcastle-Chelsea,Newcastle United,86’,2:2,Lewis Hall,,yellow_card
ENG-Premier League,2526,2025-12-20 Newcastle-Chelsea,Newcastle United,89’,2:2,Joe Willock,Jacob Ramsey,substitute_in
ENG-Premier League,2526,2025-12-20 Tottenham-Liverpool,Tottenham Hotspur,33’,0:0,Xavi Simons,,red_card
ENG-Premier League,2526,2025-12-20 Tottenham-Liverpool,Liverpool,46’,0:0,Alexander Isak,Conor Bradley,substitute_in
ENG-Premier League,2526,2025-12-20 Tottenham-Liverpool,Liverpool,56’,0:1,Alexander Isak,Florian Wirtz,goal
ENG-Premier League,2526,2025-12-20 Tottenham-Liverpool,Tottenham Hotspur,58’,0:1,Brennan Johnson,Mohammed Kudus,substitute_in
ENG-Premier League,2526,2025-12-20 Tottenham-Liverpool,Liverpool,60’,0:1,Jeremie Frimpong,Alexander Isak,substitute_in
ENG-Premier League,2526,2025-12-20 Tottenham-Liverpool,Tottenham Hotspur,66’,0:2,Cristian Romero,,yellow_card
ENG-Premier League,2526,2025-12-20 Tottenham-Liverpool,Liverpool,66’,0:2,Hugo Ekitike,,goal
ENG-Premier League,2526,2025-12-20 Tottenham-Liverpool,Tottenham Hotspur,71’,0:2,Wilson Odobert,Lucas Bergvall,substitute_in
ENG-Premier League,2526,2025-12-20 Tottenham-Liverpool,Tottenham Hotspur,71’,0:2,João Palhinha,Archie Gray,substitute_in
ENG-Premier League,2526,2025-12-20 Tottenham-Liverpool,Liverpool,76’,0:2,Ibrahima Konaté,,yellow_card
ENG-Premier League,2526,2025-12-20 Tottenham-Liverpool,Tottenham Hotspur,80’,0:2,Richarlison,Randal Kolo Muani,substitute_in
ENG-Premier League,2526,2025-12-20 Tottenham-Liverpool,Tottenham Hotspur,83’,1:2,Richarlison,,goal
ENG-Premier League,2526,2025-12-20 Tottenham-Liverpool,Liverpool,83’,1:2,Dominik Szoboszlai,,yellow_card
ENG-Premier League,2526,2025-12-20 Tottenham-Liverpool,Tottenham Hotspur,85’,1:2,Micky van de Ven,,yellow_card
ENG-Premier League,2526,2025-12-20 Tottenham-Liverpool,Liverpool,90+10’,1:2,Trey Nyoni,Florian Wirtz,substitute_in
ENG-Premier League,2526,2025-12-20 Tottenham-Liverpool,Tottenham Hotspur,90+11’,1:2,Richarlison,,yellow_card
ENG-Premier League,2526,2025-12-20 Tottenham-Liverpool,Tottenham Hotspur,90+3’,1:2,Cristian Romero,,yellow_red_card
ENG-Premier League,2526,2025-12-20 Tottenham-Liverpool,Tottenham Hotspur,90+5’,1:2,Rodrigo Bentancur,,yellow_card
ENG-Premier League,2526,2025-12-20 Tottenham-Liverpool,Liverpool,90+7’,1:2,Alexis Mac Allister,,yellow_card
ENG-Premier League,2526,2025-12-20 Tottenham-Liverpool,Liverpool,90+9’,1:2,Andy Robertson,Hugo Ekitike,substitute_in
ENG-Premier League,2526,2025-12-20 Tottenham-Liverpool,Liverpool,90’,1:2,Federico Chiesa,Jeremie Frimpong,substitute_in
ENG-Premier League,2526,2025-12-20 Wolves-Brentford,Brentford,19’,0:0,Sepp van den Berg,,yellow_card
ENG-Premier League,2526,2025-12-20 Wolves-Brentford,Wolverhampton Wanderers,24’,0:0,João Gomes,,yellow_card
ENG-Premier League,2526,2025-12-20 Wolves-Brentford,Wolverhampton Wanderers,44’,0:0,Hwang Hee-chan,,yellow_card
ENG-Premier League,2526,2025-12-20 Wolves-Brentford,Brentford,44’,0:0,Michael Kayode,,yellow_card
ENG-Premier League,2526,2025-12-20 Wolves-Brentford,Brentford,63’,0:1,Keane Lewis-Potter,Vitaly Janelt,goal
ENG-Premier League,2526,2025-12-20 Wolves-Brentford,Brentford,64’,0:1,Mikkel Damsgaard,Mathias Jensen,substitute_in
ENG-Premier League,2526,2025-12-20 Wolves-Brentford,Wolverhampton Wanderers,65’,0:1,Mateus Mane,Fer López,substitute_in
ENG-Premier League,2526,2025-12-20 Wolves-Brentford,Brentford,72’,0:1,Rico Henry,,yellow_card
ENG-Premier League,2526,2025-12-20 Wolves-Brentford,Wolverhampton Wanderers,81’,0:1,Tolu Arokodare,Ki-Jana Hoever,substitute_in
ENG-Premier League,2526,2025-12-20 Wolves-Brentford,Brentford,83’,0:2,Keane Lewis-Potter,Mikkel Damsgaard,goal
ENG-Premier League,2526,2025-12-20 Wolves-Brentford,Wolverhampton Wanderers,88’,0:2,Jørgen Strand Larsen,Caoimhín Kelleher,penalty_miss
ENG-Premier League,2526,2025-12-20 Wolves-Brentford,Wolverhampton Wanderers,89’,0:2,Jhon Arias,Hwang Hee-chan,substitute_in
ENG-Premier League,2526,2025-12-20 Wolves-Brentford,Wolverhampton Wanderers,89’,0:2,Jackson Tchatchoua,Matt Doherty,substitute_in
ENG-Premier League,2526,2025-12-20 Wolves-Brentford,Brentford,90’,0:2,Vitaly Janelt,,yellow_card
ENG-Premier League,2526,2025-12-21 Aston Villa-Manchester Utd,Manchester United,45+3’,1:1,Matheus Cunha,Patrick Dorgu,goal
ENG-Premier League,2526,2025-12-21 Aston Villa-Manchester Utd,Aston Villa,45’,1:0,Morgan Rogers,John McGinn,goal
ENG-Premier League,2526,2025-12-21 Aston Villa-Manchester Utd,Manchester United,46’,1:1,Lisandro Martínez,Bruno Fernandes,substitute_in
ENG-Premier League,2526,2025-12-21 Aston Villa-Manchester Utd,Aston Villa,57’,2:1,Morgan Rogers,Ollie Watkins,goal
ENG-Premier League,2526,2025-12-21 Aston Villa-Manchester Utd,Manchester United,68’,2:1,Manuel Ugarte,,yellow_card
ENG-Premier League,2526,2025-12-21 Aston Villa-Manchester Utd,Manchester United,72’,2:1,Diogo Dalot,,yellow_card
ENG-Premier League,2526,2025-12-21 Aston Villa-Manchester Utd,Manchester United,73’,2:1,Jack Fletcher,Benjamin Šeško,substitute_in
ENG-Premier League,2526,2025-12-21 Aston Villa-Manchester Utd,Manchester United,73’,2:1,Joshua Zirkzee,Manuel Ugarte,substitute_in
ENG-Premier League,2526,2025-12-21 Aston Villa-Manchester Utd,Aston Villa,75’,2:1,Donyell Malen,Ollie Watkins,substitute_in
ENG-Premier League,2526,2025-12-21 Aston Villa-Manchester Utd,Aston Villa,75’,2:1,Lucas Digne,Ian Maatsen,substitute_in
ENG-Premier League,2526,2025-12-21 Aston Villa-Manchester Utd,Aston Villa,84’,2:1,Emi Buendía,Amadou Onana,substitute_in
ENG-Premier League,2526,2025-12-21 Aston Villa-Manchester Utd,Aston Villa,84’,2:1,Evann Guessand,John McGinn,substitute_in
ENG-Premier League,2526,2025-12-21 Aston Villa-Manchester Utd,Manchester United,84’,2:1,Shea Lacey,Leny Yoro,substitute_in
ENG-Premier League,2526,2025-12-21 Aston Villa-Manchester Utd,Aston Villa,88’,2:1,Lamare Bogarde,Boubacar Kamara,substitute_in
ENG-Premier League,2526,2025-12-21 Aston Villa-Manchester Utd,Aston Villa,90+2’,2:1,Lamare Bogarde,,yellow_card
ENG-Premier League,2526,2025-12-22 Fulham-Nottingham,Nottingham Forest,45+4’,0:0,John,,yellow_card
ENG-Premier League,2526,2025-12-22 Fulham-Nottingham,Fulham,45+5’,1:0,Raúl Jiménez,,penalty_goal
ENG-Premier League,2526,2025-12-22 Fulham-Nottingham,Fulham,45+7’,1:0,Raúl Jiménez,,yellow_card
ENG-Premier League,2526,2025-12-22 Fulham-Nottingham,Fulham,56’,1:0,Sander Berge,,yellow_card
ENG-Premier League,2526,2025-12-22 Fulham-Nottingham,Fulham,66’,1:0,Tom Cairney,Sander Berge,substitute_in
ENG-Premier League,2526,2025-12-22 Fulham-Nottingham,Nottingham Forest,70’,1:0,Murillo,,yellow_card
ENG-Premier League,2526,2025-12-22 Fulham-Nottingham,Nottingham Forest,72’,1:0,Taiwo Awoniyi,Igor Jesus,substitute_in
ENG-Premier League,2526,2025-12-22 Fulham-Nottingham,Nottingham Forest,73’,1:0,Nicolás Domínguez,Douglas Luiz,substitute_in
ENG-Premier League,2526,2025-12-22 Fulham-Nottingham,Nottingham Forest,73’,1:0,James Mcatee,Morgan Gibbs-White,substitute_in
ENG-Premier League,2526,2025-12-22 Fulham-Nottingham,Fulham,77’,1:0,Harry Wilson,,yellow_card
ENG-Premier League,2526,2025-12-22 Fulham-Nottingham,Fulham,78’,1:0,Joshua King,Kevin,substitute_in
ENG-Premier League,2526,2025-12-22 Fulham-Nottingham,Nottingham Forest,81’,1:0,Oleksandr Zinchenko,Nicolò Savona,substitute_in
ENG-Premier League,2526,2025-12-22 Fulham-Nottingham,Fulham,82’,1:0,Jorge Cuenca,,yellow_card
ENG-Premier League,2526,2025-12-22 Fulham-Nottingham,Nottingham Forest,83’,1:0,Nikola Milenković,,yellow_card
ENG-Premier League,2526,2025-12-22 Fulham-Nottingham,Fulham,84’,1:0,Adama Traoré,Harry Wilson,substitute_in
ENG-Premier League,2526,2025-12-22 Fulham-Nottingham,Fulham,85’,1:0,Jonah Kusi-Asare,Raúl Jiménez,substitute_in
ENG-Premier League,2526,2025-12-22 Fulham-Nottingham,Fulham,85’,1:0,Issa Diop,Emile Smith Rowe,substitute_in
ENG-Premier League,2526,2025-12-22 Fulham-Nottingham,Nottingham Forest,90+2’,1:0,Arnaud Kalimuendo,Callum Hudson-Odoi,substitute_in
ENG-Premier League,2526,2025-12-22 Fulham-Nottingham,Fulham,90+4’,1:0,Joachim Andersen,,yellow_card
ENG-Premier League,2526,2025-12-22 Fulham-Nottingham,Nottingham Forest,90+6’,1:0,Nicolás Domínguez,,yellow_card
ENG-Premier League,2526,2025-12-26 Manchester Utd-Newcastle,Manchester United,24’,1:0,Patrick Dorgu,,goal
ENG-Premier League,2526,2025-12-26 Manchester Utd-Newcastle,Manchester United,46’,1:0,Jack Fletcher,Mason Mount,substitute_in
ENG-Premier League,2526,2025-12-26 Manchester Utd-Newcastle,Manchester United,60’,1:0,Joshua Zirkzee,Benjamin Šeško,substitute_in
ENG-Premier League,2526,2025-12-26 Manchester Utd-Newcastle,Manchester United,61’,1:0,Leny Yoro,Casemiro,substitute_in
ENG-Premier League,2526,2025-12-26 Manchester Utd-Newcastle,Newcastle United,68’,1:0,Harvey Barnes,Jacob Murphy,substitute_in
ENG-Premier League,2526,2025-12-26 Manchester Utd-Newcastle,Newcastle United,68’,1:0,Yoane Wissa,Nick Woltemade,substitute_in
ENG-Premier League,2526,2025-12-26 Manchester Utd-Newcastle,Newcastle United,68’,1:0,Joelinton,Jacob Ramsey,substitute_in
ENG-Premier League,2526,2025-12-26 Manchester Utd-Newcastle,Manchester United,69’,1:0,Luke Shaw,,yellow_card
ENG-Premier League,2526,2025-12-26 Manchester Utd-Newcastle,Newcastle United,73’,1:0,Sandro Tonali,,yellow_card
ENG-Premier League,2526,2025-12-26 Manchester Utd-Newcastle,Newcastle United,77’,1:0,Joe Willock,Sandro Tonali,substitute_in
ENG-Premier League,2526,2025-12-26 Manchester Utd-Newcastle,Manchester United,88’,1:0,Tyrell Malacia,Luke Shaw,substitute_in
ENG-Premier League,2526,2025-12-26 Manchester Utd-Newcastle,Manchester United,88’,1:0,Tyler Fredricson,Lisandro Martínez,substitute_in
ENG-Premier League,2526,2025-12-26 Manchester Utd-Newcastle,Manchester United,90+2’,1:0,Matheus Cunha,,yellow_card
ENG-Premier League,2526,2025-12-27 Arsenal-Brighton,Arsenal,14’,1:0,Martin Ødegaard,Bukayo Saka,goal
ENG-Premier League,2526,2025-12-27 Arsenal-Brighton,Brighton & Hove Albion,45+1’,1:0,Bart Verbruggen,,yellow_card
ENG-Premier League,2526,2025-12-27 Arsenal-Brighton,Brighton & Hove Albion,46’,1:0,Yankuba Minteh,Brajan Gruda,substitute_in
ENG-Premier League,2526,2025-12-27 Arsenal-Brighton,Brighton & Hove Albion,46’,1:0,Mats Wieffer,Maxim De Cuyper,substitute_in
ENG-Premier League,2526,2025-12-27 Arsenal-Brighton,Brighton & Hove Albion,50’,1:0,Lewis Dunk,,yellow_card
ENG-Premier League,2526,2025-12-27 Arsenal-Brighton,Arsenal,52’,2:0,Georginio Rutter,,own_goal
ENG-Premier League,2526,2025-12-27 Arsenal-Brighton,Brighton & Hove Albion,56’,2:0,Diego Coppola,,yellow_card
ENG-Premier League,2526,2025-12-27 Arsenal-Brighton,Brighton & Hove Albion,64’,2:1,Diego Gómez,,goal
ENG-Premier League,2526,2025-12-27 Arsenal-Brighton,Arsenal,69’,2:1,Myles Lewis-Skelly,,yellow_card
ENG-Premier League,2526,2025-12-27 Arsenal-Brighton,Arsenal,71’,2:1,Gabriel Magalhães,Myles Lewis-Skelly,substitute_in
ENG-Premier League,2526,2025-12-27 Arsenal-Brighton,Arsenal,71’,2:1,Gabriel Jesus,Viktor Gyökeres,substitute_in
ENG-Premier League,2526,2025-12-27 Arsenal-Brighton,Brighton & Hove Albion,75’,2:1,Danny Welbeck,Jack Hinshelwood,substitute_in
ENG-Premier League,2526,2025-12-27 Arsenal-Brighton,Arsenal,82’,2:1,Gabriel Martinelli,Leandro Trossard,substitute_in
ENG-Premier League,2526,2025-12-27 Arsenal-Brighton,Brighton & Hove Albion,87’,2:1,Charalampos Kostoulas,Diego Gómez,substitute_in
ENG-Premier League,2526,2025-12-27 Arsenal-Brighton,Brighton & Hove Albion,87’,2:1,Tom Watson,Diego Coppola,substitute_in
ENG-Premier League,2526,2025-12-27 Arsenal-Brighton,Arsenal,90’,2:1,Piero Hincapié,,yellow_card
ENG-Premier League,2526,2025-12-27 Brentford-Bournemouth,Brentford,39’,2:0,Đorđe Petrović,,own_goal
ENG-Premier League,2526,2025-12-27 Brentford-Bournemouth,Bournemouth,46’,2:0,Evanilson,Adam Smith,substitute_in
ENG-Premier League,2526,2025-12-27 Brentford-Bournemouth,Bournemouth,46’,2:0,Justin Kluivert,Eli Junior Kroupi,substitute_in
ENG-Premier League,2526,2025-12-27 Brentford-Bournemouth,Bournemouth,46’,2:0,David Brooks,Bafodé Diakité,substitute_in
ENG-Premier League,2526,2025-12-27 Brentford-Bournemouth,Brentford,51’,3:0,Kevin Schade,Yehor Yarmoliuk,goal
ENG-Premier League,2526,2025-12-27 Brentford-Bournemouth,Brentford,75’,3:1,Mathias Jensen,,yellow_card
ENG-Premier League,2526,2025-12-27 Brentford-Bournemouth,Bournemouth,75’,3:1,Antoine Semenyo,,goal
ENG-Premier League,2526,2025-12-27 Brentford-Bournemouth,Brentford,77’,3:1,Aaron Hickey,Rico Henry,substitute_in
ENG-Premier League,2526,2025-12-27 Brentford-Bournemouth,Brentford,77’,3:1,Mikkel Damsgaard,Mathias Jensen,substitute_in
ENG-Premier League,2526,2025-12-27 Brentford-Bournemouth,Bournemouth,78’,3:1,Julio Soler,Adrien Truffert,substitute_in
ENG-Premier League,2526,2025-12-27 Brentford-Bournemouth,Brentford,7’,1:0,Kevin Schade,Igor Thiago,goal
ENG-Premier League,2526,2025-12-27 Brentford-Bournemouth,Brentford,82’,3:1,Michael Kayode,,yellow_card
ENG-Premier League,2526,2025-12-27 Brentford-Bournemouth,Bournemouth,82’,3:1,Justin Kluivert,,yellow_card
ENG-Premier League,2526,2025-12-27 Brentford-Bournemouth,Bournemouth,84’,3:1,Amine Adli,Alex Scott,substitute_in
ENG-Premier League,2526,2025-12-27 Brentford-Bournemouth,Brentford,89’,3:1,Reiss Nelson,Yehor Yarmoliuk,substitute_in
ENG-Premier League,2526,2025-12-27 Brentford-Bournemouth,Brentford,89’,3:1,Jordan Henderson,Keane Lewis-Potter,substitute_in
ENG-Premier League,2526,2025-12-27 Brentford-Bournemouth,Bournemouth,90+1’,3:1,Marcus Tavernier,,yellow_card
ENG-Premier League,2526,2025-12-27 Brentford-Bournemouth,Brentford,90+6’,4:1,Kevin Schade,Mikkel Damsgaard,goal
ENG-Premier League,2526,2025-12-27 Burnley-Everton,Burnley,53’,0:0,Florentino Luís,Josh Cullen,substitute_in
ENG-Premier League,2526,2025-12-27 Burnley-Everton,Everton,69’,0:0,Merlin Röhl,Carlos Alcaraz,substitute_in
ENG-Premier League,2526,2025-12-27 Burnley-Everton,Everton,70’,0:0,Thierno Barry,Beto,substitute_in
ENG-Premier League,2526,2025-12-27 Burnley-Everton,Burnley,73’,0:0,Jaidon Anthony,Jacob Bruun Larsen,substitute_in
ENG-Premier League,2526,2025-12-27 Burnley-Everton,Everton,80’,0:0,Tim Iroegbunam,,yellow_card
ENG-Premier League,2526,2025-12-27 Burnley-Everton,Everton,86’,0:0,Tyler Dibling,,yellow_card
ENG-Premier League,2526,2025-12-27 Burnley-Everton,Burnley,88’,0:0,Mike Trésor,Marcus Edwards,substitute_in
ENG-Premier League,2526,2025-12-27 Burnley-Everton,Burnley,88’,0:0,Zian Flemming,Armando Broja,substitute_in
ENG-Premier League,2526,2025-12-27 Burnley-Everton,Everton,88’,0:0,Nathan Patterson,Tyler Dibling,substitute_in
ENG-Premier League,2526,2025-12-27 Chelsea-Aston Villa,Aston Villa,30’,0:0,Matty Cash,,yellow_card
ENG-Premier League,2526,2025-12-27 Chelsea-Aston Villa,Chelsea,37’,1:0,João Pedro,Reece James,goal
ENG-Premier League,2526,2025-12-27 Chelsea-Aston Villa,Chelsea,57’,1:0,Reece James,,yellow_card
ENG-Premier League,2526,2025-12-27 Chelsea-Aston Villa,Aston Villa,57’,1:0,Morgan Rogers,,yellow_card
ENG-Premier League,2526,2025-12-27 Chelsea-Aston Villa,Aston Villa,58’,1:0,Ollie Watkins,Emi Buendía,substitute_in
ENG-Premier League,2526,2025-12-27 Chelsea-Aston Villa,Aston Villa,59’,1:0,Jadon Sancho,Donyell Malen,substitute_in
ENG-Premier League,2526,2025-12-27 Chelsea-Aston Villa,Aston Villa,59’,1:0,Amadou Onana,John McGinn,substitute_in
ENG-Premier League,2526,2025-12-27 Chelsea-Aston Villa,Aston Villa,63’,1:1,Ollie Watkins,,goal
ENG-Premier League,2526,2025-12-27 Chelsea-Aston Villa,Chelsea,68’,1:1,Trevoh Chalobah,,yellow_card
ENG-Premier League,2526,2025-12-27 Chelsea-Aston Villa,Chelsea,69’,1:1,Liam Delap,João Pedro,substitute_in
ENG-Premier League,2526,2025-12-27 Chelsea-Aston Villa,Chelsea,69’,1:1,Jamie Gittens,Alejandro Garnacho,substitute_in
ENG-Premier League,2526,2025-12-27 Chelsea-Aston Villa,Chelsea,69’,1:1,Malo Gusto,Marc Cucurella,substitute_in
ENG-Premier League,2526,2025-12-27 Chelsea-Aston Villa,Chelsea,71’,1:1,Moisés Caicedo,,yellow_card
ENG-Premier League,2526,2025-12-27 Chelsea-Aston Villa,Chelsea,71’,1:1,Liam Delap,,yellow_card
ENG-Premier League,2526,2025-12-27 Chelsea-Aston Villa,Chelsea,72’,1:1,Estêvão Willian,Cole Palmer,substitute_in
ENG-Premier League,2526,2025-12-27 Chelsea-Aston Villa,Aston Villa,78’,1:1,Boubacar Kamara,,yellow_card
ENG-Premier League,2526,2025-12-27 Chelsea-Aston Villa,Aston Villa,83’,1:1,Lucas Digne,Ian Maatsen,substitute_in
ENG-Premier League,2526,2025-12-27 Chelsea-Aston Villa,Aston Villa,83’,1:1,Lamare Bogarde,Boubacar Kamara,substitute_in
ENG-Premier League,2526,2025-12-27 Chelsea-Aston Villa,Aston Villa,84’,1:2,Ollie Watkins,Youri Tielemans,goal
ENG-Premier League,2526,2025-12-27 Chelsea-Aston Villa,Chelsea,90+4’,1:2,Enzo Fernández,,yellow_card
ENG-Premier League,2526,2025-12-27 Liverpool-Wolves,Liverpool,41’,1:0,Ryan Gravenberch,Jeremie Frimpong,goal
ENG-Premier League,2526,2025-12-27 Liverpool-Wolves,Liverpool,42’,2:0,Florian Wirtz,Hugo Ekitike,goal
ENG-Premier League,2526,2025-12-27 Liverpool-Wolves,Wolverhampton Wanderers,51’,2:1,Santiago Bueno,,goal
ENG-Premier League,2526,2025-12-27 Liverpool-Wolves,Wolverhampton Wanderers,56’,2:1,André,,yellow_card
ENG-Premier League,2526,2025-12-27 Liverpool-Wolves,Liverpool,61’,2:1,Conor Bradley,Federico Chiesa,substitute_in
ENG-Premier League,2526,2025-12-27 Liverpool-Wolves,Wolverhampton Wanderers,62’,2:1,Jackson Tchatchoua,Matt Doherty,substitute_in
ENG-Premier League,2526,2025-12-27 Liverpool-Wolves,Wolverhampton Wanderers,62’,2:1,David Møller Wolfe,Hugo Bueno,substitute_in
ENG-Premier League,2526,2025-12-27 Liverpool-Wolves,Wolverhampton Wanderers,62’,2:1,Jørgen Strand Larsen,Hwang Hee-chan,substitute_in
ENG-Premier League,2526,2025-12-27 Liverpool-Wolves,Wolverhampton Wanderers,79’,2:1,Jhon Arias,Yerson Mosquera,substitute_in
ENG-Premier League,2526,2025-12-27 Liverpool-Wolves,Liverpool,86’,2:1,Cody Gakpo,Hugo Ekitike,substitute_in
ENG-Premier League,2526,2025-12-27 Liverpool-Wolves,Liverpool,90+3’,2:1,Trey Nyoni,Florian Wirtz,substitute_in
ENG-Premier League,2526,2025-12-27 Nottingham-Manchester City,Manchester City,36’,0:0,Rúben Dias,,yellow_card
ENG-Premier League,2526,2025-12-27 Nottingham-Manchester City,Nottingham Forest,43’,0:0,Elliot Anderson,,yellow_card
ENG-Premier League,2526,2025-12-27 Nottingham-Manchester City,Manchester City,48’,0:1,Tijjani Reijnders,Rayan Cherki,goal
ENG-Premier League,2526,2025-12-27 Nottingham-Manchester City,Nottingham Forest,54’,1:1,Omari Hutchinson,Igor Jesus,goal
ENG-Premier League,2526,2025-12-27 Nottingham-Manchester City,Manchester City,59’,1:1,Nico O'Reilly,,yellow_card
ENG-Premier League,2526,2025-12-27 Nottingham-Manchester City,Manchester City,73’,1:1,Sávio,Tijjani Reijnders,substitute_in
ENG-Premier League,2526,2025-12-27 Nottingham-Manchester City,Manchester City,83’,1:2,Rayan Cherki,Joško Gvardiol,goal
ENG-Premier League,2526,2025-12-27 Nottingham-Manchester City,Nottingham Forest,87’,1:2,Taiwo Awoniyi,Nicolás Domínguez,substitute_in
ENG-Premier League,2526,2025-12-27 Nottingham-Manchester City,Manchester City,89’,1:2,Nathan Aké,Rayan Cherki,substitute_in
ENG-Premier League,2526,2025-12-27 Nottingham-Manchester City,Nottingham Forest,90+2’,1:2,Dilane Bakwa,Callum Hudson-Odoi,substitute_in
ENG-Premier League,2526,2025-12-27 West Ham-Fulham,West Ham United,44’,0:0,Jean-Clair Todibo,,yellow_card
ENG-Premier League,2526,2025-12-27 West Ham-Fulham,Fulham,51’,0:0,Joachim Andersen,,yellow_card
ENG-Premier League,2526,2025-12-27 West Ham-Fulham,Fulham,54’,0:0,Harry Wilson,,yellow_card
ENG-Premier League,2526,2025-12-27 West Ham-Fulham,West Ham United,56’,0:0,Callum Wilson,Crysencio Summerville,substitute_in
ENG-Premier League,2526,2025-12-27 West Ham-Fulham,Fulham,69’,0:0,Joshua King,Kevin,substitute_in
ENG-Premier League,2526,2025-12-27 West Ham-Fulham,West Ham United,82’,0:0,George Earthy,Lucas Paquetá,substitute_in
ENG-Premier League,2526,2025-12-27 West Ham-Fulham,Fulham,82’,0:0,Tom Cairney,Emile Smith Rowe,substitute_in
ENG-Premier League,2526,2025-12-27 West Ham-Fulham,Fulham,82’,0:0,Timothy Castagne,Kenny Tete,substitute_in
ENG-Premier League,2526,2025-12-27 West Ham-Fulham,West Ham United,83’,0:0,Tomáš Souček,Soungoutou Magassa,substitute_in
ENG-Premier League,2526,2025-12-27 West Ham-Fulham,Fulham,85’,0:1,Raúl Jiménez,Harry Wilson,goal
ENG-Premier League,2526,2025-12-27 West Ham-Fulham,Fulham,88’,0:1,Issa Diop,Saša Lukić,substitute_in
ENG-Premier League,2526,2025-12-27 West Ham-Fulham,Fulham,90+3’,0:1,Joshua King,,yellow_card
ENG-Premier League,2526,2025-12-28 Crystal Palace-Tottenham,Tottenham Hotspur,22’,0:0,Archie Gray,,yellow_card
ENG-Premier League,2526,2025-12-28 Crystal Palace-Tottenham,Tottenham Hotspur,42’,0:1,Archie Gray,Richarlison,goal
ENG-Premier League,2526,2025-12-28 Crystal Palace-Tottenham,Crystal Palace,45+3’,0:1,Will Hughes,,yellow_card
ENG-Premier League,2526,2025-12-28 Crystal Palace-Tottenham,Crystal Palace,46’,0:1,Maxence Lacroix,,yellow_card
ENG-Premier League,2526,2025-12-28 Crystal Palace-Tottenham,Crystal Palace,58’,0:1,Eddie Nketiah,Nathaniel Clyne,substitute_in
ENG-Premier League,2526,2025-12-28 Crystal Palace-Tottenham,Tottenham Hotspur,5’,0:0,Kevin Danso,,yellow_card
ENG-Premier League,2526,2025-12-28 Crystal Palace-Tottenham,Tottenham Hotspur,63’,0:1,Wilson Odobert,Randal Kolo Muani,substitute_in
ENG-Premier League,2526,2025-12-28 Crystal Palace-Tottenham,Tottenham Hotspur,63’,0:1,João Palhinha,Lucas Bergvall,substitute_in
ENG-Premier League,2526,2025-12-28 Crystal Palace-Tottenham,Crystal Palace,77’,0:1,Christantus Uche,Yéremy Pino,substitute_in
ENG-Premier League,2526,2025-12-28 Crystal Palace-Tottenham,Crystal Palace,85’,0:1,Romain Esse,Justin Devenny,substitute_in
ENG-Premier League,2526,2025-12-28 Crystal Palace-Tottenham,Crystal Palace,85’,0:1,Jefferson Lerma,,yellow_card
ENG-Premier League,2526,2025-12-28 Crystal Palace-Tottenham,Tottenham Hotspur,85’,0:1,Radu Drăgușin,Archie Gray,substitute_in
ENG-Premier League,2526,2025-12-28 Crystal Palace-Tottenham,Tottenham Hotspur,85’,0:1,Brennan Johnson,Mohammed Kudus,substitute_in
ENG-Premier League,2526,2025-12-28 Sunderland-Leeds United,Sunderland,28’,1:0,Simon Adingra,Granit Xhaka,goal
ENG-Premier League,2526,2025-12-28 Sunderland-Leeds United,Leeds United,31’,1:0,Ao Tanaka,Joe Rodon,substitute_in
ENG-Premier League,2526,2025-12-28 Sunderland-Leeds United,Leeds United,47’,1:1,Dominic Calvert-Lewin,Brenden Aaronson,goal
ENG-Premier League,2526,2025-12-28 Sunderland-Leeds United,Sunderland,61’,1:1,Trai Hume,,yellow_card
ENG-Premier League,2526,2025-12-28 Sunderland-Leeds United,Sunderland,68’,1:1,Wilson Isidor,Brian Brobbey,substitute_in
ENG-Premier League,2526,2025-12-28 Sunderland-Leeds United,Sunderland,68’,1:1,Eliezer Mayenda,Chris Rigg,substitute_in
ENG-Premier League,2526,2025-12-28 Sunderland-Leeds United,Leeds United,73’,1:1,Lukas Nmecha,Noah Okafor,substitute_in
ENG-Premier League,2526,2025-12-28 Sunderland-Leeds United,Sunderland,85’,1:1,Romaine Mundle,Simon Adingra,substitute_in
ENG-Premier League,2526,2025-12-28 Sunderland-Leeds United,Leeds United,85’,1:1,Wilfried Gnonto,Dominic Calvert-Lewin,substitute_in
ENG-Premier League,2526,2025-12-30 Arsenal-Aston Villa,Arsenal,45+1’,0:0,Mikel Merino,,yellow_card
ENG-Premier League,2526,2025-12-30 Arsenal-Aston Villa,Aston Villa,45+2’,0:0,Morgan Rogers,,yellow_card
ENG-Premier League,2526,2025-12-30 Arsenal-Aston Villa,Aston Villa,46’,0:0,John McGinn,Amadou Onana,substitute_in
ENG-Premier League,2526,2025-12-30 Arsenal-Aston Villa,Arsenal,48’,1:0,Gabriel Magalhães,,goal
ENG-Premier League,2526,2025-12-30 Arsenal-Aston Villa,Arsenal,52’,2:0,Martín Zubimendi,Martin Ødegaard,goal
ENG-Premier League,2526,2025-12-30 Arsenal-Aston Villa,Aston Villa,61’,2:0,Donyell Malen,Jadon Sancho,substitute_in
ENG-Premier League,2526,2025-12-30 Arsenal-Aston Villa,Aston Villa,61’,2:0,Andrés García,Emi Buendía,substitute_in
ENG-Premier League,2526,2025-12-30 Arsenal-Aston Villa,Arsenal,69’,3:0,Leandro Trossard,Jurriën Timber,goal
ENG-Premier League,2526,2025-12-30 Arsenal-Aston Villa,Arsenal,73’,3:0,Christian Nørgaard,Mikel Merino,substitute_in
ENG-Premier League,2526,2025-12-30 Arsenal-Aston Villa,Arsenal,77’,3:0,Gabriel Jesus,Viktor Gyökeres,substitute_in
ENG-Premier League,2526,2025-12-30 Arsenal-Aston Villa,Arsenal,77’,3:0,Myles Lewis-Skelly,Gabriel Magalhães,substitute_in
ENG-Premier League,2526,2025-12-30 Arsenal-Aston Villa,Arsenal,78’,4:0,Gabriel Jesus,Leandro Trossard,goal
ENG-Premier League,2526,2025-12-30 Arsenal-Aston Villa,Arsenal,79’,4:0,Gabriel Jesus,,yellow_card
ENG-Premier League,2526,2025-12-30 Arsenal-Aston Villa,Aston Villa,81’,4:0,Lamare Bogarde,,yellow_card
ENG-Premier League,2526,2025-12-30 Arsenal-Aston Villa,Aston Villa,82’,4:0,George Hemmings,Youri Tielemans,substitute_in
ENG-Premier League,2526,2025-12-30 Arsenal-Aston Villa,Aston Villa,82’,4:0,Jamaldeen Jimoh,Morgan Rogers,substitute_in
ENG-Premier League,2526,2025-12-30 Arsenal-Aston Villa,Arsenal,83’,4:0,Ben White,Jurriën Timber,substitute_in
ENG-Premier League,2526,2025-12-30 Arsenal-Aston Villa,Arsenal,83’,4:0,Noni Madueke,Bukayo Saka,substitute_in
ENG-Premier League,2526,2025-12-30 Arsenal-Aston Villa,Aston Villa,90+4’,4:1,Ollie Watkins,,goal
ENG-Premier League,2526,2025-12-30 Arsenal-Aston Villa,Aston Villa,90+7’,4:1,Ollie Watkins,,yellow_card
ENG-Premier League,2526,2025-12-30 Burnley-Newcastle,Burnley,15’,0:2,Bashir Humphreys,Maxime Estève,substitute_in
ENG-Premier League,2526,2025-12-30 Burnley-Newcastle,Burnley,23’,1:2,Josh Laurent,Armando Broja,goal
ENG-Premier League,2526,2025-12-30 Burnley-Newcastle,Burnley,28’,1:2,Kyle Walker,,yellow_card
ENG-Premier League,2526,2025-12-30 Burnley-Newcastle,Newcastle United,28’,1:2,Joelinton,,yellow_card
ENG-Premier League,2526,2025-12-30 Burnley-Newcastle,Newcastle United,2’,0:1,Joelinton,,goal
ENG-Premier League,2526,2025-12-30 Burnley-Newcastle,Burnley,32’,1:2,Florentino Luís,,yellow_card
ENG-Premier League,2526,2025-12-30 Burnley-Newcastle,Newcastle United,72’,1:2,Jacob Murphy,Harvey Barnes,substitute_in
ENG-Premier League,2526,2025-12-30 Burnley-Newcastle,Burnley,74’,1:2,Jacob Bruun Larsen,Loum Tchaouna,substitute_in
ENG-Premier League,2526,2025-12-30 Burnley-Newcastle,Newcastle United,7’,0:2,Yoane Wissa,,goal
ENG-Premier League,2526,2025-12-30 Burnley-Newcastle,Newcastle United,80’,1:2,Nick Woltemade,Yoane Wissa,substitute_in
ENG-Premier League,2526,2025-12-30 Burnley-Newcastle,Newcastle United,80’,1:2,Jacob Ramsey,Anthony Gordon,substitute_in
ENG-Premier League,2526,2025-12-30 Burnley-Newcastle,Burnley,88’,1:2,Ashley Barnes,Lesley Ugochukwu,substitute_in
ENG-Premier League,2526,2025-12-30 Burnley-Newcastle,Burnley,88’,1:2,Mike Trésor,Florentino Luís,substitute_in
ENG-Premier League,2526,2025-12-30 Burnley-Newcastle,Newcastle United,90+3’,1:3,Bruno Guimarães,,goal
ENG-Premier League,2526,2025-12-30 Burnley-Newcastle,Newcastle United,90+4’,1:3,Joe Willock,Joelinton,substitute_in
ENG-Premier League,2526,2025-12-30 Chelsea-Bournemouth,Chelsea,15’,1:1,Cole Palmer,,penalty_goal
ENG-Premier League,2526,2025-12-30 Chelsea-Bournemouth,Chelsea,23’,2:1,Enzo Fernández,Alejandro Garnacho,goal
ENG-Premier League,2526,2025-12-30 Chelsea-Bournemouth,Bournemouth,27’,2:2,Justin Kluivert,,goal
ENG-Premier League,2526,2025-12-30 Chelsea-Bournemouth,Chelsea,46’,2:2,Pedro Neto,Alejandro Garnacho,substitute_in
ENG-Premier League,2526,2025-12-30 Chelsea-Bournemouth,Chelsea,46’,2:2,Reece James,Joshua Acheampong,substitute_in
ENG-Premier League,2526,2025-12-30 Chelsea-Bournemouth,Chelsea,4’,0:0,Moisés Caicedo,,yellow_card
ENG-Premier League,2526,2025-12-30 Chelsea-Bournemouth,Chelsea,63’,2:2,João Pedro,Cole Palmer,substitute_in
ENG-Premier League,2526,2025-12-30 Chelsea-Bournemouth,Bournemouth,6’,0:1,David Brooks,,goal
ENG-Premier League,2526,2025-12-30 Chelsea-Bournemouth,Bournemouth,78’,2:2,Amine Adli,David Brooks,substitute_in
ENG-Premier League,2526,2025-12-30 Chelsea-Bournemouth,Bournemouth,82’,2:2,Enes Ünal,Evanilson,substitute_in
ENG-Premier League,2526,2025-12-30 Chelsea-Bournemouth,Bournemouth,84’,2:2,Marcus Tavernier,,yellow_card
ENG-Premier League,2526,2025-12-30 Chelsea-Bournemouth,Chelsea,87’,2:2,Andrey Santos,Liam Delap,substitute_in
ENG-Premier League,2526,2025-12-30 Chelsea-Bournemouth,Chelsea,90+2’,2:2,Jamie Gittens,Estêvão Willian,substitute_in
ENG-Premier League,2526,2025-12-30 Chelsea-Bournemouth,Bournemouth,90+2’,2:2,Adam Smith,Justin Kluivert,substitute_in
ENG-Premier League,2526,2025-12-30 Manchester Utd-Wolves,Manchester United,27’,1:0,Joshua Zirkzee,,goal
ENG-Premier League,2526,2025-12-30 Manchester Utd-Wolves,Wolverhampton Wanderers,45’,1:1,Ladislav Krejčí,,goal
ENG-Premier League,2526,2025-12-30 Manchester Utd-Wolves,Manchester United,46’,1:1,Jack Fletcher,Joshua Zirkzee,substitute_in
ENG-Premier League,2526,2025-12-30 Manchester Utd-Wolves,Wolverhampton Wanderers,63’,1:1,Jackson Tchatchoua,,yellow_card
ENG-Premier League,2526,2025-12-30 Manchester Utd-Wolves,Wolverhampton Wanderers,64’,1:1,Jørgen Strand Larsen,Tolu Arokodare,substitute_in
ENG-Premier League,2526,2025-12-30 Manchester Utd-Wolves,Manchester United,75’,1:1,Leny Yoro,Ayden Heaven,substitute_in
ENG-Premier League,2526,2025-12-30 Manchester Utd-Wolves,Manchester United,75’,1:1,Bendito Mantato,Manuel Ugarte,substitute_in
ENG-Premier League,2526,2025-12-30 Manchester Utd-Wolves,Wolverhampton Wanderers,88’,1:1,Fer López,Hwang Hee-chan,substitute_in
ENG-Premier League,2526,2025-12-30 Manchester Utd-Wolves,Wolverhampton Wanderers,90+5’,1:1,Jørgen Strand Larsen,,yellow_card
ENG-Premier League,2526,2025-12-30 Manchester Utd-Wolves,Wolverhampton Wanderers,90+5’,1:1,David Møller Wolfe,Jhon Arias,substitute_in
ENG-Premier League,2526,2025-12-30 Nottingham-Everton,Everton,19’,0:1,James Garner,Dwight McNeil,goal
ENG-Premier League,2526,2025-12-30 Nottingham-Everton,Nottingham Forest,46’,0:1,Douglas Luiz,Nicolás Domínguez,substitute_in
ENG-Premier League,2526,2025-12-30 Nottingham-Everton,Nottingham Forest,61’,0:1,Douglas Luiz,,yellow_card
ENG-Premier League,2526,2025-12-30 Nottingham-Everton,Nottingham Forest,62’,0:1,Taiwo Awoniyi,Igor Jesus,substitute_in
ENG-Premier League,2526,2025-12-30 Nottingham-Everton,Everton,72’,0:1,Jack Grealish,Nathan Patterson,substitute_in
ENG-Premier League,2526,2025-12-30 Nottingham-Everton,Nottingham Forest,75’,0:1,Dilane Bakwa,Callum Hudson-Odoi,substitute_in
ENG-Premier League,2526,2025-12-30 Nottingham-Everton,Everton,79’,0:2,Thierno Barry,James Garner,goal
ENG-Premier League,2526,2025-12-30 Nottingham-Everton,Everton,85’,0:2,Beto,Thierno Barry,substitute_in
ENG-Premier League,2526,2025-12-30 West Ham-Brighton,West Ham United,10’,1:0,Jarrod Bowen,Lucas Paquetá,goal
ENG-Premier League,2526,2025-12-30 West Ham-Brighton,West Ham United,13’,1:0,Jarrod Bowen,,yellow_card
ENG-Premier League,2526,2025-12-30 West Ham-Brighton,Brighton & Hove Albion,32’,1:1,Danny Welbeck,,penalty_goal
ENG-Premier League,2526,2025-12-30 West Ham-Brighton,Brighton & Hove Albion,36’,1:1,Danny Welbeck,,penalty_miss
ENG-Premier League,2526,2025-12-30 West Ham-Brighton,West Ham United,37’,1:1,Mateus Fernandes,,yellow_card
ENG-Premier League,2526,2025-12-30 West Ham-Brighton,Brighton & Hove Albion,37’,1:1,Danny Welbeck,,yellow_card
ENG-Premier League,2526,2025-12-30 West Ham-Brighton,Brighton & Hove Albion,42’,1:1,James Milner,,yellow_card
ENG-Premier League,2526,2025-12-30 West Ham-Brighton,Brighton & Hove Albion,45+2’,1:1,Lewis Dunk,,yellow_card
ENG-Premier League,2526,2025-12-30 West Ham-Brighton,West Ham United,45+3’,1:1,Konstantinos Mavropanos,Jean-Clair Todibo,substitute_in
ENG-Premier League,2526,2025-12-30 West Ham-Brighton,West Ham United,45+4’,2:1,Lucas Paquetá,,penalty_goal
ENG-Premier League,2526,2025-12-30 West Ham-Brighton,West Ham United,45’,1:1,Max Kilman,,yellow_card
ENG-Premier League,2526,2025-12-30 West Ham-Brighton,Brighton & Hove Albion,58’,2:1,Kaoru Mitoma,Maxim De Cuyper,substitute_in
ENG-Premier League,2526,2025-12-30 West Ham-Brighton,Brighton & Hove Albion,58’,2:1,Brajan Gruda,Yankuba Minteh,substitute_in
ENG-Premier League,2526,2025-12-30 West Ham-Brighton,Brighton & Hove Albion,61’,2:2,Joël Veltman,,goal
ENG-Premier League,2526,2025-12-30 West Ham-Brighton,West Ham United,63’,2:2,Crysencio Summerville,Callum Wilson,substitute_in
ENG-Premier League,2526,2025-12-30 West Ham-Brighton,Brighton & Hove Albion,72’,2:2,Georginio Rutter,Diego Gómez,substitute_in
ENG-Premier League,2526,2025-12-30 West Ham-Brighton,Brighton & Hove Albion,72’,2:2,Jack Hinshelwood,James Milner,substitute_in
ENG-Premier League,2526,2025-12-30 West Ham-Brighton,West Ham United,82’,2:2,Tomáš Souček,Soungoutou Magassa,substitute_in
ENG-Premier League,2526,2025-12-30 West Ham-Brighton,West Ham United,83’,2:2,Ezra Mayers,Kyle Walker-Peters,substitute_in
ENG-Premier League,2526,2025-12-30 West Ham-Brighton,West Ham United,83’,2:2,Mohamadou Kanté,Lucas Paquetá,substitute_in
ENG-Premier League,2526,2025-12-30 West Ham-Brighton,Brighton & Hove Albion,83’,2:2,Charalampos Kostoulas,Danny Welbeck,substitute_in
ENG-Premier League,2526,2025-12-30 West Ham-Brighton,Brighton & Hove Albion,84’,2:2,Charalampos Kostoulas,,yellow_card
ENG-Premier League,2526,2025-12-30 West Ham-Brighton,Brighton & Hove Albion,90+3’,2:2,Jan Paul van Hecke,,yellow_card
ENG-Premier League,2526,2026-01-01 Brentford-Tottenham,Brentford,58’,0:0,Jordan Henderson,,yellow_card
ENG-Premier League,2526,2026-01-01 Brentford-Tottenham,Tottenham Hotspur,60’,0:0,João Palhinha,,yellow_card
ENG-Premier League,2526,2026-01-01 Brentford-Tottenham,Tottenham Hotspur,67’,0:0,Randal Kolo Muani,Wilson Odobert,substitute_in
ENG-Premier League,2526,2026-01-01 Brentford-Tottenham,Tottenham Hotspur,69’,0:0,Guglielmo Vicario,,yellow_card
ENG-Premier League,2526,2026-01-01 Brentford-Tottenham,Brentford,80’,0:0,Mathias Jensen,Yehor Yarmoliuk,substitute_in
ENG-Premier League,2526,2026-01-01 Brentford-Tottenham,Brentford,80’,0:0,Reiss Nelson,Kevin Schade,substitute_in
ENG-Premier League,2526,2026-01-01 Brentford-Tottenham,Tottenham Hotspur,80’,0:0,Mathys Tel,João Palhinha,substitute_in
ENG-Premier League,2526,2026-01-01 Crystal Palace-Fulham,Fulham,19’,0:0,Jorge Cuenca,,yellow_card
ENG-Premier League,2526,2026-01-01 Crystal Palace-Fulham,Crystal Palace,39’,1:0,Jean-Philippe Mateta,Nathaniel Clyne,goal
ENG-Premier League,2526,2026-01-01 Crystal Palace-Fulham,Fulham,46’,1:0,Joachim Andersen,,yellow_card
ENG-Premier League,2526,2026-01-01 Crystal Palace-Fulham,Fulham,51’,1:0,Timothy Castagne,Kenny Tete,substitute_in
ENG-Premier League,2526,2026-01-01 Crystal Palace-Fulham,Crystal Palace,57’,1:0,Jaydee Canvot,Will Hughes,substitute_in
ENG-Premier League,2526,2026-01-01 Crystal Palace-Fulham,Fulham,60’,1:0,Emile Smith Rowe,,yellow_card
ENG-Premier League,2526,2026-01-01 Crystal Palace-Fulham,Fulham,68’,1:0,Tom Cairney,Sander Berge,substitute_in
ENG-Premier League,2526,2026-01-01 Crystal Palace-Fulham,Fulham,80’,1:1,Tom Cairney,Saša Lukić,goal
ENG-Premier League,2526,2026-01-01 Crystal Palace-Fulham,Fulham,81’,1:1,Tom Cairney,,yellow_card
ENG-Premier League,2526,2026-01-01 Crystal Palace-Fulham,Crystal Palace,82’,1:1,Christantus Uche,Yéremy Pino,substitute_in
ENG-Premier League,2526,2026-01-01 Crystal Palace-Fulham,Crystal Palace,82’,1:1,Romain Esse,Justin Devenny,substitute_in
ENG-Premier League,2526,2026-01-01 Crystal Palace-Fulham,Fulham,85’,1:1,Adama Traoré,Harry Wilson,substitute_in
ENG-Premier League,2526,2026-01-01 Crystal Palace-Fulham,Fulham,85’,1:1,Harrison Reed,Kevin,substitute_in
ENG-Premier League,2526,2026-01-01 Crystal Palace-Fulham,Fulham,88’,1:1,Timothy Castagne,,yellow_card
ENG-Premier League,2526,2026-01-01 Crystal Palace-Fulham,Crystal Palace,90+2’,1:1,Borna Sosa,Nathaniel Clyne,substitute_in
ENG-Premier League,2526,2026-01-01 Liverpool-Leeds United,Leeds United,61’,0:0,Ethan Ampadu,,yellow_card
ENG-Premier League,2526,2026-01-01 Liverpool-Leeds United,Leeds United,62’,0:0,Jaka Bijol,,yellow_card
ENG-Premier League,2526,2026-01-01 Liverpool-Leeds United,Liverpool,66’,0:0,Milos Kerkez,Andy Robertson,substitute_in
ENG-Premier League,2526,2026-01-01 Liverpool-Leeds United,Liverpool,66’,0:0,Cody Gakpo,Florian Wirtz,substitute_in
ENG-Premier League,2526,2026-01-01 Liverpool-Leeds United,Liverpool,66’,0:0,Alexis Mac Allister,Curtis Jones,substitute_in
ENG-Premier League,2526,2026-01-01 Liverpool-Leeds United,Leeds United,70’,0:0,Noah Okafor,Brenden Aaronson,substitute_in
ENG-Premier League,2526,2026-01-01 Liverpool-Leeds United,Leeds United,70’,0:0,Dominic Calvert-Lewin,Lukas Nmecha,substitute_in
ENG-Premier League,2526,2026-01-01 Liverpool-Leeds United,Liverpool,79’,0:0,Federico Chiesa,Conor Bradley,substitute_in
ENG-Premier League,2526,2026-01-01 Liverpool-Leeds United,Leeds United,83’,0:0,Jayden Bogle,Sebastiaan Bornauw,substitute_in
ENG-Premier League,2526,2026-01-01 Liverpool-Leeds United,Liverpool,84’,0:0,Rio Ngumoha,Jeremie Frimpong,substitute_in
ENG-Premier League,2526,2026-01-01 Liverpool-Leeds United,Leeds United,90+2’,0:0,Ao Tanaka,Ilia Gruev,substitute_in
ENG-Premier League,2526,2026-01-01 Sunderland-Manchester City,Sunderland,45+5’,0:0,Simon Adingra,,yellow_card
ENG-Premier League,2526,2026-01-01 Sunderland-Manchester City,Manchester City,46’,0:0,Rodri,Nicolás González,substitute_in
ENG-Premier League,2526,2026-01-01 Sunderland-Manchester City,Manchester City,51’,0:0,Jeremy Doku,Sávio,substitute_in
ENG-Premier League,2526,2026-01-01 Sunderland-Manchester City,Manchester City,57’,0:0,Joško Gvardiol,Nico O'Reilly,substitute_in
ENG-Premier League,2526,2026-01-01 Sunderland-Manchester City,Sunderland,58’,0:0,Wilson Isidor,Brian Brobbey,substitute_in
ENG-Premier League,2526,2026-01-01 Sunderland-Manchester City,Sunderland,72’,0:0,Romaine Mundle,Simon Adingra,substitute_in
ENG-Premier League,2526,2026-01-01 Sunderland-Manchester City,Manchester City,77’,0:0,Nathan Aké,,yellow_card
ENG-Premier League,2526,2026-01-01 Sunderland-Manchester City,Manchester City,85’,0:0,Tijjani Reijnders,Bernardo Silva,substitute_in
ENG-Premier League,2526,2026-01-03 Aston Villa-Nottingham,Aston Villa,45+1’,1:0,Ollie Watkins,Morgan Rogers,goal
ENG-Premier League,2526,2026-01-03 Aston Villa-Nottingham,Aston Villa,49’,2:0,John McGinn,Matty Cash,goal
ENG-Premier League,2526,2026-01-03 Aston Villa-Nottingham,Nottingham Forest,61’,2:1,Morgan Gibbs-White,Dilane Bakwa,goal
ENG-Premier League,2526,2026-01-03 Aston Villa-Nottingham,Nottingham Forest,65’,2:1,Dilane Bakwa,,yellow_card
ENG-Premier League,2526,2026-01-03 Aston Villa-Nottingham,Aston Villa,69’,2:1,Lucas Digne,Ian Maatsen,substitute_in
ENG-Premier League,2526,2026-01-03 Aston Villa-Nottingham,Aston Villa,69’,2:1,Jadon Sancho,Emi Buendía,substitute_in
ENG-Premier League,2526,2026-01-03 Aston Villa-Nottingham,Nottingham Forest,69’,2:1,Nicolò Savona,Ola Aina,substitute_in
ENG-Premier League,2526,2026-01-03 Aston Villa-Nottingham,Nottingham Forest,69’,2:1,James Mcatee,Dilane Bakwa,substitute_in
ENG-Premier League,2526,2026-01-03 Aston Villa-Nottingham,Aston Villa,73’,3:1,John McGinn,Youri Tielemans,goal
ENG-Premier League,2526,2026-01-03 Aston Villa-Nottingham,Nottingham Forest,78’,3:1,Matz Sels,John,substitute_in
ENG-Premier League,2526,2026-01-03 Aston Villa-Nottingham,Aston Villa,83’,3:1,Donyell Malen,Ollie Watkins,substitute_in
ENG-Premier League,2526,2026-01-03 Aston Villa-Nottingham,Aston Villa,83’,3:1,Lamare Bogarde,John McGinn,substitute_in
ENG-Premier League,2526,2026-01-03 Aston Villa-Nottingham,Nottingham Forest,84’,3:1,Douglas Luiz,Nicolás Domínguez,substitute_in
ENG-Premier League,2526,2026-01-03 Aston Villa-Nottingham,Nottingham Forest,84’,3:1,Arnaud Kalimuendo,Igor Jesus,substitute_in
ENG-Premier League,2526,2026-01-03 Aston Villa-Nottingham,Nottingham Forest,89’,3:1,James Mcatee,,yellow_card
ENG-Premier League,2526,2026-01-03 Aston Villa-Nottingham,Aston Villa,90+4’,3:1,Lamare Bogarde,,yellow_card
ENG-Premier League,2526,2026-01-03 Aston Villa-Nottingham,Aston Villa,90’,3:1,Andrés García,Matty Cash,substitute_in
ENG-Premier League,2526,2026-01-03 Bournemouth-Arsenal,Bournemouth,10’,1:0,Evanilson,,goal
ENG-Premier League,2526,2026-01-03 Bournemouth-Arsenal,Arsenal,16’,1:1,Gabriel Magalhães,,goal
ENG-Premier League,2526,2026-01-03 Bournemouth-Arsenal,Bournemouth,26’,1:1,Antoine Semenyo,,yellow_card
ENG-Premier League,2526,2026-01-03 Bournemouth-Arsenal,Arsenal,54’,1:2,Declan Rice,Martin Ødegaard,goal
ENG-Premier League,2526,2026-01-03 Bournemouth-Arsenal,Arsenal,66’,1:2,Gabriel Jesus,Viktor Gyökeres,substitute_in
ENG-Premier League,2526,2026-01-03 Bournemouth-Arsenal,Bournemouth,67’,1:2,Amine Adli,David Brooks,substitute_in
ENG-Premier League,2526,2026-01-03 Bournemouth-Arsenal,Arsenal,67’,1:2,Leandro Trossard,Gabriel Martinelli,substitute_in
ENG-Premier League,2526,2026-01-03 Bournemouth-Arsenal,Arsenal,67’,1:2,Bukayo Saka,Noni Madueke,substitute_in
ENG-Premier League,2526,2026-01-03 Bournemouth-Arsenal,Arsenal,70’,1:2,Martín Zubimendi,,yellow_card
ENG-Premier League,2526,2026-01-03 Bournemouth-Arsenal,Arsenal,71’,1:3,Declan Rice,Bukayo Saka,goal
ENG-Premier League,2526,2026-01-03 Bournemouth-Arsenal,Bournemouth,74’,1:3,Enes Ünal,Evanilson,substitute_in
ENG-Premier League,2526,2026-01-03 Bournemouth-Arsenal,Bournemouth,74’,1:3,Lewis Cook,Justin Kluivert,substitute_in
ENG-Premier League,2526,2026-01-03 Bournemouth-Arsenal,Bournemouth,74’,1:3,Eli Junior Kroupi,Alex Scott,substitute_in
ENG-Premier League,2526,2026-01-03 Bournemouth-Arsenal,Bournemouth,76’,2:3,Eli Junior Kroupi,Lewis Cook,goal
ENG-Premier League,2526,2026-01-03 Bournemouth-Arsenal,Bournemouth,80’,2:3,Eli Junior Kroupi,,yellow_card
ENG-Premier League,2526,2026-01-03 Bournemouth-Arsenal,Arsenal,80’,2:3,Mikel Merino,Martin Ødegaard,substitute_in
ENG-Premier League,2526,2026-01-03 Bournemouth-Arsenal,Bournemouth,90+1’,2:3,Amine Adli,,yellow_card
ENG-Premier League,2526,2026-01-03 Brighton-Burnley,Burnley,22’,0:0,Josh Laurent,,yellow_card
ENG-Premier League,2526,2026-01-03 Brighton-Burnley,Brighton & Hove Albion,29’,1:0,Georginio Rutter,Charalampos Kostoulas,goal
ENG-Premier League,2526,2026-01-03 Brighton-Burnley,Burnley,39’,1:0,Florentino Luís,,yellow_card
ENG-Premier League,2526,2026-01-03 Brighton-Burnley,Burnley,44’,1:0,Bashir Humphreys,,yellow_card
ENG-Premier League,2526,2026-01-03 Brighton-Burnley,Brighton & Hove Albion,47’,2:0,Yasin Ayari,,goal
ENG-Premier League,2526,2026-01-03 Brighton-Burnley,Burnley,55’,2:0,Marcus Edwards,Jacob Bruun Larsen,substitute_in
ENG-Premier League,2526,2026-01-03 Brighton-Burnley,Burnley,55’,2:0,Oliver Sonne,Lesley Ugochukwu,substitute_in
ENG-Premier League,2526,2026-01-03 Brighton-Burnley,Burnley,64’,2:0,Loum Tchaouna,Armando Broja,substitute_in
ENG-Premier League,2526,2026-01-03 Brighton-Burnley,Brighton & Hove Albion,71’,2:0,Maxim De Cuyper,Kaoru Mitoma,substitute_in
ENG-Premier League,2526,2026-01-03 Brighton-Burnley,Brighton & Hove Albion,71’,2:0,Pascal Groß,Charalampos Kostoulas,substitute_in
ENG-Premier League,2526,2026-01-03 Brighton-Burnley,Brighton & Hove Albion,71’,2:0,Danny Welbeck,Georginio Rutter,substitute_in
ENG-Premier League,2526,2026-01-03 Brighton-Burnley,Brighton & Hove Albion,80’,2:0,James Milner,Diego Gómez,substitute_in
ENG-Premier League,2526,2026-01-03 Brighton-Burnley,Burnley,81’,2:0,Jaydon Amauri Banel,Jaidon Anthony,substitute_in
ENG-Premier League,2526,2026-01-03 Brighton-Burnley,Brighton & Hove Albion,87’,2:0,Tom Watson,Brajan Gruda,substitute_in
ENG-Premier League,2526,2026-01-03 Brighton-Burnley,Burnley,90+3’,2:0,Kyle Walker,,yellow_card
ENG-Premier League,2526,2026-01-03 Wolves-West Ham,Wolverhampton Wanderers,31’,2:0,Hwang Hee-chan,,penalty_goal
ENG-Premier League,2526,2026-01-03 Wolves-West Ham,Wolverhampton Wanderers,41’,3:0,Mateus Mane,Hugo Bueno,goal
ENG-Premier League,2526,2026-01-03 Wolves-West Ham,Wolverhampton Wanderers,46’,3:0,André,João Gomes,substitute_in
ENG-Premier League,2526,2026-01-03 Wolves-West Ham,West Ham United,46’,3:0,Tomáš Souček,Freddie Potts,substitute_in
ENG-Premier League,2526,2026-01-03 Wolves-West Ham,West Ham United,46’,3:0,Ezra Mayers,Soungoutou Magassa,substitute_in
ENG-Premier League,2526,2026-01-03 Wolves-West Ham,Wolverhampton Wanderers,4’,1:0,Jhon Arias,Hwang Hee-chan,goal
ENG-Premier League,2526,2026-01-03 Wolves-West Ham,Wolverhampton Wanderers,61’,3:0,Jørgen Strand Larsen,Hwang Hee-chan,substitute_in
ENG-Premier League,2526,2026-01-03 Wolves-West Ham,Wolverhampton Wanderers,85’,3:0,Jackson Tchatchoua,,yellow_card
ENG-Premier League,2526,2026-01-03 Wolves-West Ham,Wolverhampton Wanderers,86’,3:0,Tawanda Chirewa,Mateus Mane,substitute_in
ENG-Premier League,2526,2026-01-03 Wolves-West Ham,Wolverhampton Wanderers,88’,3:0,David Møller Wolfe,Tolu Arokodare,substitute_in
ENG-Premier League,2526,2026-01-04 Everton-Brentford,Brentford,11’,0:1,Igor Thiago,Vitaly Janelt,goal
ENG-Premier League,2526,2026-01-04 Everton-Brentford,Brentford,31’,0:1,Yehor Yarmoliuk,,yellow_card
ENG-Premier League,2526,2026-01-04 Everton-Brentford,Brentford,39’,0:1,Michael Kayode,,yellow_card
ENG-Premier League,2526,2026-01-04 Everton-Brentford,Everton,46’,0:1,Beto,Tyler Dibling,substitute_in
ENG-Premier League,2526,2026-01-04 Everton-Brentford,Everton,46’,0:1,Merlin Röhl,Dwight McNeil,substitute_in
ENG-Premier League,2526,2026-01-04 Everton-Brentford,Brentford,50’,0:2,Nathan Collins,Vitaly Janelt,goal
ENG-Premier League,2526,2026-01-04 Everton-Brentford,Brentford,51’,0:3,Igor Thiago,Kevin Schade,goal
ENG-Premier League,2526,2026-01-04 Everton-Brentford,Brentford,64’,0:3,Jordan Henderson,Mathias Jensen,substitute_in
ENG-Premier League,2526,2026-01-04 Everton-Brentford,Brentford,64’,0:3,Keane Lewis-Potter,Kevin Schade,substitute_in
ENG-Premier League,2526,2026-01-04 Everton-Brentford,Everton,66’,1:3,Beto,Jack Grealish,goal
ENG-Premier League,2526,2026-01-04 Everton-Brentford,Brentford,76’,1:3,Rico Henry,Aaron Hickey,substitute_in
ENG-Premier League,2526,2026-01-04 Everton-Brentford,Everton,77’,1:3,Harrison Armstrong,Tim Iroegbunam,substitute_in
ENG-Premier League,2526,2026-01-04 Everton-Brentford,Brentford,88’,1:4,Igor Thiago,Nathan Collins,goal
ENG-Premier League,2526,2026-01-04 Everton-Brentford,Everton,90+1’,2:4,Thierno Barry,Jack Grealish,goal
ENG-Premier League,2526,2026-01-04 Everton-Brentford,Brentford,90+2’,2:4,Myles Peart-Harris,Igor Thiago,substitute_in
ENG-Premier League,2526,2026-01-04 Fulham-Liverpool,Fulham,17’,1:0,Harry Wilson,Raúl Jiménez,goal
ENG-Premier League,2526,2026-01-04 Fulham-Liverpool,Liverpool,57’,1:1,Florian Wirtz,Conor Bradley,goal
ENG-Premier League,2526,2026-01-04 Fulham-Liverpool,Fulham,71’,1:1,Harry Wilson,,yellow_card
ENG-Premier League,2526,2026-01-04 Fulham-Liverpool,Fulham,74’,1:1,Sander Berge,Tom Cairney,substitute_in
ENG-Premier League,2526,2026-01-04 Fulham-Liverpool,Fulham,74’,1:1,Kevin,Emile Smith Rowe,substitute_in
ENG-Premier League,2526,2026-01-04 Fulham-Liverpool,Liverpool,76’,1:1,Jeremie Frimpong,Florian Wirtz,substitute_in
ENG-Premier League,2526,2026-01-04 Fulham-Liverpool,Fulham,85’,1:1,Jonah Kusi-Asare,Raúl Jiménez,substitute_in
ENG-Premier League,2526,2026-01-04 Fulham-Liverpool,Fulham,85’,1:1,Adama Traoré,Harry Wilson,substitute_in
ENG-Premier League,2526,2026-01-04 Fulham-Liverpool,Liverpool,85’,1:1,Federico Chiesa,Curtis Jones,substitute_in
ENG-Premier League,2526,2026-01-04 Fulham-Liverpool,Fulham,90+2’,1:1,Harrison Reed,Saša Lukić,substitute_in
ENG-Premier League,2526,2026-01-04 Fulham-Liverpool,Liverpool,90+4’,1:2,Cody Gakpo,,goal
ENG-Premier League,2526,2026-01-04 Fulham-Liverpool,Liverpool,90+5’,1:2,Cody Gakpo,,yellow_card
ENG-Premier League,2526,2026-01-04 Fulham-Liverpool,Liverpool,90+6’,1:2,Joe Gomez,Cody Gakpo,substitute_in
ENG-Premier League,2526,2026-01-04 Fulham-Liverpool,Fulham,90+7’,2:2,Harrison Reed,Kevin,goal
ENG-Premier League,2526,2026-01-04 Leeds United-Manchester Utd,Manchester United,34’,0:0,Patrick Dorgu,,yellow_card
ENG-Premier League,2526,2026-01-04 Leeds United-Manchester Utd,Leeds United,62’,1:0,Brenden Aaronson,Pascal Struijk,goal
ENG-Premier League,2526,2026-01-04 Leeds United-Manchester Utd,Manchester United,63’,1:0,Joshua Zirkzee,Leny Yoro,substitute_in
ENG-Premier League,2526,2026-01-04 Leeds United-Manchester Utd,Manchester United,65’,1:1,Matheus Cunha,Joshua Zirkzee,goal
ENG-Premier League,2526,2026-01-04 Leeds United-Manchester Utd,Leeds United,75’,1:1,Lukas Nmecha,Noah Okafor,substitute_in
ENG-Premier League,2526,2026-01-04 Leeds United-Manchester Utd,Leeds United,80’,1:1,Ao Tanaka,Ilia Gruev,substitute_in
ENG-Premier League,2526,2026-01-04 Leeds United-Manchester Utd,Leeds United,80’,1:1,Wilfried Gnonto,Sebastiaan Bornauw,substitute_in
ENG-Premier League,2526,2026-01-04 Leeds United-Manchester Utd,Leeds United,87’,1:1,Joël Piroe,Brenden Aaronson,substitute_in
ENG-Premier League,2526,2026-01-04 Manchester City-Chelsea,Manchester City,42’,1:0,Tijjani Reijnders,,goal
ENG-Premier League,2526,2026-01-04 Manchester City-Chelsea,Chelsea,46’,1:0,Andrey Santos,Estêvão Willian,substitute_in
ENG-Premier League,2526,2026-01-04 Manchester City-Chelsea,Manchester City,51’,1:0,Abdukodir Khusanov,Joško Gvardiol,substitute_in
ENG-Premier League,2526,2026-01-04 Manchester City-Chelsea,Chelsea,52’,1:0,Reece James,,yellow_card
ENG-Premier League,2526,2026-01-04 Manchester City-Chelsea,Manchester City,54’,1:0,Rúben Dias,,yellow_card
ENG-Premier League,2526,2026-01-04 Manchester City-Chelsea,Chelsea,62’,1:0,Jorrel Hato,Joshua Acheampong,substitute_in
ENG-Premier League,2526,2026-01-04 Manchester City-Chelsea,Chelsea,62’,1:0,Liam Delap,João Pedro,substitute_in
ENG-Premier League,2526,2026-01-04 Manchester City-Chelsea,Manchester City,70’,1:0,Jeremy Doku,Tijjani Reijnders,substitute_in
ENG-Premier League,2526,2026-01-04 Manchester City-Chelsea,Manchester City,79’,1:0,Matheus Nunes,,yellow_card
ENG-Premier League,2526,2026-01-04 Manchester City-Chelsea,Chelsea,79’,1:0,Liam Delap,,yellow_card
ENG-Premier League,2526,2026-01-04 Manchester City-Chelsea,Manchester City,81’,1:0,Nathan Aké,Rúben Dias,substitute_in
ENG-Premier League,2526,2026-01-04 Manchester City-Chelsea,Manchester City,90+3’,1:0,Bernardo Silva,,yellow_card
ENG-Premier League,2526,2026-01-04 Manchester City-Chelsea,Chelsea,90+4’,1:1,Enzo Fernández,,goal
ENG-Premier League,2526,2026-01-04 Manchester City-Chelsea,Chelsea,90+5’,1:1,Enzo Fernández,,yellow_card
ENG-Premier League,2526,2026-01-04 Newcastle-Crystal Palace,Crystal Palace,33’,0:0,Brennan Johnson,,yellow_card
ENG-Premier League,2526,2026-01-04 Newcastle-Crystal Palace,Crystal Palace,38’,0:0,Jaydee Canvot,Jefferson Lerma,substitute_in
ENG-Premier League,2526,2026-01-04 Newcastle-Crystal Palace,Crystal Palace,49’,0:0,Tyrick Mitchell,,yellow_card
ENG-Premier League,2526,2026-01-04 Newcastle-Crystal Palace,Crystal Palace,52’,0:0,Justin Devenny,Nathaniel Clyne,substitute_in
ENG-Premier League,2526,2026-01-04 Newcastle-Crystal Palace,Crystal Palace,55’,0:0,Marc Guéhi,,yellow_card
ENG-Premier League,2526,2026-01-04 Newcastle-Crystal Palace,Newcastle United,62’,0:0,Anthony Gordon,,yellow_card
ENG-Premier League,2526,2026-01-04 Newcastle-Crystal Palace,Newcastle United,63’,0:0,Harvey Barnes,Anthony Gordon,substitute_in
ENG-Premier League,2526,2026-01-04 Newcastle-Crystal Palace,Newcastle United,63’,0:0,Jacob Ramsey,Sandro Tonali,substitute_in
ENG-Premier League,2526,2026-01-04 Newcastle-Crystal Palace,Newcastle United,63’,0:0,Tino Livramento,Lewis Hall,substitute_in
ENG-Premier League,2526,2026-01-04 Newcastle-Crystal Palace,Newcastle United,71’,1:0,Bruno Guimarães,Lewis Miley,goal
ENG-Premier League,2526,2026-01-04 Newcastle-Crystal Palace,Crystal Palace,72’,1:0,Christantus Uche,Brennan Johnson,substitute_in
ENG-Premier League,2526,2026-01-04 Newcastle-Crystal Palace,Newcastle United,78’,2:0,Malick Thiaw,,goal
ENG-Premier League,2526,2026-01-04 Newcastle-Crystal Palace,Newcastle United,78’,2:0,Nick Woltemade,Yoane Wissa,substitute_in
ENG-Premier League,2526,2026-01-04 Newcastle-Crystal Palace,Crystal Palace,87’,2:0,Joél Drakes-Thomas,Jean-Philippe Mateta,substitute_in
ENG-Premier League,2526,2026-01-04 Newcastle-Crystal Palace,Crystal Palace,87’,2:0,Kaden Rodney,Adam Wharton,substitute_in
ENG-Premier League,2526,2026-01-04 Newcastle-Crystal Palace,Crystal Palace,87’,2:0,Romain Esse,Yéremy Pino,substitute_in
ENG-Premier League,2526,2026-01-04 Newcastle-Crystal Palace,Newcastle United,88’,2:0,Joe Willock,Jacob Murphy,substitute_in
ENG-Premier League,2526,2026-01-04 Tottenham-Sunderland,Tottenham Hotspur,19’,0:0,Randal Kolo Muani,Mohammed Kudus,substitute_in
ENG-Premier League,2526,2026-01-04 Tottenham-Sunderland,Tottenham Hotspur,30’,1:0,Ben Davies,Micky van de Ven,goal
ENG-Premier League,2526,2026-01-04 Tottenham-Sunderland,Sunderland,47’,1:0,Dennis Cirkin,,yellow_card
ENG-Premier League,2526,2026-01-04 Tottenham-Sunderland,Sunderland,50’,1:0,Omar Alderete,,yellow_card
ENG-Premier League,2526,2026-01-04 Tottenham-Sunderland,Sunderland,59’,1:0,Romaine Mundle,Dennis Cirkin,substitute_in
ENG-Premier League,2526,2026-01-04 Tottenham-Sunderland,Sunderland,60’,1:0,Enzo Le Fée,,yellow_card
ENG-Premier League,2526,2026-01-04 Tottenham-Sunderland,Sunderland,66’,1:0,Daniel Ballard,Simon Adingra,substitute_in
ENG-Premier League,2526,2026-01-04 Tottenham-Sunderland,Tottenham Hotspur,72’,1:0,João Palhinha,Archie Gray,substitute_in
ENG-Premier League,2526,2026-01-04 Tottenham-Sunderland,Tottenham Hotspur,72’,1:0,Lucas Bergvall,Wilson Odobert,substitute_in
ENG-Premier League,2526,2026-01-04 Tottenham-Sunderland,Sunderland,80’,1:1,Brian Brobbey,Enzo Le Fée,goal
ENG-Premier League,2526,2026-01-04 Tottenham-Sunderland,Sunderland,82’,1:1,Chris Rigg,Eliezer Mayenda,substitute_in
ENG-Premier League,2526,2026-01-04 Tottenham-Sunderland,Tottenham Hotspur,83’,1:1,Rodrigo Bentancur,,yellow_card
ENG-Premier League,2526,2026-01-04 Tottenham-Sunderland,Tottenham Hotspur,88’,1:1,Dane Scarlett,Mathys Tel,substitute_in
ENG-Premier League,2526,2026-01-04 Tottenham-Sunderland,Tottenham Hotspur,88’,1:1,Djed Spence,Ben Davies,substitute_in
ENG-Premier League,2526,2026-01-04 Tottenham-Sunderland,Tottenham Hotspur,90+6’,1:1,João Palhinha,,yellow_card
ENG-Premier League,2526,2026-01-06 West Ham-Nottingham,West Ham United,13’,1:0,Murillo,,own_goal
ENG-Premier League,2526,2026-01-06 West Ham-Nottingham,Nottingham Forest,46’,1:0,Dilane Bakwa,Omari Hutchinson,substitute_in
ENG-Premier League,2526,2026-01-06 West Ham-Nottingham,Nottingham Forest,55’,1:1,Nicolás Domínguez,Elliot Anderson,goal
ENG-Premier League,2526,2026-01-06 West Ham-Nottingham,West Ham United,61’,1:1,Jean-Clair Todibo,,yellow_card
ENG-Premier League,2526,2026-01-06 West Ham-Nottingham,West Ham United,63’,1:1,Ezra Mayers,Oliver Scarles,substitute_in
ENG-Premier League,2526,2026-01-06 West Ham-Nottingham,West Ham United,63’,1:1,Pablo,Lucas Paquetá,substitute_in
ENG-Premier League,2526,2026-01-06 West Ham-Nottingham,West Ham United,80’,1:1,Freddie Potts,Mateus Fernandes,substitute_in
ENG-Premier League,2526,2026-01-06 West Ham-Nottingham,Nottingham Forest,89’,1:2,Morgan Gibbs-White,,penalty_goal
ENG-Premier League,2526,2026-01-06 West Ham-Nottingham,Nottingham Forest,90+2’,1:2,Morato,Dilane Bakwa,substitute_in
ENG-Premier League,2526,2026-01-06 West Ham-Nottingham,West Ham United,90+4’,1:2,Kyle Walker-Peters,,yellow_card
ENG-Premier League,2526,2026-01-06 West Ham-Nottingham,West Ham United,90+6’,1:2,Konstantinos Mavropanos,,yellow_card
ENG-Premier League,2526,2026-01-07 Bournemouth-Tottenham,Bournemouth,22’,1:1,Evanilson,Marcus Tavernier,goal
ENG-Premier League,2526,2026-01-07 Bournemouth-Tottenham,Bournemouth,36’,2:1,Eli Junior Kroupi,Marcos Senesi,goal
ENG-Premier League,2526,2026-01-07 Bournemouth-Tottenham,Bournemouth,43’,2:1,Antoine Semenyo,,yellow_card
ENG-Premier League,2526,2026-01-07 Bournemouth-Tottenham,Bournemouth,51’,2:1,Lewis Cook,,yellow_card
ENG-Premier League,2526,2026-01-07 Bournemouth-Tottenham,Tottenham Hotspur,57’,2:1,Wilson Odobert,Lucas Bergvall,substitute_in
ENG-Premier League,2526,2026-01-07 Bournemouth-Tottenham,Tottenham Hotspur,5’,0:1,Mathys Tel,Xavi Simons,goal
ENG-Premier League,2526,2026-01-07 Bournemouth-Tottenham,Tottenham Hotspur,60’,2:1,Pedro Porro,,yellow_card
ENG-Premier League,2526,2026-01-07 Bournemouth-Tottenham,Tottenham Hotspur,61’,2:1,Randal Kolo Muani,,yellow_card
ENG-Premier League,2526,2026-01-07 Bournemouth-Tottenham,Bournemouth,64’,2:1,David Brooks,Eli Junior Kroupi,substitute_in
ENG-Premier League,2526,2026-01-07 Bournemouth-Tottenham,Bournemouth,64’,2:1,Enes Ünal,Evanilson,substitute_in
ENG-Premier League,2526,2026-01-07 Bournemouth-Tottenham,Tottenham Hotspur,67’,2:1,Richarlison,Randal Kolo Muani,substitute_in
ENG-Premier League,2526,2026-01-07 Bournemouth-Tottenham,Tottenham Hotspur,75’,2:1,Micky van de Ven,,yellow_card
ENG-Premier League,2526,2026-01-07 Bournemouth-Tottenham,Bournemouth,77’,2:1,Álex Jiménez,,yellow_card
ENG-Premier League,2526,2026-01-07 Bournemouth-Tottenham,Tottenham Hotspur,78’,2:2,João Palhinha,,goal
ENG-Premier League,2526,2026-01-07 Bournemouth-Tottenham,Tottenham Hotspur,86’,2:2,Archie Gray,Rodrigo Bentancur,substitute_in
ENG-Premier League,2526,2026-01-07 Bournemouth-Tottenham,Bournemouth,87’,2:2,Bafodé Diakité,Marcus Tavernier,substitute_in
ENG-Premier League,2526,2026-01-07 Bournemouth-Tottenham,Bournemouth,87’,2:2,Amine Adli,Álex Jiménez,substitute_in
ENG-Premier League,2526,2026-01-07 Bournemouth-Tottenham,Bournemouth,90+10’,3:2,Veljko Milosavljević,Antoine Semenyo,substitute_in
ENG-Premier League,2526,2026-01-07 Bournemouth-Tottenham,Bournemouth,90+5’,3:2,Antoine Semenyo,David Brooks,goal
ENG-Premier League,2526,2026-01-07 Brentford-Sunderland,Brentford,30’,1:0,Igor Thiago,Vitaly Janelt,goal
ENG-Premier League,2526,2026-01-07 Brentford-Sunderland,Brentford,43’,1:0,Igor Thiago,,yellow_card
ENG-Premier League,2526,2026-01-07 Brentford-Sunderland,Sunderland,45’,1:0,Trai Hume,,yellow_card
ENG-Premier League,2526,2026-01-07 Brentford-Sunderland,Sunderland,52’,1:0,Romaine Mundle,Simon Adingra,substitute_in
ENG-Premier League,2526,2026-01-07 Brentford-Sunderland,Sunderland,52’,1:0,Eliezer Mayenda,Chris Rigg,substitute_in
ENG-Premier League,2526,2026-01-07 Brentford-Sunderland,Sunderland,60’,1:0,Enzo Le Fée,Caoimhín Kelleher,penalty_miss
ENG-Premier League,2526,2026-01-07 Brentford-Sunderland,Brentford,61’,1:0,Mikkel Damsgaard,Keane Lewis-Potter,substitute_in
ENG-Premier League,2526,2026-01-07 Brentford-Sunderland,Brentford,63’,1:0,Vitaly Janelt,,yellow_card
ENG-Premier League,2526,2026-01-07 Brentford-Sunderland,Brentford,65’,2:0,Igor Thiago,Kevin Schade,goal
ENG-Premier League,2526,2026-01-07 Brentford-Sunderland,Brentford,73’,3:0,Yehor Yarmoliuk,Nathan Collins,goal
ENG-Premier League,2526,2026-01-07 Brentford-Sunderland,Brentford,76’,3:0,Jordan Henderson,Mathias Jensen,substitute_in
ENG-Premier League,2526,2026-01-07 Brentford-Sunderland,Sunderland,79’,3:0,Dan Neil,Lutsharel Geertruida,substitute_in
ENG-Premier League,2526,2026-01-07 Brentford-Sunderland,Sunderland,79’,3:0,Dennis Cirkin,Daniel Ballard,substitute_in
ENG-Premier League,2526,2026-01-07 Brentford-Sunderland,Brentford,82’,3:0,Reiss Nelson,Igor Thiago,substitute_in
ENG-Premier League,2526,2026-01-07 Brentford-Sunderland,Brentford,82’,3:0,Aaron Hickey,Michael Kayode,substitute_in
ENG-Premier League,2526,2026-01-07 Brentford-Sunderland,Sunderland,83’,3:0,Luke O'Nien,Omar Alderete,substitute_in
ENG-Premier League,2526,2026-01-07 Burnley-Manchester Utd,Burnley,13’,1:0,Ayden Heaven,,own_goal
ENG-Premier League,2526,2026-01-07 Burnley-Manchester Utd,Burnley,41’,1:0,Hannibal Mejbri,,yellow_card
ENG-Premier League,2526,2026-01-07 Burnley-Manchester Utd,Manchester United,50’,1:1,Benjamin Šeško,Bruno Fernandes,goal
ENG-Premier League,2526,2026-01-07 Burnley-Manchester Utd,Burnley,58’,1:1,Jaidon Anthony,Hannibal Mejbri,substitute_in
ENG-Premier League,2526,2026-01-07 Burnley-Manchester Utd,Manchester United,60’,1:2,Benjamin Šeško,Patrick Dorgu,goal
ENG-Premier League,2526,2026-01-07 Burnley-Manchester Utd,Manchester United,61’,1:2,Mason Mount,Bruno Fernandes,substitute_in
ENG-Premier League,2526,2026-01-07 Burnley-Manchester Utd,Manchester United,61’,1:2,Leny Yoro,Ayden Heaven,substitute_in
ENG-Premier League,2526,2026-01-07 Burnley-Manchester Utd,Burnley,66’,2:2,Jaidon Anthony,Marcus Edwards,goal
ENG-Premier League,2526,2026-01-07 Burnley-Manchester Utd,Manchester United,74’,2:2,Joshua Zirkzee,Matheus Cunha,substitute_in
ENG-Premier League,2526,2026-01-07 Burnley-Manchester Utd,Manchester United,74’,2:2,Kobbie Mainoo,Casemiro,substitute_in
ENG-Premier League,2526,2026-01-07 Burnley-Manchester Utd,Burnley,76’,2:2,Lyle Foster,Armando Broja,substitute_in
ENG-Premier League,2526,2026-01-07 Burnley-Manchester Utd,Manchester United,84’,2:2,Shea Lacey,Manuel Ugarte,substitute_in
ENG-Premier League,2526,2026-01-07 Burnley-Manchester Utd,Burnley,90+2’,2:2,Oliver Sonne,Marcus Edwards,substitute_in
ENG-Premier League,2526,2026-01-07 Burnley-Manchester Utd,Burnley,90+5’,2:2,Lyle Foster,,yellow_card
ENG-Premier League,2526,2026-01-07 Crystal Palace-Aston Villa,Aston Villa,46’,0:0,Marco Bizot,Emiliano Martínez,substitute_in
ENG-Premier League,2526,2026-01-07 Crystal Palace-Aston Villa,Aston Villa,65’,0:0,Emi Buendía,Jadon Sancho,substitute_in
ENG-Premier League,2526,2026-01-07 Crystal Palace-Aston Villa,Crystal Palace,67’,0:0,Brennan Johnson,,yellow_card
ENG-Premier League,2526,2026-01-07 Crystal Palace-Aston Villa,Aston Villa,73’,0:0,Donyell Malen,John McGinn,substitute_in
ENG-Premier League,2526,2026-01-07 Crystal Palace-Aston Villa,Aston Villa,73’,0:0,Ian Maatsen,Lucas Digne,substitute_in
ENG-Premier League,2526,2026-01-07 Crystal Palace-Aston Villa,Aston Villa,82’,0:0,Lamare Bogarde,Boubacar Kamara,substitute_in
ENG-Premier League,2526,2026-01-07 Crystal Palace-Aston Villa,Crystal Palace,83’,0:0,Tyrick Mitchell,,yellow_card
ENG-Premier League,2526,2026-01-07 Crystal Palace-Aston Villa,Crystal Palace,90’,0:0,Borna Sosa,Justin Devenny,substitute_in
ENG-Premier League,2526,2026-01-07 Everton-Wolves,Everton,17’,1:0,Michael Keane,Tim Iroegbunam,goal
ENG-Premier League,2526,2026-01-07 Everton-Wolves,Wolverhampton Wanderers,43’,1:0,José Sá,,yellow_card
ENG-Premier League,2526,2026-01-07 Everton-Wolves,Wolverhampton Wanderers,46’,1:0,André,Jhon Arias,substitute_in
ENG-Premier League,2526,2026-01-07 Everton-Wolves,Wolverhampton Wanderers,57’,1:0,Yerson Mosquera,,yellow_card
ENG-Premier League,2526,2026-01-07 Everton-Wolves,Wolverhampton Wanderers,67’,1:0,Jørgen Strand Larsen,Ladislav Krejčí,substitute_in
ENG-Premier League,2526,2026-01-07 Everton-Wolves,Wolverhampton Wanderers,69’,1:1,Mateus Mane,Jørgen Strand Larsen,goal
ENG-Premier League,2526,2026-01-07 Everton-Wolves,Everton,77’,1:1,Tim Iroegbunam,,yellow_card
ENG-Premier League,2526,2026-01-07 Everton-Wolves,Wolverhampton Wanderers,77’,1:1,Hwang Hee-chan,,yellow_card
ENG-Premier League,2526,2026-01-07 Everton-Wolves,Everton,83’,1:1,Michael Keane,,red_card
ENG-Premier League,2526,2026-01-07 Everton-Wolves,Everton,87’,1:1,Jack Grealish,,yellow_card
ENG-Premier League,2526,2026-01-07 Everton-Wolves,Everton,87’,1:1,Beto,Thierno Barry,substitute_in
ENG-Premier League,2526,2026-01-07 Everton-Wolves,Everton,87’,1:1,Nathan Patterson,Harrison Armstrong,substitute_in
ENG-Premier League,2526,2026-01-07 Everton-Wolves,Everton,90+1’,1:1,Merlin Röhl,Dwight McNeil,substitute_in
ENG-Premier League,2526,2026-01-07 Everton-Wolves,Wolverhampton Wanderers,90+5’,1:1,Pedro Lima,Hwang Hee-chan,substitute_in
ENG-Premier League,2526,2026-01-07 Everton-Wolves,Everton,90’,1:1,Jack Grealish,,yellow_red_card
ENG-Premier League,2526,2026-01-07 Fulham-Chelsea,Chelsea,22’,0:0,Marc Cucurella,,red_card
ENG-Premier League,2526,2026-01-07 Fulham-Chelsea,Chelsea,24’,0:0,Enzo Fernández,,yellow_card
ENG-Premier League,2526,2026-01-07 Fulham-Chelsea,Chelsea,25’,0:0,Tosin Adarabioyo,,yellow_card
ENG-Premier League,2526,2026-01-07 Fulham-Chelsea,Chelsea,25’,0:0,Cole Palmer,,yellow_card
ENG-Premier League,2526,2026-01-07 Fulham-Chelsea,Chelsea,28’,0:0,Jorrel Hato,Andrey Santos,substitute_in
ENG-Premier League,2526,2026-01-07 Fulham-Chelsea,Fulham,45+7’,0:0,Jorge Cuenca,,yellow_card
ENG-Premier League,2526,2026-01-07 Fulham-Chelsea,Fulham,46’,0:0,Kevin,Jorge Cuenca,substitute_in
ENG-Premier League,2526,2026-01-07 Fulham-Chelsea,Fulham,55’,1:0,Raúl Jiménez,Sander Berge,goal
ENG-Premier League,2526,2026-01-07 Fulham-Chelsea,Chelsea,65’,1:0,Reece James,Enzo Fernández,substitute_in
ENG-Premier League,2526,2026-01-07 Fulham-Chelsea,Chelsea,72’,1:1,Liam Delap,,goal
ENG-Premier League,2526,2026-01-07 Fulham-Chelsea,Fulham,73’,1:1,Saša Lukić,Tom Cairney,substitute_in
ENG-Premier League,2526,2026-01-07 Fulham-Chelsea,Fulham,73’,1:1,Ryan Sessegnon,Antonee Robinson,substitute_in
ENG-Premier League,2526,2026-01-07 Fulham-Chelsea,Chelsea,75’,1:1,João Pedro,Cole Palmer,substitute_in
ENG-Premier League,2526,2026-01-07 Fulham-Chelsea,Chelsea,76’,1:1,Joshua Acheampong,Malo Gusto,substitute_in
ENG-Premier League,2526,2026-01-07 Fulham-Chelsea,Fulham,78’,1:1,Timothy Castagne,,yellow_card
ENG-Premier League,2526,2026-01-07 Fulham-Chelsea,Fulham,81’,2:1,Harry Wilson,,goal
ENG-Premier League,2526,2026-01-07 Fulham-Chelsea,Fulham,83’,2:1,Harrison Reed,Emile Smith Rowe,substitute_in
ENG-Premier League,2526,2026-01-07 Fulham-Chelsea,Fulham,90+1’,2:1,Adama Traoré,Harry Wilson,substitute_in
ENG-Premier League,2526,2026-01-07 Fulham-Chelsea,Fulham,90’,2:1,Raúl Jiménez,,yellow_card
ENG-Premier League,2526,2026-01-07 Manchester City-Brighton,Brighton & Hove Albion,29’,0:0,Lewis Dunk,,yellow_card
ENG-Premier League,2526,2026-01-07 Manchester City-Brighton,Manchester City,41’,1:0,Erling Haaland,,penalty_goal
ENG-Premier League,2526,2026-01-07 Manchester City-Brighton,Brighton & Hove Albion,41’,1:0,Pascal Groß,,yellow_card
ENG-Premier League,2526,2026-01-07 Manchester City-Brighton,Brighton & Hove Albion,53’,1:0,Jan Paul van Hecke,,yellow_card
ENG-Premier League,2526,2026-01-07 Manchester City-Brighton,Manchester City,60’,1:1,Gianluigi Donnarumma,,yellow_card
ENG-Premier League,2526,2026-01-07 Manchester City-Brighton,Brighton & Hove Albion,60’,1:1,Kaoru Mitoma,Yasin Ayari,goal
ENG-Premier League,2526,2026-01-07 Manchester City-Brighton,Brighton & Hove Albion,61’,1:1,Maxim De Cuyper,,yellow_card
ENG-Premier League,2526,2026-01-07 Manchester City-Brighton,Manchester City,64’,1:1,Rodri,Nicolás González,substitute_in
ENG-Premier League,2526,2026-01-07 Manchester City-Brighton,Brighton & Hove Albion,69’,1:1,Kaoru Mitoma,,yellow_card
ENG-Premier League,2526,2026-01-07 Manchester City-Brighton,Manchester City,73’,1:1,Nico O'Reilly,Nathan Aké,substitute_in
ENG-Premier League,2526,2026-01-07 Manchester City-Brighton,Manchester City,73’,1:1,Rico Lewis,Matheus Nunes,substitute_in
ENG-Premier League,2526,2026-01-07 Manchester City-Brighton,Manchester City,73’,1:1,Rayan Cherki,Phil Foden,substitute_in
ENG-Premier League,2526,2026-01-07 Manchester City-Brighton,Brighton & Hove Albion,77’,1:1,Danny Welbeck,Georginio Rutter,substitute_in
ENG-Premier League,2526,2026-01-07 Manchester City-Brighton,Brighton & Hove Albion,77’,1:1,Brajan Gruda,Diego Gómez,substitute_in
ENG-Premier League,2526,2026-01-07 Manchester City-Brighton,Brighton & Hove Albion,83’,1:1,Tom Watson,Kaoru Mitoma,substitute_in
ENG-Premier League,2526,2026-01-07 Manchester City-Brighton,Brighton & Hove Albion,83’,1:1,James Milner,Yasin Ayari,substitute_in
ENG-Premier League,2526,2026-01-07 Manchester City-Brighton,Brighton & Hove Albion,89’,1:1,Tom Watson,,yellow_card
ENG-Premier League,2526,2026-01-07 Newcastle-Leeds United,Leeds United,22’,0:0,Dominic Calvert-Lewin,,yellow_card
ENG-Premier League,2526,2026-01-07 Newcastle-Leeds United,Leeds United,32’,0:1,Brenden Aaronson,Dominic Calvert-Lewin,goal
ENG-Premier League,2526,2026-01-07 Newcastle-Leeds United,Newcastle United,36’,1:1,Harvey Barnes,Nick Woltemade,goal
ENG-Premier League,2526,2026-01-07 Newcastle-Leeds United,Newcastle United,45+3’,1:1,Anthony Gordon,,yellow_card
ENG-Premier League,2526,2026-01-07 Newcastle-Leeds United,Leeds United,45+5’,1:2,Dominic Calvert-Lewin,,penalty_goal
ENG-Premier League,2526,2026-01-07 Newcastle-Leeds United,Newcastle United,45+6’,1:2,Joelinton,,yellow_card
ENG-Premier League,2526,2026-01-07 Newcastle-Leeds United,Newcastle United,46’,1:2,Sven Botman,Malick Thiaw,substitute_in
ENG-Premier League,2526,2026-01-07 Newcastle-Leeds United,Newcastle United,46’,1:2,Tino Livramento,Sandro Tonali,substitute_in
ENG-Premier League,2526,2026-01-07 Newcastle-Leeds United,Newcastle United,54’,2:2,Joelinton,Bruno Guimarães,goal
ENG-Premier League,2526,2026-01-07 Newcastle-Leeds United,Newcastle United,75’,2:2,Yoane Wissa,Nick Woltemade,substitute_in
ENG-Premier League,2526,2026-01-07 Newcastle-Leeds United,Newcastle United,76’,2:2,Jacob Ramsey,Fabian Schär,substitute_in
ENG-Premier League,2526,2026-01-07 Newcastle-Leeds United,Leeds United,79’,2:3,Brenden Aaronson,Ilia Gruev,goal
ENG-Premier League,2526,2026-01-07 Newcastle-Leeds United,Newcastle United,7’,0:0,Malick Thiaw,,yellow_card
ENG-Premier League,2526,2026-01-07 Newcastle-Leeds United,Leeds United,80’,2:3,Noah Okafor,Anton Stach,substitute_in
ENG-Premier League,2526,2026-01-07 Newcastle-Leeds United,Newcastle United,81’,2:3,Jacob Murphy,Anthony Gordon,substitute_in
ENG-Premier League,2526,2026-01-07 Newcastle-Leeds United,Leeds United,87’,2:3,Lukas Nmecha,Dominic Calvert-Lewin,substitute_in
ENG-Premier League,2526,2026-01-07 Newcastle-Leeds United,Leeds United,90+10’,3:3,Ethan Ampadu,,yellow_card
ENG-Premier League,2526,2026-01-07 Newcastle-Leeds United,Newcastle United,90+12’,4:3,Harvey Barnes,Sven Botman,goal
ENG-Premier League,2526,2026-01-07 Newcastle-Leeds United,Newcastle United,90+1’,3:3,Bruno Guimarães,,penalty_goal
ENG-Premier League,2526,2026-01-07 Newcastle-Leeds United,Leeds United,90+7’,3:3,Sebastiaan Bornauw,Joe Rodon,substitute_in
ENG-Premier League,2526,2026-01-07 Newcastle-Leeds United,Leeds United,90+7’,3:3,Ao Tanaka,Ilia Gruev,substitute_in
ENG-Premier League,2526,2026-01-07 Newcastle-Leeds United,Leeds United,90+7’,3:3,Wilfried Gnonto,Brenden Aaronson,substitute_in
ENG-Premier League,2526,2026-01-08 Arsenal-Liverpool,Arsenal,12’,0:0,Leandro Trossard,,yellow_card
ENG-Premier League,2526,2026-01-08 Arsenal-Liverpool,Arsenal,57’,0:0,Myles Lewis-Skelly,Piero Hincapié,substitute_in
ENG-Premier League,2526,2026-01-08 Arsenal-Liverpool,Arsenal,64’,0:0,Gabriel Martinelli,Leandro Trossard,substitute_in
ENG-Premier League,2526,2026-01-08 Arsenal-Liverpool,Arsenal,64’,0:0,Gabriel Jesus,Viktor Gyökeres,substitute_in
ENG-Premier League,2526,2026-01-08 Arsenal-Liverpool,Arsenal,78’,0:0,Eberechi Eze,Martin Ødegaard,substitute_in
ENG-Premier League,2526,2026-01-08 Arsenal-Liverpool,Arsenal,78’,0:0,Noni Madueke,Bukayo Saka,substitute_in
ENG-Premier League,2526,2026-01-08 Arsenal-Liverpool,Arsenal,90+3’,0:0,Gabriel Martinelli,,yellow_card
ENG-Premier League,2526,2026-01-08 Arsenal-Liverpool,Liverpool,90+3’,0:0,Ibrahima Konaté,,yellow_card
ENG-Premier League,2526,2026-01-08 Arsenal-Liverpool,Liverpool,90+5’,0:0,Joe Gomez,Conor Bradley,substitute_in
ENG-Premier League,2526,2026-01-08 Arsenal-Liverpool,Liverpool,90’,0:0,Alexis Mac Allister,,yellow_card
ENG-Premier League,2526,2026-01-17 Chelsea-Brentford,Chelsea,26’,1:0,João Pedro,Enzo Fernández,goal
ENG-Premier League,2526,2026-01-17 Chelsea-Brentford,Brentford,36’,1:0,Kevin Schade,,yellow_card
ENG-Premier League,2526,2026-01-17 Chelsea-Brentford,Brentford,45+3’,1:0,Vitaly Janelt,,yellow_card
ENG-Premier League,2526,2026-01-17 Chelsea-Brentford,Chelsea,57’,1:0,Andrey Santos,Alejandro Garnacho,substitute_in
ENG-Premier League,2526,2026-01-17 Chelsea-Brentford,Chelsea,58’,1:0,Wesley Fofana,Tosin Adarabioyo,substitute_in
ENG-Premier League,2526,2026-01-17 Chelsea-Brentford,Chelsea,67’,1:0,Marc Cucurella,,yellow_card
ENG-Premier League,2526,2026-01-17 Chelsea-Brentford,Chelsea,74’,1:0,Liam Delap,João Pedro,substitute_in
ENG-Premier League,2526,2026-01-17 Chelsea-Brentford,Chelsea,76’,2:0,Cole Palmer,,penalty_goal
ENG-Premier League,2526,2026-01-17 Chelsea-Brentford,Brentford,77’,2:0,Dango Ouattara,Mikkel Damsgaard,substitute_in
ENG-Premier League,2526,2026-01-17 Chelsea-Brentford,Brentford,82’,2:0,Keane Lewis-Potter,Kevin Schade,substitute_in
ENG-Premier League,2526,2026-01-17 Chelsea-Brentford,Brentford,82’,2:0,Aaron Hickey,Rico Henry,substitute_in
ENG-Premier League,2526,2026-01-17 Chelsea-Brentford,Chelsea,83’,2:0,Wesley Fofana,,yellow_card
ENG-Premier League,2526,2026-01-17 Chelsea-Brentford,Chelsea,85’,2:0,Jorrel Hato,Enzo Fernández,substitute_in
ENG-Premier League,2526,2026-01-17 Chelsea-Brentford,Chelsea,85’,2:0,Joshua Acheampong,Reece James,substitute_in
ENG-Premier League,2526,2026-01-17 Chelsea-Brentford,Chelsea,90+1’,2:0,Cole Palmer,,yellow_card
ENG-Premier League,2526,2026-01-17 Chelsea-Brentford,Brentford,90+4’,2:0,Romelle Donovan,Yehor Yarmoliuk,substitute_in
ENG-Premier League,2526,2026-01-17 Leeds United-Fulham,Fulham,27’,0:0,Timothy Castagne,,yellow_card
ENG-Premier League,2526,2026-01-17 Leeds United-Fulham,Fulham,28’,0:0,Saša Lukić,,yellow_card
ENG-Premier League,2526,2026-01-17 Leeds United-Fulham,Leeds United,41’,0:0,Ethan Ampadu,,yellow_card
ENG-Premier League,2526,2026-01-17 Leeds United-Fulham,Fulham,56’,0:0,Harry Wilson,,yellow_card
ENG-Premier League,2526,2026-01-17 Leeds United-Fulham,Fulham,66’,0:0,Kevin,Ryan Sessegnon,substitute_in
ENG-Premier League,2526,2026-01-17 Leeds United-Fulham,Fulham,66’,0:0,Tom Cairney,Saša Lukić,substitute_in
ENG-Premier League,2526,2026-01-17 Leeds United-Fulham,Leeds United,70’,0:0,Wilfried Gnonto,Noah Okafor,substitute_in
ENG-Premier League,2526,2026-01-17 Leeds United-Fulham,Fulham,77’,0:0,Joshua King,Emile Smith Rowe,substitute_in
ENG-Premier League,2526,2026-01-17 Leeds United-Fulham,Leeds United,81’,0:0,Lukas Nmecha,Jayden Bogle,substitute_in
ENG-Premier League,2526,2026-01-17 Leeds United-Fulham,Leeds United,81’,0:0,Ao Tanaka,Ilia Gruev,substitute_in
ENG-Premier League,2526,2026-01-17 Leeds United-Fulham,Fulham,87’,0:0,Jorge Cuenca,,yellow_card
ENG-Premier League,2526,2026-01-17 Leeds United-Fulham,Fulham,88’,0:0,Jonah Kusi-Asare,Raúl Jiménez,substitute_in
ENG-Premier League,2526,2026-01-17 Leeds United-Fulham,Fulham,88’,0:0,Issa Diop,Harry Wilson,substitute_in
ENG-Premier League,2526,2026-01-17 Leeds United-Fulham,Leeds United,90+1’,1:0,Lukas Nmecha,Ethan Ampadu,goal
ENG-Premier League,2526,2026-01-17 Leeds United-Fulham,Leeds United,90+4’,1:0,Sebastiaan Bornauw,Brenden Aaronson,substitute_in
ENG-Premier League,2526,2026-01-17 Leeds United-Fulham,Fulham,90+5’,1:0,Jonah Kusi-Asare,,yellow_card
ENG-Premier League,2526,2026-01-17 Liverpool-Burnley,Liverpool,32’,0:0,Dominik Szoboszlai,,penalty_miss
ENG-Premier League,2526,2026-01-17 Liverpool-Burnley,Liverpool,40’,0:0,Milos Kerkez,,yellow_card
ENG-Premier League,2526,2026-01-17 Liverpool-Burnley,Liverpool,42’,1:0,Florian Wirtz,Curtis Jones,goal
ENG-Premier League,2526,2026-01-17 Liverpool-Burnley,Burnley,65’,1:1,Marcus Edwards,Florentino Luís,goal
ENG-Premier League,2526,2026-01-17 Liverpool-Burnley,Burnley,74’,1:1,Hjalmar Ekdal,Maxime Estève,substitute_in
ENG-Premier League,2526,2026-01-17 Liverpool-Burnley,Burnley,74’,1:1,Lyle Foster,Armando Broja,substitute_in
ENG-Premier League,2526,2026-01-17 Liverpool-Burnley,Liverpool,78’,1:1,Alexis Mac Allister,Ryan Gravenberch,substitute_in
ENG-Premier League,2526,2026-01-17 Liverpool-Burnley,Liverpool,78’,1:1,Andy Robertson,Milos Kerkez,substitute_in
ENG-Premier League,2526,2026-01-17 Liverpool-Burnley,Liverpool,78’,1:1,Rio Ngumoha,Cody Gakpo,substitute_in
ENG-Premier League,2526,2026-01-17 Liverpool-Burnley,Burnley,85’,1:1,Josh Laurent,Lesley Ugochukwu,substitute_in
ENG-Premier League,2526,2026-01-17 Liverpool-Burnley,Liverpool,87’,1:1,Federico Chiesa,Curtis Jones,substitute_in
ENG-Premier League,2526,2026-01-17 Liverpool-Burnley,Burnley,90+1’,1:1,Ashley Barnes,,yellow_card
ENG-Premier League,2526,2026-01-17 Liverpool-Burnley,Burnley,90+2’,1:1,Bashir Humphreys,,yellow_card
ENG-Premier League,2526,2026-01-17 Liverpool-Burnley,Burnley,90’,1:1,Loum Tchaouna,Florentino Luís,substitute_in
ENG-Premier League,2526,2026-01-17 Liverpool-Burnley,Burnley,90’,1:1,Hannibal Mejbri,Marcus Edwards,substitute_in
ENG-Premier League,2526,2026-01-17 Manchester Utd-Manchester City,Manchester United,11’,0:0,Diogo Dalot,,yellow_card
ENG-Premier League,2526,2026-01-17 Manchester Utd-Manchester City,Manchester United,17’,0:0,Luke Shaw,,yellow_card
ENG-Premier League,2526,2026-01-17 Manchester Utd-Manchester City,Manchester City,45+2’,0:0,Rodri,,yellow_card
ENG-Premier League,2526,2026-01-17 Manchester Utd-Manchester City,Manchester City,46’,0:0,Nico O'Reilly,Max Alleyne,substitute_in
ENG-Premier League,2526,2026-01-17 Manchester Utd-Manchester City,Manchester City,46’,0:0,Rayan Cherki,Phil Foden,substitute_in
ENG-Premier League,2526,2026-01-17 Manchester Utd-Manchester City,Manchester City,48’,0:0,Nico O'Reilly,,yellow_card
ENG-Premier League,2526,2026-01-17 Manchester Utd-Manchester City,Manchester United,65’,1:0,Bryan Mbeumo,Bruno Fernandes,goal
ENG-Premier League,2526,2026-01-17 Manchester Utd-Manchester City,Manchester United,71’,1:0,Matheus Cunha,Bryan Mbeumo,substitute_in
ENG-Premier League,2526,2026-01-17 Manchester Utd-Manchester City,Manchester City,75’,1:0,Rico Lewis,,yellow_card
ENG-Premier League,2526,2026-01-17 Manchester Utd-Manchester City,Manchester United,76’,2:0,Patrick Dorgu,Matheus Cunha,goal
ENG-Premier League,2526,2026-01-17 Manchester Utd-Manchester City,Manchester City,80’,2:0,Tijjani Reijnders,Bernardo Silva,substitute_in
ENG-Premier League,2526,2026-01-17 Manchester Utd-Manchester City,Manchester City,80’,2:0,Rayan Aït-Nouri,Jeremy Doku,substitute_in
ENG-Premier League,2526,2026-01-17 Manchester Utd-Manchester City,Manchester City,80’,2:0,Divine Mukasa,Erling Haaland,substitute_in
ENG-Premier League,2526,2026-01-17 Manchester Utd-Manchester City,Manchester United,81’,2:0,Manuel Ugarte,Casemiro,substitute_in
ENG-Premier League,2526,2026-01-17 Manchester Utd-Manchester City,Manchester United,90+1’,2:0,Ayden Heaven,Luke Shaw,substitute_in
ENG-Premier League,2526,2026-01-17 Manchester Utd-Manchester City,Manchester United,90+1’,2:0,Mason Mount,Bruno Fernandes,substitute_in
ENG-Premier League,2526,2026-01-17 Nottingham-Arsenal,Arsenal,37’,0:0,Jurriën Timber,,yellow_card
ENG-Premier League,2526,2026-01-17 Nottingham-Arsenal,Arsenal,46’,0:0,Leandro Trossard,Gabriel Martinelli,substitute_in
ENG-Premier League,2526,2026-01-17 Nottingham-Arsenal,Arsenal,57’,0:0,Bukayo Saka,Noni Madueke,substitute_in
ENG-Premier League,2526,2026-01-17 Nottingham-Arsenal,Arsenal,57’,0:0,Gabriel Jesus,Viktor Gyökeres,substitute_in
ENG-Premier League,2526,2026-01-17 Nottingham-Arsenal,Arsenal,57’,0:0,Mikel Merino,Martin Ødegaard,substitute_in
ENG-Premier League,2526,2026-01-17 Nottingham-Arsenal,Nottingham Forest,76’,0:0,Dan Ndoye,Igor Jesus,substitute_in
ENG-Premier League,2526,2026-01-17 Nottingham-Arsenal,Arsenal,79’,0:0,Eberechi Eze,Martín Zubimendi,substitute_in
ENG-Premier League,2526,2026-01-17 Nottingham-Arsenal,Nottingham Forest,89’,0:0,Omari Hutchinson,Nicolás Domínguez,substitute_in
ENG-Premier League,2526,2026-01-17 Nottingham-Arsenal,Nottingham Forest,90’,0:0,Ola Aina,,yellow_card
ENG-Premier League,2526,2026-01-17 Sunderland-Crystal Palace,Crystal Palace,17’,0:0,Chris Richards,,yellow_card
ENG-Premier League,2526,2026-01-17 Sunderland-Crystal Palace,Crystal Palace,30’,0:1,Yéremy Pino,,goal
ENG-Premier League,2526,2026-01-17 Sunderland-Crystal Palace,Sunderland,33’,1:1,Enzo Le Fée,Nordi Mukiele,goal
ENG-Premier League,2526,2026-01-17 Sunderland-Crystal Palace,Crystal Palace,36’,1:1,Adam Wharton,,yellow_card
ENG-Premier League,2526,2026-01-17 Sunderland-Crystal Palace,Sunderland,48’,1:1,Trai Hume,,yellow_card
ENG-Premier League,2526,2026-01-17 Sunderland-Crystal Palace,Sunderland,63’,1:1,Nordi Mukiele,,yellow_card
ENG-Premier League,2526,2026-01-17 Sunderland-Crystal Palace,Crystal Palace,63’,1:1,Tyrick Mitchell,,yellow_card
ENG-Premier League,2526,2026-01-17 Sunderland-Crystal Palace,Sunderland,66’,1:1,Omar Alderete,,yellow_card
ENG-Premier League,2526,2026-01-17 Sunderland-Crystal Palace,Sunderland,71’,2:1,Brian Brobbey,,goal
ENG-Premier League,2526,2026-01-17 Sunderland-Crystal Palace,Sunderland,84’,2:1,Eliezer Mayenda,Brian Brobbey,substitute_in
ENG-Premier League,2526,2026-01-17 Sunderland-Crystal Palace,Sunderland,88’,2:1,Dennis Cirkin,Romaine Mundle,substitute_in
ENG-Premier League,2526,2026-01-17 Tottenham-West Ham,West Ham United,15’,0:1,Crysencio Summerville,Mateus Fernandes,goal
ENG-Premier League,2526,2026-01-17 Tottenham-West Ham,Tottenham Hotspur,19’,0:1,Ben Davies,,yellow_card
ENG-Premier League,2526,2026-01-17 Tottenham-West Ham,Tottenham Hotspur,19’,0:1,Djed Spence,Ben Davies,substitute_in
ENG-Premier League,2526,2026-01-17 Tottenham-West Ham,West Ham United,1’,0:0,Valentín Castellanos,,yellow_card
ENG-Premier League,2526,2026-01-17 Tottenham-West Ham,Tottenham Hotspur,39’,0:1,Archie Gray,,yellow_card
ENG-Premier League,2526,2026-01-17 Tottenham-West Ham,Tottenham Hotspur,45+1’,0:1,Cristian Romero,,yellow_card
ENG-Premier League,2526,2026-01-17 Tottenham-West Ham,Tottenham Hotspur,46’,0:1,Yves Bissouma,Archie Gray,substitute_in
ENG-Premier League,2526,2026-01-17 Tottenham-West Ham,West Ham United,52’,0:1,Jarrod Bowen,,yellow_card
ENG-Premier League,2526,2026-01-17 Tottenham-West Ham,Tottenham Hotspur,57’,0:1,Micky van de Ven,,yellow_card
ENG-Premier League,2526,2026-01-17 Tottenham-West Ham,Tottenham Hotspur,62’,0:1,Dominic Solanke,Mathys Tel,substitute_in
ENG-Premier League,2526,2026-01-17 Tottenham-West Ham,Tottenham Hotspur,64’,1:1,Cristian Romero,Pedro Porro,goal
ENG-Premier League,2526,2026-01-17 Tottenham-West Ham,West Ham United,72’,1:1,Tomáš Souček,,yellow_card
ENG-Premier League,2526,2026-01-17 Tottenham-West Ham,Tottenham Hotspur,78’,1:1,Djed Spence,,yellow_card
ENG-Premier League,2526,2026-01-17 Tottenham-West Ham,West Ham United,79’,1:1,Guido Rodríguez,Pablo,substitute_in
ENG-Premier League,2526,2026-01-17 Tottenham-West Ham,West Ham United,90+1’,1:1,Callum Wilson,Valentín Castellanos,substitute_in
ENG-Premier League,2526,2026-01-17 Tottenham-West Ham,West Ham United,90+3’,1:2,Callum Wilson,,goal
ENG-Premier League,2526,2026-01-17 Tottenham-West Ham,West Ham United,90+6’,1:2,Max Kilman,Mateus Fernandes,substitute_in
ENG-Premier League,2526,2026-01-17 Tottenham-West Ham,Tottenham Hotspur,90’,1:1,Lucas Bergvall,Wilson Odobert,substitute_in
ENG-Premier League,2526,2026-01-18 Aston Villa-Everton,Aston Villa,18’,0:0,Evann Guessand,John McGinn,substitute_in
ENG-Premier League,2526,2026-01-18 Aston Villa-Everton,Everton,23’,0:0,Dwight McNeil,,yellow_card
ENG-Premier League,2526,2026-01-18 Aston Villa-Everton,Everton,47’,0:0,James Garner,,yellow_card
ENG-Premier League,2526,2026-01-18 Aston Villa-Everton,Aston Villa,56’,0:0,Lamare Bogarde,,yellow_card
ENG-Premier League,2526,2026-01-18 Aston Villa-Everton,Everton,59’,0:1,Thierno Barry,,goal
ENG-Premier League,2526,2026-01-18 Aston Villa-Everton,Aston Villa,73’,0:1,Lucas Digne,Ian Maatsen,substitute_in
ENG-Premier League,2526,2026-01-18 Aston Villa-Everton,Aston Villa,73’,0:1,George Hemmings,Lamare Bogarde,substitute_in
ENG-Premier League,2526,2026-01-18 Aston Villa-Everton,Everton,84’,0:1,Beto,Thierno Barry,substitute_in
ENG-Premier League,2526,2026-01-18 Wolves-Newcastle,Newcastle United,58’,0:0,Sandro Tonali,,yellow_card
ENG-Premier League,2526,2026-01-18 Wolves-Newcastle,Wolverhampton Wanderers,65’,0:0,Jørgen Strand Larsen,Tolu Arokodare,substitute_in
ENG-Premier League,2526,2026-01-18 Wolves-Newcastle,Newcastle United,67’,0:0,Lewis Miley,Sandro Tonali,substitute_in
ENG-Premier League,2526,2026-01-18 Wolves-Newcastle,Newcastle United,67’,0:0,Anthony Elanga,Anthony Gordon,substitute_in
ENG-Premier League,2526,2026-01-18 Wolves-Newcastle,Newcastle United,67’,0:0,Yoane Wissa,Nick Woltemade,substitute_in
ENG-Premier League,2526,2026-01-18 Wolves-Newcastle,Wolverhampton Wanderers,71’,0:0,Jhon Arias,João Gomes,substitute_in
ENG-Premier League,2526,2026-01-18 Wolves-Newcastle,Wolverhampton Wanderers,78’,0:0,Yerson Mosquera,,yellow_card
ENG-Premier League,2526,2026-01-18 Wolves-Newcastle,Wolverhampton Wanderers,86’,0:0,Rodrigo Gomes,Hwang Hee-chan,substitute_in
ENG-Premier League,2526,2026-01-18 Wolves-Newcastle,Newcastle United,89’,0:0,Sven Botman,,yellow_card
ENG-Premier League,2526,2026-01-18 Wolves-Newcastle,Wolverhampton Wanderers,90+5’,0:0,André,,yellow_card
ENG-Premier League,2526,2026-01-19 Brighton-Bournemouth,Bournemouth,32’,0:1,Marcus Tavernier,,penalty_goal
ENG-Premier League,2526,2026-01-19 Brighton-Bournemouth,Brighton & Hove Albion,58’,0:1,Danny Welbeck,,yellow_card
ENG-Premier League,2526,2026-01-19 Brighton-Bournemouth,Bournemouth,60’,0:1,Marcos Senesi,,yellow_card
ENG-Premier League,2526,2026-01-19 Brighton-Bournemouth,Brighton & Hove Albion,66’,0:1,Yankuba Minteh,Brajan Gruda,substitute_in
ENG-Premier League,2526,2026-01-19 Brighton-Bournemouth,Brighton & Hove Albion,66’,0:1,Carlos Baleba,Jack Hinshelwood,substitute_in
ENG-Premier League,2526,2026-01-19 Brighton-Bournemouth,Brighton & Hove Albion,66’,0:1,Georginio Rutter,Diego Gómez,substitute_in
ENG-Premier League,2526,2026-01-19 Brighton-Bournemouth,Bournemouth,71’,0:1,Adam Smith,Marcus Tavernier,substitute_in
ENG-Premier League,2526,2026-01-19 Brighton-Bournemouth,Bournemouth,71’,0:1,Ryan Christie,Eli Junior Kroupi,substitute_in
ENG-Premier League,2526,2026-01-19 Brighton-Bournemouth,Brighton & Hove Albion,77’,0:1,Jan Paul van Hecke,,yellow_card
ENG-Premier League,2526,2026-01-19 Brighton-Bournemouth,Brighton & Hove Albion,77’,0:1,Charalampos Kostoulas,Danny Welbeck,substitute_in
ENG-Premier League,2526,2026-01-19 Brighton-Bournemouth,Bournemouth,79’,0:1,Bafodé Diakité,Amine Adli,substitute_in
ENG-Premier League,2526,2026-01-19 Brighton-Bournemouth,Bournemouth,83’,0:1,Adam Smith,,yellow_card
ENG-Premier League,2526,2026-01-19 Brighton-Bournemouth,Bournemouth,85’,0:1,Đorđe Petrović,,yellow_card
ENG-Premier League,2526,2026-01-19 Brighton-Bournemouth,Brighton & Hove Albion,89’,0:1,Olivier Boscagli,Ferdi Kadioglu,substitute_in
ENG-Premier League,2526,2026-01-19 Brighton-Bournemouth,Brighton & Hove Albion,90+1’,1:1,Charalampos Kostoulas,Jan Paul van Hecke,goal
ENG-Premier League,2526,2026-01-19 Brighton-Bournemouth,Bournemouth,90+9’,1:1,Veljko Milosavljević,Álex Jiménez,substitute_in
ENG-Premier League,2526,2026-01-24 Bournemouth-Liverpool,Bournemouth,26’,1:0,Evanilson,Alex Scott,goal
ENG-Premier League,2526,2026-01-24 Bournemouth-Liverpool,Bournemouth,33’,2:0,Álex Jiménez,James Hill,goal
ENG-Premier League,2526,2026-01-24 Bournemouth-Liverpool,Liverpool,35’,2:0,Wataru Endo,Joe Gomez,substitute_in
ENG-Premier League,2526,2026-01-24 Bournemouth-Liverpool,Bournemouth,45+3’,2:1,Eli Junior Kroupi,,yellow_card
ENG-Premier League,2526,2026-01-24 Bournemouth-Liverpool,Liverpool,45’,2:1,Virgil van Dijk,Dominik Szoboszlai,goal
ENG-Premier League,2526,2026-01-24 Bournemouth-Liverpool,Liverpool,46’,2:1,Andy Robertson,Milos Kerkez,substitute_in
ENG-Premier League,2526,2026-01-24 Bournemouth-Liverpool,Liverpool,59’,2:1,Curtis Jones,Jeremie Frimpong,substitute_in
ENG-Premier League,2526,2026-01-24 Bournemouth-Liverpool,Liverpool,59’,2:1,Hugo Ekitike,Alexis Mac Allister,substitute_in
ENG-Premier League,2526,2026-01-24 Bournemouth-Liverpool,Bournemouth,67’,2:1,Ryan Christie,Eli Junior Kroupi,substitute_in
ENG-Premier League,2526,2026-01-24 Bournemouth-Liverpool,Liverpool,74’,2:1,Rio Ngumoha,Cody Gakpo,substitute_in
ENG-Premier League,2526,2026-01-24 Bournemouth-Liverpool,Liverpool,80’,2:2,Dominik Szoboszlai,Mohamed Salah,goal
ENG-Premier League,2526,2026-01-24 Bournemouth-Liverpool,Bournemouth,85’,2:2,Alex Tóth,Álex Jiménez,substitute_in
ENG-Premier League,2526,2026-01-24 Bournemouth-Liverpool,Bournemouth,90+3’,2:2,Enes Ünal,Evanilson,substitute_in
ENG-Premier League,2526,2026-01-24 Bournemouth-Liverpool,Liverpool,90+3’,2:2,Ryan Gravenberch,,yellow_card
ENG-Premier League,2526,2026-01-24 Bournemouth-Liverpool,Bournemouth,90+5’,3:2,Amine Adli,,goal
ENG-Premier League,2526,2026-01-24 Burnley-Tottenham,Tottenham Hotspur,38’,0:1,Micky van de Ven,,goal
ENG-Premier League,2526,2026-01-24 Burnley-Tottenham,Burnley,45’,1:1,Axel Tuanzebe,Kyle Walker,goal
ENG-Premier League,2526,2026-01-24 Burnley-Tottenham,Tottenham Hotspur,46’,1:1,Destiny Udogie,Pedro Porro,substitute_in
ENG-Premier League,2526,2026-01-24 Burnley-Tottenham,Burnley,69’,1:1,Lyle Foster,Armando Broja,substitute_in
ENG-Premier League,2526,2026-01-24 Burnley-Tottenham,Burnley,69’,1:1,Josh Laurent,Florentino Luís,substitute_in
ENG-Premier League,2526,2026-01-24 Burnley-Tottenham,Burnley,76’,2:1,Lyle Foster,,goal
ENG-Premier League,2526,2026-01-24 Burnley-Tottenham,Tottenham Hotspur,78’,2:1,Mathys Tel,Kevin Danso,substitute_in
ENG-Premier League,2526,2026-01-24 Burnley-Tottenham,Tottenham Hotspur,78’,2:1,Archie Gray,Yves Bissouma,substitute_in
ENG-Premier League,2526,2026-01-24 Burnley-Tottenham,Burnley,79’,2:1,Josh Laurent,,yellow_card
ENG-Premier League,2526,2026-01-24 Burnley-Tottenham,Burnley,85’,2:1,Hannibal Mejbri,Marcus Edwards,substitute_in
ENG-Premier League,2526,2026-01-24 Burnley-Tottenham,Tottenham Hotspur,85’,2:1,Dane Scarlett,Conor Gallagher,substitute_in
ENG-Premier League,2526,2026-01-24 Burnley-Tottenham,Tottenham Hotspur,90+5’,2:2,Radu Drăgușin,Cristian Romero,substitute_in
ENG-Premier League,2526,2026-01-24 Burnley-Tottenham,Tottenham Hotspur,90’,2:2,Cristian Romero,Wilson Odobert,goal
ENG-Premier League,2526,2026-01-24 Fulham-Brighton,Brighton & Hove Albion,28’,0:1,Yasin Ayari,Olivier Boscagli,goal
ENG-Premier League,2526,2026-01-24 Fulham-Brighton,Fulham,59’,0:1,Ryan Sessegnon,Antonee Robinson,substitute_in
ENG-Premier League,2526,2026-01-24 Fulham-Brighton,Fulham,59’,0:1,Samuel Chukwueze,Kevin,substitute_in
ENG-Premier League,2526,2026-01-24 Fulham-Brighton,Fulham,66’,0:1,Sander Berge,,yellow_card
ENG-Premier League,2526,2026-01-24 Fulham-Brighton,Fulham,69’,0:1,Tom Cairney,Emile Smith Rowe,substitute_in
ENG-Premier League,2526,2026-01-24 Fulham-Brighton,Fulham,72’,1:1,Samuel Chukwueze,Joachim Andersen,goal
ENG-Premier League,2526,2026-01-24 Fulham-Brighton,Brighton & Hove Albion,81’,1:1,Yankuba Minteh,Diego Gómez,substitute_in
ENG-Premier League,2526,2026-01-24 Fulham-Brighton,Brighton & Hove Albion,81’,1:1,James Milner,Carlos Baleba,substitute_in
ENG-Premier League,2526,2026-01-24 Fulham-Brighton,Fulham,88’,1:1,Joshua King,Alex Iwobi,substitute_in
ENG-Premier League,2526,2026-01-24 Fulham-Brighton,Brighton & Hove Albion,88’,1:1,Maxim De Cuyper,Olivier Boscagli,substitute_in
ENG-Premier League,2526,2026-01-24 Fulham-Brighton,Brighton & Hove Albion,88’,1:1,Georginio Rutter,Pascal Groß,substitute_in
ENG-Premier League,2526,2026-01-24 Fulham-Brighton,Brighton & Hove Albion,88’,1:1,Charalampos Kostoulas,Danny Welbeck,substitute_in
ENG-Premier League,2526,2026-01-24 Fulham-Brighton,Brighton & Hove Albion,90+1’,1:1,Charalampos Kostoulas,,yellow_card
ENG-Premier League,2526,2026-01-24 Fulham-Brighton,Fulham,90+2’,2:1,Harry Wilson,,goal
ENG-Premier League,2526,2026-01-24 Manchester City-Wolves,Manchester City,45+2’,2:0,Antoine Semenyo,Bernardo Silva,goal
ENG-Premier League,2526,2026-01-24 Manchester City-Wolves,Wolverhampton Wanderers,46’,2:0,Jørgen Strand Larsen,Jhon Arias,substitute_in
ENG-Premier League,2526,2026-01-24 Manchester City-Wolves,Wolverhampton Wanderers,46’,2:0,Rodrigo Gomes,Jackson Tchatchoua,substitute_in
ENG-Premier League,2526,2026-01-24 Manchester City-Wolves,Wolverhampton Wanderers,57’,2:0,André,,yellow_card
ENG-Premier League,2526,2026-01-24 Manchester City-Wolves,Manchester City,61’,2:0,Phil Foden,Tijjani Reijnders,substitute_in
ENG-Premier League,2526,2026-01-24 Manchester City-Wolves,Wolverhampton Wanderers,67’,2:0,João Gomes,,yellow_card
ENG-Premier League,2526,2026-01-24 Manchester City-Wolves,Manchester City,6’,1:0,Omar Marmoush,Matheus Nunes,goal
ENG-Premier League,2526,2026-01-24 Manchester City-Wolves,Manchester City,71’,2:0,Matheus Nunes,,yellow_card
ENG-Premier League,2526,2026-01-24 Manchester City-Wolves,Wolverhampton Wanderers,71’,2:0,Tolu Arokodare,Hwang Hee-chan,substitute_in
ENG-Premier League,2526,2026-01-24 Manchester City-Wolves,Manchester City,73’,2:0,Erling Haaland,Rayan Cherki,substitute_in
ENG-Premier League,2526,2026-01-24 Manchester City-Wolves,Manchester City,73’,2:0,Jeremy Doku,Omar Marmoush,substitute_in
ENG-Premier League,2526,2026-01-24 Manchester City-Wolves,Wolverhampton Wanderers,88’,2:0,Yerson Mosquera,,yellow_card
ENG-Premier League,2526,2026-01-24 West Ham-Sunderland,West Ham United,14’,1:0,Crysencio Summerville,Jarrod Bowen,goal
ENG-Premier League,2526,2026-01-24 West Ham-Sunderland,West Ham United,28’,2:0,Jarrod Bowen,,penalty_goal
ENG-Premier League,2526,2026-01-24 West Ham-Sunderland,Sunderland,30’,2:0,Daniel Ballard,,yellow_card
ENG-Premier League,2526,2026-01-24 West Ham-Sunderland,Sunderland,35’,2:0,Reinildo Mandava,,yellow_card
ENG-Premier League,2526,2026-01-24 West Ham-Sunderland,West Ham United,43’,3:0,Mateus Fernandes,,goal
ENG-Premier League,2526,2026-01-24 West Ham-Sunderland,Sunderland,46’,3:0,Chemsdine Talbi,Romaine Mundle,substitute_in
ENG-Premier League,2526,2026-01-24 West Ham-Sunderland,Sunderland,46’,3:0,Dennis Cirkin,Reinildo Mandava,substitute_in
ENG-Premier League,2526,2026-01-24 West Ham-Sunderland,Sunderland,46’,3:0,Habib Diarra,Trai Hume,substitute_in
ENG-Premier League,2526,2026-01-24 West Ham-Sunderland,Sunderland,66’,3:1,Brian Brobbey,Nordi Mukiele,goal
ENG-Premier League,2526,2026-01-24 West Ham-Sunderland,West Ham United,70’,3:1,El Hadji Malick Diouf,Oliver Scarles,substitute_in
ENG-Premier League,2526,2026-01-24 West Ham-Sunderland,West Ham United,70’,3:1,Callum Wilson,Pablo,substitute_in
ENG-Premier League,2526,2026-01-24 West Ham-Sunderland,West Ham United,71’,3:1,Valentín Castellanos,,yellow_card
ENG-Premier League,2526,2026-01-24 West Ham-Sunderland,West Ham United,75’,3:1,Freddie Potts,Valentín Castellanos,substitute_in
ENG-Premier League,2526,2026-01-24 West Ham-Sunderland,Sunderland,75’,3:1,Wilson Isidor,Eliezer Mayenda,substitute_in
ENG-Premier League,2526,2026-01-24 West Ham-Sunderland,Sunderland,80’,3:1,Noah Sadiki,,yellow_card
ENG-Premier League,2526,2026-01-24 West Ham-Sunderland,Sunderland,83’,3:1,Luke O'Nien,Nordi Mukiele,substitute_in
ENG-Premier League,2526,2026-01-24 West Ham-Sunderland,Sunderland,88’,3:1,Habib Diarra,,yellow_card
ENG-Premier League,2526,2026-01-24 West Ham-Sunderland,West Ham United,90+1’,3:1,Mateus Fernandes,,yellow_card
ENG-Premier League,2526,2026-01-24 West Ham-Sunderland,West Ham United,90+3’,3:1,Max Kilman,Crysencio Summerville,substitute_in
ENG-Premier League,2526,2026-01-25 Arsenal-Manchester Utd,Arsenal,29’,1:0,Lisandro Martínez,,own_goal
ENG-Premier League,2526,2026-01-25 Arsenal-Manchester Utd,Manchester United,37’,1:1,Bryan Mbeumo,,goal
ENG-Premier League,2526,2026-01-25 Arsenal-Manchester Utd,Manchester United,50’,1:2,Patrick Dorgu,Bruno Fernandes,goal
ENG-Premier League,2526,2026-01-25 Arsenal-Manchester Utd,Arsenal,58’,1:2,Ben White,Piero Hincapié,substitute_in
ENG-Premier League,2526,2026-01-25 Arsenal-Manchester Utd,Arsenal,58’,1:2,Viktor Gyökeres,Gabriel Jesus,substitute_in
ENG-Premier League,2526,2026-01-25 Arsenal-Manchester Utd,Arsenal,58’,1:2,Mikel Merino,Martin Ødegaard,substitute_in
ENG-Premier League,2526,2026-01-25 Arsenal-Manchester Utd,Arsenal,58’,1:2,Eberechi Eze,Martín Zubimendi,substitute_in
ENG-Premier League,2526,2026-01-25 Arsenal-Manchester Utd,Arsenal,64’,1:2,Declan Rice,,yellow_card
ENG-Premier League,2526,2026-01-25 Arsenal-Manchester Utd,Manchester United,69’,1:2,Matheus Cunha,Bryan Mbeumo,substitute_in
ENG-Premier League,2526,2026-01-25 Arsenal-Manchester Utd,Arsenal,75’,1:2,Noni Madueke,Leandro Trossard,substitute_in
ENG-Premier League,2526,2026-01-25 Arsenal-Manchester Utd,Manchester United,81’,1:2,Benjamin Šeško,Patrick Dorgu,substitute_in
ENG-Premier League,2526,2026-01-25 Arsenal-Manchester Utd,Arsenal,84’,2:2,Mikel Merino,,goal
ENG-Premier League,2526,2026-01-25 Arsenal-Manchester Utd,Manchester United,87’,2:3,Matheus Cunha,Kobbie Mainoo,goal
ENG-Premier League,2526,2026-01-25 Arsenal-Manchester Utd,Manchester United,88’,2:3,Noussair Mazraoui,Amad Diallo,substitute_in
ENG-Premier League,2526,2026-01-25 Arsenal-Manchester Utd,Arsenal,90+1’,2:3,Eberechi Eze,,yellow_card
ENG-Premier League,2526,2026-01-25 Brentford-Nottingham,Nottingham Forest,12’,0:1,Igor Jesus,,goal
ENG-Premier League,2526,2026-01-25 Brentford-Nottingham,Brentford,37’,0:1,Sepp van den Berg,Kristoffer Ajer,substitute_in
ENG-Premier League,2526,2026-01-25 Brentford-Nottingham,Brentford,37’,0:1,Dango Ouattara,Mikkel Damsgaard,substitute_in
ENG-Premier League,2526,2026-01-25 Brentford-Nottingham,Nottingham Forest,61’,0:1,Omari Hutchinson,Nicolás Domínguez,substitute_in
ENG-Premier League,2526,2026-01-25 Brentford-Nottingham,Brentford,66’,0:1,Yehor Yarmoliuk,,yellow_card
ENG-Premier League,2526,2026-01-25 Brentford-Nottingham,Brentford,67’,0:1,Aaron Hickey,Rico Henry,substitute_in
ENG-Premier League,2526,2026-01-25 Brentford-Nottingham,Nottingham Forest,68’,0:1,Taiwo Awoniyi,Igor Jesus,substitute_in
ENG-Premier League,2526,2026-01-25 Brentford-Nottingham,Nottingham Forest,79’,0:2,Taiwo Awoniyi,Morgan Gibbs-White,goal
ENG-Premier League,2526,2026-01-25 Brentford-Nottingham,Brentford,81’,0:2,Keane Lewis-Potter,Michael Kayode,substitute_in
ENG-Premier League,2526,2026-01-25 Brentford-Nottingham,Brentford,81’,0:2,Jordan Henderson,Yehor Yarmoliuk,substitute_in
ENG-Premier League,2526,2026-01-25 Brentford-Nottingham,Nottingham Forest,87’,0:2,Morato,Callum Hudson-Odoi,substitute_in
ENG-Premier League,2526,2026-01-25 Crystal Palace-Chelsea,Chelsea,20’,0:0,Moisés Caicedo,,yellow_card
ENG-Premier League,2526,2026-01-25 Crystal Palace-Chelsea,Chelsea,34’,0:1,Estêvão Willian,,goal
ENG-Premier League,2526,2026-01-25 Crystal Palace-Chelsea,Chelsea,50’,0:2,João Pedro,Estêvão Willian,goal
ENG-Premier League,2526,2026-01-25 Crystal Palace-Chelsea,Crystal Palace,63’,0:2,Jaydee Canvot,,yellow_card
ENG-Premier League,2526,2026-01-25 Crystal Palace-Chelsea,Chelsea,64’,0:3,Enzo Fernández,,penalty_goal
ENG-Premier League,2526,2026-01-25 Crystal Palace-Chelsea,Crystal Palace,65’,0:3,Yéremy Pino,Jaydee Canvot,substitute_in
ENG-Premier League,2526,2026-01-25 Crystal Palace-Chelsea,Crystal Palace,65’,0:3,Borna Sosa,Tyrick Mitchell,substitute_in
ENG-Premier League,2526,2026-01-25 Crystal Palace-Chelsea,Crystal Palace,67’,0:3,Adam Wharton,,yellow_card
ENG-Premier League,2526,2026-01-25 Crystal Palace-Chelsea,Crystal Palace,72’,0:3,Adam Wharton,,yellow_red_card
ENG-Premier League,2526,2026-01-25 Crystal Palace-Chelsea,Chelsea,73’,0:3,Wesley Fofana,Moisés Caicedo,substitute_in
ENG-Premier League,2526,2026-01-25 Crystal Palace-Chelsea,Chelsea,74’,0:3,Malo Gusto,Pedro Neto,substitute_in
ENG-Premier League,2526,2026-01-25 Crystal Palace-Chelsea,Chelsea,74’,0:3,Jamie Gittens,Estêvão Willian,substitute_in
ENG-Premier League,2526,2026-01-25 Crystal Palace-Chelsea,Crystal Palace,76’,0:3,Chadi Riad,Daniel Muñoz,substitute_in
ENG-Premier League,2526,2026-01-25 Crystal Palace-Chelsea,Crystal Palace,76’,0:3,Will Hughes,Brennan Johnson,substitute_in
ENG-Premier League,2526,2026-01-25 Crystal Palace-Chelsea,Chelsea,81’,0:3,Jorrel Hato,Reece James,substitute_in
ENG-Premier League,2526,2026-01-25 Crystal Palace-Chelsea,Crystal Palace,85’,0:3,Christantus Uche,Jean-Philippe Mateta,substitute_in
ENG-Premier League,2526,2026-01-25 Crystal Palace-Chelsea,Chelsea,85’,0:3,Liam Delap,João Pedro,substitute_in
ENG-Premier League,2526,2026-01-25 Crystal Palace-Chelsea,Crystal Palace,88’,1:3,Chris Richards,Chadi Riad,goal
ENG-Premier League,2526,2026-01-25 Crystal Palace-Chelsea,Crystal Palace,90’,1:3,Jefferson Lerma,,yellow_card
ENG-Premier League,2526,2026-01-25 Crystal Palace-Chelsea,Chelsea,90’,1:3,Andrey Santos,,yellow_card
ENG-Premier League,2526,2026-01-25 Newcastle-Aston Villa,Aston Villa,19’,0:1,Emi Buendía,Morgan Rogers,goal
ENG-Premier League,2526,2026-01-25 Newcastle-Aston Villa,Newcastle United,27’,0:1,Joelinton,,yellow_card
ENG-Premier League,2526,2026-01-25 Newcastle-Aston Villa,Newcastle United,48’,0:1,Jacob Ramsey,Joelinton,substitute_in
ENG-Premier League,2526,2026-01-25 Newcastle-Aston Villa,Aston Villa,59’,0:1,Leon Bailey,Jadon Sancho,substitute_in
ENG-Premier League,2526,2026-01-25 Newcastle-Aston Villa,Newcastle United,62’,0:1,Nick Woltemade,Yoane Wissa,substitute_in
ENG-Premier League,2526,2026-01-25 Newcastle-Aston Villa,Newcastle United,62’,0:1,Anthony Elanga,Anthony Gordon,substitute_in
ENG-Premier League,2526,2026-01-25 Newcastle-Aston Villa,Aston Villa,75’,0:1,Lamare Bogarde,Youri Tielemans,substitute_in
ENG-Premier League,2526,2026-01-25 Newcastle-Aston Villa,Aston Villa,75’,0:1,Lucas Digne,Emi Buendía,substitute_in
ENG-Premier League,2526,2026-01-25 Newcastle-Aston Villa,Aston Villa,75’,0:1,Tyrone Mings,Pau Torres,substitute_in
ENG-Premier League,2526,2026-01-25 Newcastle-Aston Villa,Aston Villa,79’,0:1,Lucas Digne,,yellow_card
ENG-Premier League,2526,2026-01-25 Newcastle-Aston Villa,Newcastle United,84’,0:1,Joe Willock,Sandro Tonali,substitute_in
ENG-Premier League,2526,2026-01-25 Newcastle-Aston Villa,Aston Villa,88’,0:2,Ollie Watkins,Lucas Digne,goal
ENG-Premier League,2526,2026-01-25 Newcastle-Aston Villa,Aston Villa,89’,0:2,Victor Lindelöf,Amadou Onana,substitute_in
ENG-Premier League,2526,2026-01-25 Newcastle-Aston Villa,Aston Villa,90+2’,0:2,Ian Maatsen,,yellow_card
ENG-Premier League,2526,2026-01-26 Everton-Leeds United,Leeds United,28’,0:1,James Justin,Anton Stach,goal
ENG-Premier League,2526,2026-01-26 Everton-Leeds United,Everton,46’,0:1,Kiernan Dewsbury-Hall,Dwight McNeil,substitute_in
ENG-Premier League,2526,2026-01-26 Everton-Leeds United,Everton,46’,0:1,Jarrad Branthwaite,Harrison Armstrong,substitute_in
ENG-Premier League,2526,2026-01-26 Everton-Leeds United,Leeds United,54’,0:1,Anton Stach,,yellow_card
ENG-Premier League,2526,2026-01-26 Everton-Leeds United,Leeds United,56’,0:1,Ilia Gruev,,yellow_card
ENG-Premier League,2526,2026-01-26 Everton-Leeds United,Leeds United,66’,0:1,Ao Tanaka,Ilia Gruev,substitute_in
ENG-Premier League,2526,2026-01-26 Everton-Leeds United,Everton,71’,0:1,Tyler Dibling,Nathan Patterson,substitute_in
ENG-Premier League,2526,2026-01-26 Everton-Leeds United,Everton,76’,1:1,Thierno Barry,Idrissa Gueye,goal
ENG-Premier League,2526,2026-01-26 Everton-Leeds United,Leeds United,85’,1:1,Sean Longstaff,Anton Stach,substitute_in
ENG-Premier League,2526,2026-01-26 Everton-Leeds United,Leeds United,85’,1:1,Noah Okafor,Brenden Aaronson,substitute_in
ENG-Premier League,2526,2026-01-26 Everton-Leeds United,Leeds United,85’,1:1,Facundo Buonanotte,Sebastiaan Bornauw,substitute_in
ENG-Premier League,2526,2026-01-26 Everton-Leeds United,Everton,89’,1:1,Beto,Thierno Barry,substitute_in
ENG-Premier League,2526,2026-01-26 Everton-Leeds United,Leeds United,90’,1:1,Facundo Buonanotte,,yellow_card
ENG-Premier League,2526,2026-01-31 Brighton-Everton,Brighton & Hove Albion,53’,0:0,Pascal Groß,,yellow_card
ENG-Premier League,2526,2026-01-31 Brighton-Everton,Everton,57’,0:0,Jarrad Branthwaite,,yellow_card
ENG-Premier League,2526,2026-01-31 Brighton-Everton,Brighton & Hove Albion,60’,0:0,Yankuba Minteh,Georginio Rutter,substitute_in
ENG-Premier League,2526,2026-01-31 Brighton-Everton,Brighton & Hove Albion,70’,0:0,Charalampos Kostoulas,Danny Welbeck,substitute_in
ENG-Premier League,2526,2026-01-31 Brighton-Everton,Brighton & Hove Albion,70’,0:0,Joël Veltman,Maxim De Cuyper,substitute_in
ENG-Premier League,2526,2026-01-31 Brighton-Everton,Brighton & Hove Albion,73’,1:0,Pascal Groß,Yasin Ayari,goal
ENG-Premier League,2526,2026-01-31 Brighton-Everton,Everton,79’,1:0,Carlos Alcaraz,Kiernan Dewsbury-Hall,substitute_in
ENG-Premier League,2526,2026-01-31 Brighton-Everton,Everton,80’,1:0,Tim Iroegbunam,Idrissa Gueye,substitute_in
ENG-Premier League,2526,2026-01-31 Brighton-Everton,Everton,80’,1:0,Tyler Dibling,Harrison Armstrong,substitute_in
ENG-Premier League,2526,2026-01-31 Brighton-Everton,Everton,89’,1:0,Nathan Patterson,Jarrad Branthwaite,substitute_in
ENG-Premier League,2526,2026-01-31 Brighton-Everton,Everton,89’,1:0,Beto,Thierno Barry,substitute_in
ENG-Premier League,2526,2026-01-31 Brighton-Everton,Everton,90+2’,1:0,Tim Iroegbunam,,yellow_card
ENG-Premier League,2526,2026-01-31 Brighton-Everton,Brighton & Hove Albion,90+6’,1:0,James Milner,Pascal Groß,substitute_in
ENG-Premier League,2526,2026-01-31 Brighton-Everton,Everton,90+7’,1:1,Beto,,goal
ENG-Premier League,2526,2026-01-31 Chelsea-West Ham,Chelsea,26’,0:1,Pedro Neto,Jamie Gittens,substitute_in
ENG-Premier League,2526,2026-01-31 Chelsea-West Ham,West Ham United,36’,0:2,Crysencio Summerville,Aaron Wan-Bissaka,goal
ENG-Premier League,2526,2026-01-31 Chelsea-West Ham,Chelsea,46’,0:2,Wesley Fofana,Benoît Badiashile,substitute_in
ENG-Premier League,2526,2026-01-31 Chelsea-West Ham,Chelsea,46’,0:2,Marc Cucurella,Jorrel Hato,substitute_in
ENG-Premier League,2526,2026-01-31 Chelsea-West Ham,Chelsea,46’,0:2,João Pedro,Alejandro Garnacho,substitute_in
ENG-Premier League,2526,2026-01-31 Chelsea-West Ham,Chelsea,57’,1:2,João Pedro,Wesley Fofana,goal
ENG-Premier League,2526,2026-01-31 Chelsea-West Ham,West Ham United,66’,1:2,Max Kilman,Pablo,substitute_in
ENG-Premier League,2526,2026-01-31 Chelsea-West Ham,Chelsea,70’,2:2,Marc Cucurella,,goal
ENG-Premier League,2526,2026-01-31 Chelsea-West Ham,West Ham United,76’,2:2,Callum Wilson,Valentín Castellanos,substitute_in
ENG-Premier League,2526,2026-01-31 Chelsea-West Ham,West Ham United,7’,0:1,Jarrod Bowen,Aaron Wan-Bissaka,goal
ENG-Premier League,2526,2026-01-31 Chelsea-West Ham,Chelsea,81’,2:2,Reece James,Malo Gusto,substitute_in
ENG-Premier League,2526,2026-01-31 Chelsea-West Ham,West Ham United,81’,2:2,Adama Traoré,Jarrod Bowen,substitute_in
ENG-Premier League,2526,2026-01-31 Chelsea-West Ham,West Ham United,81’,2:2,Oliver Scarles,El Hadji Malick Diouf,substitute_in
ENG-Premier League,2526,2026-01-31 Chelsea-West Ham,Chelsea,85’,2:2,Moisés Caicedo,,yellow_card
ENG-Premier League,2526,2026-01-31 Chelsea-West Ham,West Ham United,90+11’,3:2,Jean-Clair Todibo,,red_card
ENG-Premier League,2526,2026-01-31 Chelsea-West Ham,Chelsea,90+2’,3:2,Enzo Fernández,João Pedro,goal
ENG-Premier League,2526,2026-01-31 Chelsea-West Ham,Chelsea,90+3’,3:2,Enzo Fernández,,yellow_card
ENG-Premier League,2526,2026-01-31 Chelsea-West Ham,West Ham United,90+4’,3:2,Oliver Scarles,,yellow_card
ENG-Premier League,2526,2026-01-31 Chelsea-West Ham,Chelsea,90+7’,3:2,João Pedro,,yellow_card
ENG-Premier League,2526,2026-01-31 Chelsea-West Ham,West Ham United,90+7’,3:2,Adama Traoré,,yellow_card
ENG-Premier League,2526,2026-01-31 Leeds United-Arsenal,Arsenal,27’,0:1,Martín Zubimendi,Noni Madueke,goal
ENG-Premier League,2526,2026-01-31 Leeds United-Arsenal,Leeds United,37’,0:1,Gabriel Gudmundsson,,yellow_card
ENG-Premier League,2526,2026-01-31 Leeds United-Arsenal,Arsenal,38’,0:2,Noni Madueke,,goal
ENG-Premier League,2526,2026-01-31 Leeds United-Arsenal,Leeds United,46’,0:2,Sean Longstaff,James Justin,substitute_in
ENG-Premier League,2526,2026-01-31 Leeds United-Arsenal,Leeds United,46’,0:2,Noah Okafor,Ilia Gruev,substitute_in
ENG-Premier League,2526,2026-01-31 Leeds United-Arsenal,Arsenal,59’,0:2,Jurriën Timber,,yellow_card
ENG-Premier League,2526,2026-01-31 Leeds United-Arsenal,Arsenal,61’,0:2,Gabriel Martinelli,Noni Madueke,substitute_in
ENG-Premier League,2526,2026-01-31 Leeds United-Arsenal,Arsenal,61’,0:2,Martin Ødegaard,Kai Havertz,substitute_in
ENG-Premier League,2526,2026-01-31 Leeds United-Arsenal,Arsenal,69’,0:3,Viktor Gyökeres,Gabriel Martinelli,goal
ENG-Premier League,2526,2026-01-31 Leeds United-Arsenal,Leeds United,71’,0:3,Facundo Buonanotte,Brenden Aaronson,substitute_in
ENG-Premier League,2526,2026-01-31 Leeds United-Arsenal,Arsenal,75’,0:3,Riccardo Calafiori,Piero Hincapié,substitute_in
ENG-Premier League,2526,2026-01-31 Leeds United-Arsenal,Arsenal,76’,0:3,Gabriel Jesus,Viktor Gyökeres,substitute_in
ENG-Premier League,2526,2026-01-31 Leeds United-Arsenal,Leeds United,81’,0:3,Wilfried Gnonto,Anton Stach,substitute_in
ENG-Premier League,2526,2026-01-31 Leeds United-Arsenal,Arsenal,81’,0:3,Eberechi Eze,Leandro Trossard,substitute_in
ENG-Premier League,2526,2026-01-31 Leeds United-Arsenal,Leeds United,85’,0:3,Joël Piroe,Dominic Calvert-Lewin,substitute_in
ENG-Premier League,2526,2026-01-31 Leeds United-Arsenal,Arsenal,86’,0:4,Gabriel Jesus,Martin Ødegaard,goal
ENG-Premier League,2526,2026-01-31 Liverpool-Newcastle,Newcastle United,11’,0:0,Anthony Gordon,,yellow_card
ENG-Premier League,2526,2026-01-31 Liverpool-Newcastle,Newcastle United,36’,0:1,Anthony Gordon,,goal
ENG-Premier League,2526,2026-01-31 Liverpool-Newcastle,Liverpool,41’,1:1,Hugo Ekitike,Florian Wirtz,goal
ENG-Premier League,2526,2026-01-31 Liverpool-Newcastle,Liverpool,43’,2:1,Hugo Ekitike,Milos Kerkez,goal
ENG-Premier League,2526,2026-01-31 Liverpool-Newcastle,Newcastle United,45+3’,2:1,Jacob Ramsey,,yellow_card
ENG-Premier League,2526,2026-01-31 Liverpool-Newcastle,Liverpool,59’,2:1,Alexis Mac Allister,,yellow_card
ENG-Premier League,2526,2026-01-31 Liverpool-Newcastle,Liverpool,67’,3:1,Florian Wirtz,Mohamed Salah,goal
ENG-Premier League,2526,2026-01-31 Liverpool-Newcastle,Newcastle United,73’,3:1,Jacob Murphy,Anthony Elanga,substitute_in
ENG-Premier League,2526,2026-01-31 Liverpool-Newcastle,Newcastle United,73’,3:1,Nick Woltemade,Joe Willock,substitute_in
ENG-Premier League,2526,2026-01-31 Liverpool-Newcastle,Newcastle United,73’,3:1,Yoane Wissa,Harvey Barnes,substitute_in
ENG-Premier League,2526,2026-01-31 Liverpool-Newcastle,Liverpool,84’,3:1,Federico Chiesa,Mohamed Salah,substitute_in
ENG-Premier League,2526,2026-01-31 Liverpool-Newcastle,Liverpool,84’,3:1,Curtis Jones,Hugo Ekitike,substitute_in
ENG-Premier League,2526,2026-01-31 Liverpool-Newcastle,Newcastle United,84’,3:1,William Osula,Kieran Trippier,substitute_in
ENG-Premier League,2526,2026-01-31 Liverpool-Newcastle,Newcastle United,86’,3:1,Dan Burn,,yellow_card
ENG-Premier League,2526,2026-01-31 Liverpool-Newcastle,Liverpool,87’,3:1,Wataru Endo,Florian Wirtz,substitute_in
ENG-Premier League,2526,2026-01-31 Liverpool-Newcastle,Newcastle United,89’,3:1,Alex Murphy,Lewis Hall,substitute_in
ENG-Premier League,2526,2026-01-31 Liverpool-Newcastle,Liverpool,90+3’,4:1,Ibrahima Konaté,,goal
ENG-Premier League,2526,2026-01-31 Wolves-Bournemouth,Bournemouth,33’,0:1,Eli Junior Kroupi,Amine Adli,goal
ENG-Premier League,2526,2026-01-31 Wolves-Bournemouth,Wolverhampton Wanderers,45+1’,0:1,André,,yellow_card
ENG-Premier League,2526,2026-01-31 Wolves-Bournemouth,Bournemouth,58’,0:1,Álex Jiménez,,yellow_card
ENG-Premier League,2526,2026-01-31 Wolves-Bournemouth,Bournemouth,60’,0:1,Amine Adli,,yellow_card
ENG-Premier League,2526,2026-01-31 Wolves-Bournemouth,Wolverhampton Wanderers,61’,0:1,Yerson Mosquera,,yellow_card
ENG-Premier League,2526,2026-01-31 Wolves-Bournemouth,Bournemouth,68’,0:1,Ryan Christie,Eli Junior Kroupi,substitute_in
ENG-Premier League,2526,2026-01-31 Wolves-Bournemouth,Bournemouth,68’,0:1,Rayan,Amine Adli,substitute_in
ENG-Premier League,2526,2026-01-31 Wolves-Bournemouth,Wolverhampton Wanderers,71’,0:1,Jørgen Strand Larsen,Hwang Hee-chan,substitute_in
ENG-Premier League,2526,2026-01-31 Wolves-Bournemouth,Wolverhampton Wanderers,71’,0:1,Jean-Ricner Bellegarde,Rodrigo Gomes,substitute_in
ENG-Premier League,2526,2026-01-31 Wolves-Bournemouth,Wolverhampton Wanderers,75’,0:1,João Gomes,,yellow_card
ENG-Premier League,2526,2026-01-31 Wolves-Bournemouth,Wolverhampton Wanderers,80’,0:1,Jhon Arias,André,substitute_in
ENG-Premier League,2526,2026-01-31 Wolves-Bournemouth,Bournemouth,86’,0:1,Enes Ünal,Evanilson,substitute_in
ENG-Premier League,2526,2026-01-31 Wolves-Bournemouth,Bournemouth,86’,0:1,Alex Tóth,Álex Jiménez,substitute_in
ENG-Premier League,2526,2026-01-31 Wolves-Bournemouth,Bournemouth,88’,0:1,James Hill,,yellow_card
ENG-Premier League,2526,2026-01-31 Wolves-Bournemouth,Wolverhampton Wanderers,89’,0:1,David Møller Wolfe,Hugo Bueno,substitute_in
ENG-Premier League,2526,2026-01-31 Wolves-Bournemouth,Wolverhampton Wanderers,89’,0:1,Pedro Lima,Santiago Bueno,substitute_in
ENG-Premier League,2526,2026-01-31 Wolves-Bournemouth,Bournemouth,90+1’,0:2,Alex Scott,Rayan,goal
ENG-Premier League,2526,2026-01-31 Wolves-Bournemouth,Bournemouth,90+4’,0:2,Bafodé Diakité,Adam Smith,substitute_in
ENG-Premier League,2526,2026-02-01 Aston Villa-Brentford,Brentford,35’,0:0,Kristoffer Ajer,,yellow_card
ENG-Premier League,2526,2026-02-01 Aston Villa-Brentford,Brentford,42’,0:0,Kevin Schade,,red_card
ENG-Premier League,2526,2026-02-01 Aston Villa-Brentford,Brentford,45+1’,0:1,Dango Ouattara,,goal
ENG-Premier League,2526,2026-02-01 Aston Villa-Brentford,Brentford,45+5’,0:1,Michael Kayode,,yellow_card
ENG-Premier League,2526,2026-02-01 Aston Villa-Brentford,Aston Villa,46’,0:1,Leon Bailey,Lamare Bogarde,substitute_in
ENG-Premier League,2526,2026-02-01 Aston Villa-Brentford,Brentford,59’,0:1,Nathan Collins,Jordan Henderson,substitute_in
ENG-Premier League,2526,2026-02-01 Aston Villa-Brentford,Brentford,60’,0:1,Yehor Yarmoliuk,Dango Ouattara,substitute_in
ENG-Premier League,2526,2026-02-01 Aston Villa-Brentford,Brentford,76’,0:1,Keane Lewis-Potter,Mathias Jensen,substitute_in
ENG-Premier League,2526,2026-02-01 Aston Villa-Brentford,Aston Villa,77’,0:1,Harvey Elliott,Jadon Sancho,substitute_in
ENG-Premier League,2526,2026-02-01 Aston Villa-Brentford,Brentford,84’,0:1,Aaron Hickey,Rico Henry,substitute_in
ENG-Premier League,2526,2026-02-01 Aston Villa-Brentford,Brentford,90+1’,0:1,Vitaly Janelt,,yellow_card
ENG-Premier League,2526,2026-02-01 Manchester Utd-Fulham,Manchester United,19’,1:0,Casemiro,Bruno Fernandes,goal
ENG-Premier League,2526,2026-02-01 Manchester Utd-Fulham,Fulham,42’,1:0,Joachim Andersen,,yellow_card
ENG-Premier League,2526,2026-02-01 Manchester Utd-Fulham,Manchester United,56’,2:0,Matheus Cunha,Casemiro,goal
ENG-Premier League,2526,2026-02-01 Manchester Utd-Fulham,Manchester United,64’,2:0,Casemiro,,yellow_card
ENG-Premier League,2526,2026-02-01 Manchester Utd-Fulham,Fulham,71’,2:0,Ryan Sessegnon,Antonee Robinson,substitute_in
ENG-Premier League,2526,2026-02-01 Manchester Utd-Fulham,Fulham,71’,2:0,Kevin,Emile Smith Rowe,substitute_in
ENG-Premier League,2526,2026-02-01 Manchester Utd-Fulham,Manchester United,74’,2:0,Benjamin Šeško,Matheus Cunha,substitute_in
ENG-Premier League,2526,2026-02-01 Manchester Utd-Fulham,Manchester United,75’,2:0,Manuel Ugarte,Casemiro,substitute_in
ENG-Premier League,2526,2026-02-01 Manchester Utd-Fulham,Fulham,79’,2:0,Tom Cairney,Samuel Chukwueze,substitute_in
ENG-Premier League,2526,2026-02-01 Manchester Utd-Fulham,Manchester United,83’,2:0,Harry Maguire,,yellow_card
ENG-Premier League,2526,2026-02-01 Manchester Utd-Fulham,Fulham,85’,2:1,Raúl Jiménez,,penalty_goal
ENG-Premier League,2526,2026-02-01 Manchester Utd-Fulham,Manchester United,86’,2:1,Noussair Mazraoui,Diogo Dalot,substitute_in
ENG-Premier League,2526,2026-02-01 Manchester Utd-Fulham,Fulham,86’,2:1,Calvin Bassey,Jorge Cuenca,substitute_in
ENG-Premier League,2526,2026-02-01 Manchester Utd-Fulham,Fulham,90+1’,2:2,Kevin,Ryan Sessegnon,goal
ENG-Premier League,2526,2026-02-01 Manchester Utd-Fulham,Manchester United,90+4’,3:2,Benjamin Šeško,Bruno Fernandes,goal
ENG-Premier League,2526,2026-02-01 Manchester Utd-Fulham,Manchester United,90+6’,3:2,Leny Yoro,Bryan Mbeumo,substitute_in
ENG-Premier League,2526,2026-02-01 Nottingham-Crystal Palace,Crystal Palace,31’,1:0,Chris Richards,,yellow_card
ENG-Premier League,2526,2026-02-01 Nottingham-Crystal Palace,Crystal Palace,32’,1:0,Chadi Riad,,yellow_card
ENG-Premier League,2526,2026-02-01 Nottingham-Crystal Palace,Crystal Palace,45+2’,1:1,Ismaila Sarr,,penalty_goal
ENG-Premier League,2526,2026-02-01 Nottingham-Crystal Palace,Nottingham Forest,45+3’,1:1,Morato,Nicolás Domínguez,substitute_in
ENG-Premier League,2526,2026-02-01 Nottingham-Crystal Palace,Nottingham Forest,45’,1:0,Neco Williams,,red_card
ENG-Premier League,2526,2026-02-01 Nottingham-Crystal Palace,Nottingham Forest,46’,1:1,Ryan Yates,Callum Hudson-Odoi,substitute_in
ENG-Premier League,2526,2026-02-01 Nottingham-Crystal Palace,Nottingham Forest,46’,1:1,Angus Gunn,Matz Sels,substitute_in
ENG-Premier League,2526,2026-02-01 Nottingham-Crystal Palace,Crystal Palace,54’,1:1,Yéremy Pino,,yellow_card
ENG-Premier League,2526,2026-02-01 Nottingham-Crystal Palace,Nottingham Forest,5’,1:0,Morgan Gibbs-White,,goal
ENG-Premier League,2526,2026-02-01 Nottingham-Crystal Palace,Crystal Palace,61’,1:1,Christantus Uche,Chadi Riad,substitute_in
ENG-Premier League,2526,2026-02-01 Nottingham-Crystal Palace,Nottingham Forest,70’,1:1,Dan Ndoye,Igor Jesus,substitute_in
ENG-Premier League,2526,2026-02-01 Nottingham-Crystal Palace,Nottingham Forest,75’,1:1,Nikola Milenković,,yellow_card
ENG-Premier League,2526,2026-02-01 Tottenham-Manchester City,Tottenham Hotspur,11’,0:0,Yves Bissouma,,yellow_card
ENG-Premier League,2526,2026-02-01 Tottenham-Manchester City,Manchester City,11’,0:1,Rayan Cherki,Erling Haaland,goal
ENG-Premier League,2526,2026-02-01 Tottenham-Manchester City,Manchester City,21’,0:1,Abdukodir Khusanov,,yellow_card
ENG-Premier League,2526,2026-02-01 Tottenham-Manchester City,Tottenham Hotspur,38’,0:1,Xavi Simons,,yellow_card
ENG-Premier League,2526,2026-02-01 Tottenham-Manchester City,Manchester City,44’,0:2,Antoine Semenyo,Bernardo Silva,goal
ENG-Premier League,2526,2026-02-01 Tottenham-Manchester City,Manchester City,45+3’,0:2,Rodri,,yellow_card
ENG-Premier League,2526,2026-02-01 Tottenham-Manchester City,Tottenham Hotspur,46’,0:2,Pape Matar Sarr,Cristian Romero,substitute_in
ENG-Premier League,2526,2026-02-01 Tottenham-Manchester City,Tottenham Hotspur,48’,0:2,Dominic Solanke,,yellow_card
ENG-Premier League,2526,2026-02-01 Tottenham-Manchester City,Tottenham Hotspur,53’,1:2,Dominic Solanke,Xavi Simons,goal
ENG-Premier League,2526,2026-02-01 Tottenham-Manchester City,Tottenham Hotspur,68’,1:2,Mathys Tel,Randal Kolo Muani,substitute_in
ENG-Premier League,2526,2026-02-01 Tottenham-Manchester City,Tottenham Hotspur,68’,1:2,Wilson Odobert,Yves Bissouma,substitute_in
ENG-Premier League,2526,2026-02-01 Tottenham-Manchester City,Tottenham Hotspur,70’,2:2,Dominic Solanke,Conor Gallagher,goal
ENG-Premier League,2526,2026-02-01 Tottenham-Manchester City,Manchester City,70’,1:2,Tijjani Reijnders,Rayan Cherki,substitute_in
ENG-Premier League,2526,2026-02-01 Tottenham-Manchester City,Manchester City,70’,1:2,Nicolás González,Rayan Aït-Nouri,substitute_in
ENG-Premier League,2526,2026-02-01 Tottenham-Manchester City,Manchester City,88’,2:2,Phil Foden,Bernardo Silva,substitute_in
ENG-Premier League,2526,2026-02-01 Tottenham-Manchester City,Manchester City,90+4’,2:2,Omar Marmoush,Rodri,substitute_in
ENG-Premier League,2526,2026-02-01 Tottenham-Manchester City,Manchester City,90+8’,2:2,Nicolás González,,yellow_card
ENG-Premier League,2526,2026-02-01 Tottenham-Manchester City,Tottenham Hotspur,90’,2:2,Jun'ai Byfield,Dominic Solanke,substitute_in
ENG-Premier League,2526,2026-02-02 Sunderland-Burnley,Sunderland,32’,2:0,Habib Diarra,,goal
ENG-Premier League,2526,2026-02-02 Sunderland-Burnley,Burnley,45’,2:0,Lesley Ugochukwu,,yellow_card
ENG-Premier League,2526,2026-02-02 Sunderland-Burnley,Burnley,46’,2:0,Josh Laurent,Axel Tuanzebe,substitute_in
ENG-Premier League,2526,2026-02-02 Sunderland-Burnley,Burnley,63’,2:0,Armando Broja,Lyle Foster,substitute_in
ENG-Premier League,2526,2026-02-02 Sunderland-Burnley,Burnley,63’,2:0,Zian Flemming,Florentino Luís,substitute_in
ENG-Premier League,2526,2026-02-02 Sunderland-Burnley,Sunderland,67’,2:0,Trai Hume,,yellow_card
ENG-Premier League,2526,2026-02-02 Sunderland-Burnley,Burnley,67’,2:0,Martin Dúbravka,,yellow_card
ENG-Premier League,2526,2026-02-02 Sunderland-Burnley,Burnley,69’,2:0,Loum Tchaouna,Marcus Edwards,substitute_in
ENG-Premier League,2526,2026-02-02 Sunderland-Burnley,Burnley,70’,2:0,Jaidon Anthony,,yellow_card
ENG-Premier League,2526,2026-02-02 Sunderland-Burnley,Sunderland,72’,3:0,Chemsdine Talbi,Reinildo Mandava,goal
ENG-Premier League,2526,2026-02-02 Sunderland-Burnley,Sunderland,80’,3:0,Romaine Mundle,Chemsdine Talbi,substitute_in
ENG-Premier League,2526,2026-02-02 Sunderland-Burnley,Sunderland,80’,3:0,Wilson Isidor,Brian Brobbey,substitute_in
ENG-Premier League,2526,2026-02-02 Sunderland-Burnley,Sunderland,80’,3:0,Lutsharel Geertruida,Habib Diarra,substitute_in
ENG-Premier League,2526,2026-02-02 Sunderland-Burnley,Burnley,80’,3:0,Jacob Bruun Larsen,Jaidon Anthony,substitute_in
ENG-Premier League,2526,2026-02-02 Sunderland-Burnley,Sunderland,86’,3:0,Luke O'Nien,Omar Alderete,substitute_in
ENG-Premier League,2526,2026-02-02 Sunderland-Burnley,Burnley,90+1’,3:0,Kyle Walker,,yellow_card
ENG-Premier League,2526,2026-02-02 Sunderland-Burnley,Sunderland,9’,1:0,Axel Tuanzebe,,own_goal
ENG-Premier League,2526,2026-02-06 Leeds United-Nottingham,Leeds United,26’,1:0,Jayden Bogle,Ilia Gruev,goal
ENG-Premier League,2526,2026-02-06 Leeds United-Nottingham,Leeds United,30’,2:0,Noah Okafor,James Justin,goal
ENG-Premier League,2526,2026-02-06 Leeds United-Nottingham,Leeds United,49’,3:0,Dominic Calvert-Lewin,Ilia Gruev,goal
ENG-Premier League,2526,2026-02-06 Leeds United-Nottingham,Nottingham Forest,54’,3:0,Lorenzo Lucca,Igor Jesus,substitute_in
ENG-Premier League,2526,2026-02-06 Leeds United-Nottingham,Nottingham Forest,54’,3:0,Omari Hutchinson,Nicolás Domínguez,substitute_in
ENG-Premier League,2526,2026-02-06 Leeds United-Nottingham,Leeds United,61’,3:0,Noah Okafor,,yellow_card
ENG-Premier League,2526,2026-02-06 Leeds United-Nottingham,Nottingham Forest,62’,3:0,Ibrahim Sangaré,,yellow_card
ENG-Premier League,2526,2026-02-06 Leeds United-Nottingham,Nottingham Forest,67’,3:0,Dan Ndoye,Callum Hudson-Odoi,substitute_in
ENG-Premier League,2526,2026-02-06 Leeds United-Nottingham,Nottingham Forest,67’,3:0,Ryan Yates,Morgan Gibbs-White,substitute_in
ENG-Premier League,2526,2026-02-06 Leeds United-Nottingham,Nottingham Forest,76’,3:0,Luca Netz,Zach Abbott,substitute_in
ENG-Premier League,2526,2026-02-06 Leeds United-Nottingham,Leeds United,78’,3:0,Daniel James,Brenden Aaronson,substitute_in
ENG-Premier League,2526,2026-02-06 Leeds United-Nottingham,Leeds United,82’,3:0,Sean Longstaff,Noah Okafor,substitute_in
ENG-Premier League,2526,2026-02-06 Leeds United-Nottingham,Nottingham Forest,86’,3:1,Lorenzo Lucca,Omari Hutchinson,goal
ENG-Premier League,2526,2026-02-06 Leeds United-Nottingham,Leeds United,90+6’,3:1,Sebastiaan Bornauw,Jayden Bogle,substitute_in
ENG-Premier League,2526,2026-02-07 Arsenal-Sunderland,Arsenal,26’,0:0,William Saliba,,yellow_card
ENG-Premier League,2526,2026-02-07 Arsenal-Sunderland,Sunderland,39’,0:0,Habib Diarra,,yellow_card
ENG-Premier League,2526,2026-02-07 Arsenal-Sunderland,Sunderland,40’,0:0,Brian Brobbey,,yellow_card
ENG-Premier League,2526,2026-02-07 Arsenal-Sunderland,Arsenal,42’,1:0,Martín Zubimendi,Leandro Trossard,goal
ENG-Premier League,2526,2026-02-07 Arsenal-Sunderland,Arsenal,60’,1:0,Gabriel Martinelli,Noni Madueke,substitute_in
ENG-Premier League,2526,2026-02-07 Arsenal-Sunderland,Arsenal,60’,1:0,Viktor Gyökeres,Gabriel Jesus,substitute_in
ENG-Premier League,2526,2026-02-07 Arsenal-Sunderland,Sunderland,64’,1:0,Romaine Mundle,Chemsdine Talbi,substitute_in
ENG-Premier League,2526,2026-02-07 Arsenal-Sunderland,Arsenal,66’,2:0,Viktor Gyökeres,Kai Havertz,goal
ENG-Premier League,2526,2026-02-07 Arsenal-Sunderland,Arsenal,67’,2:0,Eberechi Eze,Kai Havertz,substitute_in
ENG-Premier League,2526,2026-02-07 Arsenal-Sunderland,Arsenal,67’,2:0,Piero Hincapié,Riccardo Calafiori,substitute_in
ENG-Premier League,2526,2026-02-07 Arsenal-Sunderland,Sunderland,71’,2:0,Lutsharel Geertruida,Noah Sadiki,substitute_in
ENG-Premier League,2526,2026-02-07 Arsenal-Sunderland,Sunderland,85’,2:0,Wilson Isidor,Brian Brobbey,substitute_in
ENG-Premier League,2526,2026-02-07 Arsenal-Sunderland,Sunderland,85’,2:0,Nilson Angulo,Trai Hume,substitute_in
ENG-Premier League,2526,2026-02-07 Arsenal-Sunderland,Arsenal,89’,2:0,Christian Nørgaard,Leandro Trossard,substitute_in
ENG-Premier League,2526,2026-02-07 Arsenal-Sunderland,Arsenal,90+3’,3:0,Viktor Gyökeres,Gabriel Martinelli,goal
ENG-Premier League,2526,2026-02-07 Bournemouth-Aston Villa,Aston Villa,22’,0:1,Morgan Rogers,Jadon Sancho,goal
ENG-Premier League,2526,2026-02-07 Bournemouth-Aston Villa,Bournemouth,35’,0:1,Álex Jiménez,,yellow_card
ENG-Premier League,2526,2026-02-07 Bournemouth-Aston Villa,Aston Villa,35’,0:1,Emi Buendía,,yellow_card
ENG-Premier League,2526,2026-02-07 Bournemouth-Aston Villa,Bournemouth,55’,1:1,Rayan,James Hill,goal
ENG-Premier League,2526,2026-02-07 Bournemouth-Aston Villa,Bournemouth,65’,1:1,Ryan Christie,Eli Junior Kroupi,substitute_in
ENG-Premier League,2526,2026-02-07 Bournemouth-Aston Villa,Aston Villa,66’,1:1,Leon Bailey,Emi Buendía,substitute_in
ENG-Premier League,2526,2026-02-07 Bournemouth-Aston Villa,Aston Villa,77’,1:1,Ian Maatsen,Jadon Sancho,substitute_in
ENG-Premier League,2526,2026-02-07 Bournemouth-Aston Villa,Aston Villa,77’,1:1,Ross Barkley,Douglas Luiz,substitute_in
ENG-Premier League,2526,2026-02-07 Bournemouth-Aston Villa,Bournemouth,86’,1:1,Adam Smith,Álex Jiménez,substitute_in
ENG-Premier League,2526,2026-02-07 Bournemouth-Aston Villa,Aston Villa,86’,1:1,Lamare Bogarde,Lucas Digne,substitute_in
ENG-Premier League,2526,2026-02-07 Bournemouth-Aston Villa,Aston Villa,86’,1:1,Tammy Abraham,Ollie Watkins,substitute_in
ENG-Premier League,2526,2026-02-07 Bournemouth-Aston Villa,Bournemouth,87’,1:1,David Brooks,Rayan,substitute_in
ENG-Premier League,2526,2026-02-07 Bournemouth-Aston Villa,Bournemouth,90’,1:1,Enes Ünal,Evanilson,substitute_in
ENG-Premier League,2526,2026-02-07 Burnley-West Ham,West Ham United,13’,0:1,Crysencio Summerville,Mateus Fernandes,goal
ENG-Premier League,2526,2026-02-07 Burnley-West Ham,Burnley,24’,0:1,Florentino Luís,,yellow_card
ENG-Premier League,2526,2026-02-07 Burnley-West Ham,West Ham United,26’,0:2,Valentín Castellanos,El Hadji Malick Diouf,goal
ENG-Premier League,2526,2026-02-07 Burnley-West Ham,West Ham United,40’,0:2,El Hadji Malick Diouf,,yellow_card
ENG-Premier League,2526,2026-02-07 Burnley-West Ham,Burnley,46’,0:2,Josh Laurent,Florentino Luís,substitute_in
ENG-Premier League,2526,2026-02-07 Burnley-West Ham,West Ham United,57’,0:2,Freddie Potts,Callum Wilson,substitute_in
ENG-Premier League,2526,2026-02-07 Burnley-West Ham,Burnley,67’,0:2,Lyle Foster,Zian Flemming,substitute_in
ENG-Premier League,2526,2026-02-07 Burnley-West Ham,Burnley,67’,0:2,Loum Tchaouna,Marcus Edwards,substitute_in
ENG-Premier League,2526,2026-02-07 Burnley-West Ham,Burnley,67’,0:2,Jacob Bruun Larsen,Jaidon Anthony,substitute_in
ENG-Premier League,2526,2026-02-07 Burnley-West Ham,Burnley,76’,0:2,Bashir Humphreys,,yellow_card
ENG-Premier League,2526,2026-02-07 Burnley-West Ham,Burnley,79’,0:2,Armando Broja,Lesley Ugochukwu,substitute_in
ENG-Premier League,2526,2026-02-07 Burnley-West Ham,West Ham United,79’,0:2,Pablo,Valentín Castellanos,substitute_in
ENG-Premier League,2526,2026-02-07 Burnley-West Ham,West Ham United,79’,0:2,Oliver Scarles,El Hadji Malick Diouf,substitute_in
ENG-Premier League,2526,2026-02-07 Burnley-West Ham,Burnley,84’,0:2,Josh Laurent,,yellow_card
ENG-Premier League,2526,2026-02-07 Burnley-West Ham,West Ham United,90+2’,0:2,Adama Traoré,Crysencio Summerville,substitute_in
ENG-Premier League,2526,2026-02-07 Burnley-West Ham,West Ham United,90+2’,0:2,Kyle Walker-Peters,Jarrod Bowen,substitute_in
ENG-Premier League,2526,2026-02-07 Fulham-Everton,Fulham,18’,1:0,Vitaliy Mykolenko,,own_goal
ENG-Premier League,2526,2026-02-07 Fulham-Everton,Everton,18’,0:0,Idrissa Gueye,,yellow_card
ENG-Premier League,2526,2026-02-07 Fulham-Everton,Everton,56’,1:0,James Garner,,yellow_card
ENG-Premier League,2526,2026-02-07 Fulham-Everton,Everton,65’,1:0,Vitaliy Mykolenko,,yellow_card
ENG-Premier League,2526,2026-02-07 Fulham-Everton,Fulham,66’,1:0,Jorge Cuenca,,yellow_card
ENG-Premier League,2526,2026-02-07 Fulham-Everton,Everton,69’,1:0,Beto,Thierno Barry,substitute_in
ENG-Premier League,2526,2026-02-07 Fulham-Everton,Everton,69’,1:0,Tyrique George,Harrison Armstrong,substitute_in
ENG-Premier League,2526,2026-02-07 Fulham-Everton,Fulham,75’,1:0,Kevin,Samuel Chukwueze,substitute_in
ENG-Premier League,2526,2026-02-07 Fulham-Everton,Fulham,75’,1:1,Rodrigo Muniz,Raúl Jiménez,substitute_in
ENG-Premier League,2526,2026-02-07 Fulham-Everton,Everton,75’,1:1,Kiernan Dewsbury-Hall,Vitaliy Mykolenko,goal
ENG-Premier League,2526,2026-02-07 Fulham-Everton,Fulham,83’,1:1,Oscar Bobb,Emile Smith Rowe,substitute_in
ENG-Premier League,2526,2026-02-07 Fulham-Everton,Fulham,83’,1:1,Kenny Tete,Timothy Castagne,substitute_in
ENG-Premier League,2526,2026-02-07 Fulham-Everton,Everton,83’,1:2,Bernd Leno,,own_goal
ENG-Premier League,2526,2026-02-07 Fulham-Everton,Everton,85’,1:2,Jarrad Branthwaite,Vitaliy Mykolenko,substitute_in
ENG-Premier League,2526,2026-02-07 Fulham-Everton,Everton,88’,1:2,Jake O'Brien,,yellow_card
ENG-Premier League,2526,2026-02-07 Fulham-Everton,Everton,90+5’,1:2,Tim Iroegbunam,Kiernan Dewsbury-Hall,substitute_in
ENG-Premier League,2526,2026-02-07 Fulham-Everton,Everton,90+7’,1:2,Jordan Pickford,,yellow_card
ENG-Premier League,2526,2026-02-07 Manchester Utd-Tottenham,Tottenham Hotspur,27’,0:0,Destiny Udogie,,yellow_card
ENG-Premier League,2526,2026-02-07 Manchester Utd-Tottenham,Tottenham Hotspur,29’,0:0,Cristian Romero,,red_card
ENG-Premier League,2526,2026-02-07 Manchester Utd-Tottenham,Tottenham Hotspur,32’,0:0,Radu Drăgușin,Wilson Odobert,substitute_in
ENG-Premier League,2526,2026-02-07 Manchester Utd-Tottenham,Manchester United,38’,1:0,Bryan Mbeumo,Kobbie Mainoo,goal
ENG-Premier League,2526,2026-02-07 Manchester Utd-Tottenham,Manchester United,45’,1:0,Amad Diallo,,yellow_card
ENG-Premier League,2526,2026-02-07 Manchester Utd-Tottenham,Tottenham Hotspur,55’,1:0,Souza,Destiny Udogie,substitute_in
ENG-Premier League,2526,2026-02-07 Manchester Utd-Tottenham,Tottenham Hotspur,70’,1:0,João Palhinha,,yellow_card
ENG-Premier League,2526,2026-02-07 Manchester Utd-Tottenham,Manchester United,75’,1:0,Benjamin Šeško,Matheus Cunha,substitute_in
ENG-Premier League,2526,2026-02-07 Manchester Utd-Tottenham,Tottenham Hotspur,80’,1:0,Mathys Tel,João Palhinha,substitute_in
ENG-Premier League,2526,2026-02-07 Manchester Utd-Tottenham,Tottenham Hotspur,80’,1:0,Yves Bissouma,Conor Gallagher,substitute_in
ENG-Premier League,2526,2026-02-07 Manchester Utd-Tottenham,Tottenham Hotspur,80’,1:0,Randal Kolo Muani,Dominic Solanke,substitute_in
ENG-Premier League,2526,2026-02-07 Manchester Utd-Tottenham,Manchester United,81’,2:0,Bruno Fernandes,Diogo Dalot,goal
ENG-Premier League,2526,2026-02-07 Manchester Utd-Tottenham,Manchester United,87’,2:0,Noussair Mazraoui,Luke Shaw,substitute_in
ENG-Premier League,2526,2026-02-07 Manchester Utd-Tottenham,Manchester United,87’,2:0,Manuel Ugarte,Casemiro,substitute_in
ENG-Premier League,2526,2026-02-07 Manchester Utd-Tottenham,Manchester United,87’,2:0,Joshua Zirkzee,Bryan Mbeumo,substitute_in
ENG-Premier League,2526,2026-02-07 Manchester Utd-Tottenham,Manchester United,90+2’,2:0,Tyler Fletcher,Kobbie Mainoo,substitute_in
ENG-Premier League,2526,2026-02-07 Newcastle-Brentford,Newcastle United,24’,1:0,Sven Botman,Bruno Guimarães,goal
ENG-Premier League,2526,2026-02-07 Newcastle-Brentford,Brentford,37’,1:1,Vitaly Janelt,Dango Ouattara,goal
ENG-Premier League,2526,2026-02-07 Newcastle-Brentford,Newcastle United,44’,1:1,Jacob Murphy,,yellow_card
ENG-Premier League,2526,2026-02-07 Newcastle-Brentford,Brentford,45+2’,1:2,Igor Thiago,,penalty_goal
ENG-Premier League,2526,2026-02-07 Newcastle-Brentford,Newcastle United,46’,1:2,Nick Woltemade,Jacob Murphy,substitute_in
ENG-Premier League,2526,2026-02-07 Newcastle-Brentford,Newcastle United,46’,1:2,Anthony Elanga,Joe Willock,substitute_in
ENG-Premier League,2526,2026-02-07 Newcastle-Brentford,Brentford,56’,1:2,Yehor Yarmoliuk,Jordan Henderson,substitute_in
ENG-Premier League,2526,2026-02-07 Newcastle-Brentford,Newcastle United,65’,1:2,William Osula,Yoane Wissa,substitute_in
ENG-Premier League,2526,2026-02-07 Newcastle-Brentford,Brentford,69’,1:2,Igor Thiago,,yellow_card
ENG-Premier League,2526,2026-02-07 Newcastle-Brentford,Newcastle United,79’,2:2,Bruno Guimarães,,penalty_goal
ENG-Premier League,2526,2026-02-07 Newcastle-Brentford,Brentford,80’,2:2,Romelle Donovan,Keane Lewis-Potter,substitute_in
ENG-Premier League,2526,2026-02-07 Newcastle-Brentford,Brentford,85’,2:3,Dango Ouattara,Mathias Jensen,goal
ENG-Premier League,2526,2026-02-07 Newcastle-Brentford,Newcastle United,87’,2:3,Dan Burn,Kieran Trippier,substitute_in
ENG-Premier League,2526,2026-02-07 Newcastle-Brentford,Newcastle United,87’,2:3,Jacob Ramsey,Sandro Tonali,substitute_in
ENG-Premier League,2526,2026-02-07 Newcastle-Brentford,Brentford,87’,2:3,Mikkel Damsgaard,Mathias Jensen,substitute_in
ENG-Premier League,2526,2026-02-07 Newcastle-Brentford,Brentford,90+1’,2:3,Vitaly Janelt,,yellow_card
ENG-Premier League,2526,2026-02-07 Newcastle-Brentford,Newcastle United,90+6’,2:3,Lewis Hall,,yellow_card
ENG-Premier League,2526,2026-02-07 Wolves-Chelsea,Chelsea,13’,0:1,Cole Palmer,,penalty_goal
ENG-Premier League,2526,2026-02-07 Wolves-Chelsea,Chelsea,35’,0:2,Cole Palmer,,penalty_goal
ENG-Premier League,2526,2026-02-07 Wolves-Chelsea,Chelsea,38’,0:3,Cole Palmer,Marc Cucurella,goal
ENG-Premier League,2526,2026-02-07 Wolves-Chelsea,Wolverhampton Wanderers,43’,0:3,Ladislav Krejčí,Hwang Hee-chan,substitute_in
ENG-Premier League,2526,2026-02-07 Wolves-Chelsea,Wolverhampton Wanderers,45+4’,0:3,Adam Armstrong,,yellow_card
ENG-Premier League,2526,2026-02-07 Wolves-Chelsea,Wolverhampton Wanderers,46’,0:3,Rodrigo Gomes,Matt Doherty,substitute_in
ENG-Premier League,2526,2026-02-07 Wolves-Chelsea,Wolverhampton Wanderers,54’,1:3,Tolu Arokodare,Adam Armstrong,goal
ENG-Premier League,2526,2026-02-07 Wolves-Chelsea,Chelsea,61’,1:3,Alejandro Garnacho,Cole Palmer,substitute_in
ENG-Premier League,2526,2026-02-07 Wolves-Chelsea,Chelsea,73’,1:3,Marc Cucurella,,yellow_card
ENG-Premier League,2526,2026-02-07 Wolves-Chelsea,Chelsea,75’,1:3,Liam Delap,João Pedro,substitute_in
ENG-Premier League,2526,2026-02-07 Wolves-Chelsea,Chelsea,75’,1:3,Joshua Acheampong,Malo Gusto,substitute_in
ENG-Premier League,2526,2026-02-07 Wolves-Chelsea,Wolverhampton Wanderers,80’,1:3,Jean-Ricner Bellegarde,Angel Gomes,substitute_in
ENG-Premier League,2526,2026-02-07 Wolves-Chelsea,Chelsea,84’,1:3,Jorrel Hato,Andrey Santos,substitute_in
ENG-Premier League,2526,2026-02-07 Wolves-Chelsea,Wolverhampton Wanderers,90+1’,1:3,Pedro Lima,João Gomes,substitute_in
ENG-Premier League,2526,2026-02-08 Brighton-Crystal Palace,Crystal Palace,17’,0:0,Will Hughes,,yellow_card
ENG-Premier League,2526,2026-02-08 Brighton-Crystal Palace,Crystal Palace,56’,0:0,Evann Guessand,Yéremy Pino,substitute_in
ENG-Premier League,2526,2026-02-08 Brighton-Crystal Palace,Crystal Palace,61’,0:1,Ismaila Sarr,Evann Guessand,goal
ENG-Premier League,2526,2026-02-08 Brighton-Crystal Palace,Brighton & Hove Albion,71’,0:1,Diego Gómez,Carlos Baleba,substitute_in
ENG-Premier League,2526,2026-02-08 Brighton-Crystal Palace,Brighton & Hove Albion,71’,0:1,Yankuba Minteh,Harry Howell,substitute_in
ENG-Premier League,2526,2026-02-08 Brighton-Crystal Palace,Brighton & Hove Albion,71’,0:1,Danny Welbeck,Maxim De Cuyper,substitute_in
ENG-Premier League,2526,2026-02-08 Brighton-Crystal Palace,Crystal Palace,77’,0:1,Daichi Kamada,Will Hughes,substitute_in
ENG-Premier League,2526,2026-02-08 Brighton-Crystal Palace,Crystal Palace,80’,0:1,Daniel Muñoz,,yellow_card
ENG-Premier League,2526,2026-02-08 Brighton-Crystal Palace,Brighton & Hove Albion,82’,0:1,Matt O'Riley,Georginio Rutter,substitute_in
ENG-Premier League,2526,2026-02-08 Brighton-Crystal Palace,Brighton & Hove Albion,82’,0:1,Jack Hinshelwood,Charalampos Kostoulas,substitute_in
ENG-Premier League,2526,2026-02-08 Brighton-Crystal Palace,Brighton & Hove Albion,85’,0:1,Diego Gómez,,yellow_card
ENG-Premier League,2526,2026-02-08 Brighton-Crystal Palace,Crystal Palace,85’,0:1,Jørgen Strand Larsen,,yellow_card
ENG-Premier League,2526,2026-02-08 Brighton-Crystal Palace,Crystal Palace,88’,0:1,Brennan Johnson,Ismaila Sarr,substitute_in
ENG-Premier League,2526,2026-02-08 Liverpool-Manchester City,Manchester City,42’,0:0,Omar Marmoush,,yellow_card
ENG-Premier League,2526,2026-02-08 Liverpool-Manchester City,Liverpool,47’,0:0,Virgil van Dijk,,yellow_card
ENG-Premier League,2526,2026-02-08 Liverpool-Manchester City,Manchester City,61’,0:0,Rúben Dias,Abdukodir Khusanov,substitute_in
ENG-Premier League,2526,2026-02-08 Liverpool-Manchester City,Manchester City,61’,0:0,Rayan Cherki,Omar Marmoush,substitute_in
ENG-Premier League,2526,2026-02-08 Liverpool-Manchester City,Manchester City,69’,0:0,Marc Guéhi,,yellow_card
ENG-Premier League,2526,2026-02-08 Liverpool-Manchester City,Liverpool,74’,1:0,Dominik Szoboszlai,,goal
ENG-Premier League,2526,2026-02-08 Liverpool-Manchester City,Manchester City,84’,1:1,Bernardo Silva,Erling Haaland,goal
ENG-Premier League,2526,2026-02-08 Liverpool-Manchester City,Liverpool,85’,1:1,Curtis Jones,Cody Gakpo,substitute_in
ENG-Premier League,2526,2026-02-08 Liverpool-Manchester City,Liverpool,90+13’,1:2,Dominik Szoboszlai,,red_card
ENG-Premier League,2526,2026-02-08 Liverpool-Manchester City,Liverpool,90+2’,1:1,Alisson,,yellow_card
ENG-Premier League,2526,2026-02-08 Liverpool-Manchester City,Manchester City,90+3’,1:2,Erling Haaland,,penalty_goal
ENG-Premier League,2526,2026-02-08 Liverpool-Manchester City,Liverpool,90+4’,1:2,Federico Chiesa,Milos Kerkez,substitute_in
ENG-Premier League,2526,2026-02-08 Liverpool-Manchester City,Manchester City,90+4’,1:2,Erling Haaland,,yellow_card
ENG-Premier League,2526,2026-02-08 Liverpool-Manchester City,Manchester City,90+6’,1:2,Nathan Aké,Antoine Semenyo,substitute_in
ENG-Premier League,2526,2026-02-08 Liverpool-Manchester City,Manchester City,90+7’,1:2,Bernardo Silva,,yellow_card
ENG-Premier League,2526,2026-02-10 Chelsea-Leeds United,Chelsea,15’,0:0,Joshua Acheampong,,yellow_card
ENG-Premier League,2526,2026-02-10 Chelsea-Leeds United,Leeds United,19’,0:0,Gabriel Gudmundsson,,yellow_card
ENG-Premier League,2526,2026-02-10 Chelsea-Leeds United,Leeds United,22’,0:0,Sebastiaan Bornauw,,yellow_card
ENG-Premier League,2526,2026-02-10 Chelsea-Leeds United,Chelsea,24’,1:0,João Pedro,Cole Palmer,goal
ENG-Premier League,2526,2026-02-10 Chelsea-Leeds United,Leeds United,45’,1:0,James Justin,,yellow_card
ENG-Premier League,2526,2026-02-10 Chelsea-Leeds United,Chelsea,46’,1:0,Jorrel Hato,Marc Cucurella,substitute_in
ENG-Premier League,2526,2026-02-10 Chelsea-Leeds United,Leeds United,55’,1:0,Noah Okafor,Sebastiaan Bornauw,substitute_in
ENG-Premier League,2526,2026-02-10 Chelsea-Leeds United,Chelsea,58’,2:0,Cole Palmer,,penalty_goal
ENG-Premier League,2526,2026-02-10 Chelsea-Leeds United,Chelsea,64’,2:0,Pedro Neto,Estêvão Willian,substitute_in
ENG-Premier League,2526,2026-02-10 Chelsea-Leeds United,Chelsea,67’,2:1,Cole Palmer,,yellow_card
ENG-Premier League,2526,2026-02-10 Chelsea-Leeds United,Leeds United,67’,2:1,Lukas Nmecha,,penalty_goal
ENG-Premier League,2526,2026-02-10 Chelsea-Leeds United,Leeds United,73’,2:2,Noah Okafor,Lukas Nmecha,goal
ENG-Premier League,2526,2026-02-10 Chelsea-Leeds United,Chelsea,79’,2:2,Wesley Fofana,Joshua Acheampong,substitute_in
ENG-Premier League,2526,2026-02-10 Chelsea-Leeds United,Chelsea,79’,2:2,Liam Delap,Andrey Santos,substitute_in
ENG-Premier League,2526,2026-02-10 Chelsea-Leeds United,Leeds United,82’,2:2,Daniel James,Lukas Nmecha,substitute_in
ENG-Premier League,2526,2026-02-10 Chelsea-Leeds United,Chelsea,8’,0:0,Malo Gusto,,yellow_card
ENG-Premier League,2526,2026-02-10 Chelsea-Leeds United,Leeds United,90+5’,2:2,Sean Longstaff,Brenden Aaronson,substitute_in
ENG-Premier League,2526,2026-02-10 Chelsea-Leeds United,Leeds United,90+6’,2:2,Sean Longstaff,,yellow_card
ENG-Premier League,2526,2026-02-10 Chelsea-Leeds United,Chelsea,90+8’,2:2,Moisés Caicedo,,yellow_card
ENG-Premier League,2526,2026-02-10 Everton-Bournemouth,Everton,42’,1:0,Iliman Ndiaye,,penalty_goal
ENG-Premier League,2526,2026-02-10 Everton-Bournemouth,Bournemouth,57’,1:0,Rayan,,yellow_card
ENG-Premier League,2526,2026-02-10 Everton-Bournemouth,Bournemouth,58’,1:0,Enes Ünal,Alex Tóth,substitute_in
ENG-Premier League,2526,2026-02-10 Everton-Bournemouth,Bournemouth,58’,1:0,Eli Junior Kroupi,Evanilson,substitute_in
ENG-Premier League,2526,2026-02-10 Everton-Bournemouth,Bournemouth,61’,1:1,Rayan,Adrien Truffert,goal
ENG-Premier League,2526,2026-02-10 Everton-Bournemouth,Everton,62’,1:1,Harrison Armstrong,Tyrique George,substitute_in
ENG-Premier League,2526,2026-02-10 Everton-Bournemouth,Everton,62’,1:1,Beto,Thierno Barry,substitute_in
ENG-Premier League,2526,2026-02-10 Everton-Bournemouth,Bournemouth,64’,1:2,Amine Adli,James Hill,goal
ENG-Premier League,2526,2026-02-10 Everton-Bournemouth,Everton,66’,1:2,Beto,,yellow_card
ENG-Premier League,2526,2026-02-10 Everton-Bournemouth,Everton,69’,1:2,Jake O'Brien,,red_card
ENG-Premier League,2526,2026-02-10 Everton-Bournemouth,Bournemouth,80’,1:2,Lewis Cook,Ryan Christie,substitute_in
ENG-Premier League,2526,2026-02-10 Everton-Bournemouth,Bournemouth,80’,1:2,David Brooks,Amine Adli,substitute_in
ENG-Premier League,2526,2026-02-10 Everton-Bournemouth,Bournemouth,81’,1:2,David Brooks,,yellow_card
ENG-Premier League,2526,2026-02-10 Everton-Bournemouth,Everton,90+3’,1:2,Michael Keane,Vitaliy Mykolenko,substitute_in
ENG-Premier League,2526,2026-02-10 Everton-Bournemouth,Bournemouth,90+3’,1:2,Adam Smith,Rayan,substitute_in
ENG-Premier League,2526,2026-02-10 Everton-Bournemouth,Bournemouth,90+6’,1:2,Álex Jiménez,,yellow_card
ENG-Premier League,2526,2026-02-10 Tottenham-Newcastle,Tottenham Hotspur,35’,0:0,Mathys Tel,Wilson Odobert,substitute_in
ENG-Premier League,2526,2026-02-10 Tottenham-Newcastle,Tottenham Hotspur,41’,0:0,Pape Matar Sarr,,yellow_card
ENG-Premier League,2526,2026-02-10 Tottenham-Newcastle,Newcastle United,45+5’,0:1,Malick Thiaw,,goal
ENG-Premier League,2526,2026-02-10 Tottenham-Newcastle,Tottenham Hotspur,46’,0:1,João Palhinha,Yves Bissouma,substitute_in
ENG-Premier League,2526,2026-02-10 Tottenham-Newcastle,Newcastle United,59’,0:1,Dan Burn,,yellow_card
ENG-Premier League,2526,2026-02-10 Tottenham-Newcastle,Tottenham Hotspur,62’,0:1,Djed Spence,,yellow_card
ENG-Premier League,2526,2026-02-10 Tottenham-Newcastle,Tottenham Hotspur,64’,1:1,Archie Gray,Pape Matar Sarr,goal
ENG-Premier League,2526,2026-02-10 Tottenham-Newcastle,Tottenham Hotspur,67’,1:1,Xavi Simons,,yellow_card
ENG-Premier League,2526,2026-02-10 Tottenham-Newcastle,Newcastle United,68’,1:2,Jacob Ramsey,Anthony Gordon,goal
ENG-Premier League,2526,2026-02-10 Tottenham-Newcastle,Tottenham Hotspur,70’,1:2,Randal Kolo Muani,Conor Gallagher,substitute_in
ENG-Premier League,2526,2026-02-10 Tottenham-Newcastle,Newcastle United,75’,1:2,Jacob Murphy,Anthony Elanga,substitute_in
ENG-Premier League,2526,2026-02-10 Tottenham-Newcastle,Newcastle United,75’,1:2,Sandro Tonali,Jacob Ramsey,substitute_in
ENG-Premier League,2526,2026-02-10 Tottenham-Newcastle,Newcastle United,88’,1:2,Nick Woltemade,Joe Willock,substitute_in
ENG-Premier League,2526,2026-02-10 Tottenham-Newcastle,Newcastle United,88’,1:2,William Osula,Anthony Gordon,substitute_in
ENG-Premier League,2526,2026-02-10 Tottenham-Newcastle,Newcastle United,89’,1:2,Bruno Guimarães,,yellow_card
ENG-Premier League,2526,2026-02-10 Tottenham-Newcastle,Newcastle United,90+1’,1:2,Lewis Hall,Bruno Guimarães,substitute_in
ENG-Premier League,2526,2026-02-10 West Ham-Manchester Utd,West Ham United,50’,1:0,Tomáš Souček,Jarrod Bowen,goal
ENG-Premier League,2526,2026-02-10 West Ham-Manchester Utd,Manchester United,57’,1:0,Diogo Dalot,,yellow_card
ENG-Premier League,2526,2026-02-10 West Ham-Manchester Utd,Manchester United,68’,1:0,Leny Yoro,Harry Maguire,substitute_in
ENG-Premier League,2526,2026-02-10 West Ham-Manchester Utd,West Ham United,69’,1:0,Callum Wilson,Valentín Castellanos,substitute_in
ENG-Premier League,2526,2026-02-10 West Ham-Manchester Utd,Manchester United,69’,1:0,Benjamin Šeško,Matheus Cunha,substitute_in
ENG-Premier League,2526,2026-02-10 West Ham-Manchester Utd,West Ham United,70’,1:0,Mateus Fernandes,,yellow_card
ENG-Premier League,2526,2026-02-10 West Ham-Manchester Utd,West Ham United,80’,1:0,Oliver Scarles,El Hadji Malick Diouf,substitute_in
ENG-Premier League,2526,2026-02-10 West Ham-Manchester Utd,West Ham United,80’,1:0,Soungoutou Magassa,Freddie Potts,substitute_in
ENG-Premier League,2526,2026-02-10 West Ham-Manchester Utd,Manchester United,82’,1:0,Joshua Zirkzee,Diogo Dalot,substitute_in
ENG-Premier League,2526,2026-02-10 West Ham-Manchester Utd,Manchester United,90+6’,1:1,Benjamin Šeško,Bryan Mbeumo,goal
ENG-Premier League,2526,2026-02-10 West Ham-Manchester Utd,West Ham United,90’,1:0,Adama Traoré,Crysencio Summerville,substitute_in
ENG-Premier League,2526,2026-02-10 West Ham-Manchester Utd,West Ham United,90’,1:0,Kyle Walker-Peters,Jarrod Bowen,substitute_in
ENG-Premier League,2526,2026-02-11 Aston Villa-Brighton,Brighton & Hove Albion,22’,0:0,James Milner,Carlos Baleba,substitute_in
ENG-Premier League,2526,2026-02-11 Aston Villa-Brighton,Brighton & Hove Albion,23’,0:0,Joël Veltman,,yellow_card
ENG-Premier League,2526,2026-02-11 Aston Villa-Brighton,Brighton & Hove Albion,2’,0:0,Carlos Baleba,,yellow_card
ENG-Premier League,2526,2026-02-11 Aston Villa-Brighton,Aston Villa,41’,0:0,Emiliano Martínez,,yellow_card
ENG-Premier League,2526,2026-02-11 Aston Villa-Brighton,Brighton & Hove Albion,41’,0:0,Jan Paul van Hecke,,yellow_card
ENG-Premier League,2526,2026-02-11 Aston Villa-Brighton,Aston Villa,50’,0:0,Morgan Rogers,,yellow_card
ENG-Premier League,2526,2026-02-11 Aston Villa-Brighton,Aston Villa,60’,0:0,Ross Barkley,Emi Buendía,substitute_in
ENG-Premier League,2526,2026-02-11 Aston Villa-Brighton,Aston Villa,60’,0:0,Leon Bailey,Jadon Sancho,substitute_in
ENG-Premier League,2526,2026-02-11 Aston Villa-Brighton,Brighton & Hove Albion,61’,0:0,Olivier Boscagli,Jan Paul van Hecke,substitute_in
ENG-Premier League,2526,2026-02-11 Aston Villa-Brighton,Aston Villa,75’,0:0,Alysson,Ollie Watkins,substitute_in
ENG-Premier League,2526,2026-02-11 Aston Villa-Brighton,Aston Villa,75’,0:0,Tammy Abraham,Amadou Onana,substitute_in
ENG-Premier League,2526,2026-02-11 Aston Villa-Brighton,Brighton & Hove Albion,81’,0:0,Charalampos Kostoulas,Danny Welbeck,substitute_in
ENG-Premier League,2526,2026-02-11 Aston Villa-Brighton,Brighton & Hove Albion,81’,0:0,Harry Howell,Diego Gómez,substitute_in
ENG-Premier League,2526,2026-02-11 Aston Villa-Brighton,Brighton & Hove Albion,81’,0:0,Yankuba Minteh,Kaoru Mitoma,substitute_in
ENG-Premier League,2526,2026-02-11 Aston Villa-Brighton,Aston Villa,84’,0:0,Victor Lindelöf,Douglas Luiz,substitute_in
ENG-Premier League,2526,2026-02-11 Aston Villa-Brighton,Aston Villa,86’,1:0,Jack Hinshelwood,,own_goal
ENG-Premier League,2526,2026-02-11 Crystal Palace-Burnley,Crystal Palace,17’,1:0,Jørgen Strand Larsen,Adam Wharton,goal
ENG-Premier League,2526,2026-02-11 Crystal Palace-Burnley,Crystal Palace,33’,2:0,Jørgen Strand Larsen,Jefferson Lerma,goal
ENG-Premier League,2526,2026-02-11 Crystal Palace-Burnley,Crystal Palace,35’,2:0,Chris Richards,,yellow_card
ENG-Premier League,2526,2026-02-11 Crystal Palace-Burnley,Crystal Palace,36’,2:0,Jefferson Lerma,,yellow_card
ENG-Premier League,2526,2026-02-11 Crystal Palace-Burnley,Burnley,40’,2:1,Hannibal Mejbri,Marcus Edwards,goal
ENG-Premier League,2526,2026-02-11 Crystal Palace-Burnley,Burnley,44’,2:2,Jaidon Anthony,Lesley Ugochukwu,goal
ENG-Premier League,2526,2026-02-11 Crystal Palace-Burnley,Burnley,45+2’,2:3,Jefferson Lerma,,own_goal
ENG-Premier League,2526,2026-02-11 Crystal Palace-Burnley,Crystal Palace,46’,2:3,Chadi Riad,Jefferson Lerma,substitute_in
ENG-Premier League,2526,2026-02-11 Crystal Palace-Burnley,Crystal Palace,58’,2:3,Brennan Johnson,Evann Guessand,substitute_in
ENG-Premier League,2526,2026-02-11 Crystal Palace-Burnley,Crystal Palace,72’,2:3,Yéremy Pino,Daichi Kamada,substitute_in
ENG-Premier League,2526,2026-02-11 Crystal Palace-Burnley,Crystal Palace,72’,2:3,Will Hughes,Daniel Muñoz,substitute_in
ENG-Premier League,2526,2026-02-11 Crystal Palace-Burnley,Burnley,73’,2:3,Jacob Bruun Larsen,Marcus Edwards,substitute_in
ENG-Premier League,2526,2026-02-11 Crystal Palace-Burnley,Burnley,73’,2:3,Lyle Foster,Zian Flemming,substitute_in
ENG-Premier League,2526,2026-02-11 Crystal Palace-Burnley,Burnley,74’,2:3,Hannibal Mejbri,,yellow_card
ENG-Premier League,2526,2026-02-11 Crystal Palace-Burnley,Crystal Palace,83’,2:3,Christantus Uche,Adam Wharton,substitute_in
ENG-Premier League,2526,2026-02-11 Crystal Palace-Burnley,Burnley,83’,2:3,James Ward-Prowse,Hannibal Mejbri,substitute_in
ENG-Premier League,2526,2026-02-11 Crystal Palace-Burnley,Burnley,87’,2:3,Florentino Luís,Lesley Ugochukwu,substitute_in
ENG-Premier League,2526,2026-02-11 Manchester City-Fulham,Manchester City,24’,1:0,Antoine Semenyo,,goal
ENG-Premier League,2526,2026-02-11 Manchester City-Fulham,Manchester City,30’,2:0,Nico O'Reilly,Antoine Semenyo,goal
ENG-Premier League,2526,2026-02-11 Manchester City-Fulham,Fulham,30’,2:0,Joachim Andersen,,yellow_card
ENG-Premier League,2526,2026-02-11 Manchester City-Fulham,Manchester City,39’,3:0,Erling Haaland,Phil Foden,goal
ENG-Premier League,2526,2026-02-11 Manchester City-Fulham,Manchester City,41’,3:0,Bernardo Silva,,yellow_card
ENG-Premier League,2526,2026-02-11 Manchester City-Fulham,Manchester City,46’,3:0,Omar Marmoush,Erling Haaland,substitute_in
ENG-Premier League,2526,2026-02-11 Manchester City-Fulham,Manchester City,60’,3:0,Abdukodir Khusanov,Matheus Nunes,substitute_in
ENG-Premier League,2526,2026-02-11 Manchester City-Fulham,Manchester City,60’,3:0,Tijjani Reijnders,Bernardo Silva,substitute_in
ENG-Premier League,2526,2026-02-11 Manchester City-Fulham,Fulham,60’,3:0,Kevin,Samuel Chukwueze,substitute_in
ENG-Premier League,2526,2026-02-11 Manchester City-Fulham,Fulham,60’,3:0,Joshua King,Emile Smith Rowe,substitute_in
ENG-Premier League,2526,2026-02-11 Manchester City-Fulham,Fulham,60’,3:0,Rodrigo Muniz,Raúl Jiménez,substitute_in
ENG-Premier League,2526,2026-02-11 Manchester City-Fulham,Manchester City,66’,3:0,Phil Foden,,yellow_card
ENG-Premier League,2526,2026-02-11 Manchester City-Fulham,Manchester City,71’,3:0,Nicolás González,Rodri,substitute_in
ENG-Premier League,2526,2026-02-11 Manchester City-Fulham,Manchester City,71’,3:0,Rayan Cherki,Phil Foden,substitute_in
ENG-Premier League,2526,2026-02-11 Manchester City-Fulham,Fulham,71’,3:0,Oscar Bobb,Harry Wilson,substitute_in
ENG-Premier League,2526,2026-02-11 Manchester City-Fulham,Fulham,81’,3:0,Harrison Reed,Sander Berge,substitute_in
ENG-Premier League,2526,2026-02-11 Manchester City-Fulham,Manchester City,83’,3:0,Nicolás González,,yellow_card
ENG-Premier League,2526,2026-02-11 Nottingham-Wolves,Wolverhampton Wanderers,60’,0:0,Jackson Tchatchoua,Rodrigo Gomes,substitute_in
ENG-Premier League,2526,2026-02-11 Nottingham-Wolves,Wolverhampton Wanderers,60’,0:0,David Møller Wolfe,Hugo Bueno,substitute_in
ENG-Premier League,2526,2026-02-11 Nottingham-Wolves,Nottingham Forest,65’,0:0,Dan Ndoye,Callum Hudson-Odoi,substitute_in
ENG-Premier League,2526,2026-02-11 Nottingham-Wolves,Nottingham Forest,71’,0:0,Igor Jesus,Lorenzo Lucca,substitute_in
ENG-Premier League,2526,2026-02-11 Nottingham-Wolves,Wolverhampton Wanderers,75’,0:0,Jackson Tchatchoua,,yellow_card
ENG-Premier League,2526,2026-02-11 Nottingham-Wolves,Wolverhampton Wanderers,78’,0:0,Jean-Ricner Bellegarde,Angel Gomes,substitute_in
ENG-Premier League,2526,2026-02-11 Nottingham-Wolves,Wolverhampton Wanderers,86’,0:0,Jean-Ricner Bellegarde,,yellow_card
ENG-Premier League,2526,2026-02-11 Sunderland-Liverpool,Sunderland,24’,0:0,Reinildo Mandava,,yellow_card
ENG-Premier League,2526,2026-02-11 Sunderland-Liverpool,Liverpool,61’,0:1,Virgil van Dijk,Mohamed Salah,goal
ENG-Premier League,2526,2026-02-11 Sunderland-Liverpool,Liverpool,69’,0:1,Joe Gomez,Wataru Endo,substitute_in
ENG-Premier League,2526,2026-02-11 Sunderland-Liverpool,Liverpool,75’,0:1,Curtis Jones,Cody Gakpo,substitute_in
ENG-Premier League,2526,2026-02-11 Sunderland-Liverpool,Sunderland,80’,0:1,Chemsdine Talbi,Trai Hume,substitute_in
ENG-Premier League,2526,2026-02-11 Sunderland-Liverpool,Sunderland,80’,0:1,Romaine Mundle,Nilson Angulo,substitute_in
ENG-Premier League,2526,2026-02-11 Sunderland-Liverpool,Sunderland,80’,0:1,Lutsharel Geertruida,Omar Alderete,substitute_in
ENG-Premier League,2526,2026-02-11 Sunderland-Liverpool,Liverpool,88’,0:1,Federico Chiesa,Hugo Ekitike,substitute_in
ENG-Premier League,2526,2026-02-11 Sunderland-Liverpool,Sunderland,90+2’,0:1,Wilson Isidor,Habib Diarra,substitute_in
ENG-Premier League,2526,2026-02-12 Brentford-Arsenal,Arsenal,20’,0:0,Gabriel Magalhães,,yellow_card
ENG-Premier League,2526,2026-02-12 Brentford-Arsenal,Arsenal,30’,0:0,Viktor Gyökeres,,yellow_card
ENG-Premier League,2526,2026-02-12 Brentford-Arsenal,Arsenal,46’,0:0,Martin Ødegaard,Eberechi Eze,substitute_in
ENG-Premier League,2526,2026-02-12 Brentford-Arsenal,Brentford,4’,0:0,Vitaly Janelt,,yellow_card
ENG-Premier League,2526,2026-02-12 Brentford-Arsenal,Brentford,53’,0:0,Mathias Jensen,,yellow_card
ENG-Premier League,2526,2026-02-12 Brentford-Arsenal,Arsenal,61’,0:1,Noni Madueke,Piero Hincapié,goal
ENG-Premier League,2526,2026-02-12 Brentford-Arsenal,Arsenal,70’,0:1,Bukayo Saka,Noni Madueke,substitute_in
ENG-Premier League,2526,2026-02-12 Brentford-Arsenal,Brentford,71’,1:1,Keane Lewis-Potter,Sepp van den Berg,goal
ENG-Premier League,2526,2026-02-12 Brentford-Arsenal,Brentford,73’,1:1,Mikkel Damsgaard,Keane Lewis-Potter,substitute_in
ENG-Premier League,2526,2026-02-12 Brentford-Arsenal,Brentford,73’,1:1,Jordan Henderson,Yehor Yarmoliuk,substitute_in
ENG-Premier League,2526,2026-02-12 Brentford-Arsenal,Arsenal,81’,1:1,Gabriel Martinelli,Leandro Trossard,substitute_in
ENG-Premier League,2526,2026-02-12 Brentford-Arsenal,Arsenal,81’,1:1,Riccardo Calafiori,Piero Hincapié,substitute_in
ENG-Premier League,2526,2026-02-12 Brentford-Arsenal,Brentford,86’,1:1,Dango Ouattara,,yellow_card
ENG-Premier League,2526,2026-02-12 Brentford-Arsenal,Brentford,90+5’,1:1,Aaron Hickey,Rico Henry,substitute_in
ENG-Premier League,2526,2026-02-18 Wolves-Arsenal,Wolverhampton Wanderers,22’,0:1,Tolu Arokodare,Angel Gomes,substitute_in
ENG-Premier League,2526,2026-02-18 Wolves-Arsenal,Wolverhampton Wanderers,45+4’,0:1,Santiago Bueno,,yellow_card
ENG-Premier League,2526,2026-02-18 Wolves-Arsenal,Arsenal,56’,0:2,Piero Hincapié,Gabriel Magalhães,goal
ENG-Premier League,2526,2026-02-18 Wolves-Arsenal,Arsenal,5’,0:1,Bukayo Saka,Declan Rice,goal
ENG-Premier League,2526,2026-02-18 Wolves-Arsenal,Wolverhampton Wanderers,61’,1:2,Hugo Bueno,Santiago Bueno,goal
ENG-Premier League,2526,2026-02-18 Wolves-Arsenal,Arsenal,65’,1:2,Eberechi Eze,Noni Madueke,substitute_in
ENG-Premier League,2526,2026-02-18 Wolves-Arsenal,Arsenal,65’,1:2,Gabriel Jesus,Viktor Gyökeres,substitute_in
ENG-Premier League,2526,2026-02-18 Wolves-Arsenal,Wolverhampton Wanderers,70’,1:2,Rodrigo Gomes,Jackson Tchatchoua,substitute_in
ENG-Premier League,2526,2026-02-18 Wolves-Arsenal,Wolverhampton Wanderers,71’,1:2,Jean-Ricner Bellegarde,,yellow_card
ENG-Premier League,2526,2026-02-18 Wolves-Arsenal,Arsenal,73’,1:2,Leandro Trossard,Bukayo Saka,substitute_in
ENG-Premier League,2526,2026-02-18 Wolves-Arsenal,Wolverhampton Wanderers,84’,1:2,Tom Edozie,Jean-Ricner Bellegarde,substitute_in
ENG-Premier League,2526,2026-02-18 Wolves-Arsenal,Arsenal,90+3’,1:2,Riccardo Calafiori,Leandro Trossard,substitute_in
ENG-Premier League,2526,2026-02-18 Wolves-Arsenal,Wolverhampton Wanderers,90+4’,2:2,Tom Edozie,,goal
ENG-Premier League,2526,2026-02-18 Wolves-Arsenal,Arsenal,90+9’,2:2,Gabriel Jesus,,yellow_card
ENG-Premier League,2526,2026-02-21 Aston Villa-Leeds United,Leeds United,31’,0:1,Anton Stach,,goal
ENG-Premier League,2526,2026-02-21 Aston Villa-Leeds United,Leeds United,46’,0:1,Jaka Bijol,Gabriel Gudmundsson,substitute_in
ENG-Premier League,2526,2026-02-21 Aston Villa-Leeds United,Aston Villa,61’,0:1,Jadon Sancho,Leon Bailey,substitute_in
ENG-Premier League,2526,2026-02-21 Aston Villa-Leeds United,Aston Villa,61’,0:1,Ross Barkley,Amadou Onana,substitute_in
ENG-Premier League,2526,2026-02-21 Aston Villa-Leeds United,Leeds United,62’,0:1,Jaka Bijol,,yellow_card
ENG-Premier League,2526,2026-02-21 Aston Villa-Leeds United,Leeds United,69’,0:1,Karl Darlow,,yellow_card
ENG-Premier League,2526,2026-02-21 Aston Villa-Leeds United,Aston Villa,73’,0:1,Emi Buendía,,yellow_card
ENG-Premier League,2526,2026-02-21 Aston Villa-Leeds United,Leeds United,73’,0:1,Lukas Nmecha,Brenden Aaronson,substitute_in
ENG-Premier League,2526,2026-02-21 Aston Villa-Leeds United,Aston Villa,75’,0:1,Tammy Abraham,Emi Buendía,substitute_in
ENG-Premier League,2526,2026-02-21 Aston Villa-Leeds United,Leeds United,79’,0:1,Jayden Bogle,,yellow_card
ENG-Premier League,2526,2026-02-21 Aston Villa-Leeds United,Leeds United,83’,0:1,Sean Longstaff,Anton Stach,substitute_in
ENG-Premier League,2526,2026-02-21 Aston Villa-Leeds United,Aston Villa,87’,0:1,Lamare Bogarde,Douglas Luiz,substitute_in
ENG-Premier League,2526,2026-02-21 Aston Villa-Leeds United,Aston Villa,87’,0:1,Andrés García,Matty Cash,substitute_in
ENG-Premier League,2526,2026-02-21 Aston Villa-Leeds United,Aston Villa,88’,1:1,Tammy Abraham,,goal
ENG-Premier League,2526,2026-02-21 Aston Villa-Leeds United,Leeds United,90+2’,1:1,Ilia Gruev,,yellow_card
ENG-Premier League,2526,2026-02-21 Brentford-Brighton,Brighton & Hove Albion,12’,0:0,Mats Wieffer,,yellow_card
ENG-Premier League,2526,2026-02-21 Brentford-Brighton,Brighton & Hove Albion,30’,0:1,Diego Gómez,,goal
ENG-Premier League,2526,2026-02-21 Brentford-Brighton,Brighton & Hove Albion,45+1’,0:2,Danny Welbeck,,goal
ENG-Premier League,2526,2026-02-21 Brentford-Brighton,Brentford,45’,0:1,Nathan Collins,Aaron Hickey,substitute_in
ENG-Premier League,2526,2026-02-21 Brentford-Brighton,Brentford,46’,0:2,Yehor Yarmoliuk,Vitaly Janelt,substitute_in
ENG-Premier League,2526,2026-02-21 Brentford-Brighton,Brentford,46’,0:2,Kevin Schade,Keane Lewis-Potter,substitute_in
ENG-Premier League,2526,2026-02-21 Brentford-Brighton,Brighton & Hove Albion,54’,0:2,Ferdi Kadioglu,,yellow_card
ENG-Premier League,2526,2026-02-21 Brentford-Brighton,Brighton & Hove Albion,65’,0:2,Joël Veltman,Mats Wieffer,substitute_in
ENG-Premier League,2526,2026-02-21 Brentford-Brighton,Brentford,67’,0:2,Mikkel Damsgaard,Jordan Henderson,substitute_in
ENG-Premier League,2526,2026-02-21 Brentford-Brighton,Brighton & Hove Albion,76’,0:2,Maxim De Cuyper,Diego Gómez,substitute_in
ENG-Premier League,2526,2026-02-21 Brentford-Brighton,Brentford,81’,0:2,Romelle Donovan,Kristoffer Ajer,substitute_in
ENG-Premier League,2526,2026-02-21 Brentford-Brighton,Brentford,90+2’,0:2,Yehor Yarmoliuk,,yellow_card
ENG-Premier League,2526,2026-02-21 Brentford-Brighton,Brighton & Hove Albion,90’,0:2,Carlos Baleba,James Milner,substitute_in
ENG-Premier League,2526,2026-02-21 Chelsea-Burnley,Burnley,30’,1:0,Hannibal Mejbri,,yellow_card
ENG-Premier League,2526,2026-02-21 Chelsea-Burnley,Chelsea,34’,1:0,Wesley Fofana,,yellow_card
ENG-Premier League,2526,2026-02-21 Chelsea-Burnley,Burnley,46’,1:0,Lucas,Kyle Walker,substitute_in
ENG-Premier League,2526,2026-02-21 Chelsea-Burnley,Chelsea,4’,1:0,João Pedro,Pedro Neto,goal
ENG-Premier League,2526,2026-02-21 Chelsea-Burnley,Burnley,57’,1:0,James Ward-Prowse,Lesley Ugochukwu,substitute_in
ENG-Premier League,2526,2026-02-21 Chelsea-Burnley,Chelsea,72’,1:0,Wesley Fofana,,yellow_red_card
ENG-Premier League,2526,2026-02-21 Chelsea-Burnley,Chelsea,75’,1:0,Tosin Adarabioyo,Cole Palmer,substitute_in
ENG-Premier League,2526,2026-02-21 Chelsea-Burnley,Burnley,78’,1:0,Jacob Bruun Larsen,Josh Laurent,substitute_in
ENG-Premier League,2526,2026-02-21 Chelsea-Burnley,Chelsea,80’,1:0,Liam Delap,João Pedro,substitute_in
ENG-Premier League,2526,2026-02-21 Chelsea-Burnley,Chelsea,80’,1:0,Jorrel Hato,Malo Gusto,substitute_in
ENG-Premier League,2526,2026-02-21 Chelsea-Burnley,Burnley,84’,1:0,Loum Tchaouna,Bashir Humphreys,substitute_in
ENG-Premier League,2526,2026-02-21 Chelsea-Burnley,Burnley,84’,1:0,Ashley Barnes,Jaidon Anthony,substitute_in
ENG-Premier League,2526,2026-02-21 Chelsea-Burnley,Chelsea,88’,1:0,Mamadou Sarr,Pedro Neto,substitute_in
ENG-Premier League,2526,2026-02-21 Chelsea-Burnley,Chelsea,88’,1:0,Joshua Acheampong,Reece James,substitute_in
ENG-Premier League,2526,2026-02-21 Chelsea-Burnley,Burnley,90+3’,1:1,Zian Flemming,James Ward-Prowse,goal
ENG-Premier League,2526,2026-02-21 Chelsea-Burnley,Burnley,90+3’,1:1,Josh Laurent,,yellow_card
ENG-Premier League,2526,2026-02-21 Chelsea-Burnley,Chelsea,90+4’,1:1,Jorrel Hato,,yellow_card
ENG-Premier League,2526,2026-02-21 Chelsea-Burnley,Chelsea,90’,1:0,Robert Sánchez,,yellow_card
ENG-Premier League,2526,2026-02-21 Manchester City-Newcastle,Manchester City,14’,1:0,Nico O'Reilly,Omar Marmoush,goal
ENG-Premier League,2526,2026-02-21 Manchester City-Newcastle,Newcastle United,22’,1:1,Lewis Hall,Jacob Ramsey,goal
ENG-Premier League,2526,2026-02-21 Manchester City-Newcastle,Manchester City,27’,2:1,Nico O'Reilly,Erling Haaland,goal
ENG-Premier League,2526,2026-02-21 Manchester City-Newcastle,Manchester City,41’,2:1,Rúben Dias,,yellow_card
ENG-Premier League,2526,2026-02-21 Manchester City-Newcastle,Manchester City,46’,2:1,Abdukodir Khusanov,Rúben Dias,substitute_in
ENG-Premier League,2526,2026-02-21 Manchester City-Newcastle,Newcastle United,48’,2:1,Joe Willock,,yellow_card
ENG-Premier League,2526,2026-02-21 Manchester City-Newcastle,Manchester City,50’,2:1,Bernardo Silva,,yellow_card
ENG-Premier League,2526,2026-02-21 Manchester City-Newcastle,Manchester City,58’,2:1,Rayan Cherki,Omar Marmoush,substitute_in
ENG-Premier League,2526,2026-02-21 Manchester City-Newcastle,Newcastle United,60’,2:1,Joelinton,Nick Woltemade,substitute_in
ENG-Premier League,2526,2026-02-21 Manchester City-Newcastle,Newcastle United,60’,2:1,Harvey Barnes,Joe Willock,substitute_in
ENG-Premier League,2526,2026-02-21 Manchester City-Newcastle,Newcastle United,62’,2:1,Harvey Barnes,,yellow_card
ENG-Premier League,2526,2026-02-21 Manchester City-Newcastle,Newcastle United,65’,2:1,Kieran Trippier,,yellow_card
ENG-Premier League,2526,2026-02-21 Manchester City-Newcastle,Newcastle United,78’,2:1,Jacob Murphy,Anthony Elanga,substitute_in
ENG-Premier League,2526,2026-02-21 Manchester City-Newcastle,Newcastle United,78’,2:1,William Osula,Anthony Gordon,substitute_in
ENG-Premier League,2526,2026-02-21 Manchester City-Newcastle,Manchester City,87’,2:1,Phil Foden,Antoine Semenyo,substitute_in
ENG-Premier League,2526,2026-02-21 Manchester City-Newcastle,Newcastle United,89’,2:1,Joelinton,,yellow_card
ENG-Premier League,2526,2026-02-21 Manchester City-Newcastle,Newcastle United,9’,0:0,Dan Burn,,yellow_card
ENG-Premier League,2526,2026-02-21 West Ham-Bournemouth,West Ham United,33’,0:0,Tomáš Souček,,yellow_card
ENG-Premier League,2526,2026-02-21 West Ham-Bournemouth,Bournemouth,44’,0:0,Marcos Senesi,,yellow_card
ENG-Premier League,2526,2026-02-21 West Ham-Bournemouth,Bournemouth,66’,0:0,David Brooks,Amine Adli,substitute_in
ENG-Premier League,2526,2026-02-21 West Ham-Bournemouth,Bournemouth,66’,0:0,Ryan Christie,Tyler Adams,substitute_in
ENG-Premier League,2526,2026-02-21 West Ham-Bournemouth,West Ham United,72’,0:0,Callum Wilson,Tomáš Souček,substitute_in
ENG-Premier League,2526,2026-02-21 West Ham-Bournemouth,Bournemouth,80’,0:0,Marcus Tavernier,Evanilson,substitute_in
ENG-Premier League,2526,2026-02-21 West Ham-Bournemouth,West Ham United,84’,0:0,Mohamadou Kanté,Soungoutou Magassa,substitute_in
ENG-Premier League,2526,2026-02-21 West Ham-Bournemouth,Bournemouth,89’,0:0,Enes Ünal,Eli Junior Kroupi,substitute_in
ENG-Premier League,2526,2026-02-21 West Ham-Bournemouth,Bournemouth,89’,0:0,Adam Smith,Álex Jiménez,substitute_in
ENG-Premier League,2526,2026-02-22 Crystal Palace-Wolves,Crystal Palace,15’,0:0,Will Hughes,,yellow_card
ENG-Premier League,2526,2026-02-22 Crystal Palace-Wolves,Crystal Palace,31’,0:0,Jaydee Canvot,,yellow_card
ENG-Premier League,2526,2026-02-22 Crystal Palace-Wolves,Crystal Palace,41’,0:0,Adam Wharton,,yellow_card
ENG-Premier League,2526,2026-02-22 Crystal Palace-Wolves,Wolverhampton Wanderers,43’,0:0,Tolu Arokodare,Dean Henderson,penalty_miss
ENG-Premier League,2526,2026-02-22 Crystal Palace-Wolves,Crystal Palace,46’,0:0,Daichi Kamada,Will Hughes,substitute_in
ENG-Premier League,2526,2026-02-22 Crystal Palace-Wolves,Wolverhampton Wanderers,58’,0:0,Ladislav Krejčí,,yellow_card
ENG-Premier League,2526,2026-02-22 Crystal Palace-Wolves,Wolverhampton Wanderers,61’,0:0,Ladislav Krejčí,,yellow_red_card
ENG-Premier League,2526,2026-02-22 Crystal Palace-Wolves,Wolverhampton Wanderers,63’,0:0,David Møller Wolfe,Adam Armstrong,substitute_in
ENG-Premier League,2526,2026-02-22 Crystal Palace-Wolves,Crystal Palace,67’,0:0,Chadi Riad,,yellow_card
ENG-Premier League,2526,2026-02-22 Crystal Palace-Wolves,Crystal Palace,72’,0:0,Evann Guessand,Chadi Riad,substitute_in
ENG-Premier League,2526,2026-02-22 Crystal Palace-Wolves,Crystal Palace,77’,0:0,Brennan Johnson,Yéremy Pino,substitute_in
ENG-Premier League,2526,2026-02-22 Crystal Palace-Wolves,Wolverhampton Wanderers,87’,0:0,João Gomes,Jean-Ricner Bellegarde,substitute_in
ENG-Premier League,2526,2026-02-22 Crystal Palace-Wolves,Wolverhampton Wanderers,90+2’,1:0,Angel Gomes,Yerson Mosquera,substitute_in
ENG-Premier League,2526,2026-02-22 Crystal Palace-Wolves,Wolverhampton Wanderers,90+3’,1:0,André,,yellow_card
ENG-Premier League,2526,2026-02-22 Crystal Palace-Wolves,Crystal Palace,90+6’,1:0,Ismaila Sarr,,yellow_card
ENG-Premier League,2526,2026-02-22 Crystal Palace-Wolves,Crystal Palace,90’,1:0,Evann Guessand,Tyrick Mitchell,goal
ENG-Premier League,2526,2026-02-22 Nottingham-Liverpool,Nottingham Forest,20’,0:0,Morgan Gibbs-White,,yellow_card
ENG-Premier League,2526,2026-02-22 Nottingham-Liverpool,Nottingham Forest,61’,0:0,Ola Aina,,yellow_card
ENG-Premier League,2526,2026-02-22 Nottingham-Liverpool,Nottingham Forest,66’,0:0,Dan Ndoye,Callum Hudson-Odoi,substitute_in
ENG-Premier League,2526,2026-02-22 Nottingham-Liverpool,Nottingham Forest,66’,0:0,Dilane Bakwa,Omari Hutchinson,substitute_in
ENG-Premier League,2526,2026-02-22 Nottingham-Liverpool,Nottingham Forest,77’,0:0,Nicolás Domínguez,Elliot Anderson,substitute_in
ENG-Premier League,2526,2026-02-22 Nottingham-Liverpool,Nottingham Forest,77’,0:0,Lorenzo Lucca,Igor Jesus,substitute_in
ENG-Premier League,2526,2026-02-22 Nottingham-Liverpool,Liverpool,77’,0:0,Rio Ngumoha,Mohamed Salah,substitute_in
ENG-Premier League,2526,2026-02-22 Nottingham-Liverpool,Liverpool,77’,0:0,Federico Chiesa,Cody Gakpo,substitute_in
ENG-Premier League,2526,2026-02-22 Nottingham-Liverpool,Liverpool,83’,0:0,Joe Gomez,Curtis Jones,substitute_in
ENG-Premier League,2526,2026-02-22 Nottingham-Liverpool,Liverpool,83’,0:0,Andy Robertson,Milos Kerkez,substitute_in
ENG-Premier League,2526,2026-02-22 Nottingham-Liverpool,Nottingham Forest,90+3’,0:0,James Mcatee,Morgan Gibbs-White,substitute_in
ENG-Premier League,2526,2026-02-22 Nottingham-Liverpool,Liverpool,90+7’,0:1,Alexis Mac Allister,,goal
ENG-Premier League,2526,2026-02-22 Sunderland-Fulham,Sunderland,12’,0:0,Lutsharel Geertruida,Nordi Mukiele,substitute_in
ENG-Premier League,2526,2026-02-22 Sunderland-Fulham,Sunderland,39’,0:0,Romaine Mundle,Jocelin Ta Bi,substitute_in
ENG-Premier League,2526,2026-02-22 Sunderland-Fulham,Fulham,41’,0:0,Raúl Jiménez,,yellow_card
ENG-Premier League,2526,2026-02-22 Sunderland-Fulham,Fulham,45+1’,0:0,Oscar Bobb,Kevin,substitute_in
ENG-Premier League,2526,2026-02-22 Sunderland-Fulham,Fulham,54’,0:1,Raúl Jiménez,Alex Iwobi,goal
ENG-Premier League,2526,2026-02-22 Sunderland-Fulham,Sunderland,60’,0:1,Brian Brobbey,,yellow_card
ENG-Premier League,2526,2026-02-22 Sunderland-Fulham,Fulham,61’,0:2,Raúl Jiménez,,penalty_goal
ENG-Premier League,2526,2026-02-22 Sunderland-Fulham,Fulham,65’,0:2,Rodrigo Muniz,Raúl Jiménez,substitute_in
ENG-Premier League,2526,2026-02-22 Sunderland-Fulham,Sunderland,70’,0:2,Granit Xhaka,Habib Diarra,substitute_in
ENG-Premier League,2526,2026-02-22 Sunderland-Fulham,Sunderland,70’,0:2,Eliezer Mayenda,Nilson Angulo,substitute_in
ENG-Premier League,2526,2026-02-22 Sunderland-Fulham,Sunderland,70’,0:2,Wilson Isidor,Brian Brobbey,substitute_in
ENG-Premier League,2526,2026-02-22 Sunderland-Fulham,Sunderland,76’,1:2,Enzo Le Fée,,penalty_goal
ENG-Premier League,2526,2026-02-22 Sunderland-Fulham,Fulham,85’,1:3,Alex Iwobi,Harry Wilson,goal
ENG-Premier League,2526,2026-02-22 Sunderland-Fulham,Fulham,88’,1:3,Jorge Cuenca,Alex Iwobi,substitute_in
ENG-Premier League,2526,2026-02-22 Sunderland-Fulham,Fulham,88’,1:3,Tom Cairney,Emile Smith Rowe,substitute_in
ENG-Premier League,2526,2026-02-22 Sunderland-Fulham,Fulham,88’,1:3,Timothy Castagne,Kenny Tete,substitute_in
ENG-Premier League,2526,2026-02-22 Tottenham-Arsenal,Arsenal,27’,0:0,Jurriën Timber,,yellow_card
ENG-Premier League,2526,2026-02-22 Tottenham-Arsenal,Arsenal,32’,0:1,Eberechi Eze,,goal
ENG-Premier League,2526,2026-02-22 Tottenham-Arsenal,Tottenham Hotspur,34’,1:1,Randal Kolo Muani,,goal
ENG-Premier League,2526,2026-02-22 Tottenham-Arsenal,Tottenham Hotspur,35’,1:1,Archie Gray,,yellow_card
ENG-Premier League,2526,2026-02-22 Tottenham-Arsenal,Arsenal,47’,1:2,Viktor Gyökeres,Jurriën Timber,goal
ENG-Premier League,2526,2026-02-22 Tottenham-Arsenal,Arsenal,57’,1:2,Cristhian Mosquera,Jurriën Timber,substitute_in
ENG-Premier League,2526,2026-02-22 Tottenham-Arsenal,Arsenal,61’,1:3,Eberechi Eze,,goal
ENG-Premier League,2526,2026-02-22 Tottenham-Arsenal,Tottenham Hotspur,62’,1:3,Dominic Solanke,Conor Gallagher,substitute_in
ENG-Premier League,2526,2026-02-22 Tottenham-Arsenal,Tottenham Hotspur,68’,1:3,Richarlison,Randal Kolo Muani,substitute_in
ENG-Premier League,2526,2026-02-22 Tottenham-Arsenal,Arsenal,77’,1:3,Gabriel Martinelli,Leandro Trossard,substitute_in
ENG-Premier League,2526,2026-02-22 Tottenham-Arsenal,Arsenal,77’,1:3,Martin Ødegaard,Eberechi Eze,substitute_in
ENG-Premier League,2526,2026-02-22 Tottenham-Arsenal,Tottenham Hotspur,82’,1:3,Mathys Tel,João Palhinha,substitute_in
ENG-Premier League,2526,2026-02-22 Tottenham-Arsenal,Tottenham Hotspur,86’,1:3,Yves Bissouma,,yellow_card
ENG-Premier League,2526,2026-02-22 Tottenham-Arsenal,Arsenal,90+1’,1:3,Noni Madueke,Bukayo Saka,substitute_in
ENG-Premier League,2526,2026-02-22 Tottenham-Arsenal,Arsenal,90+4’,1:4,Viktor Gyökeres,Martin Ødegaard,goal
ENG-Premier League,2526,2026-02-23 Everton-Manchester Utd,Manchester United,58’,0:0,Benjamin Šeško,Amad Diallo,substitute_in
ENG-Premier League,2526,2026-02-23 Everton-Manchester Utd,Manchester United,71’,0:1,Benjamin Šeško,Bryan Mbeumo,goal
ENG-Premier League,2526,2026-02-23 Everton-Manchester Utd,Everton,73’,0:1,Tyrique George,Harrison Armstrong,substitute_in
ENG-Premier League,2526,2026-02-23 Everton-Manchester Utd,Everton,77’,0:1,Jordan Pickford,,yellow_card
ENG-Premier League,2526,2026-02-23 Everton-Manchester Utd,Manchester United,78’,0:1,Noussair Mazraoui,Bryan Mbeumo,substitute_in
ENG-Premier League,2526,2026-02-23 Everton-Manchester Utd,Everton,79’,0:1,Beto,Tim Iroegbunam,substitute_in
ENG-Premier League,2526,2026-02-23 Everton-Manchester Utd,Everton,83’,0:1,James Tarkowski,,yellow_card
ENG-Premier League,2526,2026-02-23 Everton-Manchester Utd,Manchester United,84’,0:1,Harry Maguire,,yellow_card
ENG-Premier League,2526,2026-02-23 Everton-Manchester Utd,Manchester United,90+2’,0:1,Noussair Mazraoui,,yellow_card
ENG-Premier League,2526,2026-02-23 Everton-Manchester Utd,Manchester United,90+5’,0:1,Bruno Fernandes,,yellow_card
ENG-Premier League,2526,2026-02-23 Everton-Manchester Utd,Manchester United,90+5’,0:1,Ayden Heaven,Matheus Cunha,substitute_in
ENG-Premier League,2526,2026-02-27 Wolves-Aston Villa,Wolverhampton Wanderers,45+1’,0:0,Yerson Mosquera,,yellow_card
ENG-Premier League,2526,2026-02-27 Wolves-Aston Villa,Wolverhampton Wanderers,51’,0:0,Adam Armstrong,,yellow_card
ENG-Premier League,2526,2026-02-27 Wolves-Aston Villa,Aston Villa,54’,0:0,Emi Buendía,,yellow_card
ENG-Premier League,2526,2026-02-27 Wolves-Aston Villa,Wolverhampton Wanderers,58’,0:0,Jean-Ricner Bellegarde,,yellow_card
ENG-Premier League,2526,2026-02-27 Wolves-Aston Villa,Aston Villa,60’,0:0,Leon Bailey,Jadon Sancho,substitute_in
ENG-Premier League,2526,2026-02-27 Wolves-Aston Villa,Aston Villa,60’,0:0,Ross Barkley,Douglas Luiz,substitute_in
ENG-Premier League,2526,2026-02-27 Wolves-Aston Villa,Wolverhampton Wanderers,61’,1:0,João Gomes,Adam Armstrong,goal
ENG-Premier League,2526,2026-02-27 Wolves-Aston Villa,Aston Villa,70’,1:0,Ian Maatsen,Lucas Digne,substitute_in
ENG-Premier League,2526,2026-02-27 Wolves-Aston Villa,Aston Villa,70’,1:0,Tammy Abraham,Emi Buendía,substitute_in
ENG-Premier League,2526,2026-02-27 Wolves-Aston Villa,Aston Villa,75’,1:0,Leon Bailey,,yellow_card
ENG-Premier League,2526,2026-02-27 Wolves-Aston Villa,Wolverhampton Wanderers,81’,1:0,Tolu Arokodare,Jean-Ricner Bellegarde,substitute_in
ENG-Premier League,2526,2026-02-27 Wolves-Aston Villa,Aston Villa,86’,1:0,Alysson,Ollie Watkins,substitute_in
ENG-Premier League,2526,2026-02-27 Wolves-Aston Villa,Wolverhampton Wanderers,89’,1:0,Angel Gomes,André,substitute_in
ENG-Premier League,2526,2026-02-27 Wolves-Aston Villa,Aston Villa,90+2’,1:0,Matty Cash,,yellow_card
ENG-Premier League,2526,2026-02-27 Wolves-Aston Villa,Wolverhampton Wanderers,90+3’,1:0,Rodrigo Gomes,Adam Armstrong,substitute_in
ENG-Premier League,2526,2026-02-27 Wolves-Aston Villa,Wolverhampton Wanderers,90+8’,2:0,Rodrigo Gomes,,goal
ENG-Premier League,2526,2026-02-28 Bournemouth-Sunderland,Sunderland,18’,0:1,Eliezer Mayenda,,goal
ENG-Premier League,2526,2026-02-28 Bournemouth-Sunderland,Sunderland,33’,0:1,Noah Sadiki,,yellow_card
ENG-Premier League,2526,2026-02-28 Bournemouth-Sunderland,Bournemouth,46’,0:1,Evanilson,David Brooks,substitute_in
ENG-Premier League,2526,2026-02-28 Bournemouth-Sunderland,Bournemouth,58’,0:1,Tyler Adams,,yellow_card
ENG-Premier League,2526,2026-02-28 Bournemouth-Sunderland,Bournemouth,62’,0:1,Ryan Christie,Tyler Adams,substitute_in
ENG-Premier League,2526,2026-02-28 Bournemouth-Sunderland,Bournemouth,63’,1:1,Evanilson,Marcus Tavernier,goal
ENG-Premier League,2526,2026-02-28 Bournemouth-Sunderland,Sunderland,69’,1:1,Bertrand Traoré,Chemsdine Talbi,substitute_in
ENG-Premier League,2526,2026-02-28 Bournemouth-Sunderland,Sunderland,74’,1:1,Robin Roefs,,yellow_card
ENG-Premier League,2526,2026-02-28 Bournemouth-Sunderland,Sunderland,76’,1:1,Nilson Angulo,Granit Xhaka,substitute_in
ENG-Premier League,2526,2026-02-28 Bournemouth-Sunderland,Bournemouth,81’,1:1,Enes Ünal,Eli Junior Kroupi,substitute_in
ENG-Premier League,2526,2026-02-28 Bournemouth-Sunderland,Bournemouth,81’,1:1,Amine Adli,Marcus Tavernier,substitute_in
ENG-Premier League,2526,2026-02-28 Bournemouth-Sunderland,Bournemouth,85’,1:1,Alex Tóth,Evanilson,substitute_in
ENG-Premier League,2526,2026-02-28 Bournemouth-Sunderland,Bournemouth,86’,1:1,Alex Tóth,,yellow_card
ENG-Premier League,2526,2026-02-28 Bournemouth-Sunderland,Bournemouth,90+5’,1:1,Alex Scott,,yellow_card
ENG-Premier League,2526,2026-02-28 Bournemouth-Sunderland,Sunderland,90+6’,1:1,Wilson Isidor,Eliezer Mayenda,substitute_in
ENG-Premier League,2526,2026-02-28 Bournemouth-Sunderland,Bournemouth,90’,1:1,Ryan Christie,,yellow_card
ENG-Premier League,2526,2026-02-28 Burnley-Brentford,Brentford,25’,0:2,Igor Thiago,Mikkel Damsgaard,goal
ENG-Premier League,2526,2026-02-28 Burnley-Brentford,Brentford,34’,0:3,Kevin Schade,,goal
ENG-Premier League,2526,2026-02-28 Burnley-Brentford,Burnley,45+3’,1:3,Michael Kayode,,own_goal
ENG-Premier League,2526,2026-02-28 Burnley-Brentford,Burnley,46’,1:3,Lyle Foster,Jacob Bruun Larsen,substitute_in
ENG-Premier League,2526,2026-02-28 Burnley-Brentford,Burnley,46’,1:3,Lesley Ugochukwu,Josh Laurent,substitute_in
ENG-Premier League,2526,2026-02-28 Burnley-Brentford,Burnley,47’,2:3,Jaidon Anthony,Hannibal Mejbri,goal
ENG-Premier League,2526,2026-02-28 Burnley-Brentford,Burnley,60’,3:3,Zian Flemming,Hannibal Mejbri,goal
ENG-Premier League,2526,2026-02-28 Burnley-Brentford,Brentford,72’,3:3,Keane Lewis-Potter,Kevin Schade,substitute_in
ENG-Premier League,2526,2026-02-28 Burnley-Brentford,Brentford,72’,3:3,Romelle Donovan,Dango Ouattara,substitute_in
ENG-Premier League,2526,2026-02-28 Burnley-Brentford,Brentford,73’,3:3,Jordan Henderson,Yehor Yarmoliuk,substitute_in
ENG-Premier League,2526,2026-02-28 Burnley-Brentford,Burnley,75’,3:3,Florentino Luís,James Ward-Prowse,substitute_in
ENG-Premier League,2526,2026-02-28 Burnley-Brentford,Brentford,77’,3:3,Igor Thiago,,yellow_card
ENG-Premier League,2526,2026-02-28 Burnley-Brentford,Burnley,84’,3:3,Loum Tchaouna,Hannibal Mejbri,substitute_in
ENG-Premier League,2526,2026-02-28 Burnley-Brentford,Burnley,86’,3:3,Bashir Humphreys,,yellow_card
ENG-Premier League,2526,2026-02-28 Burnley-Brentford,Brentford,90+10’,3:4,Yehor Yarmoliuk,,yellow_card
ENG-Premier League,2526,2026-02-28 Burnley-Brentford,Burnley,90+11’,3:4,Lyle Foster,,yellow_card
ENG-Premier League,2526,2026-02-28 Burnley-Brentford,Burnley,90+1’,3:3,Ashley Barnes,Zian Flemming,substitute_in
ENG-Premier League,2526,2026-02-28 Burnley-Brentford,Brentford,90+3’,3:4,Mikkel Damsgaard,Rico Henry,goal
ENG-Premier League,2526,2026-02-28 Burnley-Brentford,Brentford,9’,0:1,Mikkel Damsgaard,Dango Ouattara,goal
ENG-Premier League,2526,2026-02-28 Leeds United-Manchester City,Manchester City,45+2’,0:1,Antoine Semenyo,Rayan Aït-Nouri,goal
ENG-Premier League,2526,2026-02-28 Leeds United-Manchester City,Leeds United,65’,0:1,Lukas Nmecha,Brenden Aaronson,substitute_in
ENG-Premier League,2526,2026-02-28 Leeds United-Manchester City,Manchester City,68’,0:1,Sávio,Omar Marmoush,substitute_in
ENG-Premier League,2526,2026-02-28 Leeds United-Manchester City,Manchester City,70’,0:1,Tijjani Reijnders,Nico O'Reilly,substitute_in
ENG-Premier League,2526,2026-02-28 Leeds United-Manchester City,Leeds United,76’,0:1,Daniel James,Jayden Bogle,substitute_in
ENG-Premier League,2526,2026-02-28 Leeds United-Manchester City,Leeds United,76’,0:1,Wilfried Gnonto,Ilia Gruev,substitute_in
ENG-Premier League,2526,2026-02-28 Leeds United-Manchester City,Manchester City,85’,0:1,Gianluigi Donnarumma,,yellow_card
ENG-Premier League,2526,2026-02-28 Leeds United-Manchester City,Leeds United,87’,0:1,Joël Piroe,James Justin,substitute_in
ENG-Premier League,2526,2026-02-28 Leeds United-Manchester City,Leeds United,87’,0:1,Jaka Bijol,Joe Rodon,substitute_in
ENG-Premier League,2526,2026-02-28 Leeds United-Manchester City,Manchester City,88’,0:1,Nathan Aké,Rayan Cherki,substitute_in
ENG-Premier League,2526,2026-02-28 Leeds United-Manchester City,Manchester City,90+2’,0:1,Rayan Aït-Nouri,,yellow_card
ENG-Premier League,2526,2026-02-28 Leeds United-Manchester City,Manchester City,90+2’,0:1,Sávio,,yellow_card
ENG-Premier League,2526,2026-02-28 Liverpool-West Ham,Liverpool,24’,2:0,Virgil van Dijk,Dominik Szoboszlai,goal
ENG-Premier League,2526,2026-02-28 Liverpool-West Ham,Liverpool,43’,3:0,Alexis Mac Allister,Hugo Ekitike,goal
ENG-Premier League,2526,2026-02-28 Liverpool-West Ham,West Ham United,45’,3:0,Soungoutou Magassa,,yellow_card
ENG-Premier League,2526,2026-02-28 Liverpool-West Ham,West Ham United,49’,3:1,Tomáš Souček,El Hadji Malick Diouf,goal
ENG-Premier League,2526,2026-02-28 Liverpool-West Ham,Liverpool,55’,3:1,Cody Gakpo,,yellow_card
ENG-Premier League,2526,2026-02-28 Liverpool-West Ham,Liverpool,5’,1:0,Hugo Ekitike,Ryan Gravenberch,goal
ENG-Premier League,2526,2026-02-28 Liverpool-West Ham,Liverpool,70’,4:1,Cody Gakpo,Hugo Ekitike,goal
ENG-Premier League,2526,2026-02-28 Liverpool-West Ham,West Ham United,75’,4:2,Valentín Castellanos,Jarrod Bowen,goal
ENG-Premier League,2526,2026-02-28 Liverpool-West Ham,Liverpool,76’,4:2,Rio Ngumoha,Hugo Ekitike,substitute_in
ENG-Premier League,2526,2026-02-28 Liverpool-West Ham,West Ham United,76’,4:2,Adama Traoré,Soungoutou Magassa,substitute_in
ENG-Premier League,2526,2026-02-28 Liverpool-West Ham,Liverpool,77’,4:2,Jeremie Frimpong,Joe Gomez,substitute_in
ENG-Premier League,2526,2026-02-28 Liverpool-West Ham,West Ham United,79’,4:2,Crysencio Summerville,,yellow_card
ENG-Premier League,2526,2026-02-28 Liverpool-West Ham,Liverpool,82’,5:2,Axel Disasi,,own_goal
ENG-Premier League,2526,2026-02-28 Liverpool-West Ham,Liverpool,85’,5:2,Dominik Szoboszlai,,yellow_card
ENG-Premier League,2526,2026-02-28 Liverpool-West Ham,Liverpool,86’,5:2,Trey Nyoni,Ryan Gravenberch,substitute_in
ENG-Premier League,2526,2026-02-28 Liverpool-West Ham,West Ham United,90’,5:2,Mohamadou Kanté,Tomáš Souček,substitute_in
ENG-Premier League,2526,2026-02-28 Liverpool-West Ham,West Ham United,90’,5:2,Ezra Mayers,El Hadji Malick Diouf,substitute_in
ENG-Premier League,2526,2026-02-28 Newcastle-Everton,Everton,19’,0:1,Jarrad Branthwaite,James Garner,goal
ENG-Premier League,2526,2026-02-28 Newcastle-Everton,Newcastle United,32’,1:1,Jacob Ramsey,Sandro Tonali,goal
ENG-Premier League,2526,2026-02-28 Newcastle-Everton,Everton,34’,1:2,Beto,,goal
ENG-Premier League,2526,2026-02-28 Newcastle-Everton,Newcastle United,46’,1:2,Joe Willock,Jacob Ramsey,substitute_in
ENG-Premier League,2526,2026-02-28 Newcastle-Everton,Everton,53’,1:2,Kiernan Dewsbury-Hall,,yellow_card
ENG-Premier League,2526,2026-02-28 Newcastle-Everton,Newcastle United,56’,1:2,Jacob Murphy,Anthony Elanga,substitute_in
ENG-Premier League,2526,2026-02-28 Newcastle-Everton,Newcastle United,56’,1:2,Harvey Barnes,Nick Woltemade,substitute_in
ENG-Premier League,2526,2026-02-28 Newcastle-Everton,Newcastle United,61’,1:2,Joe Willock,,yellow_card
ENG-Premier League,2526,2026-02-28 Newcastle-Everton,Everton,67’,1:2,James Garner,,yellow_card
ENG-Premier League,2526,2026-02-28 Newcastle-Everton,Everton,74’,1:2,Thierno Barry,Beto,substitute_in
ENG-Premier League,2526,2026-02-28 Newcastle-Everton,Newcastle United,75’,1:2,Yoane Wissa,Kieran Trippier,substitute_in
ENG-Premier League,2526,2026-02-28 Newcastle-Everton,Everton,81’,1:2,Harrison Armstrong,Dwight McNeil,substitute_in
ENG-Premier League,2526,2026-02-28 Newcastle-Everton,Newcastle United,82’,2:2,Jacob Murphy,Joelinton,goal
ENG-Premier League,2526,2026-02-28 Newcastle-Everton,Everton,83’,2:3,Thierno Barry,Kiernan Dewsbury-Hall,goal
ENG-Premier League,2526,2026-02-28 Newcastle-Everton,Newcastle United,86’,2:3,William Osula,Anthony Gordon,substitute_in
ENG-Premier League,2526,2026-02-28 Newcastle-Everton,Newcastle United,88’,2:3,Dan Burn,,yellow_card
ENG-Premier League,2526,2026-02-28 Newcastle-Everton,Everton,89’,2:3,Michael Keane,Kiernan Dewsbury-Hall,substitute_in
ENG-Premier League,2526,2026-02-28 Newcastle-Everton,Everton,90+5’,2:3,Thierno Barry,,yellow_card
ENG-Premier League,2526,2026-03-01 Arsenal-Chelsea,Arsenal,21’,1:0,William Saliba,Gabriel Magalhães,goal
ENG-Premier League,2526,2026-03-01 Arsenal-Chelsea,Chelsea,45+2’,1:1,Piero Hincapié,,own_goal
ENG-Premier League,2526,2026-03-01 Arsenal-Chelsea,Arsenal,56’,1:1,Gabriel Martinelli,Leandro Trossard,substitute_in
ENG-Premier League,2526,2026-03-01 Arsenal-Chelsea,Chelsea,59’,1:1,Cole Palmer,,yellow_card
ENG-Premier League,2526,2026-03-01 Arsenal-Chelsea,Chelsea,65’,1:1,Jorrel Hato,,yellow_card
ENG-Premier League,2526,2026-03-01 Arsenal-Chelsea,Arsenal,66’,2:1,Jurriën Timber,Declan Rice,goal
ENG-Premier League,2526,2026-03-01 Arsenal-Chelsea,Chelsea,67’,2:1,Pedro Neto,,yellow_card
ENG-Premier League,2526,2026-03-01 Arsenal-Chelsea,Chelsea,70’,2:1,Pedro Neto,,yellow_red_card
ENG-Premier League,2526,2026-03-01 Arsenal-Chelsea,Arsenal,75’,2:1,Gabriel Magalhães,,yellow_card
ENG-Premier League,2526,2026-03-01 Arsenal-Chelsea,Chelsea,75’,2:1,Malo Gusto,Jorrel Hato,substitute_in
ENG-Premier League,2526,2026-03-01 Arsenal-Chelsea,Chelsea,75’,2:1,Roméo Lavia,Andrey Santos,substitute_in
ENG-Premier League,2526,2026-03-01 Arsenal-Chelsea,Arsenal,76’,2:1,Kai Havertz,Viktor Gyökeres,substitute_in
ENG-Premier League,2526,2026-03-01 Arsenal-Chelsea,Arsenal,76’,2:1,Christian Nørgaard,Declan Rice,substitute_in
ENG-Premier League,2526,2026-03-01 Arsenal-Chelsea,Chelsea,79’,2:1,Enzo Fernández,,yellow_card
ENG-Premier League,2526,2026-03-01 Arsenal-Chelsea,Chelsea,86’,2:1,Liam Delap,Enzo Fernández,substitute_in
ENG-Premier League,2526,2026-03-01 Arsenal-Chelsea,Chelsea,86’,2:1,Alejandro Garnacho,Cole Palmer,substitute_in
ENG-Premier League,2526,2026-03-01 Arsenal-Chelsea,Chelsea,90’,2:1,Tosin Adarabioyo,Mamadou Sarr,substitute_in
ENG-Premier League,2526,2026-03-01 Brighton-Nottingham,Nottingham Forest,13’,1:1,Morgan Gibbs-White,Igor Jesus,goal
ENG-Premier League,2526,2026-03-01 Brighton-Nottingham,Brighton & Hove Albion,15’,2:1,Danny Welbeck,Jack Hinshelwood,goal
ENG-Premier League,2526,2026-03-01 Brighton-Nottingham,Nottingham Forest,30’,2:1,Elliot Anderson,,yellow_card
ENG-Premier League,2526,2026-03-01 Brighton-Nottingham,Brighton & Hove Albion,55’,2:1,Mats Wieffer,,yellow_card
ENG-Premier League,2526,2026-03-01 Brighton-Nottingham,Nottingham Forest,56’,2:1,Luca Netz,Neco Williams,substitute_in
ENG-Premier League,2526,2026-03-01 Brighton-Nottingham,Nottingham Forest,56’,2:1,Jair Cunha,Omari Hutchinson,substitute_in
ENG-Premier League,2526,2026-03-01 Brighton-Nottingham,Brighton & Hove Albion,6’,1:0,Diego Gómez,Pascal Groß,goal
ENG-Premier League,2526,2026-03-01 Brighton-Nottingham,Brighton & Hove Albion,71’,2:1,Joël Veltman,Mats Wieffer,substitute_in
ENG-Premier League,2526,2026-03-01 Brighton-Nottingham,Nottingham Forest,74’,2:1,Dilane Bakwa,Callum Hudson-Odoi,substitute_in
ENG-Premier League,2526,2026-03-01 Brighton-Nottingham,Nottingham Forest,83’,2:1,Dan Ndoye,Ola Aina,substitute_in
ENG-Premier League,2526,2026-03-01 Brighton-Nottingham,Nottingham Forest,83’,2:1,Taiwo Awoniyi,Igor Jesus,substitute_in
ENG-Premier League,2526,2026-03-01 Brighton-Nottingham,Brighton & Hove Albion,84’,2:1,Kaoru Mitoma,,yellow_card
ENG-Premier League,2526,2026-03-01 Brighton-Nottingham,Brighton & Hove Albion,86’,2:1,Solly March,Diego Gómez,substitute_in
ENG-Premier League,2526,2026-03-01 Brighton-Nottingham,Brighton & Hove Albion,86’,2:1,Carlos Baleba,James Milner,substitute_in
ENG-Premier League,2526,2026-03-01 Brighton-Nottingham,Brighton & Hove Albion,90+1’,2:1,Maxim De Cuyper,Kaoru Mitoma,substitute_in
ENG-Premier League,2526,2026-03-01 Brighton-Nottingham,Brighton & Hove Albion,90+3’,2:1,Lewis Dunk,,yellow_card
ENG-Premier League,2526,2026-03-01 Fulham-Tottenham,Fulham,34’,2:0,Alex Iwobi,Harry Wilson,goal
ENG-Premier League,2526,2026-03-01 Fulham-Tottenham,Tottenham Hotspur,58’,2:0,Pape Matar Sarr,Conor Gallagher,substitute_in
ENG-Premier League,2526,2026-03-01 Fulham-Tottenham,Tottenham Hotspur,58’,2:0,Richarlison,Xavi Simons,substitute_in
ENG-Premier League,2526,2026-03-01 Fulham-Tottenham,Tottenham Hotspur,58’,2:0,Mathys Tel,Randal Kolo Muani,substitute_in
ENG-Premier League,2526,2026-03-01 Fulham-Tottenham,Fulham,61’,2:0,Issa Diop,,yellow_card
ENG-Premier League,2526,2026-03-01 Fulham-Tottenham,Tottenham Hotspur,64’,2:0,Micky van de Ven,,yellow_card
ENG-Premier League,2526,2026-03-01 Fulham-Tottenham,Fulham,66’,2:1,Calvin Bassey,,yellow_card
ENG-Premier League,2526,2026-03-01 Fulham-Tottenham,Tottenham Hotspur,66’,2:1,Richarlison,Archie Gray,goal
ENG-Premier League,2526,2026-03-01 Fulham-Tottenham,Tottenham Hotspur,66’,2:1,Richarlison,,yellow_card
ENG-Premier League,2526,2026-03-01 Fulham-Tottenham,Fulham,72’,2:1,Samuel Chukwueze,Harry Wilson,substitute_in
ENG-Premier League,2526,2026-03-01 Fulham-Tottenham,Fulham,72’,2:1,Joshua King,Oscar Bobb,substitute_in
ENG-Premier League,2526,2026-03-01 Fulham-Tottenham,Fulham,72’,2:1,Rodrigo Muniz,Raúl Jiménez,substitute_in
ENG-Premier League,2526,2026-03-01 Fulham-Tottenham,Fulham,72’,2:1,Tom Cairney,Emile Smith Rowe,substitute_in
ENG-Premier League,2526,2026-03-01 Fulham-Tottenham,Fulham,7’,1:0,Harry Wilson,,goal
ENG-Premier League,2526,2026-03-01 Fulham-Tottenham,Tottenham Hotspur,80’,2:1,Souza,Yves Bissouma,substitute_in
ENG-Premier League,2526,2026-03-01 Fulham-Tottenham,Fulham,90+2’,2:1,Tom Cairney,,yellow_card
ENG-Premier League,2526,2026-03-01 Fulham-Tottenham,Tottenham Hotspur,90+5’,2:1,Pedro Porro,,yellow_card
ENG-Premier League,2526,2026-03-01 Fulham-Tottenham,Fulham,90’,2:1,Jorge Cuenca,Alex Iwobi,substitute_in
ENG-Premier League,2526,2026-03-01 Fulham-Tottenham,Tottenham Hotspur,90’,2:1,Kevin Danso,Radu Drăgușin,substitute_in
ENG-Premier League,2526,2026-03-01 Manchester Utd-Crystal Palace,Manchester United,24’,0:1,Noussair Mazraoui,Luke Shaw,substitute_in
ENG-Premier League,2526,2026-03-01 Manchester Utd-Crystal Palace,Manchester United,36’,0:1,Diogo Dalot,,yellow_card
ENG-Premier League,2526,2026-03-01 Manchester Utd-Crystal Palace,Crystal Palace,49’,0:1,Dean Henderson,,yellow_card
ENG-Premier League,2526,2026-03-01 Manchester Utd-Crystal Palace,Crystal Palace,4’,0:1,Maxence Lacroix,Brennan Johnson,goal
ENG-Premier League,2526,2026-03-01 Manchester Utd-Crystal Palace,Crystal Palace,56’,0:1,Maxence Lacroix,,red_card
ENG-Premier League,2526,2026-03-01 Manchester Utd-Crystal Palace,Manchester United,57’,1:1,Bruno Fernandes,,penalty_goal
ENG-Premier League,2526,2026-03-01 Manchester Utd-Crystal Palace,Crystal Palace,58’,1:1,Evann Guessand,Brennan Johnson,substitute_in
ENG-Premier League,2526,2026-03-01 Manchester Utd-Crystal Palace,Crystal Palace,58’,1:1,Chadi Riad,Jørgen Strand Larsen,substitute_in
ENG-Premier League,2526,2026-03-01 Manchester Utd-Crystal Palace,Manchester United,65’,2:1,Benjamin Šeško,Bruno Fernandes,goal
ENG-Premier League,2526,2026-03-01 Manchester Utd-Crystal Palace,Crystal Palace,68’,2:1,Will Hughes,Adam Wharton,substitute_in
ENG-Premier League,2526,2026-03-01 Manchester Utd-Crystal Palace,Crystal Palace,6’,0:1,Daichi Kamada,,yellow_card
ENG-Premier League,2526,2026-03-01 Manchester Utd-Crystal Palace,Manchester United,75’,2:1,Amad Diallo,Benjamin Šeško,substitute_in
ENG-Premier League,2526,2026-03-01 Manchester Utd-Crystal Palace,Manchester United,85’,2:1,Ayden Heaven,Harry Maguire,substitute_in
ENG-Premier League,2526,2026-03-01 Manchester Utd-Crystal Palace,Manchester United,85’,2:1,Joshua Zirkzee,Bryan Mbeumo,substitute_in
ENG-Premier League,2526,2026-03-01 Manchester Utd-Crystal Palace,Crystal Palace,85’,2:1,Yéremy Pino,Daichi Kamada,substitute_in
ENG-Premier League,2526,2026-03-01 Manchester Utd-Crystal Palace,Manchester United,89’,2:1,Ayden Heaven,,yellow_card
ENG-Premier League,2526,2026-03-03 Bournemouth-Brentford,Brentford,21’,0:0,Kristoffer Ajer,Rico Henry,substitute_in
ENG-Premier League,2526,2026-03-03 Bournemouth-Brentford,Brentford,60’,0:0,Mathias Jensen,,yellow_card
ENG-Premier League,2526,2026-03-03 Bournemouth-Brentford,Brentford,62’,0:0,Yehor Yarmoliuk,Jordan Henderson,substitute_in
ENG-Premier League,2526,2026-03-03 Bournemouth-Brentford,Bournemouth,74’,0:0,Amine Adli,Rayan,substitute_in
ENG-Premier League,2526,2026-03-03 Bournemouth-Brentford,Bournemouth,74’,0:0,Eli Junior Kroupi,Ryan Christie,substitute_in
ENG-Premier League,2526,2026-03-03 Bournemouth-Brentford,Bournemouth,80’,0:0,Enes Ünal,Evanilson,substitute_in
ENG-Premier League,2526,2026-03-03 Bournemouth-Brentford,Brentford,87’,0:0,Keane Lewis-Potter,Dango Ouattara,substitute_in
ENG-Premier League,2526,2026-03-03 Bournemouth-Brentford,Bournemouth,90+4’,0:0,Tyler Adams,,yellow_card
ENG-Premier League,2526,2026-03-03 Bournemouth-Brentford,Bournemouth,90+5’,0:0,Marcus Tavernier,,yellow_card
ENG-Premier League,2526,2026-03-03 Everton-Burnley,Everton,32’,1:0,James Tarkowski,James Garner,goal
ENG-Premier League,2526,2026-03-03 Everton-Burnley,Burnley,57’,1:0,Loum Tchaouna,Joe Worrall,substitute_in
ENG-Premier League,2526,2026-03-03 Everton-Burnley,Burnley,57’,1:0,James Ward-Prowse,Florentino Luís,substitute_in
ENG-Premier League,2526,2026-03-03 Everton-Burnley,Everton,60’,2:0,Kiernan Dewsbury-Hall,Iliman Ndiaye,goal
ENG-Premier League,2526,2026-03-03 Everton-Burnley,Burnley,64’,2:0,Bashir Humphreys,,yellow_card
ENG-Premier League,2526,2026-03-03 Everton-Burnley,Burnley,72’,2:0,Josh Laurent,Hannibal Mejbri,substitute_in
ENG-Premier League,2526,2026-03-03 Everton-Burnley,Everton,83’,2:0,Michael Keane,Jarrad Branthwaite,substitute_in
ENG-Premier League,2526,2026-03-03 Everton-Burnley,Everton,83’,2:0,Thierno Barry,Beto,substitute_in
ENG-Premier League,2526,2026-03-03 Everton-Burnley,Burnley,83’,2:0,Ashley Barnes,Lesley Ugochukwu,substitute_in
ENG-Premier League,2526,2026-03-03 Everton-Burnley,Everton,87’,2:0,Tyrique George,Dwight McNeil,substitute_in
ENG-Premier League,2526,2026-03-03 Everton-Burnley,Everton,87’,2:0,Tim Iroegbunam,Idrissa Gueye,substitute_in
ENG-Premier League,2526,2026-03-03 Everton-Burnley,Everton,90+3’,2:0,Tyler Dibling,Iliman Ndiaye,substitute_in
ENG-Premier League,2526,2026-03-03 Leeds United-Sunderland,Sunderland,45+2’,0:0,Luke O'Nien,,yellow_card
ENG-Premier League,2526,2026-03-03 Leeds United-Sunderland,Sunderland,55’,0:0,Granit Xhaka,Lutsharel Geertruida,substitute_in
ENG-Premier League,2526,2026-03-03 Leeds United-Sunderland,Sunderland,56’,0:0,Wilson Isidor,Eliezer Mayenda,substitute_in
ENG-Premier League,2526,2026-03-03 Leeds United-Sunderland,Sunderland,58’,0:0,Habib Diarra,,yellow_card
ENG-Premier League,2526,2026-03-03 Leeds United-Sunderland,Leeds United,62’,0:0,Lukas Nmecha,Ilia Gruev,substitute_in
ENG-Premier League,2526,2026-03-03 Leeds United-Sunderland,Sunderland,63’,0:0,Omar Alderete,,yellow_card
ENG-Premier League,2526,2026-03-03 Leeds United-Sunderland,Sunderland,70’,0:1,Habib Diarra,,penalty_goal
ENG-Premier League,2526,2026-03-03 Leeds United-Sunderland,Leeds United,74’,0:1,Wilfried Gnonto,Brenden Aaronson,substitute_in
ENG-Premier League,2526,2026-03-03 Leeds United-Sunderland,Leeds United,74’,0:1,Daniel James,James Justin,substitute_in
ENG-Premier League,2526,2026-03-03 Leeds United-Sunderland,Leeds United,84’,0:1,Joël Piroe,Jayden Bogle,substitute_in
ENG-Premier League,2526,2026-03-03 Leeds United-Sunderland,Leeds United,84’,0:1,Jaka Bijol,Gabriel Gudmundsson,substitute_in
ENG-Premier League,2526,2026-03-03 Leeds United-Sunderland,Sunderland,88’,0:1,Bertrand Traoré,Nilson Angulo,substitute_in
ENG-Premier League,2526,2026-03-03 Leeds United-Sunderland,Sunderland,90+5’,0:1,Chris Rigg,Bertrand Traoré,substitute_in
ENG-Premier League,2526,2026-03-03 Leeds United-Sunderland,Leeds United,90’,0:1,Wilfried Gnonto,,yellow_card
ENG-Premier League,2526,2026-03-03 Wolves-Liverpool,Liverpool,22’,0:0,Ryan Gravenberch,,yellow_card
ENG-Premier League,2526,2026-03-03 Wolves-Liverpool,Liverpool,46’,0:0,Curtis Jones,Ryan Gravenberch,substitute_in
ENG-Premier League,2526,2026-03-03 Wolves-Liverpool,Wolverhampton Wanderers,60’,0:0,Tolu Arokodare,Adam Armstrong,substitute_in
ENG-Premier League,2526,2026-03-03 Wolves-Liverpool,Wolverhampton Wanderers,60’,0:0,Yerson Mosquera,Matt Doherty,substitute_in
ENG-Premier League,2526,2026-03-03 Wolves-Liverpool,Wolverhampton Wanderers,60’,0:0,Jean-Ricner Bellegarde,Angel Gomes,substitute_in
ENG-Premier League,2526,2026-03-03 Wolves-Liverpool,Liverpool,65’,0:0,Andy Robertson,Milos Kerkez,substitute_in
ENG-Premier League,2526,2026-03-03 Wolves-Liverpool,Liverpool,65’,0:0,Rio Ngumoha,Cody Gakpo,substitute_in
ENG-Premier League,2526,2026-03-03 Wolves-Liverpool,Wolverhampton Wanderers,69’,0:0,João Gomes,,yellow_card
ENG-Premier League,2526,2026-03-03 Wolves-Liverpool,Wolverhampton Wanderers,70’,0:0,Rodrigo Gomes,Mateus Mane,substitute_in
ENG-Premier League,2526,2026-03-03 Wolves-Liverpool,Liverpool,72’,0:0,Joe Gomez,Jeremie Frimpong,substitute_in
ENG-Premier League,2526,2026-03-03 Wolves-Liverpool,Wolverhampton Wanderers,78’,1:0,Rodrigo Gomes,Tolu Arokodare,goal
ENG-Premier League,2526,2026-03-03 Wolves-Liverpool,Wolverhampton Wanderers,79’,1:0,Hugo Bueno,David Møller Wolfe,substitute_in
ENG-Premier League,2526,2026-03-03 Wolves-Liverpool,Liverpool,79’,1:0,Federico Chiesa,Ibrahima Konaté,substitute_in
ENG-Premier League,2526,2026-03-03 Wolves-Liverpool,Liverpool,83’,1:1,Mohamed Salah,,goal
ENG-Premier League,2526,2026-03-03 Wolves-Liverpool,Wolverhampton Wanderers,90+4’,2:1,André,Jackson Tchatchoua,goal
ENG-Premier League,2526,2026-03-03 Wolves-Liverpool,Wolverhampton Wanderers,90’,1:1,Santiago Bueno,,yellow_card
ENG-Premier League,2526,2026-03-04 Aston Villa-Chelsea,Aston Villa,2’,1:0,Douglas Luiz,Leon Bailey,goal
ENG-Premier League,2526,2026-03-04 Aston Villa-Chelsea,Aston Villa,32’,1:0,Matty Cash,,yellow_card
ENG-Premier League,2526,2026-03-04 Aston Villa-Chelsea,Chelsea,35’,1:1,João Pedro,Malo Gusto,goal
ENG-Premier League,2526,2026-03-04 Aston Villa-Chelsea,Chelsea,45+6’,1:2,João Pedro,Enzo Fernández,goal
ENG-Premier League,2526,2026-03-04 Aston Villa-Chelsea,Aston Villa,46’,1:2,Lamare Bogarde,Matty Cash,substitute_in
ENG-Premier League,2526,2026-03-04 Aston Villa-Chelsea,Chelsea,54’,1:2,João Pedro,,yellow_card
ENG-Premier League,2526,2026-03-04 Aston Villa-Chelsea,Chelsea,55’,1:3,Cole Palmer,João Pedro,goal
ENG-Premier League,2526,2026-03-04 Aston Villa-Chelsea,Aston Villa,58’,1:3,Morgan Rogers,,yellow_card
ENG-Premier League,2526,2026-03-04 Aston Villa-Chelsea,Chelsea,58’,1:3,Enzo Fernández,,yellow_card
ENG-Premier League,2526,2026-03-04 Aston Villa-Chelsea,Aston Villa,63’,1:3,Alysson,Leon Bailey,substitute_in
ENG-Premier League,2526,2026-03-04 Aston Villa-Chelsea,Aston Villa,63’,1:3,Jadon Sancho,Emi Buendía,substitute_in
ENG-Premier League,2526,2026-03-04 Aston Villa-Chelsea,Aston Villa,63’,1:3,Ross Barkley,Douglas Luiz,substitute_in
ENG-Premier League,2526,2026-03-04 Aston Villa-Chelsea,Chelsea,64’,1:4,João Pedro,Alejandro Garnacho,goal
ENG-Premier League,2526,2026-03-04 Aston Villa-Chelsea,Aston Villa,68’,1:4,Ollie Watkins,,yellow_card
ENG-Premier League,2526,2026-03-04 Aston Villa-Chelsea,Aston Villa,72’,1:4,Tammy Abraham,Ollie Watkins,substitute_in
ENG-Premier League,2526,2026-03-04 Aston Villa-Chelsea,Chelsea,75’,1:4,Roméo Lavia,Malo Gusto,substitute_in
ENG-Premier League,2526,2026-03-04 Aston Villa-Chelsea,Chelsea,79’,1:4,Tosin Adarabioyo,Wesley Fofana,substitute_in
ENG-Premier League,2526,2026-03-04 Aston Villa-Chelsea,Chelsea,79’,1:4,Marc Cucurella,Enzo Fernández,substitute_in
ENG-Premier League,2526,2026-03-04 Aston Villa-Chelsea,Chelsea,85’,1:4,Liam Delap,João Pedro,substitute_in
ENG-Premier League,2526,2026-03-04 Aston Villa-Chelsea,Chelsea,85’,1:4,Andrey Santos,Cole Palmer,substitute_in
ENG-Premier League,2526,2026-03-04 Brighton-Arsenal,Arsenal,11’,0:1,Cristhian Mosquera,,yellow_card
ENG-Premier League,2526,2026-03-04 Brighton-Arsenal,Brighton & Hove Albion,46’,0:1,Yankuba Minteh,Kaoru Mitoma,substitute_in
ENG-Premier League,2526,2026-03-04 Brighton-Arsenal,Brighton & Hove Albion,52’,0:1,Diego Gómez,,yellow_card
ENG-Premier League,2526,2026-03-04 Brighton-Arsenal,Arsenal,59’,0:1,Kai Havertz,Viktor Gyökeres,substitute_in
ENG-Premier League,2526,2026-03-04 Brighton-Arsenal,Arsenal,60’,0:1,Leandro Trossard,Gabriel Martinelli,substitute_in
ENG-Premier League,2526,2026-03-04 Brighton-Arsenal,Arsenal,64’,0:1,Riccardo Calafiori,Cristhian Mosquera,substitute_in
ENG-Premier League,2526,2026-03-04 Brighton-Arsenal,Brighton & Hove Albion,69’,0:1,Danny Welbeck,Jack Hinshelwood,substitute_in
ENG-Premier League,2526,2026-03-04 Brighton-Arsenal,Brighton & Hove Albion,77’,0:1,Joël Veltman,Mats Wieffer,substitute_in
ENG-Premier League,2526,2026-03-04 Brighton-Arsenal,Brighton & Hove Albion,77’,0:1,Harry Howell,Diego Gómez,substitute_in
ENG-Premier League,2526,2026-03-04 Brighton-Arsenal,Brighton & Hove Albion,77’,0:1,Yasin Ayari,Carlos Baleba,substitute_in
ENG-Premier League,2526,2026-03-04 Brighton-Arsenal,Brighton & Hove Albion,80’,0:1,Olivier Boscagli,,yellow_card
ENG-Premier League,2526,2026-03-04 Brighton-Arsenal,Arsenal,80’,0:1,Christian Nørgaard,Martín Zubimendi,substitute_in
ENG-Premier League,2526,2026-03-04 Brighton-Arsenal,Brighton & Hove Albion,82’,0:1,Ferdi Kadioglu,,yellow_card
ENG-Premier League,2526,2026-03-04 Brighton-Arsenal,Brighton & Hove Albion,90+4’,0:1,Yasin Ayari,,yellow_card
ENG-Premier League,2526,2026-03-04 Brighton-Arsenal,Arsenal,9’,0:1,Bukayo Saka,Jurriën Timber,goal
ENG-Premier League,2526,2026-03-04 Fulham-West Ham,West Ham United,17’,0:0,Mateus Fernandes,,yellow_card
ENG-Premier League,2526,2026-03-04 Fulham-West Ham,West Ham United,41’,0:0,Aaron Wan-Bissaka,,yellow_card
ENG-Premier League,2526,2026-03-04 Fulham-West Ham,Fulham,60’,0:0,Rodrigo Muniz,Raúl Jiménez,substitute_in
ENG-Premier League,2526,2026-03-04 Fulham-West Ham,West Ham United,60’,0:0,Soungoutou Magassa,Callum Wilson,substitute_in
ENG-Premier League,2526,2026-03-04 Fulham-West Ham,Fulham,61’,0:0,Emile Smith Rowe,Joshua King,substitute_in
ENG-Premier League,2526,2026-03-04 Fulham-West Ham,Fulham,61’,0:0,Oscar Bobb,Tom Cairney,substitute_in
ENG-Premier League,2526,2026-03-04 Fulham-West Ham,West Ham United,65’,0:1,Crysencio Summerville,Jarrod Bowen,goal
ENG-Premier League,2526,2026-03-04 Fulham-West Ham,Fulham,82’,0:1,Ryan Sessegnon,Sander Berge,substitute_in
ENG-Premier League,2526,2026-03-04 Fulham-West Ham,Fulham,82’,0:1,Timothy Castagne,Kenny Tete,substitute_in
ENG-Premier League,2526,2026-03-04 Fulham-West Ham,West Ham United,88’,0:1,Adama Traoré,Valentín Castellanos,substitute_in
ENG-Premier League,2526,2026-03-04 Fulham-West Ham,West Ham United,90+10’,0:1,Jarrod Bowen,,yellow_card
ENG-Premier League,2526,2026-03-04 Fulham-West Ham,Fulham,90+1’,0:1,Calvin Bassey,,yellow_card
ENG-Premier League,2526,2026-03-04 Fulham-West Ham,West Ham United,90+2’,0:1,Konstantinos Mavropanos,Jean-Clair Todibo,substitute_in
ENG-Premier League,2526,2026-03-04 Fulham-West Ham,West Ham United,90+2’,0:1,Mohamadou Kanté,Mateus Fernandes,substitute_in
ENG-Premier League,2526,2026-03-04 Fulham-West Ham,Fulham,90+9’,0:1,Antonee Robinson,,yellow_card
ENG-Premier League,2526,2026-03-04 Fulham-West Ham,West Ham United,90+9’,0:1,Mohamadou Kanté,,yellow_card
ENG-Premier League,2526,2026-03-04 Manchester City-Nottingham,Manchester City,31’,1:0,Antoine Semenyo,Rayan Cherki,goal
ENG-Premier League,2526,2026-03-04 Manchester City-Nottingham,Nottingham Forest,45+1’,1:0,Ibrahim Sangaré,,yellow_card
ENG-Premier League,2526,2026-03-04 Manchester City-Nottingham,Nottingham Forest,56’,1:1,Morgan Gibbs-White,Igor Jesus,goal
ENG-Premier League,2526,2026-03-04 Manchester City-Nottingham,Nottingham Forest,60’,1:1,Murillo,,yellow_card
ENG-Premier League,2526,2026-03-04 Manchester City-Nottingham,Manchester City,62’,2:1,Rodri,Rayan Aït-Nouri,goal
ENG-Premier League,2526,2026-03-04 Manchester City-Nottingham,Nottingham Forest,63’,2:1,Nikola Milenković,,yellow_card
ENG-Premier League,2526,2026-03-04 Manchester City-Nottingham,Nottingham Forest,63’,2:1,Callum Hudson-Odoi,Nicolás Domínguez,substitute_in
ENG-Premier League,2526,2026-03-04 Manchester City-Nottingham,Nottingham Forest,76’,2:2,Elliot Anderson,Callum Hudson-Odoi,goal
ENG-Premier League,2526,2026-03-04 Manchester City-Nottingham,Manchester City,77’,2:2,Abdukodir Khusanov,Rayan Aït-Nouri,substitute_in
ENG-Premier League,2526,2026-03-04 Manchester City-Nottingham,Manchester City,77’,2:2,Jeremy Doku,Phil Foden,substitute_in
ENG-Premier League,2526,2026-03-04 Manchester City-Nottingham,Nottingham Forest,79’,2:2,Taiwo Awoniyi,Igor Jesus,substitute_in
ENG-Premier League,2526,2026-03-04 Manchester City-Nottingham,Manchester City,82’,2:2,Sávio,Rayan Cherki,substitute_in
ENG-Premier League,2526,2026-03-04 Manchester City-Nottingham,Nottingham Forest,90+4’,2:2,Matz Sels,,yellow_card
ENG-Premier League,2526,2026-03-04 Manchester City-Nottingham,Nottingham Forest,90’,2:2,Morato,Neco Williams,substitute_in
ENG-Premier League,2526,2026-03-04 Manchester City-Nottingham,Nottingham Forest,90’,2:2,Ryan Yates,Morgan Gibbs-White,substitute_in
ENG-Premier League,2526,2026-03-04 Newcastle-Manchester Utd,Newcastle United,26’,0:0,Jacob Ramsey,,yellow_card
ENG-Premier League,2526,2026-03-04 Newcastle-Manchester Utd,Manchester United,37’,0:0,Bryan Mbeumo,,yellow_card
ENG-Premier League,2526,2026-03-04 Newcastle-Manchester Utd,Newcastle United,38’,0:0,Joelinton,,yellow_card
ENG-Premier League,2526,2026-03-04 Newcastle-Manchester Utd,Manchester United,39’,0:0,Luke Shaw,,yellow_card
ENG-Premier League,2526,2026-03-04 Newcastle-Manchester Utd,Newcastle United,45+1’,0:0,Jacob Ramsey,,yellow_red_card
ENG-Premier League,2526,2026-03-04 Newcastle-Manchester Utd,Newcastle United,45+6’,1:0,Anthony Gordon,,penalty_goal
ENG-Premier League,2526,2026-03-04 Newcastle-Manchester Utd,Manchester United,45+9’,1:1,Casemiro,Bruno Fernandes,goal
ENG-Premier League,2526,2026-03-04 Newcastle-Manchester Utd,Newcastle United,46’,1:1,Joe Willock,Harvey Barnes,substitute_in
ENG-Premier League,2526,2026-03-04 Newcastle-Manchester Utd,Manchester United,61’,1:1,Manuel Ugarte,Luke Shaw,substitute_in
ENG-Premier League,2526,2026-03-04 Newcastle-Manchester Utd,Manchester United,61’,1:1,Diogo Dalot,Casemiro,substitute_in
ENG-Premier League,2526,2026-03-04 Newcastle-Manchester Utd,Manchester United,64’,1:1,Noussair Mazraoui,,yellow_card
ENG-Premier League,2526,2026-03-04 Newcastle-Manchester Utd,Manchester United,76’,1:1,Amad Diallo,Kobbie Mainoo,substitute_in
ENG-Premier League,2526,2026-03-04 Newcastle-Manchester Utd,Manchester United,77’,1:1,Joshua Zirkzee,Bryan Mbeumo,substitute_in
ENG-Premier League,2526,2026-03-04 Newcastle-Manchester Utd,Newcastle United,80’,1:1,Kieran Trippier,,yellow_card
ENG-Premier League,2526,2026-03-04 Newcastle-Manchester Utd,Newcastle United,84’,1:1,Jacob Murphy,Anthony Elanga,substitute_in
ENG-Premier League,2526,2026-03-04 Newcastle-Manchester Utd,Newcastle United,84’,1:1,William Osula,Anthony Gordon,substitute_in
ENG-Premier League,2526,2026-03-04 Newcastle-Manchester Utd,Manchester United,85’,1:1,Tyrell Malacia,Noussair Mazraoui,substitute_in
ENG-Premier League,2526,2026-03-04 Newcastle-Manchester Utd,Newcastle United,90+7’,2:1,Sven Botman,Sandro Tonali,substitute_in
ENG-Premier League,2526,2026-03-04 Newcastle-Manchester Utd,Newcastle United,90’,2:1,William Osula,Kieran Trippier,goal
ENG-Premier League,2526,2026-03-05 Tottenham-Crystal Palace,Crystal Palace,14’,0:0,Nathaniel Clyne,Daniel Muñoz,substitute_in
ENG-Premier League,2526,2026-03-05 Tottenham-Crystal Palace,Crystal Palace,22’,0:0,Jørgen Strand Larsen,,yellow_card
ENG-Premier League,2526,2026-03-05 Tottenham-Crystal Palace,Tottenham Hotspur,25’,0:0,Pape Matar Sarr,,yellow_card
ENG-Premier League,2526,2026-03-05 Tottenham-Crystal Palace,Tottenham Hotspur,34’,1:0,Dominic Solanke,Archie Gray,goal
ENG-Premier League,2526,2026-03-05 Tottenham-Crystal Palace,Tottenham Hotspur,38’,1:0,Micky van de Ven,,red_card
ENG-Premier League,2526,2026-03-05 Tottenham-Crystal Palace,Crystal Palace,40’,1:1,Ismaila Sarr,,penalty_goal
ENG-Premier League,2526,2026-03-05 Tottenham-Crystal Palace,Tottenham Hotspur,43’,1:1,Conor Gallagher,Souza,substitute_in
ENG-Premier League,2526,2026-03-05 Tottenham-Crystal Palace,Tottenham Hotspur,43’,1:1,Yves Bissouma,Randal Kolo Muani,substitute_in
ENG-Premier League,2526,2026-03-05 Tottenham-Crystal Palace,Crystal Palace,45+1’,1:2,Jørgen Strand Larsen,Adam Wharton,goal
ENG-Premier League,2526,2026-03-05 Tottenham-Crystal Palace,Crystal Palace,45+7’,1:3,Ismaila Sarr,Adam Wharton,goal
ENG-Premier League,2526,2026-03-05 Tottenham-Crystal Palace,Crystal Palace,67’,1:3,Brennan Johnson,Evann Guessand,substitute_in
ENG-Premier League,2526,2026-03-05 Tottenham-Crystal Palace,Tottenham Hotspur,74’,1:3,Richarlison,Dominic Solanke,substitute_in
ENG-Premier League,2526,2026-03-05 Tottenham-Crystal Palace,Tottenham Hotspur,74’,1:3,Xavi Simons,Pedro Porro,substitute_in
ENG-Premier League,2526,2026-03-05 Tottenham-Crystal Palace,Tottenham Hotspur,7’,0:0,Souza,,yellow_card
ENG-Premier League,2526,2026-03-05 Tottenham-Crystal Palace,Crystal Palace,81’,1:3,Will Hughes,Adam Wharton,substitute_in
ENG-Premier League,2526,2026-03-05 Tottenham-Crystal Palace,Crystal Palace,81’,1:3,Christantus Uche,Jørgen Strand Larsen,substitute_in
ENG-Premier League,2526,2026-03-05 Tottenham-Crystal Palace,Tottenham Hotspur,82’,1:3,Yves Bissouma,,yellow_card
ENG-Premier League,2526,2026-03-05 Tottenham-Crystal Palace,Crystal Palace,90+2’,1:3,Nathaniel Clyne,,yellow_card
ENG-Premier League,2526,2026-03-14 Arsenal-Everton,Arsenal,38’,0:0,Cristhian Mosquera,Jurriën Timber,substitute_in
ENG-Premier League,2526,2026-03-14 Arsenal-Everton,Arsenal,61’,0:0,Viktor Gyökeres,Kai Havertz,substitute_in
ENG-Premier League,2526,2026-03-14 Arsenal-Everton,Arsenal,61’,0:0,Gabriel Martinelli,Noni Madueke,substitute_in
ENG-Premier League,2526,2026-03-14 Arsenal-Everton,Everton,69’,0:0,Thierno Barry,Beto,substitute_in
ENG-Premier League,2526,2026-03-14 Arsenal-Everton,Arsenal,74’,0:0,Max Dowman,Martín Zubimendi,substitute_in
ENG-Premier League,2526,2026-03-14 Arsenal-Everton,Arsenal,74’,0:0,Piero Hincapié,Riccardo Calafiori,substitute_in
ENG-Premier League,2526,2026-03-14 Arsenal-Everton,Everton,86’,0:0,Merlin Röhl,Tim Iroegbunam,substitute_in
ENG-Premier League,2526,2026-03-14 Arsenal-Everton,Everton,86’,0:0,Harrison Armstrong,Dwight McNeil,substitute_in
ENG-Premier League,2526,2026-03-14 Arsenal-Everton,Arsenal,89’,1:0,Viktor Gyökeres,Piero Hincapié,goal
ENG-Premier League,2526,2026-03-14 Arsenal-Everton,Everton,90+5’,1:0,Tyrique George,Idrissa Gueye,substitute_in
ENG-Premier League,2526,2026-03-14 Arsenal-Everton,Arsenal,90+7’,2:0,Max Dowman,Gabriel Martinelli,goal
ENG-Premier League,2526,2026-03-14 Burnley-Bournemouth,Bournemouth,61’,0:0,Álex Jiménez,Adam Smith,substitute_in
ENG-Premier League,2526,2026-03-14 Burnley-Bournemouth,Bournemouth,61’,0:0,Amine Adli,Ryan Christie,substitute_in
ENG-Premier League,2526,2026-03-14 Burnley-Bournemouth,Burnley,66’,0:0,Marcus Edwards,Lyle Foster,substitute_in
ENG-Premier League,2526,2026-03-14 Burnley-Bournemouth,Burnley,74’,0:0,Joe Worrall,Maxime Estève,substitute_in
ENG-Premier League,2526,2026-03-14 Burnley-Bournemouth,Burnley,74’,0:0,Lucas,Quilindschy Hartman,substitute_in
ENG-Premier League,2526,2026-03-14 Burnley-Bournemouth,Burnley,75’,0:0,Hannibal Mejbri,,yellow_card
ENG-Premier League,2526,2026-03-14 Burnley-Bournemouth,Bournemouth,80’,0:0,David Brooks,Eli Junior Kroupi,substitute_in
ENG-Premier League,2526,2026-03-14 Burnley-Bournemouth,Bournemouth,87’,0:0,Enes Ünal,Rayan,substitute_in
ENG-Premier League,2526,2026-03-14 Burnley-Bournemouth,Burnley,88’,0:0,Armando Broja,Zian Flemming,substitute_in
ENG-Premier League,2526,2026-03-14 Burnley-Bournemouth,Burnley,88’,0:0,Lesley Ugochukwu,Josh Laurent,substitute_in
ENG-Premier League,2526,2026-03-14 Chelsea-Newcastle,Newcastle United,18’,0:1,Anthony Gordon,Joe Willock,goal
ENG-Premier League,2526,2026-03-14 Chelsea-Newcastle,Chelsea,23’,0:1,Wesley Fofana,,yellow_card
ENG-Premier League,2526,2026-03-14 Chelsea-Newcastle,Chelsea,25’,0:1,Moisés Caicedo,,yellow_card
ENG-Premier League,2526,2026-03-14 Chelsea-Newcastle,Chelsea,46’,0:1,Liam Delap,Malo Gusto,substitute_in
ENG-Premier League,2526,2026-03-14 Chelsea-Newcastle,Chelsea,61’,0:1,Roméo Lavia,Moisés Caicedo,substitute_in
ENG-Premier League,2526,2026-03-14 Chelsea-Newcastle,Newcastle United,67’,0:1,Joelinton,Nick Woltemade,substitute_in
ENG-Premier League,2526,2026-03-14 Chelsea-Newcastle,Newcastle United,77’,0:1,Dan Burn,Joe Willock,substitute_in
ENG-Premier League,2526,2026-03-14 Chelsea-Newcastle,Newcastle United,77’,0:1,Anthony Elanga,Jacob Murphy,substitute_in
ENG-Premier League,2526,2026-03-14 Chelsea-Newcastle,Chelsea,82’,0:1,Jorrel Hato,Wesley Fofana,substitute_in
ENG-Premier League,2526,2026-03-14 Chelsea-Newcastle,Newcastle United,84’,0:1,Aaron Ramsdale,,yellow_card
ENG-Premier League,2526,2026-03-14 Chelsea-Newcastle,Newcastle United,89’,0:1,Lewis Hall,,yellow_card
ENG-Premier League,2526,2026-03-14 Sunderland-Brighton,Brighton & Hove Albion,51’,0:0,Diego Gómez,,yellow_card
ENG-Premier League,2526,2026-03-14 Sunderland-Brighton,Brighton & Hove Albion,58’,0:1,Yankuba Minteh,,goal
ENG-Premier League,2526,2026-03-14 Sunderland-Brighton,Sunderland,64’,0:1,Luke O'Nien,Daniel Ballard,substitute_in
ENG-Premier League,2526,2026-03-14 Sunderland-Brighton,Brighton & Hove Albion,74’,0:1,Yankuba Minteh,,yellow_card
ENG-Premier League,2526,2026-03-14 Sunderland-Brighton,Sunderland,75’,0:1,Granit Xhaka,,yellow_card
ENG-Premier League,2526,2026-03-14 Sunderland-Brighton,Brighton & Hove Albion,76’,0:1,Maxim De Cuyper,Yankuba Minteh,substitute_in
ENG-Premier League,2526,2026-03-14 Sunderland-Brighton,Sunderland,78’,0:1,Eliezer Mayenda,Brian Brobbey,substitute_in
ENG-Premier League,2526,2026-03-14 Sunderland-Brighton,Sunderland,85’,0:1,Dennis Cirkin,Chemsdine Talbi,substitute_in
ENG-Premier League,2526,2026-03-14 Sunderland-Brighton,Brighton & Hove Albion,88’,0:1,Yasin Ayari,Jack Hinshelwood,substitute_in
ENG-Premier League,2526,2026-03-14 Sunderland-Brighton,Brighton & Hove Albion,90+4’,0:1,Joël Veltman,Diego Gómez,substitute_in
ENG-Premier League,2526,2026-03-14 Sunderland-Brighton,Brighton & Hove Albion,90+5’,0:1,Matt O'Riley,Danny Welbeck,substitute_in
ENG-Premier League,2526,2026-03-14 West Ham-Manchester City,Manchester City,11’,0:0,Omar Marmoush,,yellow_card
ENG-Premier League,2526,2026-03-14 West Ham-Manchester City,Manchester City,31’,0:1,Bernardo Silva,Omar Marmoush,goal
ENG-Premier League,2526,2026-03-14 West Ham-Manchester City,West Ham United,35’,1:1,Konstantinos Mavropanos,Jarrod Bowen,goal
ENG-Premier League,2526,2026-03-14 West Ham-Manchester City,Manchester City,37’,1:1,Bernardo Silva,,yellow_card
ENG-Premier League,2526,2026-03-14 West Ham-Manchester City,Manchester City,60’,1:1,Rayan Cherki,Omar Marmoush,substitute_in
ENG-Premier League,2526,2026-03-14 West Ham-Manchester City,Manchester City,60’,1:1,Jeremy Doku,Rayan Aït-Nouri,substitute_in
ENG-Premier League,2526,2026-03-14 West Ham-Manchester City,West Ham United,64’,1:1,Soungoutou Magassa,Pablo,substitute_in
ENG-Premier League,2526,2026-03-14 West Ham-Manchester City,West Ham United,75’,1:1,Adama Traoré,Valentín Castellanos,substitute_in
ENG-Premier League,2526,2026-03-14 West Ham-Manchester City,Manchester City,75’,1:1,Phil Foden,Antoine Semenyo,substitute_in
ENG-Premier League,2526,2026-03-14 West Ham-Manchester City,Manchester City,75’,1:1,Tijjani Reijnders,Bernardo Silva,substitute_in
ENG-Premier League,2526,2026-03-14 West Ham-Manchester City,West Ham United,76’,1:1,Soungoutou Magassa,,yellow_card
ENG-Premier League,2526,2026-03-14 West Ham-Manchester City,West Ham United,89’,1:1,Mateus Fernandes,,yellow_card
ENG-Premier League,2526,2026-03-14 West Ham-Manchester City,West Ham United,90+6’,1:1,Mohamadou Kanté,Jarrod Bowen,substitute_in
ENG-Premier League,2526,2026-03-15 Crystal Palace-Leeds United,Leeds United,26’,0:0,Gabriel Gudmundsson,,yellow_card
ENG-Premier League,2526,2026-03-15 Crystal Palace-Leeds United,Leeds United,31’,0:0,Jaka Bijol,,yellow_card
ENG-Premier League,2526,2026-03-15 Crystal Palace-Leeds United,Crystal Palace,44’,0:0,Will Hughes,,yellow_card
ENG-Premier League,2526,2026-03-15 Crystal Palace-Leeds United,Leeds United,45+5’,0:0,Gabriel Gudmundsson,,yellow_red_card
ENG-Premier League,2526,2026-03-15 Crystal Palace-Leeds United,Leeds United,45’,0:0,Dominic Calvert-Lewin,,penalty_miss
ENG-Premier League,2526,2026-03-15 Crystal Palace-Leeds United,Leeds United,46’,0:0,Ilia Gruev,Lukas Nmecha,substitute_in
ENG-Premier League,2526,2026-03-15 Crystal Palace-Leeds United,Leeds United,46’,0:0,Jayden Bogle,Brenden Aaronson,substitute_in
ENG-Premier League,2526,2026-03-15 Crystal Palace-Leeds United,Crystal Palace,54’,0:0,Brennan Johnson,,yellow_card
ENG-Premier League,2526,2026-03-15 Crystal Palace-Leeds United,Crystal Palace,60’,0:0,Adam Wharton,Will Hughes,substitute_in
ENG-Premier League,2526,2026-03-15 Crystal Palace-Leeds United,Crystal Palace,60’,0:0,Jean-Philippe Mateta,Jørgen Strand Larsen,substitute_in
ENG-Premier League,2526,2026-03-15 Crystal Palace-Leeds United,Crystal Palace,80’,0:0,Daichi Kamada,Jaydee Canvot,substitute_in
ENG-Premier League,2526,2026-03-15 Crystal Palace-Leeds United,Crystal Palace,80’,0:0,Yéremy Pino,Brennan Johnson,substitute_in
ENG-Premier League,2526,2026-03-15 Liverpool-Tottenham,Liverpool,18’,1:0,Dominik Szoboszlai,,goal
ENG-Premier League,2526,2026-03-15 Liverpool-Tottenham,Tottenham Hotspur,56’,1:0,Xavi Simons,Souza,substitute_in
ENG-Premier League,2526,2026-03-15 Liverpool-Tottenham,Liverpool,64’,1:0,Hugo Ekitike,Rio Ngumoha,substitute_in
ENG-Premier League,2526,2026-03-15 Liverpool-Tottenham,Liverpool,64’,1:0,Curtis Jones,Florian Wirtz,substitute_in
ENG-Premier League,2526,2026-03-15 Liverpool-Tottenham,Liverpool,64’,1:0,Mohamed Salah,Jeremie Frimpong,substitute_in
ENG-Premier League,2526,2026-03-15 Liverpool-Tottenham,Tottenham Hotspur,75’,1:0,Randal Kolo Muani,Mathys Tel,substitute_in
ENG-Premier League,2526,2026-03-15 Liverpool-Tottenham,Tottenham Hotspur,76’,1:0,Callum Olusesi,Djed Spence,substitute_in
ENG-Premier League,2526,2026-03-15 Liverpool-Tottenham,Liverpool,83’,1:0,Trey Nyoni,Cody Gakpo,substitute_in
ENG-Premier League,2526,2026-03-15 Liverpool-Tottenham,Liverpool,90+1’,1:1,Federico Chiesa,Alexis Mac Allister,substitute_in
ENG-Premier League,2526,2026-03-15 Liverpool-Tottenham,Tottenham Hotspur,90+6’,1:1,James Rowswell,Richarlison,substitute_in
ENG-Premier League,2526,2026-03-15 Liverpool-Tottenham,Tottenham Hotspur,90’,1:1,Richarlison,Randal Kolo Muani,goal
ENG-Premier League,2526,2026-03-15 Manchester Utd-Aston Villa,Aston Villa,41’,0:0,Ollie Watkins,,yellow_card
ENG-Premier League,2526,2026-03-15 Manchester Utd-Aston Villa,Manchester United,53’,1:0,Casemiro,Bruno Fernandes,goal
ENG-Premier League,2526,2026-03-15 Manchester Utd-Aston Villa,Manchester United,60’,1:0,Casemiro,,yellow_card
ENG-Premier League,2526,2026-03-15 Manchester Utd-Aston Villa,Aston Villa,60’,1:0,Tammy Abraham,Ollie Watkins,substitute_in
ENG-Premier League,2526,2026-03-15 Manchester Utd-Aston Villa,Aston Villa,61’,1:0,Leon Bailey,John McGinn,substitute_in
ENG-Premier League,2526,2026-03-15 Manchester Utd-Aston Villa,Aston Villa,64’,1:1,Ross Barkley,,goal
ENG-Premier League,2526,2026-03-15 Manchester Utd-Aston Villa,Aston Villa,69’,1:1,Emi Buendía,,yellow_card
ENG-Premier League,2526,2026-03-15 Manchester Utd-Aston Villa,Manchester United,71’,2:1,Matheus Cunha,Bruno Fernandes,goal
ENG-Premier League,2526,2026-03-15 Manchester Utd-Aston Villa,Manchester United,72’,2:1,Leny Yoro,,yellow_card
ENG-Premier League,2526,2026-03-15 Manchester Utd-Aston Villa,Manchester United,75’,2:1,Benjamin Šeško,Bryan Mbeumo,substitute_in
ENG-Premier League,2526,2026-03-15 Manchester Utd-Aston Villa,Manchester United,81’,3:1,Benjamin Šeško,,goal
ENG-Premier League,2526,2026-03-15 Manchester Utd-Aston Villa,Aston Villa,82’,3:1,Douglas Luiz,Ross Barkley,substitute_in
ENG-Premier League,2526,2026-03-15 Manchester Utd-Aston Villa,Aston Villa,82’,3:1,Ian Maatsen,Lucas Digne,substitute_in
ENG-Premier League,2526,2026-03-15 Manchester Utd-Aston Villa,Aston Villa,86’,3:1,Andrés García,Emi Buendía,substitute_in
ENG-Premier League,2526,2026-03-15 Manchester Utd-Aston Villa,Manchester United,90+1’,3:1,Manuel Ugarte,Casemiro,substitute_in
ENG-Premier League,2526,2026-03-15 Manchester Utd-Aston Villa,Manchester United,90+6’,3:1,Harry Maguire,,yellow_card
ENG-Premier League,2526,2026-03-15 Nottingham-Fulham,Nottingham Forest,18’,0:0,Neco Williams,,yellow_card
ENG-Premier League,2526,2026-03-15 Nottingham-Fulham,Fulham,32’,0:0,Sander Berge,,yellow_card
ENG-Premier League,2526,2026-03-15 Nottingham-Fulham,Nottingham Forest,45+2’,0:0,Elliot Anderson,,yellow_card
ENG-Premier League,2526,2026-03-15 Nottingham-Fulham,Nottingham Forest,46’,0:0,Omari Hutchinson,Callum Hudson-Odoi,substitute_in
ENG-Premier League,2526,2026-03-15 Nottingham-Fulham,Nottingham Forest,46’,0:0,Dan Ndoye,Nicolás Domínguez,substitute_in
ENG-Premier League,2526,2026-03-15 Nottingham-Fulham,Fulham,61’,0:0,Antonee Robinson,,yellow_card
ENG-Premier League,2526,2026-03-15 Nottingham-Fulham,Fulham,62’,0:0,Saša Lukić,Joshua King,substitute_in
ENG-Premier League,2526,2026-03-15 Nottingham-Fulham,Fulham,62’,0:0,Samuel Chukwueze,Oscar Bobb,substitute_in
ENG-Premier League,2526,2026-03-15 Nottingham-Fulham,Fulham,62’,0:0,Rodrigo Muniz,Raúl Jiménez,substitute_in
ENG-Premier League,2526,2026-03-15 Nottingham-Fulham,Nottingham Forest,63’,0:0,Taiwo Awoniyi,Igor Jesus,substitute_in
ENG-Premier League,2526,2026-03-15 Nottingham-Fulham,Nottingham Forest,74’,0:0,Ryan Yates,Morgan Gibbs-White,substitute_in
ENG-Premier League,2526,2026-03-15 Nottingham-Fulham,Fulham,75’,0:0,Joachim Andersen,,yellow_card
ENG-Premier League,2526,2026-03-15 Nottingham-Fulham,Fulham,78’,0:0,Tom Cairney,Sander Berge,substitute_in
ENG-Premier League,2526,2026-03-15 Nottingham-Fulham,Nottingham Forest,88’,0:0,James Mcatee,Elliot Anderson,substitute_in
ENG-Premier League,2526,2026-03-15 Nottingham-Fulham,Fulham,90+1’,0:0,Ryan Sessegnon,Harry Wilson,substitute_in
ENG-Premier League,2526,2026-03-16 Brentford-Wolves,Brentford,22’,1:0,Michael Kayode,Keane Lewis-Potter,goal
ENG-Premier League,2526,2026-03-16 Brentford-Wolves,Wolverhampton Wanderers,24’,1:0,Adam Armstrong,,yellow_card
ENG-Premier League,2526,2026-03-16 Brentford-Wolves,Brentford,37’,2:0,Igor Thiago,Dango Ouattara,goal
ENG-Premier League,2526,2026-03-16 Brentford-Wolves,Wolverhampton Wanderers,44’,2:1,Adam Armstrong,Jean-Ricner Bellegarde,goal
ENG-Premier League,2526,2026-03-16 Brentford-Wolves,Wolverhampton Wanderers,45+1’,2:1,Ladislav Krejčí,,yellow_card
ENG-Premier League,2526,2026-03-16 Brentford-Wolves,Wolverhampton Wanderers,46’,2:1,Angel Gomes,Mateus Mane,substitute_in
ENG-Premier League,2526,2026-03-16 Brentford-Wolves,Brentford,57’,2:1,Nathan Collins,,yellow_card
ENG-Premier League,2526,2026-03-16 Brentford-Wolves,Brentford,68’,2:1,Yehor Yarmoliuk,Kevin Schade,substitute_in
ENG-Premier League,2526,2026-03-16 Brentford-Wolves,Brentford,72’,2:1,Kristoffer Ajer,Mikkel Damsgaard,substitute_in
ENG-Premier League,2526,2026-03-16 Brentford-Wolves,Wolverhampton Wanderers,74’,2:1,Tolu Arokodare,Jean-Ricner Bellegarde,substitute_in
ENG-Premier League,2526,2026-03-16 Brentford-Wolves,Brentford,77’,2:1,Kristoffer Ajer,,yellow_card
ENG-Premier League,2526,2026-03-16 Brentford-Wolves,Wolverhampton Wanderers,77’,2:2,Tolu Arokodare,João Gomes,goal
ENG-Premier League,2526,2026-03-16 Brentford-Wolves,Brentford,85’,2:2,Reiss Nelson,Dango Ouattara,substitute_in
ENG-Premier League,2526,2026-03-16 Brentford-Wolves,Wolverhampton Wanderers,87’,2:2,Rodrigo Gomes,Adam Armstrong,substitute_in
ENG-Premier League,2526,2026-03-16 Brentford-Wolves,Wolverhampton Wanderers,89’,2:2,Angel Gomes,,yellow_card
ENG-Premier League,2526,2026-03-16 Brentford-Wolves,Wolverhampton Wanderers,90+3’,2:2,José Sá,,yellow_card
ENG-Premier League,2526,2026-03-20 Bournemouth-Manchester Utd,Manchester United,28’,0:0,Casemiro,,yellow_card
ENG-Premier League,2526,2026-03-20 Bournemouth-Manchester Utd,Bournemouth,59’,0:0,Álex Jiménez,,yellow_card
ENG-Premier League,2526,2026-03-20 Bournemouth-Manchester Utd,Manchester United,61’,0:1,Bruno Fernandes,,penalty_goal
ENG-Premier League,2526,2026-03-20 Bournemouth-Manchester Utd,Bournemouth,67’,1:1,Ryan Christie,Adrien Truffert,goal
ENG-Premier League,2526,2026-03-20 Bournemouth-Manchester Utd,Manchester United,71’,1:1,Benjamin Šeško,Bryan Mbeumo,substitute_in
ENG-Premier League,2526,2026-03-20 Bournemouth-Manchester Utd,Manchester United,71’,1:2,James Hill,,own_goal
ENG-Premier League,2526,2026-03-20 Bournemouth-Manchester Utd,Bournemouth,73’,1:2,Eli Junior Kroupi,Ryan Christie,substitute_in
ENG-Premier League,2526,2026-03-20 Bournemouth-Manchester Utd,Bournemouth,73’,1:2,Adam Smith,Álex Jiménez,substitute_in
ENG-Premier League,2526,2026-03-20 Bournemouth-Manchester Utd,Bournemouth,73’,1:2,David Brooks,Amine Adli,substitute_in
ENG-Premier League,2526,2026-03-20 Bournemouth-Manchester Utd,Manchester United,78’,1:2,Harry Maguire,,red_card
ENG-Premier League,2526,2026-03-20 Bournemouth-Manchester Utd,Bournemouth,81’,2:2,Eli Junior Kroupi,,penalty_goal
ENG-Premier League,2526,2026-03-20 Bournemouth-Manchester Utd,Manchester United,82’,2:2,Ayden Heaven,Matheus Cunha,substitute_in
ENG-Premier League,2526,2026-03-20 Bournemouth-Manchester Utd,Manchester United,82’,2:2,Manuel Ugarte,Casemiro,substitute_in
ENG-Premier League,2526,2026-03-20 Bournemouth-Manchester Utd,Bournemouth,87’,2:2,Ben Gannon-Doak,Rayan,substitute_in
ENG-Premier League,2526,2026-03-20 Bournemouth-Manchester Utd,Bournemouth,90+2’,2:2,Adam Smith,,yellow_card
ENG-Premier League,2526,2026-03-20 Bournemouth-Manchester Utd,Manchester United,90+5’,2:2,Benjamin Šeško,,yellow_card
ENG-Premier League,2526,2026-03-20 Bournemouth-Manchester Utd,Manchester United,90+6’,2:2,Mason Mount,Amad Diallo,substitute_in
ENG-Premier League,2526,2026-03-21 Brighton-Liverpool,Brighton & Hove Albion,14’,1:0,Danny Welbeck,Diego Gómez,goal
ENG-Premier League,2526,2026-03-21 Brighton-Liverpool,Brighton & Hove Albion,25’,1:0,Yankuba Minteh,,yellow_card
ENG-Premier League,2526,2026-03-21 Brighton-Liverpool,Liverpool,30’,1:1,Milos Kerkez,,goal
ENG-Premier League,2526,2026-03-21 Brighton-Liverpool,Brighton & Hove Albion,45+5’,1:1,Diego Gómez,,yellow_card
ENG-Premier League,2526,2026-03-21 Brighton-Liverpool,Liverpool,45’,1:1,Ibrahima Konaté,,yellow_card
ENG-Premier League,2526,2026-03-21 Brighton-Liverpool,Brighton & Hove Albion,48’,1:1,Danny Welbeck,,yellow_card
ENG-Premier League,2526,2026-03-21 Brighton-Liverpool,Brighton & Hove Albion,56’,2:1,Danny Welbeck,Jack Hinshelwood,goal
ENG-Premier League,2526,2026-03-21 Brighton-Liverpool,Liverpool,61’,2:1,Jeremie Frimpong,,yellow_card
ENG-Premier League,2526,2026-03-21 Brighton-Liverpool,Liverpool,63’,2:1,Rio Ngumoha,Jeremie Frimpong,substitute_in
ENG-Premier League,2526,2026-03-21 Brighton-Liverpool,Liverpool,68’,2:1,Alexis Mac Allister,,yellow_card
ENG-Premier League,2526,2026-03-21 Brighton-Liverpool,Brighton & Hove Albion,76’,2:1,Carlos Baleba,James Milner,substitute_in
ENG-Premier League,2526,2026-03-21 Brighton-Liverpool,Brighton & Hove Albion,76’,2:1,Kaoru Mitoma,Yankuba Minteh,substitute_in
ENG-Premier League,2526,2026-03-21 Brighton-Liverpool,Liverpool,77’,2:1,Andy Robertson,Milos Kerkez,substitute_in
ENG-Premier League,2526,2026-03-21 Brighton-Liverpool,Liverpool,77’,2:1,Federico Chiesa,Ibrahima Konaté,substitute_in
ENG-Premier League,2526,2026-03-21 Brighton-Liverpool,Liverpool,79’,2:1,Dominik Szoboszlai,,yellow_card
ENG-Premier League,2526,2026-03-21 Brighton-Liverpool,Brighton & Hove Albion,83’,2:1,Georginio Rutter,Danny Welbeck,substitute_in
ENG-Premier League,2526,2026-03-21 Brighton-Liverpool,Brighton & Hove Albion,83’,2:1,Yasin Ayari,Jack Hinshelwood,substitute_in
ENG-Premier League,2526,2026-03-21 Brighton-Liverpool,Brighton & Hove Albion,85’,2:1,Lewis Dunk,,yellow_card
ENG-Premier League,2526,2026-03-21 Brighton-Liverpool,Liverpool,8’,0:0,Curtis Jones,Hugo Ekitike,substitute_in
ENG-Premier League,2526,2026-03-21 Brighton-Liverpool,Brighton & Hove Albion,90+1’,2:1,Joël Veltman,Diego Gómez,substitute_in
ENG-Premier League,2526,2026-03-21 Brighton-Liverpool,Brighton & Hove Albion,90+4’,2:1,Mats Wieffer,,yellow_card
ENG-Premier League,2526,2026-03-21 Brighton-Liverpool,Liverpool,90’,2:1,Federico Chiesa,,yellow_card
ENG-Premier League,2526,2026-03-21 Everton-Chelsea,Everton,33’,1:0,Beto,James Garner,goal
ENG-Premier League,2526,2026-03-21 Everton-Chelsea,Chelsea,46’,1:0,Alejandro Garnacho,Malo Gusto,substitute_in
ENG-Premier League,2526,2026-03-21 Everton-Chelsea,Chelsea,57’,1:0,Andrey Santos,Roméo Lavia,substitute_in
ENG-Premier League,2526,2026-03-21 Everton-Chelsea,Everton,62’,2:0,Beto,Idrissa Gueye,goal
ENG-Premier League,2526,2026-03-21 Everton-Chelsea,Chelsea,69’,2:0,Alejandro Garnacho,,yellow_card
ENG-Premier League,2526,2026-03-21 Everton-Chelsea,Chelsea,70’,2:0,Estêvão Willian,Pedro Neto,substitute_in
ENG-Premier League,2526,2026-03-21 Everton-Chelsea,Everton,76’,3:0,Iliman Ndiaye,Beto,goal
ENG-Premier League,2526,2026-03-21 Everton-Chelsea,Everton,78’,3:0,Jarrad Branthwaite,Dwight McNeil,substitute_in
ENG-Premier League,2526,2026-03-21 Everton-Chelsea,Chelsea,78’,3:0,Liam Delap,João Pedro,substitute_in
ENG-Premier League,2526,2026-03-21 Everton-Chelsea,Chelsea,78’,3:0,Tosin Adarabioyo,Moisés Caicedo,substitute_in
ENG-Premier League,2526,2026-03-21 Everton-Chelsea,Everton,81’,3:0,Thierno Barry,Beto,substitute_in
ENG-Premier League,2526,2026-03-21 Everton-Chelsea,Chelsea,87’,3:0,Wesley Fofana,,yellow_card
ENG-Premier League,2526,2026-03-21 Everton-Chelsea,Everton,89’,3:0,Merlin Röhl,Iliman Ndiaye,substitute_in
ENG-Premier League,2526,2026-03-21 Everton-Chelsea,Everton,89’,3:0,Tim Iroegbunam,Kiernan Dewsbury-Hall,substitute_in
ENG-Premier League,2526,2026-03-21 Fulham-Burnley,Burnley,18’,0:0,Lesley Ugochukwu,Hannibal Mejbri,substitute_in
ENG-Premier League,2526,2026-03-21 Fulham-Burnley,Burnley,37’,0:0,Josh Laurent,,yellow_card
ENG-Premier League,2526,2026-03-21 Fulham-Burnley,Fulham,55’,0:0,Antonee Robinson,,yellow_card
ENG-Premier League,2526,2026-03-21 Fulham-Burnley,Burnley,60’,0:1,Zian Flemming,Lyle Foster,goal
ENG-Premier League,2526,2026-03-21 Fulham-Burnley,Fulham,61’,0:1,Ryan Sessegnon,Antonee Robinson,substitute_in
ENG-Premier League,2526,2026-03-21 Fulham-Burnley,Fulham,61’,0:1,Samuel Chukwueze,Oscar Bobb,substitute_in
ENG-Premier League,2526,2026-03-21 Fulham-Burnley,Burnley,64’,0:1,James Ward-Prowse,,yellow_card
ENG-Premier League,2526,2026-03-21 Fulham-Burnley,Fulham,67’,1:1,Joshua King,,goal
ENG-Premier League,2526,2026-03-21 Fulham-Burnley,Fulham,73’,2:1,Harry Wilson,Joshua King,goal
ENG-Premier League,2526,2026-03-21 Fulham-Burnley,Burnley,78’,2:1,Marcus Edwards,Lyle Foster,substitute_in
ENG-Premier League,2526,2026-03-21 Fulham-Burnley,Burnley,78’,2:1,Ashley Barnes,James Ward-Prowse,substitute_in
ENG-Premier League,2526,2026-03-21 Fulham-Burnley,Fulham,82’,2:1,Emile Smith Rowe,Joshua King,substitute_in
ENG-Premier League,2526,2026-03-21 Fulham-Burnley,Fulham,82’,2:1,Raúl Jiménez,Rodrigo Muniz,substitute_in
ENG-Premier League,2526,2026-03-21 Fulham-Burnley,Fulham,87’,2:1,Harrison Reed,Harry Wilson,substitute_in
ENG-Premier League,2526,2026-03-21 Fulham-Burnley,Burnley,87’,2:1,Loum Tchaouna,Kyle Walker,substitute_in
ENG-Premier League,2526,2026-03-21 Fulham-Burnley,Fulham,90+2’,2:1,Alex Iwobi,,yellow_card
ENG-Premier League,2526,2026-03-21 Fulham-Burnley,Burnley,90+3’,2:1,Josh Laurent,,red_card
ENG-Premier League,2526,2026-03-21 Fulham-Burnley,Fulham,90+5’,3:1,Raúl Jiménez,,penalty_goal
ENG-Premier League,2526,2026-03-21 Leeds United-Brentford,Leeds United,38’,0:0,Pascal Struijk,,yellow_card
ENG-Premier League,2526,2026-03-21 Leeds United-Brentford,Leeds United,42’,0:0,Jayden Bogle,,yellow_card
ENG-Premier League,2526,2026-03-21 Leeds United-Brentford,Leeds United,68’,0:0,Ao Tanaka,Brenden Aaronson,substitute_in
ENG-Premier League,2526,2026-03-21 Leeds United-Brentford,Leeds United,69’,0:0,Noah Okafor,Lukas Nmecha,substitute_in
ENG-Premier League,2526,2026-03-21 Leeds United-Brentford,Brentford,77’,0:0,Dango Ouattara,Kevin Schade,substitute_in
ENG-Premier League,2526,2026-03-21 Leeds United-Brentford,Leeds United,83’,0:0,Daniel James,Pascal Struijk,substitute_in
ENG-Premier League,2526,2026-03-22 Aston Villa-West Ham,Aston Villa,15’,1:0,John McGinn,Jadon Sancho,goal
ENG-Premier League,2526,2026-03-22 Aston Villa-West Ham,West Ham United,45’,1:0,Aaron Wan-Bissaka,,yellow_card
ENG-Premier League,2526,2026-03-22 Aston Villa-West Ham,West Ham United,46’,1:0,Adama Traoré,Freddie Potts,substitute_in
ENG-Premier League,2526,2026-03-22 Aston Villa-West Ham,West Ham United,46’,1:0,Callum Wilson,Valentín Castellanos,substitute_in
ENG-Premier League,2526,2026-03-22 Aston Villa-West Ham,Aston Villa,67’,1:0,Douglas Luiz,Ross Barkley,substitute_in
ENG-Premier League,2526,2026-03-22 Aston Villa-West Ham,Aston Villa,67’,1:0,Youri Tielemans,John McGinn,substitute_in
ENG-Premier League,2526,2026-03-22 Aston Villa-West Ham,Aston Villa,67’,1:0,Leon Bailey,Jadon Sancho,substitute_in
ENG-Premier League,2526,2026-03-22 Aston Villa-West Ham,Aston Villa,68’,2:0,Ollie Watkins,,goal
ENG-Premier League,2526,2026-03-22 Aston Villa-West Ham,Aston Villa,77’,2:0,Emi Buendía,Morgan Rogers,substitute_in
ENG-Premier League,2526,2026-03-22 Aston Villa-West Ham,West Ham United,83’,2:0,Soungoutou Magassa,Aaron Wan-Bissaka,substitute_in
ENG-Premier League,2526,2026-03-22 Aston Villa-West Ham,West Ham United,83’,2:0,Mohamadou Kanté,Tomáš Souček,substitute_in
ENG-Premier League,2526,2026-03-22 Aston Villa-West Ham,Aston Villa,87’,2:0,Tammy Abraham,Ollie Watkins,substitute_in
ENG-Premier League,2526,2026-03-22 Newcastle-Sunderland,Newcastle United,10’,1:0,Anthony Gordon,Nick Woltemade,goal
ENG-Premier League,2526,2026-03-22 Newcastle-Sunderland,Sunderland,44’,1:0,Trai Hume,,yellow_card
ENG-Premier League,2526,2026-03-22 Newcastle-Sunderland,Newcastle United,54’,1:0,Malick Thiaw,Sven Botman,substitute_in
ENG-Premier League,2526,2026-03-22 Newcastle-Sunderland,Sunderland,57’,1:1,Chemsdine Talbi,,goal
ENG-Premier League,2526,2026-03-22 Newcastle-Sunderland,Newcastle United,65’,1:1,Jacob Murphy,Anthony Elanga,substitute_in
ENG-Premier League,2526,2026-03-22 Newcastle-Sunderland,Newcastle United,65’,1:1,Joe Willock,Nick Woltemade,substitute_in
ENG-Premier League,2526,2026-03-22 Newcastle-Sunderland,Newcastle United,65’,1:1,Tino Livramento,Kieran Trippier,substitute_in
ENG-Premier League,2526,2026-03-22 Newcastle-Sunderland,Newcastle United,76’,1:1,William Osula,Harvey Barnes,substitute_in
ENG-Premier League,2526,2026-03-22 Newcastle-Sunderland,Sunderland,82’,1:1,Omar Alderete,,yellow_card
ENG-Premier League,2526,2026-03-22 Newcastle-Sunderland,Sunderland,85’,1:1,Enzo Le Fée,Habib Diarra,substitute_in
ENG-Premier League,2526,2026-03-22 Newcastle-Sunderland,Newcastle United,89’,1:1,Yoane Wissa,Anthony Gordon,substitute_in
ENG-Premier League,2526,2026-03-22 Newcastle-Sunderland,Newcastle United,90+1’,1:2,Joelinton,,yellow_card
ENG-Premier League,2526,2026-03-22 Newcastle-Sunderland,Sunderland,90+1’,1:2,Brian Brobbey,,yellow_card
ENG-Premier League,2526,2026-03-22 Newcastle-Sunderland,Sunderland,90+3’,1:2,Eliezer Mayenda,Brian Brobbey,substitute_in
ENG-Premier League,2526,2026-03-22 Newcastle-Sunderland,Sunderland,90+3’,1:2,Reinildo Mandava,Chemsdine Talbi,substitute_in
ENG-Premier League,2526,2026-03-22 Newcastle-Sunderland,Sunderland,90+4’,1:2,Noah Sadiki,,yellow_card
ENG-Premier League,2526,2026-03-22 Newcastle-Sunderland,Sunderland,90+4’,1:2,Lutsharel Geertruida,,yellow_card
ENG-Premier League,2526,2026-03-22 Newcastle-Sunderland,Sunderland,90+9’,1:2,Reinildo Mandava,,yellow_card
ENG-Premier League,2526,2026-03-22 Newcastle-Sunderland,Sunderland,90’,1:2,Brian Brobbey,,goal
ENG-Premier League,2526,2026-03-22 Tottenham-Nottingham,Nottingham Forest,45’,0:1,Igor Jesus,Neco Williams,goal
ENG-Premier League,2526,2026-03-22 Tottenham-Nottingham,Tottenham Hotspur,46’,0:1,Destiny Udogie,Micky van de Ven,substitute_in
ENG-Premier League,2526,2026-03-22 Tottenham-Nottingham,Tottenham Hotspur,46’,0:1,Lucas Bergvall,Djed Spence,substitute_in
ENG-Premier League,2526,2026-03-22 Tottenham-Nottingham,Nottingham Forest,53’,0:1,Ibrahim Sangaré,,yellow_card
ENG-Premier League,2526,2026-03-22 Tottenham-Nottingham,Nottingham Forest,62’,0:2,Morgan Gibbs-White,Callum Hudson-Odoi,goal
ENG-Premier League,2526,2026-03-22 Tottenham-Nottingham,Tottenham Hotspur,67’,0:2,Randal Kolo Muani,Mathys Tel,substitute_in
ENG-Premier League,2526,2026-03-22 Tottenham-Nottingham,Tottenham Hotspur,67’,0:2,Xavi Simons,Richarlison,substitute_in
ENG-Premier League,2526,2026-03-22 Tottenham-Nottingham,Nottingham Forest,70’,0:2,Taiwo Awoniyi,Igor Jesus,substitute_in
ENG-Premier League,2526,2026-03-22 Tottenham-Nottingham,Nottingham Forest,70’,0:2,Ryan Yates,Callum Hudson-Odoi,substitute_in
ENG-Premier League,2526,2026-03-22 Tottenham-Nottingham,Nottingham Forest,80’,0:2,Dan Ndoye,Omari Hutchinson,substitute_in
ENG-Premier League,2526,2026-03-22 Tottenham-Nottingham,Tottenham Hotspur,82’,0:2,Destiny Udogie,,yellow_card
ENG-Premier League,2526,2026-03-22 Tottenham-Nottingham,Tottenham Hotspur,84’,0:2,Conor Gallagher,Archie Gray,substitute_in
ENG-Premier League,2526,2026-03-22 Tottenham-Nottingham,Nottingham Forest,87’,0:3,Taiwo Awoniyi,Neco Williams,goal
ENG-Premier League,2526,2026-03-22 Tottenham-Nottingham,Nottingham Forest,88’,0:3,Taiwo Awoniyi,,yellow_card
ENG-Premier League,2526,2026-03-22 Tottenham-Nottingham,Nottingham Forest,90+2’,0:3,Nicolás Domínguez,Elliot Anderson,substitute_in
ENG-Premier League,2526,2026-03-22 Tottenham-Nottingham,Nottingham Forest,90+2’,0:3,James Mcatee,Morgan Gibbs-White,substitute_in
ENG-Premier League,2526,2026-04-10 West Ham-Wolves,Wolverhampton Wanderers,20’,0:0,Yerson Mosquera,,yellow_card
ENG-Premier League,2526,2026-04-10 West Ham-Wolves,West Ham United,31’,0:0,Mateus Fernandes,,yellow_card
ENG-Premier League,2526,2026-04-10 West Ham-Wolves,West Ham United,42’,1:0,Konstantinos Mavropanos,Jarrod Bowen,goal
ENG-Premier League,2526,2026-04-10 West Ham-Wolves,West Ham United,52’,1:0,Valentín Castellanos,,yellow_card
ENG-Premier League,2526,2026-04-10 West Ham-Wolves,Wolverhampton Wanderers,61’,1:0,Rodrigo Gomes,Angel Gomes,substitute_in
ENG-Premier League,2526,2026-04-10 West Ham-Wolves,Wolverhampton Wanderers,61’,1:0,Mateus Mane,Jean-Ricner Bellegarde,substitute_in
ENG-Premier League,2526,2026-04-10 West Ham-Wolves,West Ham United,66’,2:0,Valentín Castellanos,Pablo,goal
ENG-Premier League,2526,2026-04-10 West Ham-Wolves,West Ham United,68’,3:0,Valentín Castellanos,Jarrod Bowen,goal
ENG-Premier League,2526,2026-04-10 West Ham-Wolves,Wolverhampton Wanderers,71’,3:0,Tolu Arokodare,Yerson Mosquera,substitute_in
ENG-Premier League,2526,2026-04-10 West Ham-Wolves,Wolverhampton Wanderers,71’,3:0,Hwang Hee-chan,Adam Armstrong,substitute_in
ENG-Premier League,2526,2026-04-10 West Ham-Wolves,West Ham United,78’,3:0,Adama Traoré,Crysencio Summerville,substitute_in
ENG-Premier League,2526,2026-04-10 West Ham-Wolves,West Ham United,78’,3:0,Freddie Potts,Pablo,substitute_in
ENG-Premier League,2526,2026-04-10 West Ham-Wolves,West Ham United,82’,3:0,Callum Wilson,Valentín Castellanos,substitute_in
ENG-Premier League,2526,2026-04-10 West Ham-Wolves,West Ham United,83’,4:0,Konstantinos Mavropanos,,goal
ENG-Premier League,2526,2026-04-10 West Ham-Wolves,West Ham United,85’,4:0,Soungoutou Magassa,Mateus Fernandes,substitute_in
ENG-Premier League,2526,2026-04-10 West Ham-Wolves,Wolverhampton Wanderers,85’,4:0,Tom Edozie,João Gomes,substitute_in
ENG-Premier League,2526,2026-04-10 West Ham-Wolves,Wolverhampton Wanderers,9’,0:0,Jean-Ricner Bellegarde,,yellow_card
ENG-Premier League,2526,2026-04-11 Arsenal-Bournemouth,Bournemouth,17’,0:1,Eli Junior Kroupi,,goal
ENG-Premier League,2526,2026-04-11 Arsenal-Bournemouth,Arsenal,35’,1:1,Viktor Gyökeres,,penalty_goal
ENG-Premier League,2526,2026-04-11 Arsenal-Bournemouth,Arsenal,54’,1:1,Eberechi Eze,Kai Havertz,substitute_in
ENG-Premier League,2526,2026-04-11 Arsenal-Bournemouth,Arsenal,54’,1:1,Max Dowman,Noni Madueke,substitute_in
ENG-Premier League,2526,2026-04-11 Arsenal-Bournemouth,Arsenal,54’,1:1,Leandro Trossard,Gabriel Martinelli,substitute_in
ENG-Premier League,2526,2026-04-11 Arsenal-Bournemouth,Bournemouth,70’,1:1,Tyler Adams,Ryan Christie,substitute_in
ENG-Premier League,2526,2026-04-11 Arsenal-Bournemouth,Bournemouth,70’,1:1,David Brooks,Rayan,substitute_in
ENG-Premier League,2526,2026-04-11 Arsenal-Bournemouth,Bournemouth,74’,1:2,Alex Scott,Evanilson,goal
ENG-Premier League,2526,2026-04-11 Arsenal-Bournemouth,Arsenal,76’,1:2,Cristhian Mosquera,Ben White,substitute_in
ENG-Premier League,2526,2026-04-11 Arsenal-Bournemouth,Arsenal,76’,1:2,Gabriel Jesus,Martín Zubimendi,substitute_in
ENG-Premier League,2526,2026-04-11 Arsenal-Bournemouth,Bournemouth,77’,1:2,Adrien Truffert,,yellow_card
ENG-Premier League,2526,2026-04-11 Arsenal-Bournemouth,Bournemouth,79’,1:2,Eli Junior Kroupi,,yellow_card
ENG-Premier League,2526,2026-04-11 Arsenal-Bournemouth,Arsenal,80’,1:2,Viktor Gyökeres,,yellow_card
ENG-Premier League,2526,2026-04-11 Arsenal-Bournemouth,Bournemouth,85’,1:2,Alex Tóth,Eli Junior Kroupi,substitute_in
ENG-Premier League,2526,2026-04-11 Arsenal-Bournemouth,Bournemouth,90+6’,1:2,James Hill,,yellow_card
ENG-Premier League,2526,2026-04-11 Arsenal-Bournemouth,Bournemouth,90’,1:2,Enes Ünal,Evanilson,substitute_in
ENG-Premier League,2526,2026-04-11 Arsenal-Bournemouth,Bournemouth,90’,1:2,Adam Smith,Álex Jiménez,substitute_in
ENG-Premier League,2526,2026-04-11 Brentford-Everton,Everton,26’,1:1,Beto,Idrissa Gueye,goal
ENG-Premier League,2526,2026-04-11 Brentford-Everton,Everton,2’,0:0,Jordan Pickford,,yellow_card
ENG-Premier League,2526,2026-04-11 Brentford-Everton,Brentford,3’,1:0,Igor Thiago,,penalty_goal
ENG-Premier League,2526,2026-04-11 Brentford-Everton,Brentford,46’,1:1,Reiss Nelson,Mikkel Damsgaard,substitute_in
ENG-Premier League,2526,2026-04-11 Brentford-Everton,Everton,47’,1:1,James Garner,,yellow_card
ENG-Premier League,2526,2026-04-11 Brentford-Everton,Everton,74’,1:1,Thierno Barry,Beto,substitute_in
ENG-Premier League,2526,2026-04-11 Brentford-Everton,Everton,74’,1:1,Tyrique George,Dwight McNeil,substitute_in
ENG-Premier League,2526,2026-04-11 Brentford-Everton,Everton,74’,1:1,Tim Iroegbunam,Idrissa Gueye,substitute_in
ENG-Premier League,2526,2026-04-11 Brentford-Everton,Brentford,76’,2:1,Igor Thiago,Michael Kayode,goal
ENG-Premier League,2526,2026-04-11 Brentford-Everton,Everton,90+1’,2:2,Kiernan Dewsbury-Hall,,goal
ENG-Premier League,2526,2026-04-11 Burnley-Brighton,Burnley,30’,0:0,Maxime Estève,,yellow_card
ENG-Premier League,2526,2026-04-11 Burnley-Brighton,Brighton & Hove Albion,43’,0:1,Mats Wieffer,Pascal Groß,goal
ENG-Premier League,2526,2026-04-11 Burnley-Brighton,Brighton & Hove Albion,48’,0:1,Jan Paul van Hecke,,yellow_card
ENG-Premier League,2526,2026-04-11 Burnley-Brighton,Burnley,60’,0:1,Florentino Luís,,yellow_card
ENG-Premier League,2526,2026-04-11 Burnley-Brighton,Burnley,67’,0:1,Jacob Bruun Larsen,Lesley Ugochukwu,substitute_in
ENG-Premier League,2526,2026-04-11 Burnley-Brighton,Burnley,75’,0:1,Mike Trésor,Marcus Edwards,substitute_in
ENG-Premier League,2526,2026-04-11 Burnley-Brighton,Brighton & Hove Albion,75’,0:1,Carlos Baleba,Jack Hinshelwood,substitute_in
ENG-Premier League,2526,2026-04-11 Burnley-Brighton,Brighton & Hove Albion,75’,0:1,Georginio Rutter,Danny Welbeck,substitute_in
ENG-Premier League,2526,2026-04-11 Burnley-Brighton,Brighton & Hove Albion,80’,0:1,Kaoru Mitoma,Yankuba Minteh,substitute_in
ENG-Premier League,2526,2026-04-11 Burnley-Brighton,Burnley,82’,0:1,Armando Broja,Florentino Luís,substitute_in
ENG-Premier League,2526,2026-04-11 Burnley-Brighton,Burnley,82’,0:1,Lucas,Quilindschy Hartman,substitute_in
ENG-Premier League,2526,2026-04-11 Burnley-Brighton,Burnley,82’,0:1,Kyle Walker,Bashir Humphreys,substitute_in
ENG-Premier League,2526,2026-04-11 Burnley-Brighton,Brighton & Hove Albion,88’,0:1,Joël Veltman,Diego Gómez,substitute_in
ENG-Premier League,2526,2026-04-11 Burnley-Brighton,Brighton & Hove Albion,89’,0:2,Mats Wieffer,Yasin Ayari,goal
ENG-Premier League,2526,2026-04-11 Liverpool-Fulham,Liverpool,36’,1:0,Rio Ngumoha,Florian Wirtz,goal
ENG-Premier League,2526,2026-04-11 Liverpool-Fulham,Liverpool,40’,2:0,Mohamed Salah,Cody Gakpo,goal
ENG-Premier League,2526,2026-04-11 Liverpool-Fulham,Liverpool,46’,2:0,Ryan Gravenberch,Curtis Jones,substitute_in
ENG-Premier League,2526,2026-04-11 Liverpool-Fulham,Fulham,46’,2:0,Emile Smith Rowe,Joshua King,substitute_in
ENG-Premier League,2526,2026-04-11 Liverpool-Fulham,Fulham,46’,2:0,Saša Lukić,Oscar Bobb,substitute_in
ENG-Premier League,2526,2026-04-11 Liverpool-Fulham,Liverpool,69’,2:0,Alexander Isak,Rio Ngumoha,substitute_in
ENG-Premier League,2526,2026-04-11 Liverpool-Fulham,Liverpool,69’,2:0,Joe Gomez,Jeremie Frimpong,substitute_in
ENG-Premier League,2526,2026-04-11 Liverpool-Fulham,Liverpool,69’,2:0,Alexis Mac Allister,Florian Wirtz,substitute_in
ENG-Premier League,2526,2026-04-11 Liverpool-Fulham,Fulham,69’,2:0,Ryan Sessegnon,Antonee Robinson,substitute_in
ENG-Premier League,2526,2026-04-11 Liverpool-Fulham,Fulham,80’,2:0,Raúl Jiménez,Rodrigo Muniz,substitute_in
ENG-Premier League,2526,2026-04-11 Liverpool-Fulham,Fulham,80’,2:0,Samuel Chukwueze,Harry Wilson,substitute_in
ENG-Premier League,2526,2026-04-11 Liverpool-Fulham,Liverpool,90’,2:0,Trey Nyoni,Mohamed Salah,substitute_in
ENG-Premier League,2526,2026-04-12 Chelsea-Manchester City,Chelsea,12’,0:0,Estêvão Willian,,yellow_card
ENG-Premier League,2526,2026-04-12 Chelsea-Manchester City,Manchester City,38’,0:0,Antoine Semenyo,,yellow_card
ENG-Premier League,2526,2026-04-12 Chelsea-Manchester City,Manchester City,51’,0:1,Nico O'Reilly,Rayan Cherki,goal
ENG-Premier League,2526,2026-04-12 Chelsea-Manchester City,Chelsea,54’,0:1,Marc Cucurella,,yellow_card
ENG-Premier League,2526,2026-04-12 Chelsea-Manchester City,Manchester City,57’,0:2,Marc Guéhi,Rayan Cherki,goal
ENG-Premier League,2526,2026-04-12 Chelsea-Manchester City,Manchester City,64’,0:2,Rayan Aït-Nouri,Nico O'Reilly,substitute_in
ENG-Premier League,2526,2026-04-12 Chelsea-Manchester City,Chelsea,67’,0:2,Alejandro Garnacho,Estêvão Willian,substitute_in
ENG-Premier League,2526,2026-04-12 Chelsea-Manchester City,Chelsea,67’,0:2,Roméo Lavia,Andrey Santos,substitute_in
ENG-Premier League,2526,2026-04-12 Chelsea-Manchester City,Manchester City,68’,0:3,Jeremy Doku,,goal
ENG-Premier League,2526,2026-04-12 Chelsea-Manchester City,Manchester City,76’,0:3,Sávio,Jeremy Doku,substitute_in
ENG-Premier League,2526,2026-04-12 Chelsea-Manchester City,Manchester City,76’,0:3,Phil Foden,Rayan Cherki,substitute_in
ENG-Premier League,2526,2026-04-12 Chelsea-Manchester City,Chelsea,81’,0:3,Liam Delap,João Pedro,substitute_in
ENG-Premier League,2526,2026-04-12 Chelsea-Manchester City,Chelsea,81’,0:3,Dario Essugo,Moisés Caicedo,substitute_in
ENG-Premier League,2526,2026-04-12 Chelsea-Manchester City,Manchester City,81’,0:3,Mateo Kovačić,Bernardo Silva,substitute_in
ENG-Premier League,2526,2026-04-12 Chelsea-Manchester City,Chelsea,88’,0:3,Joshua Acheampong,Malo Gusto,substitute_in
ENG-Premier League,2526,2026-04-12 Chelsea-Manchester City,Chelsea,90+8’,0:3,Dario Essugo,,yellow_card
ENG-Premier League,2526,2026-04-12 Crystal Palace-Newcastle,Newcastle United,43’,0:1,William Osula,Lewis Miley,goal
ENG-Premier League,2526,2026-04-12 Crystal Palace-Newcastle,Crystal Palace,64’,0:1,Ismaila Sarr,Brennan Johnson,substitute_in
ENG-Premier League,2526,2026-04-12 Crystal Palace-Newcastle,Crystal Palace,64’,0:1,Adam Wharton,Will Hughes,substitute_in
ENG-Premier League,2526,2026-04-12 Crystal Palace-Newcastle,Crystal Palace,64’,0:1,Jean-Philippe Mateta,Jørgen Strand Larsen,substitute_in
ENG-Premier League,2526,2026-04-12 Crystal Palace-Newcastle,Newcastle United,68’,0:1,Malick Thiaw,,yellow_card
ENG-Premier League,2526,2026-04-12 Crystal Palace-Newcastle,Newcastle United,71’,0:1,Harvey Barnes,Anthony Gordon,substitute_in
ENG-Premier League,2526,2026-04-12 Crystal Palace-Newcastle,Newcastle United,74’,0:1,Joelinton,,yellow_card
ENG-Premier League,2526,2026-04-12 Crystal Palace-Newcastle,Crystal Palace,76’,0:1,Daichi Kamada,Yéremy Pino,substitute_in
ENG-Premier League,2526,2026-04-12 Crystal Palace-Newcastle,Crystal Palace,80’,1:1,Jean-Philippe Mateta,Tyrick Mitchell,goal
ENG-Premier League,2526,2026-04-12 Crystal Palace-Newcastle,Newcastle United,84’,1:1,Jacob Ramsey,Joelinton,substitute_in
ENG-Premier League,2526,2026-04-12 Crystal Palace-Newcastle,Newcastle United,84’,1:1,Nick Woltemade,William Osula,substitute_in
ENG-Premier League,2526,2026-04-12 Crystal Palace-Newcastle,Newcastle United,90+3’,1:1,Aaron Ramsdale,,yellow_card
ENG-Premier League,2526,2026-04-12 Crystal Palace-Newcastle,Crystal Palace,90+4’,2:1,Jean-Philippe Mateta,,penalty_goal
ENG-Premier League,2526,2026-04-12 Crystal Palace-Newcastle,Newcastle United,90+5’,2:1,Anthony Elanga,Sandro Tonali,substitute_in
ENG-Premier League,2526,2026-04-12 Crystal Palace-Newcastle,Newcastle United,90+5’,2:1,Yoane Wissa,Jacob Murphy,substitute_in
ENG-Premier League,2526,2026-04-12 Crystal Palace-Newcastle,Crystal Palace,90+6’,2:1,Borna Sosa,Tyrick Mitchell,substitute_in
ENG-Premier League,2526,2026-04-12 Nottingham-Aston Villa,Aston Villa,11’,0:0,Matty Cash,,yellow_card
ENG-Premier League,2526,2026-04-12 Nottingham-Aston Villa,Aston Villa,23’,0:1,Murillo,,own_goal
ENG-Premier League,2526,2026-04-12 Nottingham-Aston Villa,Nottingham Forest,38’,1:1,Neco Williams,Callum Hudson-Odoi,goal
ENG-Premier League,2526,2026-04-12 Nottingham-Aston Villa,Nottingham Forest,45’,1:1,Omari Hutchinson,,yellow_card
ENG-Premier League,2526,2026-04-12 Nottingham-Aston Villa,Nottingham Forest,63’,1:1,Murillo,,yellow_card
ENG-Premier League,2526,2026-04-12 Nottingham-Aston Villa,Nottingham Forest,65’,1:1,Chris Wood,Omari Hutchinson,substitute_in
ENG-Premier League,2526,2026-04-12 Nottingham-Aston Villa,Aston Villa,67’,1:1,John McGinn,,yellow_card
ENG-Premier League,2526,2026-04-12 Nottingham-Aston Villa,Aston Villa,77’,1:1,Douglas Luiz,Ross Barkley,substitute_in
ENG-Premier League,2526,2026-04-12 Nottingham-Aston Villa,Aston Villa,78’,1:1,Emi Buendía,Morgan Rogers,substitute_in
ENG-Premier League,2526,2026-04-12 Nottingham-Aston Villa,Aston Villa,78’,1:1,Ian Maatsen,Lucas Digne,substitute_in
ENG-Premier League,2526,2026-04-12 Nottingham-Aston Villa,Nottingham Forest,84’,1:1,Nicolás Domínguez,Morgan Gibbs-White,substitute_in
ENG-Premier League,2526,2026-04-12 Nottingham-Aston Villa,Aston Villa,87’,1:1,Tammy Abraham,Ollie Watkins,substitute_in
ENG-Premier League,2526,2026-04-12 Nottingham-Aston Villa,Nottingham Forest,89’,1:1,Ryan Yates,Igor Jesus,substitute_in
ENG-Premier League,2526,2026-04-12 Nottingham-Aston Villa,Nottingham Forest,89’,1:1,Dan Ndoye,Ola Aina,substitute_in
ENG-Premier League,2526,2026-04-12 Nottingham-Aston Villa,Aston Villa,90+1’,1:1,Andrés García,Matty Cash,substitute_in
ENG-Premier League,2526,2026-04-12 Sunderland-Tottenham,Tottenham Hotspur,28’,0:0,Cristian Romero,,yellow_card
ENG-Premier League,2526,2026-04-12 Sunderland-Tottenham,Sunderland,33’,0:0,Brian Brobbey,,yellow_card
ENG-Premier League,2526,2026-04-12 Sunderland-Tottenham,Tottenham Hotspur,37’,0:0,Micky van de Ven,,yellow_card
ENG-Premier League,2526,2026-04-12 Sunderland-Tottenham,Tottenham Hotspur,37’,0:0,Pedro Porro,,yellow_card
ENG-Premier League,2526,2026-04-12 Sunderland-Tottenham,Sunderland,61’,1:0,Nordi Mukiele,Habib Diarra,goal
ENG-Premier League,2526,2026-04-12 Sunderland-Tottenham,Tottenham Hotspur,62’,1:0,Mathys Tel,Richarlison,substitute_in
ENG-Premier League,2526,2026-04-12 Sunderland-Tottenham,Tottenham Hotspur,62’,1:0,Pape Matar Sarr,Lucas Bergvall,substitute_in
ENG-Premier League,2526,2026-04-12 Sunderland-Tottenham,Tottenham Hotspur,62’,1:0,João Palhinha,Archie Gray,substitute_in
ENG-Premier League,2526,2026-04-12 Sunderland-Tottenham,Tottenham Hotspur,70’,1:0,Kevin Danso,Cristian Romero,substitute_in
ENG-Premier League,2526,2026-04-12 Sunderland-Tottenham,Sunderland,75’,1:0,Chris Rigg,,yellow_card
ENG-Premier League,2526,2026-04-12 Sunderland-Tottenham,Sunderland,82’,1:0,Chemsdine Talbi,Chris Rigg,substitute_in
ENG-Premier League,2526,2026-04-12 Sunderland-Tottenham,Sunderland,82’,1:0,Trai Hume,Nordi Mukiele,substitute_in
ENG-Premier League,2526,2026-04-12 Sunderland-Tottenham,Tottenham Hotspur,85’,1:0,Xavi Simons,Conor Gallagher,substitute_in
ENG-Premier League,2526,2026-04-12 Sunderland-Tottenham,Sunderland,90+1’,1:0,Trai Hume,,yellow_card
ENG-Premier League,2526,2026-04-12 Sunderland-Tottenham,Sunderland,90+8’,1:0,Wilson Isidor,Brian Brobbey,substitute_in
ENG-Premier League,2526,2026-04-13 Manchester Utd-Leeds United,Manchester United,18’,0:1,Matheus Cunha,,yellow_card
ENG-Premier League,2526,2026-04-13 Manchester Utd-Leeds United,Leeds United,29’,0:2,Noah Okafor,Brenden Aaronson,goal
ENG-Premier League,2526,2026-04-13 Manchester Utd-Leeds United,Leeds United,39’,0:2,James Justin,,yellow_card
ENG-Premier League,2526,2026-04-13 Manchester Utd-Leeds United,Manchester United,49’,0:2,Luke Shaw,,yellow_card
ENG-Premier League,2526,2026-04-13 Manchester Utd-Leeds United,Manchester United,56’,0:2,Lisandro Martínez,,red_card
ENG-Premier League,2526,2026-04-13 Manchester Utd-Leeds United,Leeds United,5’,0:1,Noah Okafor,,goal
ENG-Premier League,2526,2026-04-13 Manchester Utd-Leeds United,Manchester United,64’,0:2,Bruno Fernandes,,yellow_card
ENG-Premier League,2526,2026-04-13 Manchester Utd-Leeds United,Manchester United,69’,1:2,Casemiro,Bruno Fernandes,goal
ENG-Premier League,2526,2026-04-13 Manchester Utd-Leeds United,Manchester United,70’,1:2,Bryan Mbeumo,Amad Diallo,substitute_in
ENG-Premier League,2526,2026-04-13 Manchester Utd-Leeds United,Manchester United,70’,1:2,Diogo Dalot,Noussair Mazraoui,substitute_in
ENG-Premier League,2526,2026-04-13 Manchester Utd-Leeds United,Leeds United,74’,1:2,Ilia Gruev,Ao Tanaka,substitute_in
ENG-Premier League,2526,2026-04-13 Manchester Utd-Leeds United,Leeds United,74’,1:2,Wilfried Gnonto,Noah Okafor,substitute_in
ENG-Premier League,2526,2026-04-13 Manchester Utd-Leeds United,Leeds United,86’,1:2,Ethan Ampadu,,yellow_card
ENG-Premier League,2526,2026-04-13 Manchester Utd-Leeds United,Leeds United,86’,1:2,Sean Longstaff,Brenden Aaronson,substitute_in
ENG-Premier League,2526,2026-04-18 Brentford-Fulham,Fulham,43’,0:0,Samuel Chukwueze,Alex Iwobi,substitute_in
ENG-Premier League,2526,2026-04-18 Brentford-Fulham,Fulham,67’,0:0,Joshua King,Emile Smith Rowe,substitute_in
ENG-Premier League,2526,2026-04-18 Brentford-Fulham,Fulham,67’,0:0,Raúl Jiménez,Rodrigo Muniz,substitute_in
ENG-Premier League,2526,2026-04-18 Brentford-Fulham,Fulham,6’,0:0,Saša Lukić,,yellow_card
ENG-Premier League,2526,2026-04-18 Brentford-Fulham,Fulham,81’,0:0,Antonee Robinson,Ryan Sessegnon,substitute_in
ENG-Premier League,2526,2026-04-18 Brentford-Fulham,Fulham,81’,0:0,Oscar Bobb,Tom Cairney,substitute_in
ENG-Premier League,2526,2026-04-18 Chelsea-Manchester Utd,Chelsea,16’,0:0,Alejandro Garnacho,Estêvão Willian,substitute_in
ENG-Premier League,2526,2026-04-18 Chelsea-Manchester Utd,Manchester United,25’,0:0,Matheus Cunha,,yellow_card
ENG-Premier League,2526,2026-04-18 Chelsea-Manchester Utd,Chelsea,39’,0:0,Jorrel Hato,,yellow_card
ENG-Premier League,2526,2026-04-18 Chelsea-Manchester Utd,Manchester United,43’,0:1,Matheus Cunha,Bruno Fernandes,goal
ENG-Premier League,2526,2026-04-18 Chelsea-Manchester Utd,Manchester United,80’,0:1,Amad Diallo,Benjamin Šeško,substitute_in
ENG-Premier League,2526,2026-04-18 Chelsea-Manchester Utd,Chelsea,81’,0:1,Trevoh Chalobah,Wesley Fofana,substitute_in
ENG-Premier League,2526,2026-04-18 Chelsea-Manchester Utd,Chelsea,81’,0:1,Joshua Acheampong,Malo Gusto,substitute_in
ENG-Premier League,2526,2026-04-18 Chelsea-Manchester Utd,Manchester United,81’,0:1,Mason Mount,Matheus Cunha,substitute_in
ENG-Premier League,2526,2026-04-18 Chelsea-Manchester Utd,Manchester United,87’,0:1,Joshua Zirkzee,Bryan Mbeumo,substitute_in
ENG-Premier League,2526,2026-04-18 Chelsea-Manchester Utd,Chelsea,88’,0:1,Roméo Lavia,Enzo Fernández,substitute_in
ENG-Premier League,2526,2026-04-18 Chelsea-Manchester Utd,Manchester United,90+1’,0:1,Mason Mount,,yellow_card
ENG-Premier League,2526,2026-04-18 Chelsea-Manchester Utd,Manchester United,90+4’,0:1,Kobbie Mainoo,,yellow_card
ENG-Premier League,2526,2026-04-18 Leeds United-Wolves,Leeds United,18’,1:0,James Justin,Noah Okafor,goal
ENG-Premier League,2526,2026-04-18 Leeds United-Wolves,Leeds United,20’,2:0,Noah Okafor,Brenden Aaronson,goal
ENG-Premier League,2526,2026-04-18 Leeds United-Wolves,Wolverhampton Wanderers,38’,2:0,Mateus Mane,Angel Gomes,substitute_in
ENG-Premier League,2526,2026-04-18 Leeds United-Wolves,Wolverhampton Wanderers,46’,2:0,Pedro Lima,Jackson Tchatchoua,substitute_in
ENG-Premier League,2526,2026-04-18 Leeds United-Wolves,Leeds United,67’,2:0,Wilfried Gnonto,Noah Okafor,substitute_in
ENG-Premier League,2526,2026-04-18 Leeds United-Wolves,Wolverhampton Wanderers,67’,2:0,Rodrigo Gomes,Jean-Ricner Bellegarde,substitute_in
ENG-Premier League,2526,2026-04-18 Leeds United-Wolves,Leeds United,73’,2:0,Brenden Aaronson,,yellow_card
ENG-Premier League,2526,2026-04-18 Leeds United-Wolves,Wolverhampton Wanderers,75’,2:0,Hwang Hee-chan,Ladislav Krejčí,substitute_in
ENG-Premier League,2526,2026-04-18 Leeds United-Wolves,Leeds United,78’,2:0,Ilia Gruev,Brenden Aaronson,substitute_in
ENG-Premier League,2526,2026-04-18 Leeds United-Wolves,Leeds United,90+12’,3:0,James Justin,,yellow_card
ENG-Premier League,2526,2026-04-18 Leeds United-Wolves,Wolverhampton Wanderers,90+3’,2:0,Hugo Bueno,,yellow_card
ENG-Premier League,2526,2026-04-18 Leeds United-Wolves,Leeds United,90+5’,3:0,Dominic Calvert-Lewin,,penalty_goal
ENG-Premier League,2526,2026-04-18 Leeds United-Wolves,Leeds United,90+6’,3:0,Joe Rodon,Gabriel Gudmundsson,substitute_in
ENG-Premier League,2526,2026-04-18 Leeds United-Wolves,Leeds United,90+6’,3:0,Sean Longstaff,Ao Tanaka,substitute_in
ENG-Premier League,2526,2026-04-18 Leeds United-Wolves,Leeds United,90+6’,3:0,Lukas Nmecha,Dominic Calvert-Lewin,substitute_in
ENG-Premier League,2526,2026-04-18 Newcastle-Bournemouth,Bournemouth,32’,0:1,Marcus Tavernier,Rayan,goal
ENG-Premier League,2526,2026-04-18 Newcastle-Bournemouth,Newcastle United,46’,0:1,Kieran Trippier,Lewis Hall,substitute_in
ENG-Premier League,2526,2026-04-18 Newcastle-Bournemouth,Bournemouth,52’,0:1,Ryan Christie,,yellow_card
ENG-Premier League,2526,2026-04-18 Newcastle-Bournemouth,Bournemouth,55’,0:1,Marcus Tavernier,,yellow_card
ENG-Premier League,2526,2026-04-18 Newcastle-Bournemouth,Newcastle United,62’,0:1,Jacob Murphy,Anthony Elanga,substitute_in
ENG-Premier League,2526,2026-04-18 Newcastle-Bournemouth,Newcastle United,62’,0:1,Bruno Guimarães,Jacob Ramsey,substitute_in
ENG-Premier League,2526,2026-04-18 Newcastle-Bournemouth,Bournemouth,65’,0:1,Tyler Adams,Ryan Christie,substitute_in
ENG-Premier League,2526,2026-04-18 Newcastle-Bournemouth,Bournemouth,65’,0:1,David Brooks,Eli Junior Kroupi,substitute_in
ENG-Premier League,2526,2026-04-18 Newcastle-Bournemouth,Newcastle United,68’,1:1,William Osula,,goal
ENG-Premier League,2526,2026-04-18 Newcastle-Bournemouth,Newcastle United,74’,1:1,Dan Burn,Tino Livramento,substitute_in
ENG-Premier League,2526,2026-04-18 Newcastle-Bournemouth,Newcastle United,77’,1:1,Sven Botman,,yellow_card
ENG-Premier League,2526,2026-04-18 Newcastle-Bournemouth,Bournemouth,78’,1:1,Ben Gannon-Doak,Rayan,substitute_in
ENG-Premier League,2526,2026-04-18 Newcastle-Bournemouth,Newcastle United,80’,1:1,Jacob Murphy,,yellow_card
ENG-Premier League,2526,2026-04-18 Newcastle-Bournemouth,Bournemouth,82’,1:1,Alex Scott,,yellow_card
ENG-Premier League,2526,2026-04-18 Newcastle-Bournemouth,Bournemouth,85’,1:2,Adrien Truffert,,goal
ENG-Premier League,2526,2026-04-18 Newcastle-Bournemouth,Newcastle United,86’,1:2,Nick Woltemade,Sandro Tonali,substitute_in
ENG-Premier League,2526,2026-04-18 Newcastle-Bournemouth,Bournemouth,89’,1:2,Enes Ünal,Evanilson,substitute_in
ENG-Premier League,2526,2026-04-18 Newcastle-Bournemouth,Bournemouth,89’,1:2,Alex Tóth,Marcus Tavernier,substitute_in
ENG-Premier League,2526,2026-04-18 Newcastle-Bournemouth,Bournemouth,90+4’,1:2,Đorđe Petrović,,yellow_card
ENG-Premier League,2526,2026-04-18 Tottenham-Brighton,Brighton & Hove Albion,20’,0:0,Kaoru Mitoma,Diego Gómez,substitute_in
ENG-Premier League,2526,2026-04-18 Tottenham-Brighton,Tottenham Hotspur,34’,0:0,Yves Bissouma,,yellow_card
ENG-Premier League,2526,2026-04-18 Tottenham-Brighton,Brighton & Hove Albion,37’,0:0,Mats Wieffer,,yellow_card
ENG-Premier League,2526,2026-04-18 Tottenham-Brighton,Tottenham Hotspur,39’,1:0,Pedro Porro,Xavi Simons,goal
ENG-Premier League,2526,2026-04-18 Tottenham-Brighton,Brighton & Hove Albion,45+3’,1:1,Kaoru Mitoma,Pascal Groß,goal
ENG-Premier League,2526,2026-04-18 Tottenham-Brighton,Tottenham Hotspur,57’,1:1,Mathys Tel,Randal Kolo Muani,substitute_in
ENG-Premier League,2526,2026-04-18 Tottenham-Brighton,Tottenham Hotspur,57’,1:1,Archie Gray,Yves Bissouma,substitute_in
ENG-Premier League,2526,2026-04-18 Tottenham-Brighton,Tottenham Hotspur,65’,1:1,Kevin Danso,,yellow_card
ENG-Premier League,2526,2026-04-18 Tottenham-Brighton,Tottenham Hotspur,67’,1:1,João Palhinha,Rodrigo Bentancur,substitute_in
ENG-Premier League,2526,2026-04-18 Tottenham-Brighton,Brighton & Hove Albion,75’,1:1,Maxim De Cuyper,Kaoru Mitoma,substitute_in
ENG-Premier League,2526,2026-04-18 Tottenham-Brighton,Brighton & Hove Albion,75’,1:1,Matt O'Riley,Jack Hinshelwood,substitute_in
ENG-Premier League,2526,2026-04-18 Tottenham-Brighton,Brighton & Hove Albion,75’,1:1,Georginio Rutter,Danny Welbeck,substitute_in
ENG-Premier League,2526,2026-04-18 Tottenham-Brighton,Tottenham Hotspur,76’,1:1,Lucas Bergvall,Conor Gallagher,substitute_in
ENG-Premier League,2526,2026-04-18 Tottenham-Brighton,Tottenham Hotspur,76’,1:1,Djed Spence,Destiny Udogie,substitute_in
ENG-Premier League,2526,2026-04-18 Tottenham-Brighton,Tottenham Hotspur,77’,2:1,Xavi Simons,Lucas Bergvall,goal
ENG-Premier League,2526,2026-04-18 Tottenham-Brighton,Tottenham Hotspur,78’,2:1,Xavi Simons,,yellow_card
ENG-Premier League,2526,2026-04-18 Tottenham-Brighton,Brighton & Hove Albion,82’,2:1,Charalampos Kostoulas,Yasin Ayari,substitute_in
ENG-Premier League,2526,2026-04-18 Tottenham-Brighton,Brighton & Hove Albion,90+5’,2:2,Georginio Rutter,Jan Paul van Hecke,goal
ENG-Premier League,2526,2026-04-19 Aston Villa-Sunderland,Aston Villa,2’,1:0,Ollie Watkins,John McGinn,goal
ENG-Premier League,2526,2026-04-19 Aston Villa-Sunderland,Aston Villa,36’,2:1,Ollie Watkins,Ian Maatsen,goal
ENG-Premier League,2526,2026-04-19 Aston Villa-Sunderland,Aston Villa,46’,3:1,Morgan Rogers,Ollie Watkins,goal
ENG-Premier League,2526,2026-04-19 Aston Villa-Sunderland,Sunderland,63’,3:1,Daniel Ballard,Omar Alderete,substitute_in
ENG-Premier League,2526,2026-04-19 Aston Villa-Sunderland,Sunderland,63’,3:1,Trai Hume,Reinildo Mandava,substitute_in
ENG-Premier League,2526,2026-04-19 Aston Villa-Sunderland,Sunderland,63’,3:1,Chemsdine Talbi,Chris Rigg,substitute_in
ENG-Premier League,2526,2026-04-19 Aston Villa-Sunderland,Sunderland,66’,3:1,Noah Sadiki,,yellow_card
ENG-Premier League,2526,2026-04-19 Aston Villa-Sunderland,Aston Villa,70’,3:1,Emi Buendía,Ross Barkley,substitute_in
ENG-Premier League,2526,2026-04-19 Aston Villa-Sunderland,Aston Villa,70’,3:1,Lucas Digne,Ian Maatsen,substitute_in
ENG-Premier League,2526,2026-04-19 Aston Villa-Sunderland,Aston Villa,80’,3:1,Jadon Sancho,John McGinn,substitute_in
ENG-Premier League,2526,2026-04-19 Aston Villa-Sunderland,Aston Villa,80’,3:1,Tammy Abraham,Ollie Watkins,substitute_in
ENG-Premier League,2526,2026-04-19 Aston Villa-Sunderland,Sunderland,84’,3:1,Wilson Isidor,Brian Brobbey,substitute_in
ENG-Premier League,2526,2026-04-19 Aston Villa-Sunderland,Sunderland,86’,3:2,Trai Hume,,goal
ENG-Premier League,2526,2026-04-19 Aston Villa-Sunderland,Sunderland,87’,3:3,Wilson Isidor,Enzo Le Fée,goal
ENG-Premier League,2526,2026-04-19 Aston Villa-Sunderland,Aston Villa,90+3’,4:3,Tammy Abraham,Lucas Digne,goal
ENG-Premier League,2526,2026-04-19 Aston Villa-Sunderland,Sunderland,90+5’,4:3,Nordi Mukiele,,yellow_card
ENG-Premier League,2526,2026-04-19 Aston Villa-Sunderland,Aston Villa,90+8’,4:3,Amadou Onana,,yellow_card
ENG-Premier League,2526,2026-04-19 Aston Villa-Sunderland,Sunderland,90+8’,4:3,Daniel Ballard,,yellow_card
ENG-Premier League,2526,2026-04-19 Aston Villa-Sunderland,Sunderland,9’,1:1,Chris Rigg,Noah Sadiki,goal
ENG-Premier League,2526,2026-04-19 Everton-Liverpool,Everton,22’,0:0,Jordan Pickford,,yellow_card
ENG-Premier League,2526,2026-04-19 Everton-Liverpool,Liverpool,29’,0:1,Mohamed Salah,Cody Gakpo,goal
ENG-Premier League,2526,2026-04-19 Everton-Liverpool,Everton,54’,1:1,Beto,Kiernan Dewsbury-Hall,goal
ENG-Premier League,2526,2026-04-19 Everton-Liverpool,Liverpool,58’,1:1,Freddie Woodman,Giorgi Mamardashvili,substitute_in
ENG-Premier League,2526,2026-04-19 Everton-Liverpool,Liverpool,72’,1:1,Rio Ngumoha,Alexander Isak,substitute_in
ENG-Premier League,2526,2026-04-19 Everton-Liverpool,Everton,73’,1:1,Thierno Barry,Beto,substitute_in
ENG-Premier League,2526,2026-04-19 Everton-Liverpool,Everton,80’,1:1,Tyrique George,Dwight McNeil,substitute_in
ENG-Premier League,2526,2026-04-19 Everton-Liverpool,Liverpool,84’,1:1,Alexis Mac Allister,Florian Wirtz,substitute_in
ENG-Premier League,2526,2026-04-19 Everton-Liverpool,Liverpool,84’,1:1,Jeremie Frimpong,Cody Gakpo,substitute_in
ENG-Premier League,2526,2026-04-19 Everton-Liverpool,Everton,87’,1:1,Michael Keane,Jarrad Branthwaite,substitute_in
ENG-Premier League,2526,2026-04-19 Everton-Liverpool,Liverpool,87’,1:1,Milos Kerkez,Andy Robertson,substitute_in
ENG-Premier League,2526,2026-04-19 Everton-Liverpool,Liverpool,90+10’,1:2,Virgil van Dijk,Dominik Szoboszlai,goal
ENG-Premier League,2526,2026-04-19 Everton-Liverpool,Everton,90+12’,1:2,James Garner,,yellow_card
ENG-Premier League,2526,2026-04-19 Manchester City-Arsenal,Manchester City,16’,1:0,Rayan Cherki,Matheus Nunes,goal
ENG-Premier League,2526,2026-04-19 Manchester City-Arsenal,Arsenal,18’,1:1,Kai Havertz,,goal
ENG-Premier League,2526,2026-04-19 Manchester City-Arsenal,Arsenal,36’,1:1,Cristhian Mosquera,,yellow_card
ENG-Premier League,2526,2026-04-19 Manchester City-Arsenal,Arsenal,46’,1:1,Gabriel Martinelli,Noni Madueke,substitute_in
ENG-Premier League,2526,2026-04-19 Manchester City-Arsenal,Manchester City,60’,1:1,Marc Guéhi,,yellow_card
ENG-Premier League,2526,2026-04-19 Manchester City-Arsenal,Manchester City,65’,2:1,Erling Haaland,,goal
ENG-Premier League,2526,2026-04-19 Manchester City-Arsenal,Arsenal,74’,2:1,Leandro Trossard,Eberechi Eze,substitute_in
ENG-Premier League,2526,2026-04-19 Manchester City-Arsenal,Arsenal,74’,2:1,Ben White,Cristhian Mosquera,substitute_in
ENG-Premier League,2526,2026-04-19 Manchester City-Arsenal,Manchester City,83’,2:1,Erling Haaland,,yellow_card
ENG-Premier League,2526,2026-04-19 Manchester City-Arsenal,Arsenal,83’,2:1,Gabriel Magalhães,,yellow_card
ENG-Premier League,2526,2026-04-19 Manchester City-Arsenal,Manchester City,85’,2:1,Phil Foden,Rayan Cherki,substitute_in
ENG-Premier League,2526,2026-04-19 Manchester City-Arsenal,Arsenal,85’,2:1,Viktor Gyökeres,Martín Zubimendi,substitute_in
ENG-Premier League,2526,2026-04-19 Manchester City-Arsenal,Manchester City,88’,2:1,Sávio,Jeremy Doku,substitute_in
ENG-Premier League,2526,2026-04-19 Manchester City-Arsenal,Manchester City,88’,2:1,Nicolás González,Rodri,substitute_in
ENG-Premier League,2526,2026-04-19 Manchester City-Arsenal,Manchester City,90+6’,2:1,Nathan Aké,Antoine Semenyo,substitute_in
ENG-Premier League,2526,2026-04-19 Nottingham-Burnley,Nottingham Forest,42’,0:0,Jair Cunha,Murillo,substitute_in
ENG-Premier League,2526,2026-04-19 Nottingham-Burnley,Burnley,45+2’,0:1,Zian Flemming,Quilindschy Hartman,goal
ENG-Premier League,2526,2026-04-19 Nottingham-Burnley,Nottingham Forest,46’,0:1,Igor Jesus,Dilane Bakwa,substitute_in
ENG-Premier League,2526,2026-04-19 Nottingham-Burnley,Nottingham Forest,62’,1:1,Morgan Gibbs-White,,goal
ENG-Premier League,2526,2026-04-19 Nottingham-Burnley,Burnley,64’,1:1,Lyle Foster,Marcus Edwards,substitute_in
ENG-Premier League,2526,2026-04-19 Nottingham-Burnley,Nottingham Forest,69’,2:1,Morgan Gibbs-White,Omari Hutchinson,goal
ENG-Premier League,2526,2026-04-19 Nottingham-Burnley,Burnley,75’,2:1,Florentino Luís,,yellow_card
ENG-Premier League,2526,2026-04-19 Nottingham-Burnley,Nottingham Forest,76’,2:1,Ryan Yates,Chris Wood,substitute_in
ENG-Premier League,2526,2026-04-19 Nottingham-Burnley,Burnley,76’,2:1,Jacob Bruun Larsen,Lesley Ugochukwu,substitute_in
ENG-Premier League,2526,2026-04-19 Nottingham-Burnley,Nottingham Forest,77’,3:1,Morgan Gibbs-White,Ryan Yates,goal
ENG-Premier League,2526,2026-04-19 Nottingham-Burnley,Burnley,80’,3:1,Kyle Walker,,yellow_card
ENG-Premier League,2526,2026-04-19 Nottingham-Burnley,Burnley,83’,3:1,Armando Broja,Zian Flemming,substitute_in
ENG-Premier League,2526,2026-04-19 Nottingham-Burnley,Burnley,83’,3:1,Josh Laurent,Florentino Luís,substitute_in
ENG-Premier League,2526,2026-04-19 Nottingham-Burnley,Burnley,83’,3:1,Loum Tchaouna,Jaidon Anthony,substitute_in
ENG-Premier League,2526,2026-04-19 Nottingham-Burnley,Nottingham Forest,88’,3:1,Morato,Omari Hutchinson,substitute_in
ENG-Premier League,2526,2026-04-19 Nottingham-Burnley,Nottingham Forest,88’,3:1,Nicolás Domínguez,Morgan Gibbs-White,substitute_in
ENG-Premier League,2526,2026-04-19 Nottingham-Burnley,Nottingham Forest,90+8’,4:1,Igor Jesus,Nicolás Domínguez,goal
ENG-Premier League,2526,2026-04-20 Crystal Palace-West Ham,Crystal Palace,21’,0:0,Brennan Johnson,,yellow_card
ENG-Premier League,2526,2026-04-20 Crystal Palace-West Ham,Crystal Palace,59’,0:0,Ismaila Sarr,Yéremy Pino,substitute_in
ENG-Premier League,2526,2026-04-20 Crystal Palace-West Ham,Crystal Palace,59’,0:0,Jean-Philippe Mateta,Jørgen Strand Larsen,substitute_in
ENG-Premier League,2526,2026-04-20 Crystal Palace-West Ham,Crystal Palace,59’,0:0,Daichi Kamada,Will Hughes,substitute_in
ENG-Premier League,2526,2026-04-20 Crystal Palace-West Ham,West Ham United,75’,0:0,Callum Wilson,Pablo,substitute_in
ENG-Premier League,2526,2026-04-20 Crystal Palace-West Ham,Crystal Palace,78’,0:0,Justin Devenny,Brennan Johnson,substitute_in
ENG-Premier League,2526,2026-04-20 Crystal Palace-West Ham,West Ham United,84’,0:0,Mohamadou Kanté,Valentín Castellanos,substitute_in
ENG-Premier League,2526,2026-04-20 Crystal Palace-West Ham,Crystal Palace,90+2’,0:0,Daniel Muñoz,,yellow_card
ENG-Premier League,2526,2026-04-20 Crystal Palace-West Ham,West Ham United,90+2’,0:0,El Hadji Malick Diouf,,yellow_card
ENG-Premier League,2526,2026-04-21 Brighton-Chelsea,Brighton & Hove Albion,3’,1:0,Ferdi Kadioglu,,goal
ENG-Premier League,2526,2026-04-21 Brighton-Chelsea,Chelsea,45+1’,1:0,Wesley Fofana,,yellow_card
ENG-Premier League,2526,2026-04-21 Brighton-Chelsea,Brighton & Hove Albion,46’,1:0,Joël Veltman,Mats Wieffer,substitute_in
ENG-Premier League,2526,2026-04-21 Brighton-Chelsea,Chelsea,46’,1:0,Alejandro Garnacho,Wesley Fofana,substitute_in
ENG-Premier League,2526,2026-04-21 Brighton-Chelsea,Brighton & Hove Albion,56’,2:0,Jack Hinshelwood,Georginio Rutter,goal
ENG-Premier League,2526,2026-04-21 Brighton-Chelsea,Brighton & Hove Albion,58’,2:0,Yankuba Minteh,,yellow_card
ENG-Premier League,2526,2026-04-21 Brighton-Chelsea,Chelsea,72’,2:0,Marc Guiu,Liam Delap,substitute_in
ENG-Premier League,2526,2026-04-21 Brighton-Chelsea,Chelsea,73’,2:0,Dario Essugo,Roméo Lavia,substitute_in
ENG-Premier League,2526,2026-04-21 Brighton-Chelsea,Brighton & Hove Albion,77’,2:0,Maxim De Cuyper,Yankuba Minteh,substitute_in
ENG-Premier League,2526,2026-04-21 Brighton-Chelsea,Brighton & Hove Albion,83’,2:0,Yasin Ayari,Kaoru Mitoma,substitute_in
ENG-Premier League,2526,2026-04-21 Brighton-Chelsea,Brighton & Hove Albion,83’,2:0,Danny Welbeck,Georginio Rutter,substitute_in
ENG-Premier League,2526,2026-04-21 Brighton-Chelsea,Brighton & Hove Albion,90+1’,3:0,Danny Welbeck,Maxim De Cuyper,goal
ENG-Premier League,2526,2026-04-21 Brighton-Chelsea,Brighton & Hove Albion,90+2’,3:0,Matt O'Riley,Jack Hinshelwood,substitute_in
ENG-Premier League,2526,2026-04-21 Brighton-Chelsea,Chelsea,90+2’,3:0,Joshua Acheampong,Malo Gusto,substitute_in
ENG-Premier League,2526,2026-04-22 Bournemouth-Leeds United,Bournemouth,25’,0:0,Eli Junior Kroupi,,yellow_card
ENG-Premier League,2526,2026-04-22 Bournemouth-Leeds United,Bournemouth,41’,0:0,Álex Jiménez,,yellow_card
ENG-Premier League,2526,2026-04-22 Bournemouth-Leeds United,Leeds United,46’,0:0,Joe Rodon,Jayden Bogle,substitute_in
ENG-Premier League,2526,2026-04-22 Bournemouth-Leeds United,Bournemouth,60’,1:0,Eli Junior Kroupi,Marcos Senesi,goal
ENG-Premier League,2526,2026-04-22 Bournemouth-Leeds United,Leeds United,64’,1:0,Lukas Nmecha,Jaka Bijol,substitute_in
ENG-Premier League,2526,2026-04-22 Bournemouth-Leeds United,Leeds United,64’,1:0,Wilfried Gnonto,Noah Okafor,substitute_in
ENG-Premier League,2526,2026-04-22 Bournemouth-Leeds United,Bournemouth,67’,1:0,Rayan,David Brooks,substitute_in
ENG-Premier League,2526,2026-04-22 Bournemouth-Leeds United,Leeds United,68’,1:1,James Hill,,own_goal
ENG-Premier League,2526,2026-04-22 Bournemouth-Leeds United,Bournemouth,73’,1:1,Tyler Adams,Eli Junior Kroupi,substitute_in
ENG-Premier League,2526,2026-04-22 Bournemouth-Leeds United,Bournemouth,73’,1:1,Amine Adli,Ryan Christie,substitute_in
ENG-Premier League,2526,2026-04-22 Bournemouth-Leeds United,Leeds United,84’,1:1,Sean Longstaff,Brenden Aaronson,substitute_in
ENG-Premier League,2526,2026-04-22 Bournemouth-Leeds United,Bournemouth,85’,2:1,Rayan,Tyler Adams,goal
ENG-Premier League,2526,2026-04-22 Bournemouth-Leeds United,Leeds United,89’,2:1,Joël Piroe,Ao Tanaka,substitute_in
ENG-Premier League,2526,2026-04-22 Bournemouth-Leeds United,Bournemouth,90+1’,2:1,Alex Tóth,Marcus Tavernier,substitute_in
ENG-Premier League,2526,2026-04-22 Bournemouth-Leeds United,Bournemouth,90+5’,2:1,Evanilson,,yellow_card
ENG-Premier League,2526,2026-04-22 Bournemouth-Leeds United,Leeds United,90+7’,2:2,Sean Longstaff,,goal
ENG-Premier League,2526,2026-04-22 Burnley-Manchester City,Manchester City,5’,0:1,Erling Haaland,Jeremy Doku,goal
ENG-Premier League,2526,2026-04-22 Burnley-Manchester City,Manchester City,65’,0:1,Nicolás González,Rayan Aït-Nouri,substitute_in
ENG-Premier League,2526,2026-04-22 Burnley-Manchester City,Manchester City,65’,0:1,Sávio,Antoine Semenyo,substitute_in
ENG-Premier League,2526,2026-04-22 Burnley-Manchester City,Burnley,72’,0:1,Lyle Foster,Loum Tchaouna,substitute_in
ENG-Premier League,2526,2026-04-22 Burnley-Manchester City,Burnley,82’,0:1,Armando Broja,Zian Flemming,substitute_in
ENG-Premier League,2526,2026-04-22 Burnley-Manchester City,Burnley,82’,0:1,Florentino Luís,Bashir Humphreys,substitute_in
ENG-Premier League,2526,2026-04-22 Burnley-Manchester City,Burnley,87’,0:1,Marcus Edwards,Josh Laurent,substitute_in
ENG-Premier League,2526,2026-04-22 Burnley-Manchester City,Burnley,87’,0:1,Mike Trésor,Jaidon Anthony,substitute_in
ENG-Premier League,2526,2026-04-24 Sunderland-Nottingham,Nottingham Forest,17’,0:1,Trai Hume,,own_goal
ENG-Premier League,2526,2026-04-24 Sunderland-Nottingham,Nottingham Forest,31’,0:2,Chris Wood,Morgan Gibbs-White,goal
ENG-Premier League,2526,2026-04-24 Sunderland-Nottingham,Nottingham Forest,34’,0:3,Morgan Gibbs-White,Igor Jesus,goal
ENG-Premier League,2526,2026-04-24 Sunderland-Nottingham,Nottingham Forest,37’,0:4,Igor Jesus,,goal
ENG-Premier League,2526,2026-04-24 Sunderland-Nottingham,Sunderland,46’,0:4,Reinildo Mandava,Chris Rigg,substitute_in
ENG-Premier League,2526,2026-04-24 Sunderland-Nottingham,Nottingham Forest,46’,0:4,Nicolás Domínguez,Ibrahim Sangaré,substitute_in
ENG-Premier League,2526,2026-04-24 Sunderland-Nottingham,Nottingham Forest,50’,0:4,Morato,Jair Cunha,substitute_in
ENG-Premier League,2526,2026-04-24 Sunderland-Nottingham,Sunderland,51’,0:4,Habib Diarra,,yellow_card
ENG-Premier League,2526,2026-04-24 Sunderland-Nottingham,Nottingham Forest,51’,0:4,Nicolás Domínguez,,yellow_card
ENG-Premier League,2526,2026-04-24 Sunderland-Nottingham,Nottingham Forest,58’,0:4,Elliot Anderson,,yellow_card
ENG-Premier League,2526,2026-04-24 Sunderland-Nottingham,Nottingham Forest,60’,0:4,Igor Jesus,,yellow_card
ENG-Premier League,2526,2026-04-24 Sunderland-Nottingham,Sunderland,65’,0:4,Wilson Isidor,Habib Diarra,substitute_in
ENG-Premier League,2526,2026-04-24 Sunderland-Nottingham,Nottingham Forest,67’,0:4,Ryan Yates,Igor Jesus,substitute_in
ENG-Premier League,2526,2026-04-24 Sunderland-Nottingham,Nottingham Forest,67’,0:4,Luca Netz,Omari Hutchinson,substitute_in
ENG-Premier League,2526,2026-04-24 Sunderland-Nottingham,Nottingham Forest,69’,0:4,Neco Williams,,yellow_card
ENG-Premier League,2526,2026-04-24 Sunderland-Nottingham,Sunderland,75’,0:4,Granit Xhaka,,yellow_card
ENG-Premier League,2526,2026-04-24 Sunderland-Nottingham,Nottingham Forest,76’,0:4,Ryan Yates,,yellow_card
ENG-Premier League,2526,2026-04-24 Sunderland-Nottingham,Nottingham Forest,88’,0:4,Taiwo Awoniyi,Chris Wood,substitute_in
ENG-Premier League,2526,2026-04-24 Sunderland-Nottingham,Nottingham Forest,90+5’,0:5,Elliot Anderson,Taiwo Awoniyi,goal
ENG-Premier League,2526,2026-04-25 Arsenal-Newcastle,Arsenal,34’,1:0,Viktor Gyökeres,Kai Havertz,substitute_in
ENG-Premier League,2526,2026-04-25 Arsenal-Newcastle,Arsenal,53’,1:0,Gabriel Martinelli,Eberechi Eze,substitute_in
ENG-Premier League,2526,2026-04-25 Arsenal-Newcastle,Newcastle United,57’,1:0,Dan Burn,,yellow_card
ENG-Premier League,2526,2026-04-25 Arsenal-Newcastle,Newcastle United,66’,1:0,Harvey Barnes,Jacob Murphy,substitute_in
ENG-Premier League,2526,2026-04-25 Arsenal-Newcastle,Newcastle United,66’,1:0,Yoane Wissa,William Osula,substitute_in
ENG-Premier League,2526,2026-04-25 Arsenal-Newcastle,Arsenal,71’,1:0,Gabriel Martinelli,,yellow_card
ENG-Premier League,2526,2026-04-25 Arsenal-Newcastle,Newcastle United,74’,1:0,Nick Pope,,yellow_card
ENG-Premier League,2526,2026-04-25 Arsenal-Newcastle,Newcastle United,75’,1:0,Nick Woltemade,Bruno Guimarães,substitute_in
ENG-Premier League,2526,2026-04-25 Arsenal-Newcastle,Arsenal,81’,1:0,Myles Lewis-Skelly,Martín Zubimendi,substitute_in
ENG-Premier League,2526,2026-04-25 Arsenal-Newcastle,Arsenal,81’,1:0,Bukayo Saka,Noni Madueke,substitute_in
ENG-Premier League,2526,2026-04-25 Arsenal-Newcastle,Arsenal,86’,1:0,Declan Rice,,yellow_card
ENG-Premier League,2526,2026-04-25 Arsenal-Newcastle,Newcastle United,86’,1:0,Anthony Elanga,Joe Willock,substitute_in
ENG-Premier League,2526,2026-04-25 Arsenal-Newcastle,Arsenal,9’,1:0,Eberechi Eze,Kai Havertz,goal
ENG-Premier League,2526,2026-04-25 Fulham-Aston Villa,Fulham,43’,1:0,Ryan Sessegnon,,goal
ENG-Premier League,2526,2026-04-25 Fulham-Aston Villa,Fulham,46’,1:0,Timothy Castagne,,yellow_card
ENG-Premier League,2526,2026-04-25 Fulham-Aston Villa,Aston Villa,49’,1:0,Pau Torres,,yellow_card
ENG-Premier League,2526,2026-04-25 Fulham-Aston Villa,Fulham,66’,1:0,Rodrigo Muniz,Raúl Jiménez,substitute_in
ENG-Premier League,2526,2026-04-25 Fulham-Aston Villa,Aston Villa,74’,1:0,Douglas Luiz,Lamare Bogarde,substitute_in
ENG-Premier League,2526,2026-04-25 Fulham-Aston Villa,Aston Villa,74’,1:0,Jadon Sancho,Youri Tielemans,substitute_in
ENG-Premier League,2526,2026-04-25 Fulham-Aston Villa,Aston Villa,74’,1:0,Ross Barkley,John McGinn,substitute_in
ENG-Premier League,2526,2026-04-25 Fulham-Aston Villa,Aston Villa,74’,1:0,Leon Bailey,Emi Buendía,substitute_in
ENG-Premier League,2526,2026-04-25 Fulham-Aston Villa,Fulham,76’,1:0,Joshua King,Emile Smith Rowe,substitute_in
ENG-Premier League,2526,2026-04-25 Fulham-Aston Villa,Fulham,76’,1:0,Oscar Bobb,Samuel Chukwueze,substitute_in
ENG-Premier League,2526,2026-04-25 Fulham-Aston Villa,Fulham,81’,1:0,Antonee Robinson,Ryan Sessegnon,substitute_in
ENG-Premier League,2526,2026-04-25 Fulham-Aston Villa,Aston Villa,81’,1:0,Tammy Abraham,Ollie Watkins,substitute_in
ENG-Premier League,2526,2026-04-25 Fulham-Aston Villa,Fulham,90+1’,1:0,Harry Wilson,,yellow_card
ENG-Premier League,2526,2026-04-25 Fulham-Aston Villa,Aston Villa,90+4’,1:0,Douglas Luiz,,yellow_card
ENG-Premier League,2526,2026-04-25 Liverpool-Crystal Palace,Crystal Palace,19’,0:0,Daniel Muñoz,,yellow_card
ENG-Premier League,2526,2026-04-25 Liverpool-Crystal Palace,Crystal Palace,32’,0:0,Dean Henderson,,yellow_card
ENG-Premier League,2526,2026-04-25 Liverpool-Crystal Palace,Liverpool,35’,1:0,Alexander Isak,Alexis Mac Allister,goal
ENG-Premier League,2526,2026-04-25 Liverpool-Crystal Palace,Liverpool,40’,2:0,Andy Robertson,Curtis Jones,goal
ENG-Premier League,2526,2026-04-25 Liverpool-Crystal Palace,Crystal Palace,46’,2:0,Borna Sosa,Tyrick Mitchell,substitute_in
ENG-Premier League,2526,2026-04-25 Liverpool-Crystal Palace,Liverpool,59’,2:0,Jeremie Frimpong,Mohamed Salah,substitute_in
ENG-Premier League,2526,2026-04-25 Liverpool-Crystal Palace,Crystal Palace,59’,2:0,Yéremy Pino,Brennan Johnson,substitute_in
ENG-Premier League,2526,2026-04-25 Liverpool-Crystal Palace,Crystal Palace,70’,2:0,Jørgen Strand Larsen,Jean-Philippe Mateta,substitute_in
ENG-Premier League,2526,2026-04-25 Liverpool-Crystal Palace,Crystal Palace,71’,2:1,Daniel Muñoz,,goal
ENG-Premier League,2526,2026-04-25 Liverpool-Crystal Palace,Liverpool,79’,2:1,Ryan Gravenberch,Alexander Isak,substitute_in
ENG-Premier League,2526,2026-04-25 Liverpool-Crystal Palace,Liverpool,87’,2:1,Joe Gomez,Curtis Jones,substitute_in
ENG-Premier League,2526,2026-04-25 Liverpool-Crystal Palace,Liverpool,87’,2:1,Milos Kerkez,Andy Robertson,substitute_in
ENG-Premier League,2526,2026-04-25 Liverpool-Crystal Palace,Crystal Palace,90+3’,2:1,Borna Sosa,,yellow_card
ENG-Premier League,2526,2026-04-25 Liverpool-Crystal Palace,Liverpool,90+6’,3:1,Florian Wirtz,Alexis Mac Allister,goal
ENG-Premier League,2526,2026-04-25 Liverpool-Crystal Palace,Liverpool,90’,2:1,Dominik Szoboszlai,,yellow_card
ENG-Premier League,2526,2026-04-25 West Ham-Everton,Everton,38’,0:0,Jake O'Brien,,yellow_card
ENG-Premier League,2526,2026-04-25 West Ham-Everton,Everton,47’,0:0,James Tarkowski,,yellow_card
ENG-Premier League,2526,2026-04-25 West Ham-Everton,West Ham United,51’,1:0,Tomáš Souček,Jarrod Bowen,goal
ENG-Premier League,2526,2026-04-25 West Ham-Everton,Everton,63’,1:0,James Garner,,yellow_card
ENG-Premier League,2526,2026-04-25 West Ham-Everton,Everton,65’,1:0,Tim Iroegbunam,Jake O'Brien,substitute_in
ENG-Premier League,2526,2026-04-25 West Ham-Everton,Everton,65’,1:0,Tyrique George,Dwight McNeil,substitute_in
ENG-Premier League,2526,2026-04-25 West Ham-Everton,West Ham United,70’,1:0,Valentín Castellanos,,yellow_card
ENG-Premier League,2526,2026-04-25 West Ham-Everton,West Ham United,79’,1:0,Freddie Potts,Valentín Castellanos,substitute_in
ENG-Premier League,2526,2026-04-25 West Ham-Everton,West Ham United,81’,1:0,Callum Wilson,Pablo,substitute_in
ENG-Premier League,2526,2026-04-25 West Ham-Everton,Everton,86’,1:0,Carlos Alcaraz,Idrissa Gueye,substitute_in
ENG-Premier League,2526,2026-04-25 West Ham-Everton,Everton,88’,1:1,Kiernan Dewsbury-Hall,James Tarkowski,goal
ENG-Premier League,2526,2026-04-25 West Ham-Everton,West Ham United,90+2’,2:1,Callum Wilson,Jarrod Bowen,goal
ENG-Premier League,2526,2026-04-25 West Ham-Everton,West Ham United,90+3’,2:1,Axel Disasi,,yellow_card
ENG-Premier League,2526,2026-04-25 West Ham-Everton,West Ham United,90+5’,2:1,Jean-Clair Todibo,Jarrod Bowen,substitute_in
ENG-Premier League,2526,2026-04-25 West Ham-Everton,West Ham United,90+5’,2:1,Callum Wilson,,yellow_card
ENG-Premier League,2526,2026-04-25 West Ham-Everton,Everton,90+9’,2:1,Carlos Alcaraz,,yellow_card
ENG-Premier League,2526,2026-04-25 Wolves-Tottenham,Tottenham Hotspur,40’,0:0,Richarlison,Dominic Solanke,substitute_in
ENG-Premier League,2526,2026-04-25 Wolves-Tottenham,Wolverhampton Wanderers,45+3’,0:0,André,,yellow_card
ENG-Premier League,2526,2026-04-25 Wolves-Tottenham,Tottenham Hotspur,46’,0:0,Mathys Tel,Randal Kolo Muani,substitute_in
ENG-Premier League,2526,2026-04-25 Wolves-Tottenham,Wolverhampton Wanderers,56’,0:0,Hugo Bueno,,yellow_card
ENG-Premier League,2526,2026-04-25 Wolves-Tottenham,Tottenham Hotspur,56’,0:0,Pedro Porro,,yellow_card
ENG-Premier League,2526,2026-04-25 Wolves-Tottenham,Tottenham Hotspur,62’,0:0,João Palhinha,Yves Bissouma,substitute_in
ENG-Premier League,2526,2026-04-25 Wolves-Tottenham,Tottenham Hotspur,63’,0:0,Lucas Bergvall,Xavi Simons,substitute_in
ENG-Premier League,2526,2026-04-25 Wolves-Tottenham,Tottenham Hotspur,65’,0:0,Rodrigo Bentancur,,yellow_card
ENG-Premier League,2526,2026-04-25 Wolves-Tottenham,Wolverhampton Wanderers,71’,0:0,Tolu Arokodare,Rodrigo Gomes,substitute_in
ENG-Premier League,2526,2026-04-25 Wolves-Tottenham,Tottenham Hotspur,74’,0:0,Conor Gallagher,,yellow_card
ENG-Premier League,2526,2026-04-25 Wolves-Tottenham,Tottenham Hotspur,82’,0:1,João Palhinha,Richarlison,goal
ENG-Premier League,2526,2026-04-25 Wolves-Tottenham,Wolverhampton Wanderers,86’,0:1,Hwang Hee-chan,Matt Doherty,substitute_in
ENG-Premier League,2526,2026-04-25 Wolves-Tottenham,Wolverhampton Wanderers,86’,0:1,Jackson Tchatchoua,Pedro Lima,substitute_in
ENG-Premier League,2526,2026-04-25 Wolves-Tottenham,Tottenham Hotspur,90+1’,0:1,Radu Drăgușin,Conor Gallagher,substitute_in
ENG-Premier League,2526,2026-04-25 Wolves-Tottenham,Wolverhampton Wanderers,90+4’,0:1,David Møller Wolfe,Hugo Bueno,substitute_in
ENG-Premier League,2526,2026-04-25 Wolves-Tottenham,Wolverhampton Wanderers,90+6’,0:1,João Gomes,,yellow_card
ENG-Premier League,2526,2026-04-25 Wolves-Tottenham,Tottenham Hotspur,90+7’,0:1,Kevin Danso,,yellow_card
ENG-Premier League,2526,2026-04-27 Manchester Utd-Brentford,Manchester United,11’,1:0,Casemiro,Harry Maguire,goal
ENG-Premier League,2526,2026-04-27 Manchester Utd-Brentford,Brentford,40’,1:0,Sepp van den Berg,,yellow_card
ENG-Premier League,2526,2026-04-27 Manchester Utd-Brentford,Manchester United,43’,2:0,Benjamin Šeško,Bruno Fernandes,goal
ENG-Premier League,2526,2026-04-27 Manchester Utd-Brentford,Manchester United,46’,2:0,Noussair Mazraoui,Amad Diallo,substitute_in
ENG-Premier League,2526,2026-04-27 Manchester Utd-Brentford,Manchester United,6’,0:0,Luke Shaw,,yellow_card
ENG-Premier League,2526,2026-04-27 Manchester Utd-Brentford,Brentford,71’,2:0,Dango Ouattara,,yellow_card
ENG-Premier League,2526,2026-04-27 Manchester Utd-Brentford,Brentford,73’,2:0,Reiss Nelson,Kevin Schade,substitute_in
ENG-Premier League,2526,2026-04-27 Manchester Utd-Brentford,Manchester United,74’,2:0,Leny Yoro,Luke Shaw,substitute_in
ENG-Premier League,2526,2026-04-27 Manchester Utd-Brentford,Manchester United,74’,2:0,Mason Mount,Bryan Mbeumo,substitute_in
ENG-Premier League,2526,2026-04-27 Manchester Utd-Brentford,Brentford,76’,2:0,Igor Thiago,,yellow_card
ENG-Premier League,2526,2026-04-27 Manchester Utd-Brentford,Brentford,87’,2:1,Mathias Jensen,Reiss Nelson,goal
ENG-Premier League,2526,2026-04-27 Manchester Utd-Brentford,Manchester United,88’,2:1,Joshua Zirkzee,Benjamin Šeško,substitute_in
ENG-Premier League,2526,2026-04-27 Manchester Utd-Brentford,Manchester United,90+2’,2:1,Joshua Zirkzee,,yellow_card
ENG-Premier League,2526,2026-04-27 Manchester Utd-Brentford,Brentford,90+6’,2:1,Nathan Collins,,yellow_card
ENG-Premier League,2526,2026-05-01 Leeds United-Burnley,Leeds United,27’,1:0,Pascal Struijk,,yellow_card
ENG-Premier League,2526,2026-05-01 Leeds United-Burnley,Burnley,35’,1:0,Bashir Humphreys,,yellow_card
ENG-Premier League,2526,2026-05-01 Leeds United-Burnley,Burnley,37’,1:0,Loum Tchaouna,,yellow_card
ENG-Premier League,2526,2026-05-01 Leeds United-Burnley,Leeds United,40’,1:0,Joe Rodon,,yellow_card
ENG-Premier League,2526,2026-05-01 Leeds United-Burnley,Leeds United,48’,1:0,Dominic Calvert-Lewin,,yellow_card
ENG-Premier League,2526,2026-05-01 Leeds United-Burnley,Leeds United,52’,2:0,Noah Okafor,Jayden Bogle,goal
ENG-Premier League,2526,2026-05-01 Leeds United-Burnley,Burnley,54’,2:0,Hannibal Mejbri,Josh Laurent,substitute_in
ENG-Premier League,2526,2026-05-01 Leeds United-Burnley,Leeds United,56’,3:0,Dominic Calvert-Lewin,,goal
ENG-Premier League,2526,2026-05-01 Leeds United-Burnley,Leeds United,65’,3:0,Lukas Nmecha,Noah Okafor,substitute_in
ENG-Premier League,2526,2026-05-01 Leeds United-Burnley,Burnley,65’,3:0,Florentino Luís,James Ward-Prowse,substitute_in
ENG-Premier League,2526,2026-05-01 Leeds United-Burnley,Burnley,65’,3:0,Lucas,Quilindschy Hartman,substitute_in
ENG-Premier League,2526,2026-05-01 Leeds United-Burnley,Burnley,71’,3:1,Loum Tchaouna,Jaidon Anthony,goal
ENG-Premier League,2526,2026-05-01 Leeds United-Burnley,Leeds United,72’,3:1,Brenden Aaronson,Anton Stach,substitute_in
ENG-Premier League,2526,2026-05-01 Leeds United-Burnley,Leeds United,72’,3:1,Sean Longstaff,Ao Tanaka,substitute_in
ENG-Premier League,2526,2026-05-01 Leeds United-Burnley,Leeds United,75’,3:1,Ethan Ampadu,,yellow_card
ENG-Premier League,2526,2026-05-01 Leeds United-Burnley,Burnley,76’,3:1,Zeki Amdouni,Bashir Humphreys,substitute_in
ENG-Premier League,2526,2026-05-01 Leeds United-Burnley,Burnley,76’,3:1,Armando Broja,Zian Flemming,substitute_in
ENG-Premier League,2526,2026-05-01 Leeds United-Burnley,Burnley,88’,3:1,Hannibal Mejbri,,yellow_card
ENG-Premier League,2526,2026-05-01 Leeds United-Burnley,Leeds United,8’,1:0,Anton Stach,Jaka Bijol,goal
ENG-Premier League,2526,2026-05-01 Leeds United-Burnley,Leeds United,90+4’,3:1,Daniel James,Jayden Bogle,substitute_in
ENG-Premier League,2526,2026-05-01 Leeds United-Burnley,Leeds United,90+4’,3:1,Wilfried Gnonto,Dominic Calvert-Lewin,substitute_in
ENG-Premier League,2526,2026-05-02 Arsenal-Fulham,Fulham,23’,1:0,Saša Lukić,,yellow_card
ENG-Premier League,2526,2026-05-02 Arsenal-Fulham,Arsenal,40’,2:0,Bukayo Saka,Viktor Gyökeres,goal
ENG-Premier League,2526,2026-05-02 Arsenal-Fulham,Arsenal,45+4’,3:0,Viktor Gyökeres,Leandro Trossard,goal
ENG-Premier League,2526,2026-05-02 Arsenal-Fulham,Arsenal,46’,3:0,Noni Madueke,Bukayo Saka,substitute_in
ENG-Premier League,2526,2026-05-02 Arsenal-Fulham,Arsenal,64’,3:0,Gabriel Jesus,Viktor Gyökeres,substitute_in
ENG-Premier League,2526,2026-05-02 Arsenal-Fulham,Arsenal,64’,3:0,Martín Zubimendi,Declan Rice,substitute_in
ENG-Premier League,2526,2026-05-02 Arsenal-Fulham,Fulham,64’,3:0,Oscar Bobb,Harry Wilson,substitute_in
ENG-Premier League,2526,2026-05-02 Arsenal-Fulham,Fulham,64’,3:0,Joshua King,Samuel Chukwueze,substitute_in
ENG-Premier League,2526,2026-05-02 Arsenal-Fulham,Fulham,64’,3:0,Tom Cairney,Harrison Reed,substitute_in
ENG-Premier League,2526,2026-05-02 Arsenal-Fulham,Fulham,73’,3:0,Rodrigo Muniz,Raúl Jiménez,substitute_in
ENG-Premier League,2526,2026-05-02 Arsenal-Fulham,Arsenal,78’,3:0,Max Dowman,Eberechi Eze,substitute_in
ENG-Premier League,2526,2026-05-02 Arsenal-Fulham,Fulham,78’,3:0,Jonah Kusi-Asare,Emile Smith Rowe,substitute_in
ENG-Premier League,2526,2026-05-02 Arsenal-Fulham,Arsenal,83’,3:0,Cristhian Mosquera,Ben White,substitute_in
ENG-Premier League,2526,2026-05-02 Arsenal-Fulham,Arsenal,9’,1:0,Viktor Gyökeres,Bukayo Saka,goal
ENG-Premier League,2526,2026-05-02 Brentford-West Ham,Brentford,15’,1:0,Konstantinos Mavropanos,,own_goal
ENG-Premier League,2526,2026-05-02 Brentford-West Ham,Brentford,54’,2:0,Igor Thiago,,penalty_goal
ENG-Premier League,2526,2026-05-02 Brentford-West Ham,West Ham United,59’,2:0,Valentín Castellanos,,yellow_card
ENG-Premier League,2526,2026-05-02 Brentford-West Ham,West Ham United,62’,2:0,Crysencio Summerville,,yellow_card
ENG-Premier League,2526,2026-05-02 Brentford-West Ham,West Ham United,65’,2:0,Callum Wilson,Valentín Castellanos,substitute_in
ENG-Premier League,2526,2026-05-02 Brentford-West Ham,West Ham United,65’,2:0,Aaron Wan-Bissaka,Kyle Walker-Peters,substitute_in
ENG-Premier League,2526,2026-05-02 Brentford-West Ham,Brentford,73’,2:0,Michael Kayode,,yellow_card
ENG-Premier League,2526,2026-05-02 Brentford-West Ham,West Ham United,74’,2:0,Adama Traoré,El Hadji Malick Diouf,substitute_in
ENG-Premier League,2526,2026-05-02 Brentford-West Ham,Brentford,80’,2:0,Kristoffer Ajer,Kevin Schade,substitute_in
ENG-Premier League,2526,2026-05-02 Brentford-West Ham,Brentford,82’,3:0,Mikkel Damsgaard,Keane Lewis-Potter,goal
ENG-Premier League,2526,2026-05-02 Brentford-West Ham,West Ham United,88’,3:0,Oliver Scarles,Crysencio Summerville,substitute_in
ENG-Premier League,2526,2026-05-02 Brentford-West Ham,West Ham United,88’,3:0,Soungoutou Magassa,Jarrod Bowen,substitute_in
ENG-Premier League,2526,2026-05-02 Brentford-West Ham,Brentford,90+1’,3:0,Aaron Hickey,Keane Lewis-Potter,substitute_in
ENG-Premier League,2526,2026-05-02 Brentford-West Ham,Brentford,90+1’,3:0,Josh Dasilva,Mikkel Damsgaard,substitute_in
ENG-Premier League,2526,2026-05-02 Brentford-West Ham,West Ham United,90+6’,3:0,Oliver Scarles,,yellow_card
ENG-Premier League,2526,2026-05-02 Brentford-West Ham,Brentford,90’,3:0,Kaye Furo,Dango Ouattara,substitute_in
ENG-Premier League,2526,2026-05-02 Newcastle-Brighton,Newcastle United,12’,1:0,William Osula,Jacob Murphy,goal
ENG-Premier League,2526,2026-05-02 Newcastle-Brighton,Brighton & Hove Albion,18’,1:0,Joël Veltman,Mats Wieffer,substitute_in
ENG-Premier League,2526,2026-05-02 Newcastle-Brighton,Brighton & Hove Albion,22’,1:0,Joël Veltman,,yellow_card
ENG-Premier League,2526,2026-05-02 Newcastle-Brighton,Newcastle United,24’,2:0,Dan Burn,Bruno Guimarães,goal
ENG-Premier League,2526,2026-05-02 Newcastle-Brighton,Brighton & Hove Albion,39’,2:0,Kaoru Mitoma,,yellow_card
ENG-Premier League,2526,2026-05-02 Newcastle-Brighton,Newcastle United,53’,2:0,Dan Burn,,yellow_card
ENG-Premier League,2526,2026-05-02 Newcastle-Brighton,Brighton & Hove Albion,61’,2:1,Jack Hinshelwood,Danny Welbeck,goal
ENG-Premier League,2526,2026-05-02 Newcastle-Brighton,Newcastle United,68’,2:1,Yoane Wissa,William Osula,substitute_in
ENG-Premier League,2526,2026-05-02 Newcastle-Brighton,Newcastle United,68’,2:1,Lewis Hall,Joe Willock,substitute_in
ENG-Premier League,2526,2026-05-02 Newcastle-Brighton,Newcastle United,68’,2:1,Harvey Barnes,Jacob Murphy,substitute_in
ENG-Premier League,2526,2026-05-02 Newcastle-Brighton,Brighton & Hove Albion,80’,2:1,Charalampos Kostoulas,Carlos Baleba,substitute_in
ENG-Premier League,2526,2026-05-02 Newcastle-Brighton,Brighton & Hove Albion,80’,2:1,Georginio Rutter,Danny Welbeck,substitute_in
ENG-Premier League,2526,2026-05-02 Newcastle-Brighton,Brighton & Hove Albion,81’,2:1,Maxim De Cuyper,Joël Veltman,substitute_in
ENG-Premier League,2526,2026-05-02 Newcastle-Brighton,Newcastle United,85’,2:1,Sandro Tonali,,yellow_card
ENG-Premier League,2526,2026-05-02 Newcastle-Brighton,Newcastle United,87’,2:1,Yoane Wissa,,yellow_card
ENG-Premier League,2526,2026-05-02 Newcastle-Brighton,Brighton & Hove Albion,88’,2:1,Lewis Dunk,Jack Hinshelwood,substitute_in
ENG-Premier League,2526,2026-05-02 Newcastle-Brighton,Newcastle United,90+1’,2:1,Jacob Ramsey,Bruno Guimarães,substitute_in
ENG-Premier League,2526,2026-05-02 Newcastle-Brighton,Brighton & Hove Albion,90+2’,2:1,Jan Paul van Hecke,,yellow_card
ENG-Premier League,2526,2026-05-02 Newcastle-Brighton,Newcastle United,90+5’,3:1,Harvey Barnes,Yoane Wissa,goal
ENG-Premier League,2526,2026-05-02 Wolves-Sunderland,Sunderland,17’,0:1,Nordi Mukiele,Granit Xhaka,goal
ENG-Premier League,2526,2026-05-02 Wolves-Sunderland,Sunderland,24’,0:1,Daniel Ballard,,red_card
ENG-Premier League,2526,2026-05-02 Wolves-Sunderland,Sunderland,45+2’,0:1,Brian Brobbey,,yellow_card
ENG-Premier League,2526,2026-05-02 Wolves-Sunderland,Wolverhampton Wanderers,46’,0:1,Rodrigo Gomes,Pedro Lima,substitute_in
ENG-Premier League,2526,2026-05-02 Wolves-Sunderland,Wolverhampton Wanderers,54’,1:1,Santiago Bueno,Hugo Bueno,goal
ENG-Premier League,2526,2026-05-02 Wolves-Sunderland,Sunderland,56’,1:1,Granit Xhaka,,yellow_card
ENG-Premier League,2526,2026-05-02 Wolves-Sunderland,Sunderland,72’,1:1,Wilson Isidor,Brian Brobbey,substitute_in
ENG-Premier League,2526,2026-05-02 Wolves-Sunderland,Sunderland,72’,1:1,Habib Diarra,Noah Sadiki,substitute_in
ENG-Premier League,2526,2026-05-02 Wolves-Sunderland,Sunderland,72’,1:1,Dennis Cirkin,Reinildo Mandava,substitute_in
ENG-Premier League,2526,2026-05-02 Wolves-Sunderland,Wolverhampton Wanderers,78’,1:1,Angel Gomes,Hugo Bueno,substitute_in
ENG-Premier League,2526,2026-05-02 Wolves-Sunderland,Sunderland,81’,1:1,Dennis Cirkin,,yellow_card
ENG-Premier League,2526,2026-05-02 Wolves-Sunderland,Sunderland,90+2’,1:1,Robin Roefs,,yellow_card
ENG-Premier League,2526,2026-05-02 Wolves-Sunderland,Wolverhampton Wanderers,90+3’,1:1,Tom Edozie,Tolu Arokodare,substitute_in
ENG-Premier League,2526,2026-05-03 Aston Villa-Tottenham,Tottenham Hotspur,12’,0:1,Conor Gallagher,,goal
ENG-Premier League,2526,2026-05-03 Aston Villa-Tottenham,Tottenham Hotspur,25’,0:2,Richarlison,Mathys Tel,goal
ENG-Premier League,2526,2026-05-03 Aston Villa-Tottenham,Tottenham Hotspur,27’,0:2,Randal Kolo Muani,,yellow_card
ENG-Premier League,2526,2026-05-03 Aston Villa-Tottenham,Tottenham Hotspur,45’,0:2,Rodrigo Bentancur,,yellow_card
ENG-Premier League,2526,2026-05-03 Aston Villa-Tottenham,Aston Villa,51’,0:2,Ross Barkley,,yellow_card
ENG-Premier League,2526,2026-05-03 Aston Villa-Tottenham,Aston Villa,60’,0:2,Ollie Watkins,Tammy Abraham,substitute_in
ENG-Premier League,2526,2026-05-03 Aston Villa-Tottenham,Tottenham Hotspur,67’,0:2,Yves Bissouma,Rodrigo Bentancur,substitute_in
ENG-Premier League,2526,2026-05-03 Aston Villa-Tottenham,Tottenham Hotspur,67’,0:2,Djed Spence,Randal Kolo Muani,substitute_in
ENG-Premier League,2526,2026-05-03 Aston Villa-Tottenham,Tottenham Hotspur,73’,0:2,Mathys Tel,,yellow_card
ENG-Premier League,2526,2026-05-03 Aston Villa-Tottenham,Aston Villa,77’,0:2,Morgan Rogers,,yellow_card
ENG-Premier League,2526,2026-05-03 Aston Villa-Tottenham,Tottenham Hotspur,81’,0:2,Kevin Danso,,yellow_card
ENG-Premier League,2526,2026-05-03 Aston Villa-Tottenham,Aston Villa,85’,0:2,Emi Buendía,Ross Barkley,substitute_in
ENG-Premier League,2526,2026-05-03 Aston Villa-Tottenham,Aston Villa,85’,0:2,Leon Bailey,Jadon Sancho,substitute_in
ENG-Premier League,2526,2026-05-03 Aston Villa-Tottenham,Tottenham Hotspur,90+1’,0:2,Pape Matar Sarr,Richarlison,substitute_in
ENG-Premier League,2526,2026-05-03 Aston Villa-Tottenham,Tottenham Hotspur,90+1’,0:2,Lucas Bergvall,Mathys Tel,substitute_in
ENG-Premier League,2526,2026-05-03 Aston Villa-Tottenham,Aston Villa,90+6’,1:2,Emi Buendía,Matty Cash,goal
ENG-Premier League,2526,2026-05-03 Aston Villa-Tottenham,Tottenham Hotspur,90+6’,1:2,Conor Gallagher,,yellow_card
ENG-Premier League,2526,2026-05-03 Bournemouth-Crystal Palace,Bournemouth,10’,1:0,Jefferson Lerma,,own_goal
ENG-Premier League,2526,2026-05-03 Bournemouth-Crystal Palace,Bournemouth,32’,2:0,Eli Junior Kroupi,,penalty_goal
ENG-Premier League,2526,2026-05-03 Bournemouth-Crystal Palace,Crystal Palace,38’,2:0,Maxence Lacroix,,yellow_card
ENG-Premier League,2526,2026-05-03 Bournemouth-Crystal Palace,Crystal Palace,46’,2:0,Adam Wharton,Daichi Kamada,substitute_in
ENG-Premier League,2526,2026-05-03 Bournemouth-Crystal Palace,Crystal Palace,46’,2:0,Ismaila Sarr,Yéremy Pino,substitute_in
ENG-Premier League,2526,2026-05-03 Bournemouth-Crystal Palace,Crystal Palace,46’,2:0,Tyrick Mitchell,Daniel Muñoz,substitute_in
ENG-Premier League,2526,2026-05-03 Bournemouth-Crystal Palace,Crystal Palace,65’,2:0,Jean-Philippe Mateta,Jørgen Strand Larsen,substitute_in
ENG-Premier League,2526,2026-05-03 Bournemouth-Crystal Palace,Bournemouth,69’,2:0,Ryan Christie,Tyler Adams,substitute_in
ENG-Premier League,2526,2026-05-03 Bournemouth-Crystal Palace,Crystal Palace,6’,0:0,Jaydee Canvot,,yellow_card
ENG-Premier League,2526,2026-05-03 Bournemouth-Crystal Palace,Bournemouth,70’,2:0,David Brooks,Eli Junior Kroupi,substitute_in
ENG-Premier League,2526,2026-05-03 Bournemouth-Crystal Palace,Crystal Palace,76’,2:0,Chris Richards,Chadi Riad,substitute_in
ENG-Premier League,2526,2026-05-03 Bournemouth-Crystal Palace,Bournemouth,77’,3:0,Rayan,David Brooks,goal
ENG-Premier League,2526,2026-05-03 Bournemouth-Crystal Palace,Bournemouth,80’,3:0,Enes Ünal,Evanilson,substitute_in
ENG-Premier League,2526,2026-05-03 Bournemouth-Crystal Palace,Bournemouth,86’,3:0,Amine Adli,Rayan,substitute_in
ENG-Premier League,2526,2026-05-03 Bournemouth-Crystal Palace,Bournemouth,86’,3:0,Ben Gannon-Doak,Marcus Tavernier,substitute_in
ENG-Premier League,2526,2026-05-03 Manchester Utd-Liverpool,Manchester United,14’,2:0,Benjamin Šeško,,goal
ENG-Premier League,2526,2026-05-03 Manchester Utd-Liverpool,Manchester United,46’,2:0,Amad Diallo,Benjamin Šeško,substitute_in
ENG-Premier League,2526,2026-05-03 Manchester Utd-Liverpool,Liverpool,47’,2:1,Dominik Szoboszlai,,goal
ENG-Premier League,2526,2026-05-03 Manchester Utd-Liverpool,Manchester United,49’,2:1,Luke Shaw,,yellow_card
ENG-Premier League,2526,2026-05-03 Manchester Utd-Liverpool,Liverpool,56’,2:2,Cody Gakpo,Dominik Szoboszlai,goal
ENG-Premier League,2526,2026-05-03 Manchester Utd-Liverpool,Liverpool,59’,2:2,Milos Kerkez,Andy Robertson,substitute_in
ENG-Premier League,2526,2026-05-03 Manchester Utd-Liverpool,Manchester United,6’,1:0,Matheus Cunha,,goal
ENG-Premier League,2526,2026-05-03 Manchester Utd-Liverpool,Manchester United,75’,2:2,Patrick Dorgu,Bryan Mbeumo,substitute_in
ENG-Premier League,2526,2026-05-03 Manchester Utd-Liverpool,Liverpool,75’,2:2,Rio Ngumoha,Jeremie Frimpong,substitute_in
ENG-Premier League,2526,2026-05-03 Manchester Utd-Liverpool,Liverpool,75’,2:2,Curtis Jones,,yellow_card
ENG-Premier League,2526,2026-05-03 Manchester Utd-Liverpool,Manchester United,77’,3:2,Kobbie Mainoo,,goal
ENG-Premier League,2526,2026-05-03 Manchester Utd-Liverpool,Manchester United,81’,3:2,Bruno Fernandes,,yellow_card
ENG-Premier League,2526,2026-05-03 Manchester Utd-Liverpool,Liverpool,85’,3:2,Cody Gakpo,,yellow_card
ENG-Premier League,2526,2026-05-03 Manchester Utd-Liverpool,Manchester United,87’,3:2,Joshua Zirkzee,Matheus Cunha,substitute_in
ENG-Premier League,2526,2026-05-03 Manchester Utd-Liverpool,Liverpool,87’,3:2,Federico Chiesa,Ibrahima Konaté,substitute_in
ENG-Premier League,2526,2026-05-03 Manchester Utd-Liverpool,Manchester United,90+6’,3:2,Leny Yoro,Bruno Fernandes,substitute_in
ENG-Premier League,2526,2026-05-04 Chelsea-Nottingham,Nottingham Forest,10’,0:1,Morato,,yellow_card
ENG-Premier League,2526,2026-05-04 Chelsea-Nottingham,Chelsea,14’,0:1,Malo Gusto,,yellow_card
ENG-Premier League,2526,2026-05-04 Chelsea-Nottingham,Nottingham Forest,15’,0:2,Igor Jesus,,penalty_goal
ENG-Premier League,2526,2026-05-04 Chelsea-Nottingham,Nottingham Forest,2’,0:1,Taiwo Awoniyi,Dilane Bakwa,goal
ENG-Premier League,2526,2026-05-04 Chelsea-Nottingham,Chelsea,45+10’,0:2,Cole Palmer,Matz Sels,penalty_miss
ENG-Premier League,2526,2026-05-04 Chelsea-Nottingham,Nottingham Forest,45+5’,0:2,Neco Williams,Zach Abbott,substitute_in
ENG-Premier League,2526,2026-05-04 Chelsea-Nottingham,Chelsea,45+9’,0:2,Liam Delap,Jesse Derry,substitute_in
ENG-Premier League,2526,2026-05-04 Chelsea-Nottingham,Chelsea,46’,0:2,Levi Colwill,Tosin Adarabioyo,substitute_in
ENG-Premier League,2526,2026-05-04 Chelsea-Nottingham,Nottingham Forest,46’,0:2,Morgan Gibbs-White,Igor Jesus,substitute_in
ENG-Premier League,2526,2026-05-04 Chelsea-Nottingham,Nottingham Forest,46’,0:2,Elliot Anderson,Nicolás Domínguez,substitute_in
ENG-Premier League,2526,2026-05-04 Chelsea-Nottingham,Nottingham Forest,46’,0:2,Nikola Milenković,Jair Cunha,substitute_in
ENG-Premier League,2526,2026-05-04 Chelsea-Nottingham,Nottingham Forest,52’,0:3,Taiwo Awoniyi,Morgan Gibbs-White,goal
ENG-Premier League,2526,2026-05-04 Chelsea-Nottingham,Chelsea,58’,0:3,Andrey Santos,Roméo Lavia,substitute_in
ENG-Premier League,2526,2026-05-04 Chelsea-Nottingham,Chelsea,66’,0:3,Filip Jørgensen,Robert Sánchez,substitute_in
ENG-Premier League,2526,2026-05-04 Chelsea-Nottingham,Nottingham Forest,66’,0:3,Chris Wood,Morgan Gibbs-White,substitute_in
ENG-Premier League,2526,2026-05-04 Chelsea-Nottingham,Chelsea,78’,0:3,Moisés Caicedo,,yellow_card
ENG-Premier League,2526,2026-05-04 Chelsea-Nottingham,Chelsea,78’,0:3,Liam Delap,,yellow_card
ENG-Premier League,2526,2026-05-04 Chelsea-Nottingham,Nottingham Forest,80’,0:3,Omari Hutchinson,Dilane Bakwa,substitute_in
ENG-Premier League,2526,2026-05-04 Chelsea-Nottingham,Chelsea,90+3’,1:3,João Pedro,Marc Cucurella,goal
ENG-Premier League,2526,2026-05-04 Everton-Manchester City,Manchester City,43’,0:1,Jeremy Doku,Rayan Cherki,goal
ENG-Premier League,2526,2026-05-04 Everton-Manchester City,Everton,45’,0:1,Michael Keane,,yellow_card
ENG-Premier League,2526,2026-05-04 Everton-Manchester City,Everton,48’,0:1,Beto,,yellow_card
ENG-Premier League,2526,2026-05-04 Everton-Manchester City,Everton,53’,0:1,James Tarkowski,,yellow_card
ENG-Premier League,2526,2026-05-04 Everton-Manchester City,Everton,64’,0:1,Thierno Barry,Beto,substitute_in
ENG-Premier League,2526,2026-05-04 Everton-Manchester City,Everton,68’,1:1,Thierno Barry,,goal
ENG-Premier League,2526,2026-05-04 Everton-Manchester City,Everton,73’,2:1,Jake O'Brien,James Garner,goal
ENG-Premier League,2526,2026-05-04 Everton-Manchester City,Manchester City,73’,2:1,Gianluigi Donnarumma,,yellow_card
ENG-Premier League,2526,2026-05-04 Everton-Manchester City,Manchester City,74’,2:1,Phil Foden,Antoine Semenyo,substitute_in
ENG-Premier League,2526,2026-05-04 Everton-Manchester City,Manchester City,75’,2:1,Mateo Kovačić,Nicolás González,substitute_in
ENG-Premier League,2526,2026-05-04 Everton-Manchester City,Everton,81’,3:1,Thierno Barry,,goal
ENG-Premier League,2526,2026-05-04 Everton-Manchester City,Manchester City,83’,3:2,Erling Haaland,Mateo Kovačić,goal
ENG-Premier League,2526,2026-05-04 Everton-Manchester City,Everton,86’,3:2,Jake O'Brien,,yellow_card
ENG-Premier League,2526,2026-05-04 Everton-Manchester City,Manchester City,87’,3:2,Omar Marmoush,Bernardo Silva,substitute_in
ENG-Premier League,2526,2026-05-04 Everton-Manchester City,Everton,90+2’,3:2,Nathan Patterson,Merlin Röhl,substitute_in
ENG-Premier League,2526,2026-05-04 Everton-Manchester City,Everton,90+2’,3:2,Carlos Alcaraz,Kiernan Dewsbury-Hall,substitute_in
ENG-Premier League,2526,2026-05-04 Everton-Manchester City,Everton,90+6’,3:2,Harrison Armstrong,Tim Iroegbunam,substitute_in
ENG-Premier League,2526,2026-05-04 Everton-Manchester City,Manchester City,90+7’,3:3,Jeremy Doku,Marc Guéhi,goal
ENG-Premier League,2526,2026-05-09 Brighton-Wolves,Brighton & Hove Albion,1’,1:0,Jack Hinshelwood,Maxim De Cuyper,goal
ENG-Premier League,2526,2026-05-09 Brighton-Wolves,Brighton & Hove Albion,24’,2:0,Kaoru Mitoma,,yellow_card
ENG-Premier League,2526,2026-05-09 Brighton-Wolves,Wolverhampton Wanderers,46’,2:0,David Møller Wolfe,Hugo Bueno,substitute_in
ENG-Premier League,2526,2026-05-09 Brighton-Wolves,Wolverhampton Wanderers,49’,2:0,Hwang Hee-chan,,yellow_card
ENG-Premier League,2526,2026-05-09 Brighton-Wolves,Brighton & Hove Albion,58’,2:0,Joël Veltman,Kaoru Mitoma,substitute_in
ENG-Premier League,2526,2026-05-09 Brighton-Wolves,Brighton & Hove Albion,5’,2:0,Lewis Dunk,Maxim De Cuyper,goal
ENG-Premier League,2526,2026-05-09 Brighton-Wolves,Wolverhampton Wanderers,67’,2:0,Rodrigo Gomes,Pedro Lima,substitute_in
ENG-Premier League,2526,2026-05-09 Brighton-Wolves,Wolverhampton Wanderers,67’,2:0,Jean-Ricner Bellegarde,Mateus Mane,substitute_in
ENG-Premier League,2526,2026-05-09 Brighton-Wolves,Wolverhampton Wanderers,68’,2:0,André,,yellow_card
ENG-Premier League,2526,2026-05-09 Brighton-Wolves,Brighton & Hove Albion,76’,2:0,Georginio Rutter,Danny Welbeck,substitute_in
ENG-Premier League,2526,2026-05-09 Brighton-Wolves,Brighton & Hove Albion,76’,2:0,Yasin Ayari,Carlos Baleba,substitute_in
ENG-Premier League,2526,2026-05-09 Brighton-Wolves,Brighton & Hove Albion,86’,3:0,Yankuba Minteh,,goal
ENG-Premier League,2526,2026-05-09 Brighton-Wolves,Brighton & Hove Albion,88’,3:0,Solly March,Maxim De Cuyper,substitute_in
ENG-Premier League,2526,2026-05-09 Brighton-Wolves,Brighton & Hove Albion,88’,3:0,Charalampos Kostoulas,Jack Hinshelwood,substitute_in
ENG-Premier League,2526,2026-05-09 Brighton-Wolves,Wolverhampton Wanderers,89’,3:0,Angel Gomes,Hwang Hee-chan,substitute_in
ENG-Premier League,2526,2026-05-09 Brighton-Wolves,Wolverhampton Wanderers,89’,3:0,Tolu Arokodare,João Gomes,substitute_in
ENG-Premier League,2526,2026-05-09 Fulham-Bournemouth,Bournemouth,41’,0:0,Ryan Christie,,red_card
ENG-Premier League,2526,2026-05-09 Fulham-Bournemouth,Bournemouth,43’,0:0,Tyler Adams,Evanilson,substitute_in
ENG-Premier League,2526,2026-05-09 Fulham-Bournemouth,Fulham,45+7’,0:0,Joachim Andersen,,red_card
ENG-Premier League,2526,2026-05-09 Fulham-Bournemouth,Fulham,46’,0:0,Issa Diop,Emile Smith Rowe,substitute_in
ENG-Premier League,2526,2026-05-09 Fulham-Bournemouth,Fulham,50’,0:0,Rodrigo Muniz,,yellow_card
ENG-Premier League,2526,2026-05-09 Fulham-Bournemouth,Bournemouth,53’,0:1,Rayan,Adam Smith,goal
ENG-Premier League,2526,2026-05-09 Fulham-Bournemouth,Fulham,59’,0:1,Saša Lukić,,yellow_card
ENG-Premier League,2526,2026-05-09 Fulham-Bournemouth,Fulham,62’,0:1,Kevin,Samuel Chukwueze,substitute_in
ENG-Premier League,2526,2026-05-09 Fulham-Bournemouth,Fulham,62’,0:1,Oscar Bobb,Harry Wilson,substitute_in
ENG-Premier League,2526,2026-05-09 Fulham-Bournemouth,Bournemouth,65’,0:1,Alex Scott,,yellow_card
ENG-Premier League,2526,2026-05-09 Fulham-Bournemouth,Fulham,76’,0:1,Joshua King,Tom Cairney,substitute_in
ENG-Premier League,2526,2026-05-09 Fulham-Bournemouth,Fulham,77’,0:1,Antonee Robinson,,yellow_card
ENG-Premier League,2526,2026-05-09 Fulham-Bournemouth,Bournemouth,78’,0:1,Amine Adli,Marcus Tavernier,substitute_in
ENG-Premier League,2526,2026-05-09 Fulham-Bournemouth,Bournemouth,79’,0:1,David Brooks,Rayan,substitute_in
ENG-Premier League,2526,2026-05-09 Fulham-Bournemouth,Bournemouth,79’,0:1,Enes Ünal,Eli Junior Kroupi,substitute_in
ENG-Premier League,2526,2026-05-09 Fulham-Bournemouth,Fulham,82’,0:1,Joshua King,,yellow_card
ENG-Premier League,2526,2026-05-09 Fulham-Bournemouth,Fulham,83’,0:1,Jonah Kusi-Asare,Timothy Castagne,substitute_in
ENG-Premier League,2526,2026-05-09 Fulham-Bournemouth,Bournemouth,90+1’,0:1,Alex Tóth,Alex Scott,substitute_in
ENG-Premier League,2526,2026-05-09 Fulham-Bournemouth,Bournemouth,90+5’,0:1,Marcus Tavernier,,yellow_card
ENG-Premier League,2526,2026-05-09 Liverpool-Chelsea,Chelsea,35’,1:1,Enzo Fernández,,goal
ENG-Premier League,2526,2026-05-09 Liverpool-Chelsea,Chelsea,63’,1:1,Reece James,Andrey Santos,substitute_in
ENG-Premier League,2526,2026-05-09 Liverpool-Chelsea,Liverpool,67’,1:1,Alexander Isak,Rio Ngumoha,substitute_in
ENG-Premier League,2526,2026-05-09 Liverpool-Chelsea,Chelsea,67’,1:1,Jorrel Hato,,yellow_card
ENG-Premier League,2526,2026-05-09 Liverpool-Chelsea,Liverpool,6’,1:0,Ryan Gravenberch,Rio Ngumoha,goal
ENG-Premier League,2526,2026-05-09 Liverpool-Chelsea,Chelsea,73’,1:1,Enzo Fernández,,yellow_card
ENG-Premier League,2526,2026-05-09 Liverpool-Chelsea,Liverpool,77’,1:1,Joe Gomez,Ibrahima Konaté,substitute_in
ENG-Premier League,2526,2026-05-09 Liverpool-Chelsea,Liverpool,77’,1:1,Federico Chiesa,Cody Gakpo,substitute_in
ENG-Premier League,2526,2026-05-09 Liverpool-Chelsea,Chelsea,83’,1:1,Marc Cucurella,,yellow_card
ENG-Premier League,2526,2026-05-09 Liverpool-Chelsea,Liverpool,88’,1:1,Joe Gomez,,yellow_card
ENG-Premier League,2526,2026-05-09 Liverpool-Chelsea,Chelsea,89’,1:1,Moisés Caicedo,,yellow_card
ENG-Premier League,2526,2026-05-09 Liverpool-Chelsea,Liverpool,90+4’,1:1,Alexis Mac Allister,,yellow_card
ENG-Premier League,2526,2026-05-09 Manchester City-Brentford,Manchester City,36’,0:0,Bernardo Silva,,yellow_card
ENG-Premier League,2526,2026-05-09 Manchester City-Brentford,Manchester City,60’,1:0,Jeremy Doku,,goal
ENG-Premier League,2526,2026-05-09 Manchester City-Brentford,Manchester City,60’,1:0,Phil Foden,Tijjani Reijnders,substitute_in
ENG-Premier League,2526,2026-05-09 Manchester City-Brentford,Manchester City,60’,1:0,Omar Marmoush,Rayan Cherki,substitute_in
ENG-Premier League,2526,2026-05-09 Manchester City-Brentford,Brentford,61’,1:0,Vitaly Janelt,Aaron Hickey,substitute_in
ENG-Premier League,2526,2026-05-09 Manchester City-Brentford,Brentford,68’,1:0,Dango Ouattara,Mikkel Damsgaard,substitute_in
ENG-Premier League,2526,2026-05-09 Manchester City-Brentford,Manchester City,74’,1:0,Nico O'Reilly,,yellow_card
ENG-Premier League,2526,2026-05-09 Manchester City-Brentford,Manchester City,75’,2:0,Erling Haaland,,goal
ENG-Premier League,2526,2026-05-09 Manchester City-Brentford,Brentford,79’,2:0,Jordan Henderson,Yehor Yarmoliuk,substitute_in
ENG-Premier League,2526,2026-05-09 Manchester City-Brentford,Brentford,80’,2:0,Kristoffer Ajer,,yellow_card
ENG-Premier League,2526,2026-05-09 Manchester City-Brentford,Manchester City,88’,2:0,Matheus Nunes,,yellow_card
ENG-Premier League,2526,2026-05-09 Manchester City-Brentford,Brentford,88’,2:0,Jordan Henderson,,yellow_card
ENG-Premier League,2526,2026-05-09 Manchester City-Brentford,Manchester City,90+2’,3:0,Omar Marmoush,Erling Haaland,goal
ENG-Premier League,2526,2026-05-09 Manchester City-Brentford,Manchester City,90+5’,3:0,Omar Marmoush,,yellow_card
ENG-Premier League,2526,2026-05-09 Manchester City-Brentford,Manchester City,90’,2:0,Sávio,Jeremy Doku,substitute_in
ENG-Premier League,2526,2026-05-09 Sunderland-Manchester Utd,Manchester United,54’,0:0,Mason Mount,,yellow_card
ENG-Premier League,2526,2026-05-09 Sunderland-Manchester Utd,Manchester United,58’,0:0,Joshua Zirkzee,,yellow_card
ENG-Premier League,2526,2026-05-09 Sunderland-Manchester Utd,Manchester United,65’,0:0,Patrick Dorgu,Joshua Zirkzee,substitute_in
ENG-Premier League,2526,2026-05-09 Sunderland-Manchester Utd,Manchester United,75’,0:0,Bryan Mbeumo,Amad Diallo,substitute_in
ENG-Premier League,2526,2026-05-09 Sunderland-Manchester Utd,Sunderland,79’,0:0,Nilson Angulo,Chemsdine Talbi,substitute_in
ENG-Premier League,2526,2026-05-09 Sunderland-Manchester Utd,Manchester United,90+3’,0:0,Matheus Cunha,,yellow_card
ENG-Premier League,2526,2026-05-09 Sunderland-Manchester Utd,Sunderland,90’,0:0,Eliezer Mayenda,Trai Hume,substitute_in
ENG-Premier League,2526,2026-05-10 Burnley-Aston Villa,Aston Villa,42’,1:1,Ross Barkley,John McGinn,goal
ENG-Premier League,2526,2026-05-10 Burnley-Aston Villa,Aston Villa,49’,1:1,Tyrone Mings,,yellow_card
ENG-Premier League,2526,2026-05-10 Burnley-Aston Villa,Aston Villa,56’,1:2,Ollie Watkins,Emiliano Martínez,goal
ENG-Premier League,2526,2026-05-10 Burnley-Aston Villa,Burnley,58’,2:2,Zian Flemming,Hannibal Mejbri,goal
ENG-Premier League,2526,2026-05-10 Burnley-Aston Villa,Burnley,60’,2:2,Zian Flemming,,yellow_card
ENG-Premier League,2526,2026-05-10 Burnley-Aston Villa,Burnley,69’,2:2,Lyle Foster,Hannibal Mejbri,substitute_in
ENG-Premier League,2526,2026-05-10 Burnley-Aston Villa,Aston Villa,74’,2:2,Lucas Digne,Ian Maatsen,substitute_in
ENG-Premier League,2526,2026-05-10 Burnley-Aston Villa,Aston Villa,74’,2:2,Emi Buendía,Victor Lindelöf,substitute_in
ENG-Premier League,2526,2026-05-10 Burnley-Aston Villa,Burnley,79’,2:2,Josh Laurent,Lesley Ugochukwu,substitute_in
ENG-Premier League,2526,2026-05-10 Burnley-Aston Villa,Burnley,79’,2:2,Zeki Amdouni,Zian Flemming,substitute_in
ENG-Premier League,2526,2026-05-10 Burnley-Aston Villa,Aston Villa,80’,2:2,Douglas Luiz,Ross Barkley,substitute_in
ENG-Premier League,2526,2026-05-10 Burnley-Aston Villa,Aston Villa,80’,2:2,Lamare Bogarde,Matty Cash,substitute_in
ENG-Premier League,2526,2026-05-10 Burnley-Aston Villa,Aston Villa,85’,2:2,Leon Bailey,John McGinn,substitute_in
ENG-Premier League,2526,2026-05-10 Burnley-Aston Villa,Burnley,87’,2:2,Jacob Bruun Larsen,Jaidon Anthony,substitute_in
ENG-Premier League,2526,2026-05-10 Burnley-Aston Villa,Burnley,87’,2:2,James Ward-Prowse,Florentino Luís,substitute_in
ENG-Premier League,2526,2026-05-10 Burnley-Aston Villa,Burnley,8’,1:0,Jaidon Anthony,,goal
ENG-Premier League,2526,2026-05-10 Crystal Palace-Everton,Everton,30’,0:1,James Garner,,yellow_card
ENG-Premier League,2526,2026-05-10 Crystal Palace-Everton,Crystal Palace,34’,1:1,Ismaila Sarr,,goal
ENG-Premier League,2526,2026-05-10 Crystal Palace-Everton,Everton,45’,1:1,Vitaliy Mykolenko,,yellow_card
ENG-Premier League,2526,2026-05-10 Crystal Palace-Everton,Everton,47’,1:2,Beto,James Tarkowski,goal
ENG-Premier League,2526,2026-05-10 Crystal Palace-Everton,Crystal Palace,65’,1:2,Jean-Philippe Mateta,Jørgen Strand Larsen,substitute_in
ENG-Premier League,2526,2026-05-10 Crystal Palace-Everton,Everton,6’,0:1,James Tarkowski,,goal
ENG-Premier League,2526,2026-05-10 Crystal Palace-Everton,Everton,70’,1:2,Thierno Barry,Beto,substitute_in
ENG-Premier League,2526,2026-05-10 Crystal Palace-Everton,Crystal Palace,77’,2:2,Jean-Philippe Mateta,,goal
ENG-Premier League,2526,2026-05-10 Crystal Palace-Everton,Crystal Palace,80’,2:2,Jefferson Lerma,Brennan Johnson,substitute_in
ENG-Premier League,2526,2026-05-10 Crystal Palace-Everton,Everton,80’,2:2,Tyrique George,Merlin Röhl,substitute_in
ENG-Premier League,2526,2026-05-10 Crystal Palace-Everton,Everton,90+4’,2:2,Carlos Alcaraz,Kiernan Dewsbury-Hall,substitute_in
ENG-Premier League,2526,2026-05-10 Nottingham-Newcastle,Nottingham Forest,46’,0:0,Ryan Yates,Nicolás Domínguez,substitute_in
ENG-Premier League,2526,2026-05-10 Nottingham-Newcastle,Nottingham Forest,49’,0:0,Igor Jesus,,yellow_card
ENG-Premier League,2526,2026-05-10 Nottingham-Newcastle,Nottingham Forest,54’,0:0,Ryan Yates,,yellow_card
ENG-Premier League,2526,2026-05-10 Nottingham-Newcastle,Newcastle United,61’,0:0,Harvey Barnes,Jacob Murphy,substitute_in
ENG-Premier League,2526,2026-05-10 Nottingham-Newcastle,Newcastle United,61’,0:0,Jacob Ramsey,Nick Woltemade,substitute_in
ENG-Premier League,2526,2026-05-10 Nottingham-Newcastle,Nottingham Forest,64’,0:0,Omari Hutchinson,Dilane Bakwa,substitute_in
ENG-Premier League,2526,2026-05-10 Nottingham-Newcastle,Newcastle United,71’,0:0,Yoane Wissa,William Osula,substitute_in
ENG-Premier League,2526,2026-05-10 Nottingham-Newcastle,Nottingham Forest,73’,0:0,Chris Wood,Taiwo Awoniyi,substitute_in
ENG-Premier League,2526,2026-05-10 Nottingham-Newcastle,Newcastle United,74’,0:1,Harvey Barnes,Jacob Ramsey,goal
ENG-Premier League,2526,2026-05-10 Nottingham-Newcastle,Nottingham Forest,83’,0:1,James Mcatee,Luca Netz,substitute_in
ENG-Premier League,2526,2026-05-10 Nottingham-Newcastle,Nottingham Forest,83’,0:1,Lorenzo Lucca,Igor Jesus,substitute_in
ENG-Premier League,2526,2026-05-10 Nottingham-Newcastle,Nottingham Forest,88’,1:1,Elliot Anderson,James Mcatee,goal
ENG-Premier League,2526,2026-05-10 Nottingham-Newcastle,Newcastle United,90+5’,1:1,Kieran Trippier,Bruno Guimarães,substitute_in
ENG-Premier League,2526,2026-05-10 West Ham-Arsenal,Arsenal,28’,0:0,Martín Zubimendi,Ben White,substitute_in
ENG-Premier League,2526,2026-05-10 West Ham-Arsenal,West Ham United,34’,0:0,Valentín Castellanos,,yellow_card
ENG-Premier League,2526,2026-05-10 West Ham-Arsenal,West Ham United,38’,0:0,Crysencio Summerville,,yellow_card
ENG-Premier League,2526,2026-05-10 West Ham-Arsenal,Arsenal,46’,0:0,Cristhian Mosquera,Riccardo Calafiori,substitute_in
ENG-Premier League,2526,2026-05-10 West Ham-Arsenal,West Ham United,67’,0:0,Pablo,Valentín Castellanos,substitute_in
ENG-Premier League,2526,2026-05-10 West Ham-Arsenal,Arsenal,67’,0:0,Kai Havertz,Martín Zubimendi,substitute_in
ENG-Premier League,2526,2026-05-10 West Ham-Arsenal,Arsenal,67’,0:0,Martin Ødegaard,Eberechi Eze,substitute_in
ENG-Premier League,2526,2026-05-10 West Ham-Arsenal,West Ham United,68’,0:0,Jean-Clair Todibo,,yellow_card
ENG-Premier League,2526,2026-05-10 West Ham-Arsenal,Arsenal,77’,0:0,Bukayo Saka,,yellow_card
ENG-Premier League,2526,2026-05-10 West Ham-Arsenal,Arsenal,79’,0:0,Cristhian Mosquera,,yellow_card
ENG-Premier League,2526,2026-05-10 West Ham-Arsenal,Arsenal,80’,0:0,Noni Madueke,Bukayo Saka,substitute_in
ENG-Premier League,2526,2026-05-10 West Ham-Arsenal,Arsenal,83’,0:1,Leandro Trossard,Martin Ødegaard,goal
ENG-Premier League,2526,2026-05-10 West Ham-Arsenal,West Ham United,85’,0:1,Callum Wilson,Axel Disasi,substitute_in
ENG-Premier League,2526,2026-05-10 West Ham-Arsenal,Arsenal,89’,0:1,William Saliba,,yellow_card
ENG-Premier League,2526,2026-05-10 West Ham-Arsenal,Arsenal,90+1’,0:1,Leandro Trossard,,yellow_card
ENG-Premier League,2526,2026-05-11 Tottenham-Leeds United,Tottenham Hotspur,41’,0:0,Kevin Danso,,yellow_card
ENG-Premier League,2526,2026-05-11 Tottenham-Leeds United,Tottenham Hotspur,50’,1:0,Mathys Tel,,goal
ENG-Premier League,2526,2026-05-11 Tottenham-Leeds United,Leeds United,56’,1:0,Sebastiaan Bornauw,Pascal Struijk,substitute_in
ENG-Premier League,2526,2026-05-11 Tottenham-Leeds United,Leeds United,63’,1:0,Lukas Nmecha,Brenden Aaronson,substitute_in
ENG-Premier League,2526,2026-05-11 Tottenham-Leeds United,Leeds United,63’,1:0,Wilfried Gnonto,Daniel James,substitute_in
ENG-Premier League,2526,2026-05-11 Tottenham-Leeds United,Tottenham Hotspur,66’,1:0,João Palhinha,,yellow_card
ENG-Premier League,2526,2026-05-11 Tottenham-Leeds United,Leeds United,74’,1:1,Dominic Calvert-Lewin,,penalty_goal
ENG-Premier League,2526,2026-05-11 Tottenham-Leeds United,Leeds United,79’,1:1,Joe Rodon,,yellow_card
ENG-Premier League,2526,2026-05-11 Tottenham-Leeds United,Tottenham Hotspur,81’,1:1,Lucas Bergvall,Rodrigo Bentancur,substitute_in
ENG-Premier League,2526,2026-05-11 Tottenham-Leeds United,Tottenham Hotspur,82’,1:1,Pedro Porro,,yellow_card
ENG-Premier League,2526,2026-05-11 Tottenham-Leeds United,Tottenham Hotspur,85’,1:1,James Maddison,Mathys Tel,substitute_in
ENG-Premier League,2526,2026-05-11 Tottenham-Leeds United,Tottenham Hotspur,85’,1:1,Djed Spence,Destiny Udogie,substitute_in
ENG-Premier League,2526,2026-05-11 Tottenham-Leeds United,Leeds United,90+3’,1:1,Sean Longstaff,Ao Tanaka,substitute_in
ENG-Premier League,2526,2026-05-13 Manchester City-Crystal Palace,Manchester City,32’,1:0,Antoine Semenyo,Phil Foden,goal
ENG-Premier League,2526,2026-05-13 Manchester City-Crystal Palace,Manchester City,40’,2:0,Omar Marmoush,Phil Foden,goal
ENG-Premier League,2526,2026-05-13 Manchester City-Crystal Palace,Crystal Palace,52’,2:0,Tyrick Mitchell,,yellow_card
ENG-Premier League,2526,2026-05-13 Manchester City-Crystal Palace,Manchester City,58’,2:0,Nathan Aké,Matheus Nunes,substitute_in
ENG-Premier League,2526,2026-05-13 Manchester City-Crystal Palace,Manchester City,58’,2:0,Jeremy Doku,Joško Gvardiol,substitute_in
ENG-Premier League,2526,2026-05-13 Manchester City-Crystal Palace,Crystal Palace,60’,2:0,Jørgen Strand Larsen,Jean-Philippe Mateta,substitute_in
ENG-Premier League,2526,2026-05-13 Manchester City-Crystal Palace,Crystal Palace,60’,2:0,Adam Wharton,Will Hughes,substitute_in
ENG-Premier League,2526,2026-05-13 Manchester City-Crystal Palace,Crystal Palace,60’,2:0,Ismaila Sarr,Yéremy Pino,substitute_in
ENG-Premier League,2526,2026-05-13 Manchester City-Crystal Palace,Crystal Palace,75’,2:0,Daichi Kamada,Brennan Johnson,substitute_in
ENG-Premier League,2526,2026-05-13 Manchester City-Crystal Palace,Manchester City,79’,2:0,Rayan Cherki,Omar Marmoush,substitute_in
ENG-Premier League,2526,2026-05-13 Manchester City-Crystal Palace,Manchester City,79’,2:0,Mateo Kovačić,Bernardo Silva,substitute_in
ENG-Premier League,2526,2026-05-13 Manchester City-Crystal Palace,Crystal Palace,81’,2:0,Daichi Kamada,,yellow_card
ENG-Premier League,2526,2026-05-13 Manchester City-Crystal Palace,Manchester City,82’,2:0,John Stones,Phil Foden,substitute_in
ENG-Premier League,2526,2026-05-13 Manchester City-Crystal Palace,Crystal Palace,82’,2:0,Nathaniel Clyne,Daniel Muñoz,substitute_in
ENG-Premier League,2526,2026-05-13 Manchester City-Crystal Palace,Manchester City,84’,3:0,Sávio,Rayan Cherki,goal
ENG-Premier League,2526,2026-05-15 Aston Villa-Liverpool,Aston Villa,39’,0:0,Matty Cash,,yellow_card
ENG-Premier League,2526,2026-05-15 Aston Villa-Liverpool,Aston Villa,42’,1:0,Morgan Rogers,Lucas Digne,goal
ENG-Premier League,2526,2026-05-15 Aston Villa-Liverpool,Aston Villa,45+3’,1:0,Ollie Watkins,,yellow_card
ENG-Premier League,2526,2026-05-15 Aston Villa-Liverpool,Aston Villa,46’,1:0,Ross Barkley,Victor Lindelöf,substitute_in
ENG-Premier League,2526,2026-05-15 Aston Villa-Liverpool,Liverpool,52’,1:1,Virgil van Dijk,Dominik Szoboszlai,goal
ENG-Premier League,2526,2026-05-15 Aston Villa-Liverpool,Aston Villa,57’,2:1,Ollie Watkins,Morgan Rogers,goal
ENG-Premier League,2526,2026-05-15 Aston Villa-Liverpool,Liverpool,62’,2:1,Joe Gomez,,yellow_card
ENG-Premier League,2526,2026-05-15 Aston Villa-Liverpool,Aston Villa,66’,2:1,John McGinn,,yellow_card
ENG-Premier League,2526,2026-05-15 Aston Villa-Liverpool,Liverpool,66’,2:1,Florian Wirtz,Ryan Gravenberch,substitute_in
ENG-Premier League,2526,2026-05-15 Aston Villa-Liverpool,Liverpool,66’,2:1,Federico Chiesa,Joe Gomez,substitute_in
ENG-Premier League,2526,2026-05-15 Aston Villa-Liverpool,Aston Villa,73’,3:1,Ollie Watkins,,goal
ENG-Premier League,2526,2026-05-15 Aston Villa-Liverpool,Liverpool,74’,3:1,Mohamed Salah,Cody Gakpo,substitute_in
ENG-Premier League,2526,2026-05-15 Aston Villa-Liverpool,Aston Villa,85’,3:1,Ian Maatsen,Emi Buendía,substitute_in
ENG-Premier League,2526,2026-05-15 Aston Villa-Liverpool,Aston Villa,89’,4:1,John McGinn,Ollie Watkins,goal
ENG-Premier League,2526,2026-05-15 Aston Villa-Liverpool,Liverpool,90+2’,4:2,Virgil van Dijk,Dominik Szoboszlai,goal
ENG-Premier League,2526,2026-05-15 Aston Villa-Liverpool,Aston Villa,90’,4:1,Jadon Sancho,John McGinn,substitute_in
ENG-Premier League,2526,2026-05-15 Aston Villa-Liverpool,Aston Villa,90’,4:1,Douglas Luiz,Youri Tielemans,substitute_in
ENG-Premier League,2526,2026-05-17 Brentford-Crystal Palace,Brentford,40’,1:1,Dango Ouattara,,goal
ENG-Premier League,2526,2026-05-17 Brentford-Crystal Palace,Crystal Palace,46’,1:1,Brennan Johnson,Yéremy Pino,substitute_in
ENG-Premier League,2526,2026-05-17 Brentford-Crystal Palace,Crystal Palace,52’,1:2,Adam Wharton,Daniel Muñoz,goal
ENG-Premier League,2526,2026-05-17 Brentford-Crystal Palace,Crystal Palace,61’,1:2,Chris Richards,Maxence Lacroix,substitute_in
ENG-Premier League,2526,2026-05-17 Brentford-Crystal Palace,Crystal Palace,61’,1:2,Jean-Philippe Mateta,Jørgen Strand Larsen,substitute_in
ENG-Premier League,2526,2026-05-17 Brentford-Crystal Palace,Brentford,63’,1:2,Kevin Schade,Mathias Jensen,substitute_in
ENG-Premier League,2526,2026-05-17 Brentford-Crystal Palace,Brentford,63’,1:2,Jordan Henderson,Vitaly Janelt,substitute_in
ENG-Premier League,2526,2026-05-17 Brentford-Crystal Palace,Crystal Palace,6’,0:1,Ismaila Sarr,,penalty_goal
ENG-Premier League,2526,2026-05-17 Brentford-Crystal Palace,Crystal Palace,74’,1:2,Jefferson Lerma,Chadi Riad,substitute_in
ENG-Premier League,2526,2026-05-17 Brentford-Crystal Palace,Brentford,82’,1:2,Sepp van den Berg,Kristoffer Ajer,substitute_in
ENG-Premier League,2526,2026-05-17 Brentford-Crystal Palace,Crystal Palace,83’,1:2,Chris Richards,,yellow_card
ENG-Premier League,2526,2026-05-17 Brentford-Crystal Palace,Brentford,88’,2:2,Dango Ouattara,Sepp van den Berg,goal
ENG-Premier League,2526,2026-05-17 Brentford-Crystal Palace,Brentford,89’,2:2,Josh Dasilva,Yehor Yarmoliuk,substitute_in
ENG-Premier League,2526,2026-05-17 Brentford-Crystal Palace,Crystal Palace,89’,2:2,Jefferson Lerma,,yellow_card
ENG-Premier League,2526,2026-05-17 Brentford-Crystal Palace,Crystal Palace,90+3’,2:2,Evann Guessand,Ismaila Sarr,substitute_in
ENG-Premier League,2526,2026-05-17 Brentford-Crystal Palace,Brentford,90+5’,2:2,Michael Kayode,,yellow_card
ENG-Premier League,2526,2026-05-17 Brentford-Crystal Palace,Crystal Palace,90+5’,2:2,Dean Henderson,,yellow_card
ENG-Premier League,2526,2026-05-17 Everton-Sunderland,Sunderland,23’,0:0,Luke O'Nien,Omar Alderete,substitute_in
ENG-Premier League,2526,2026-05-17 Everton-Sunderland,Everton,25’,0:0,Tim Iroegbunam,,yellow_card
ENG-Premier League,2526,2026-05-17 Everton-Sunderland,Everton,43’,1:0,Merlin Röhl,Michael Keane,goal
ENG-Premier League,2526,2026-05-17 Everton-Sunderland,Everton,47’,1:0,Jake O'Brien,,yellow_card
ENG-Premier League,2526,2026-05-17 Everton-Sunderland,Sunderland,59’,1:1,Brian Brobbey,Enzo Le Fée,goal
ENG-Premier League,2526,2026-05-17 Everton-Sunderland,Sunderland,60’,1:1,Chemsdine Talbi,Trai Hume,substitute_in
ENG-Premier League,2526,2026-05-17 Everton-Sunderland,Everton,73’,1:1,Tyrique George,Tim Iroegbunam,substitute_in
ENG-Premier League,2526,2026-05-17 Everton-Sunderland,Everton,73’,1:1,Thierno Barry,Beto,substitute_in
ENG-Premier League,2526,2026-05-17 Everton-Sunderland,Sunderland,77’,1:1,Chris Rigg,Nilson Angulo,substitute_in
ENG-Premier League,2526,2026-05-17 Everton-Sunderland,Sunderland,77’,1:1,Habib Diarra,Noah Sadiki,substitute_in
ENG-Premier League,2526,2026-05-17 Everton-Sunderland,Sunderland,77’,1:1,Wilson Isidor,Brian Brobbey,substitute_in
ENG-Premier League,2526,2026-05-17 Everton-Sunderland,Sunderland,81’,1:2,Enzo Le Fée,Chris Rigg,goal
ENG-Premier League,2526,2026-05-17 Everton-Sunderland,Everton,88’,1:2,Dwight McNeil,Merlin Röhl,substitute_in
ENG-Premier League,2526,2026-05-17 Everton-Sunderland,Everton,88’,1:2,Séamus Coleman,Jake O'Brien,substitute_in
ENG-Premier League,2526,2026-05-17 Everton-Sunderland,Sunderland,90+1’,1:3,Wilson Isidor,Habib Diarra,goal
ENG-Premier League,2526,2026-05-17 Everton-Sunderland,Everton,90+6’,1:3,James Garner,,yellow_card
ENG-Premier League,2526,2026-05-17 Leeds United-Brighton,Leeds United,60’,0:0,Sean Longstaff,Ao Tanaka,substitute_in
ENG-Premier League,2526,2026-05-17 Leeds United-Brighton,Leeds United,60’,0:0,Lukas Nmecha,Brenden Aaronson,substitute_in
ENG-Premier League,2526,2026-05-17 Leeds United-Brighton,Leeds United,60’,0:0,Wilfried Gnonto,Daniel James,substitute_in
ENG-Premier League,2526,2026-05-17 Leeds United-Brighton,Brighton & Hove Albion,65’,0:0,Georginio Rutter,Danny Welbeck,substitute_in
ENG-Premier League,2526,2026-05-17 Leeds United-Brighton,Brighton & Hove Albion,65’,0:0,Diego Gómez,Joël Veltman,substitute_in
ENG-Premier League,2526,2026-05-17 Leeds United-Brighton,Leeds United,74’,0:0,Joël Piroe,Anton Stach,substitute_in
ENG-Premier League,2526,2026-05-17 Leeds United-Brighton,Brighton & Hove Albion,82’,0:0,Yasin Ayari,Carlos Baleba,substitute_in
ENG-Premier League,2526,2026-05-17 Leeds United-Brighton,Brighton & Hove Albion,82’,0:0,Charalampos Kostoulas,Jack Hinshelwood,substitute_in
ENG-Premier League,2526,2026-05-17 Leeds United-Brighton,Leeds United,90+1’,0:0,Sam Byram,Sebastiaan Bornauw,substitute_in
ENG-Premier League,2526,2026-05-17 Leeds United-Brighton,Brighton & Hove Albion,90+3’,0:0,Solly March,Yankuba Minteh,substitute_in
ENG-Premier League,2526,2026-05-17 Leeds United-Brighton,Leeds United,90+6’,1:0,Dominic Calvert-Lewin,,goal
ENG-Premier League,2526,2026-05-17 Leeds United-Brighton,Leeds United,90+7’,1:0,Dominic Calvert-Lewin,,yellow_card
ENG-Premier League,2526,2026-05-17 Manchester Utd-Nottingham,Nottingham Forest,53’,1:1,Morato,Elliot Anderson,goal
ENG-Premier League,2526,2026-05-17 Manchester Utd-Nottingham,Manchester United,55’,2:1,Matheus Cunha,,goal
ENG-Premier League,2526,2026-05-17 Manchester Utd-Nottingham,Manchester United,5’,1:0,Luke Shaw,,goal
ENG-Premier League,2526,2026-05-17 Manchester Utd-Nottingham,Nottingham Forest,70’,2:1,Dilane Bakwa,Omari Hutchinson,substitute_in
ENG-Premier League,2526,2026-05-17 Manchester Utd-Nottingham,Nottingham Forest,70’,2:1,Taiwo Awoniyi,Chris Wood,substitute_in
ENG-Premier League,2526,2026-05-17 Manchester Utd-Nottingham,Nottingham Forest,70’,2:1,Ibrahim Sangaré,Nicolás Domínguez,substitute_in
ENG-Premier League,2526,2026-05-17 Manchester Utd-Nottingham,Manchester United,76’,3:1,Bryan Mbeumo,Bruno Fernandes,goal
ENG-Premier League,2526,2026-05-17 Manchester Utd-Nottingham,Manchester United,78’,3:1,Casemiro,,yellow_card
ENG-Premier League,2526,2026-05-17 Manchester Utd-Nottingham,Nottingham Forest,78’,3:2,Morgan Gibbs-White,Elliot Anderson,goal
ENG-Premier League,2526,2026-05-17 Manchester Utd-Nottingham,Manchester United,80’,3:2,Joshua Zirkzee,Bryan Mbeumo,substitute_in
ENG-Premier League,2526,2026-05-17 Manchester Utd-Nottingham,Manchester United,80’,3:2,Patrick Dorgu,Matheus Cunha,substitute_in
ENG-Premier League,2526,2026-05-17 Manchester Utd-Nottingham,Manchester United,81’,3:2,Mason Mount,Casemiro,substitute_in
ENG-Premier League,2526,2026-05-17 Manchester Utd-Nottingham,Nottingham Forest,84’,3:2,James Mcatee,Igor Jesus,substitute_in
ENG-Premier League,2526,2026-05-17 Manchester Utd-Nottingham,Nottingham Forest,84’,3:2,Jair Cunha,Luca Netz,substitute_in
ENG-Premier League,2526,2026-05-17 Manchester Utd-Nottingham,Manchester United,90+3’,3:2,Luke Shaw,,yellow_card
ENG-Premier League,2526,2026-05-17 Manchester Utd-Nottingham,Nottingham Forest,90+4’,3:2,Elliot Anderson,,yellow_card
ENG-Premier League,2526,2026-05-17 Newcastle-West Ham,Newcastle United,15’,1:0,Nick Woltemade,Harvey Barnes,goal
ENG-Premier League,2526,2026-05-17 Newcastle-West Ham,Newcastle United,19’,2:0,William Osula,Jacob Ramsey,goal
ENG-Premier League,2526,2026-05-17 Newcastle-West Ham,West Ham United,26’,2:0,Valentín Castellanos,Jean-Clair Todibo,substitute_in
ENG-Premier League,2526,2026-05-17 Newcastle-West Ham,Newcastle United,53’,2:0,Joe Willock,Sandro Tonali,substitute_in
ENG-Premier League,2526,2026-05-17 Newcastle-West Ham,West Ham United,59’,2:0,Tomáš Souček,,yellow_card
ENG-Premier League,2526,2026-05-17 Newcastle-West Ham,West Ham United,63’,2:0,Pablo,Aaron Wan-Bissaka,substitute_in
ENG-Premier League,2526,2026-05-17 Newcastle-West Ham,West Ham United,63’,2:0,Mohamadou Kanté,Tomáš Souček,substitute_in
ENG-Premier League,2526,2026-05-17 Newcastle-West Ham,Newcastle United,65’,3:0,William Osula,Joe Willock,goal
ENG-Premier League,2526,2026-05-17 Newcastle-West Ham,West Ham United,67’,3:0,El Hadji Malick Diouf,,yellow_card
ENG-Premier League,2526,2026-05-17 Newcastle-West Ham,West Ham United,69’,3:1,Valentín Castellanos,Mads Hermansen,goal
ENG-Premier League,2526,2026-05-17 Newcastle-West Ham,Newcastle United,75’,3:1,Jacob Murphy,Harvey Barnes,substitute_in
ENG-Premier League,2526,2026-05-17 Newcastle-West Ham,Newcastle United,75’,3:1,Dan Burn,Nick Woltemade,substitute_in
ENG-Premier League,2526,2026-05-17 Newcastle-West Ham,West Ham United,80’,3:1,Mohamadou Kanté,,yellow_card
ENG-Premier League,2526,2026-05-17 Newcastle-West Ham,Newcastle United,83’,3:1,Lewis Hall,,yellow_card
ENG-Premier League,2526,2026-05-17 Newcastle-West Ham,Newcastle United,85’,3:1,Anthony Elanga,Kieran Trippier,substitute_in
ENG-Premier League,2526,2026-05-17 Newcastle-West Ham,Newcastle United,85’,3:1,Yoane Wissa,William Osula,substitute_in
ENG-Premier League,2526,2026-05-17 Wolves-Fulham,Wolverhampton Wanderers,25’,1:0,Mateus Mane,Hwang Hee-chan,goal
ENG-Premier League,2526,2026-05-17 Wolves-Fulham,Fulham,45+3’,1:1,Antonee Robinson,,penalty_goal
ENG-Premier League,2526,2026-05-17 Wolves-Fulham,Fulham,46’,1:1,Kevin,Sander Berge,substitute_in
ENG-Premier League,2526,2026-05-17 Wolves-Fulham,Fulham,67’,1:1,Joshua King,Alex Iwobi,substitute_in
ENG-Premier League,2526,2026-05-17 Wolves-Fulham,Fulham,67’,1:1,Raúl Jiménez,Rodrigo Muniz,substitute_in
ENG-Premier League,2526,2026-05-17 Wolves-Fulham,Wolverhampton Wanderers,72’,1:1,Tolu Arokodare,Adam Armstrong,substitute_in
ENG-Premier League,2526,2026-05-17 Wolves-Fulham,Wolverhampton Wanderers,79’,1:1,Jean-Ricner Bellegarde,Hwang Hee-chan,substitute_in
ENG-Premier League,2526,2026-05-17 Wolves-Fulham,Fulham,79’,1:1,Samuel Chukwueze,Oscar Bobb,substitute_in
ENG-Premier League,2526,2026-05-17 Wolves-Fulham,Fulham,79’,1:1,Harry Wilson,Emile Smith Rowe,substitute_in
ENG-Premier League,2526,2026-05-17 Wolves-Fulham,Wolverhampton Wanderers,85’,1:1,Pedro Lima,Rodrigo Gomes,substitute_in
ENG-Premier League,2526,2026-05-17 Wolves-Fulham,Wolverhampton Wanderers,85’,1:1,Hugo Bueno,David Møller Wolfe,substitute_in
ENG-Premier League,2526,2026-05-17 Wolves-Fulham,Wolverhampton Wanderers,90+4’,1:1,André,,yellow_card
ENG-Premier League,2526,2026-05-18 Arsenal-Burnley,Burnley,28’,0:0,Hannibal Mejbri,,yellow_card
ENG-Premier League,2526,2026-05-18 Arsenal-Burnley,Arsenal,37’,1:0,Kai Havertz,Bukayo Saka,goal
ENG-Premier League,2526,2026-05-18 Arsenal-Burnley,Arsenal,67’,1:0,Kai Havertz,,yellow_card
ENG-Premier League,2526,2026-05-18 Arsenal-Burnley,Burnley,70’,1:0,Zeki Amdouni,Hannibal Mejbri,substitute_in
ENG-Premier League,2526,2026-05-18 Arsenal-Burnley,Burnley,71’,1:0,Josh Laurent,Lesley Ugochukwu,substitute_in
ENG-Premier League,2526,2026-05-18 Arsenal-Burnley,Arsenal,72’,1:0,Piero Hincapié,Riccardo Calafiori,substitute_in
ENG-Premier League,2526,2026-05-18 Arsenal-Burnley,Arsenal,73’,1:0,Myles Lewis-Skelly,Eberechi Eze,substitute_in
ENG-Premier League,2526,2026-05-18 Arsenal-Burnley,Arsenal,73’,1:0,Viktor Gyökeres,Kai Havertz,substitute_in
ENG-Premier League,2526,2026-05-18 Arsenal-Burnley,Burnley,78’,1:0,James Ward-Prowse,Florentino Luís,substitute_in
ENG-Premier League,2526,2026-05-18 Arsenal-Burnley,Burnley,82’,1:0,Bashir Humphreys,Maxime Estève,substitute_in
ENG-Premier League,2526,2026-05-18 Arsenal-Burnley,Burnley,82’,1:0,Jacob Bruun Larsen,Loum Tchaouna,substitute_in
ENG-Premier League,2526,2026-05-18 Arsenal-Burnley,Burnley,90+1’,1:0,Zian Flemming,,yellow_card
ENG-Premier League,2526,2026-05-18 Arsenal-Burnley,Arsenal,90+3’,1:0,Gabriel Martinelli,Leandro Trossard,substitute_in
ENG-Premier League,2526,2026-05-18 Arsenal-Burnley,Arsenal,90+3’,1:0,Martín Zubimendi,Martin Ødegaard,substitute_in
ENG-Premier League,2526,2026-05-18 Arsenal-Burnley,Burnley,90+4’,1:0,Lucas,,yellow_card
ENG-Premier League,2526,2026-05-19 Bournemouth-Manchester City,Bournemouth,37’,0:0,Tyler Adams,,yellow_card
ENG-Premier League,2526,2026-05-19 Bournemouth-Manchester City,Bournemouth,39’,1:0,Eli Junior Kroupi,Adrien Truffert,goal
ENG-Premier League,2526,2026-05-19 Bournemouth-Manchester City,Manchester City,56’,1:0,Rayan Cherki,Bernardo Silva,substitute_in
ENG-Premier League,2526,2026-05-19 Bournemouth-Manchester City,Manchester City,56’,1:0,Phil Foden,Mateo Kovačić,substitute_in
ENG-Premier League,2526,2026-05-19 Bournemouth-Manchester City,Manchester City,56’,1:0,Sávio,Antoine Semenyo,substitute_in
ENG-Premier League,2526,2026-05-19 Bournemouth-Manchester City,Bournemouth,59’,1:0,James Hill,,yellow_card
ENG-Premier League,2526,2026-05-19 Bournemouth-Manchester City,Bournemouth,76’,1:0,Justin Kluivert,Eli Junior Kroupi,substitute_in
ENG-Premier League,2526,2026-05-19 Bournemouth-Manchester City,Manchester City,76’,1:0,Omar Marmoush,Jeremy Doku,substitute_in
ENG-Premier League,2526,2026-05-19 Bournemouth-Manchester City,Bournemouth,84’,1:0,David Brooks,Rayan,substitute_in
ENG-Premier League,2526,2026-05-19 Bournemouth-Manchester City,Bournemouth,89’,1:0,Enes Ünal,Evanilson,substitute_in
ENG-Premier League,2526,2026-05-19 Bournemouth-Manchester City,Bournemouth,90+3’,1:0,Justin Kluivert,,yellow_card
ENG-Premier League,2526,2026-05-19 Bournemouth-Manchester City,Manchester City,90+3’,1:0,Rodri,,yellow_card
ENG-Premier League,2526,2026-05-19 Bournemouth-Manchester City,Manchester City,90+5’,1:1,Erling Haaland,,goal
ENG-Premier League,2526,2026-05-19 Bournemouth-Manchester City,Bournemouth,90+6’,1:1,Adrien Truffert,,yellow_card
ENG-Premier League,2526,2026-05-19 Bournemouth-Manchester City,Manchester City,90+7’,1:1,Gianluigi Donnarumma,,yellow_card
ENG-Premier League,2526,2026-05-19 Bournemouth-Manchester City,Bournemouth,90’,1:0,Lewis Cook,Adam Smith,substitute_in
ENG-Premier League,2526,2026-05-19 Chelsea-Tottenham,Chelsea,18’,1:0,Enzo Fernández,Pedro Neto,goal
ENG-Premier League,2526,2026-05-19 Chelsea-Tottenham,Tottenham Hotspur,28’,1:0,Pedro Porro,,yellow_card
ENG-Premier League,2526,2026-05-19 Chelsea-Tottenham,Tottenham Hotspur,43’,1:0,Micky van de Ven,,yellow_card
ENG-Premier League,2526,2026-05-19 Chelsea-Tottenham,Tottenham Hotspur,63’,1:0,Destiny Udogie,,yellow_card
ENG-Premier League,2526,2026-05-19 Chelsea-Tottenham,Chelsea,67’,2:0,Andrey Santos,Enzo Fernández,goal
ENG-Premier League,2526,2026-05-19 Chelsea-Tottenham,Tottenham Hotspur,68’,2:0,Pape Matar Sarr,João Palhinha,substitute_in
ENG-Premier League,2526,2026-05-19 Chelsea-Tottenham,Tottenham Hotspur,68’,2:0,Djed Spence,Destiny Udogie,substitute_in
ENG-Premier League,2526,2026-05-19 Chelsea-Tottenham,Tottenham Hotspur,69’,2:0,James Maddison,Randal Kolo Muani,substitute_in
ENG-Premier League,2526,2026-05-19 Chelsea-Tottenham,Chelsea,74’,2:0,Trevoh Chalobah,Joshua Acheampong,substitute_in
ENG-Premier League,2526,2026-05-19 Chelsea-Tottenham,Tottenham Hotspur,74’,2:1,Richarlison,Pape Matar Sarr,goal
ENG-Premier League,2526,2026-05-19 Chelsea-Tottenham,Chelsea,79’,2:1,Jorrel Hato,,yellow_card
ENG-Premier League,2526,2026-05-19 Chelsea-Tottenham,Chelsea,81’,2:1,Mamadou Sarr,Wesley Fofana,substitute_in
ENG-Premier League,2526,2026-05-19 Chelsea-Tottenham,Chelsea,85’,2:1,Marc Cucurella,,yellow_card
ENG-Premier League,2526,2026-05-19 Chelsea-Tottenham,Chelsea,87’,2:1,Liam Delap,,yellow_card
ENG-Premier League,2526,2026-05-19 Chelsea-Tottenham,Chelsea,89’,2:1,Dario Essugo,Cole Palmer,substitute_in
ENG-Premier League,2526,2026-05-19 Chelsea-Tottenham,Chelsea,89’,2:1,Shumaira Mheuka,Liam Delap,substitute_in
ENG-Premier League,2526,2026-05-19 Chelsea-Tottenham,Chelsea,89’,2:1,Alejandro Garnacho,Pedro Neto,substitute_in
ENG-Premier League,2526,2026-05-19 Chelsea-Tottenham,Chelsea,90+2’,2:1,Dario Essugo,,yellow_card
ENG-Premier League,2526,2026-05-24 Brighton-Manchester Utd,Manchester United,33’,0:1,Patrick Dorgu,Bruno Fernandes,goal
ENG-Premier League,2526,2026-05-24 Brighton-Manchester Utd,Manchester United,44’,0:2,Bryan Mbeumo,Amad Diallo,goal
ENG-Premier League,2526,2026-05-24 Brighton-Manchester Utd,Manchester United,45+3’,0:2,Kobbie Mainoo,,yellow_card
ENG-Premier League,2526,2026-05-24 Brighton-Manchester Utd,Brighton & Hove Albion,46’,0:2,Yankuba Minteh,Maxim De Cuyper,substitute_in
ENG-Premier League,2526,2026-05-24 Brighton-Manchester Utd,Manchester United,48’,0:3,Bruno Fernandes,Patrick Dorgu,goal
ENG-Premier League,2526,2026-05-24 Brighton-Manchester Utd,Brighton & Hove Albion,59’,0:3,Carlos Baleba,James Milner,substitute_in
ENG-Premier League,2526,2026-05-24 Brighton-Manchester Utd,Brighton & Hove Albion,59’,0:3,Solly March,Diego Gómez,substitute_in
ENG-Premier League,2526,2026-05-24 Brighton-Manchester Utd,Brighton & Hove Albion,59’,0:3,Charalampos Kostoulas,Danny Welbeck,substitute_in
ENG-Premier League,2526,2026-05-24 Brighton-Manchester Utd,Manchester United,62’,0:3,Shea Lacey,Patrick Dorgu,substitute_in
ENG-Premier League,2526,2026-05-24 Brighton-Manchester Utd,Brighton & Hove Albion,74’,0:3,Georginio Rutter,Jack Hinshelwood,substitute_in
ENG-Premier League,2526,2026-05-24 Brighton-Manchester Utd,Manchester United,74’,0:3,Joshua Zirkzee,Bryan Mbeumo,substitute_in
ENG-Premier League,2526,2026-05-24 Brighton-Manchester Utd,Manchester United,74’,0:3,Tyler Fletcher,Mason Mount,substitute_in
ENG-Premier League,2526,2026-05-24 Brighton-Manchester Utd,Manchester United,74’,0:3,Leny Yoro,Noussair Mazraoui,substitute_in
ENG-Premier League,2526,2026-05-24 Brighton-Manchester Utd,Manchester United,82’,0:3,Tyrell Malacia,Luke Shaw,substitute_in
ENG-Premier League,2526,2026-05-24 Burnley-Wolves,Wolverhampton Wanderers,41’,0:1,Hwang Hee-chan,,yellow_card
ENG-Premier League,2526,2026-05-24 Burnley-Wolves,Burnley,45+9’,0:1,Hannibal Mejbri,,yellow_card
ENG-Premier League,2526,2026-05-24 Burnley-Wolves,Burnley,47’,1:1,Zian Flemming,Loum Tchaouna,goal
ENG-Premier League,2526,2026-05-24 Burnley-Wolves,Wolverhampton Wanderers,5’,0:1,Adam Armstrong,,penalty_goal
ENG-Premier League,2526,2026-05-24 Burnley-Wolves,Burnley,66’,1:1,Zeki Amdouni,Hannibal Mejbri,substitute_in
ENG-Premier League,2526,2026-05-24 Burnley-Wolves,Wolverhampton Wanderers,66’,1:1,Toti Gomes,Ladislav Krejčí,substitute_in
ENG-Premier League,2526,2026-05-24 Burnley-Wolves,Wolverhampton Wanderers,66’,1:1,Tolu Arokodare,Angel Gomes,substitute_in
ENG-Premier League,2526,2026-05-24 Burnley-Wolves,Wolverhampton Wanderers,74’,1:1,Jerome Abbey,Adam Armstrong,substitute_in
ENG-Premier League,2526,2026-05-24 Burnley-Wolves,Wolverhampton Wanderers,74’,1:1,Hugo Bueno,David Møller Wolfe,substitute_in
ENG-Premier League,2526,2026-05-24 Burnley-Wolves,Burnley,75’,1:1,James Ward-Prowse,Lesley Ugochukwu,substitute_in
ENG-Premier League,2526,2026-05-24 Burnley-Wolves,Burnley,75’,1:1,Marcus Edwards,Loum Tchaouna,substitute_in
ENG-Premier League,2526,2026-05-24 Burnley-Wolves,Wolverhampton Wanderers,82’,1:1,Pedro Lima,Rodrigo Gomes,substitute_in
ENG-Premier League,2526,2026-05-24 Burnley-Wolves,Burnley,85’,1:1,Ashley Barnes,Zian Flemming,substitute_in
ENG-Premier League,2526,2026-05-24 Burnley-Wolves,Burnley,85’,1:1,Jacob Bruun Larsen,Jaidon Anthony,substitute_in
ENG-Premier League,2526,2026-05-24 Burnley-Wolves,Burnley,90+4’,1:1,Ashley Barnes,,yellow_card
ENG-Premier League,2526,2026-05-24 Burnley-Wolves,Wolverhampton Wanderers,90+4’,1:1,Yerson Mosquera,,yellow_card
ENG-Premier League,2526,2026-05-24 Crystal Palace-Arsenal,Arsenal,42’,0:1,Gabriel Jesus,Gabriel Martinelli,goal
ENG-Premier League,2526,2026-05-24 Crystal Palace-Arsenal,Crystal Palace,46’,0:1,Adam Wharton,Daichi Kamada,substitute_in
ENG-Premier League,2526,2026-05-24 Crystal Palace-Arsenal,Crystal Palace,46’,0:1,Yéremy Pino,Ismaila Sarr,substitute_in
ENG-Premier League,2526,2026-05-24 Crystal Palace-Arsenal,Crystal Palace,46’,0:1,Tyrick Mitchell,Daniel Muñoz,substitute_in
ENG-Premier League,2526,2026-05-24 Crystal Palace-Arsenal,Arsenal,46’,0:1,Gabriel Magalhães,Riccardo Calafiori,substitute_in
ENG-Premier League,2526,2026-05-24 Crystal Palace-Arsenal,Arsenal,46’,0:1,Kai Havertz,Christian Nørgaard,substitute_in
ENG-Premier League,2526,2026-05-24 Crystal Palace-Arsenal,Arsenal,48’,0:2,Noni Madueke,Kai Havertz,goal
ENG-Premier League,2526,2026-05-24 Crystal Palace-Arsenal,Crystal Palace,62’,0:2,Evann Guessand,Adam Wharton,substitute_in
ENG-Premier League,2526,2026-05-24 Crystal Palace-Arsenal,Arsenal,62’,0:2,Mikel Merino,Max Dowman,substitute_in
ENG-Premier League,2526,2026-05-24 Crystal Palace-Arsenal,Arsenal,74’,0:2,Gabriel Jesus,,yellow_card
ENG-Premier League,2526,2026-05-24 Crystal Palace-Arsenal,Arsenal,75’,0:2,Eberechi Eze,Gabriel Jesus,substitute_in
ENG-Premier League,2526,2026-05-24 Crystal Palace-Arsenal,Crystal Palace,77’,0:2,Jean-Philippe Mateta,Jørgen Strand Larsen,substitute_in
ENG-Premier League,2526,2026-05-24 Crystal Palace-Arsenal,Arsenal,83’,0:2,Viktor Gyökeres,Noni Madueke,substitute_in
ENG-Premier League,2526,2026-05-24 Crystal Palace-Arsenal,Crystal Palace,89’,1:2,Jean-Philippe Mateta,Yéremy Pino,goal
ENG-Premier League,2526,2026-05-24 Fulham-Newcastle,Fulham,20’,1:0,Issa Diop,,goal
ENG-Premier League,2526,2026-05-24 Fulham-Newcastle,Newcastle United,46’,1:0,Harvey Barnes,Jacob Murphy,substitute_in
ENG-Premier League,2526,2026-05-24 Fulham-Newcastle,Fulham,60’,1:0,Tom Cairney,Kevin,substitute_in
ENG-Premier League,2526,2026-05-24 Fulham-Newcastle,Newcastle United,64’,1:0,Bruno Guimarães,,yellow_card
ENG-Premier League,2526,2026-05-24 Fulham-Newcastle,Newcastle United,66’,1:0,Yoane Wissa,William Osula,substitute_in
ENG-Premier League,2526,2026-05-24 Fulham-Newcastle,Newcastle United,66’,1:0,Anthony Elanga,Bruno Guimarães,substitute_in
ENG-Premier League,2526,2026-05-24 Fulham-Newcastle,Newcastle United,70’,1:0,Yoane Wissa,,yellow_card
ENG-Premier League,2526,2026-05-24 Fulham-Newcastle,Fulham,72’,1:0,Harry Wilson,Oscar Bobb,substitute_in
ENG-Premier League,2526,2026-05-24 Fulham-Newcastle,Fulham,72’,1:0,Joshua King,Emile Smith Rowe,substitute_in
ENG-Premier League,2526,2026-05-24 Fulham-Newcastle,Fulham,72’,1:0,Raúl Jiménez,Rodrigo Muniz,substitute_in
ENG-Premier League,2526,2026-05-24 Fulham-Newcastle,Newcastle United,77’,1:0,Sean Neave,Nick Woltemade,substitute_in
ENG-Premier League,2526,2026-05-24 Fulham-Newcastle,Fulham,80’,2:0,Tom Cairney,Harry Wilson,goal
ENG-Premier League,2526,2026-05-24 Fulham-Newcastle,Newcastle United,84’,2:0,Alex Murphy,Dan Burn,substitute_in
ENG-Premier League,2526,2026-05-24 Fulham-Newcastle,Fulham,86’,2:0,Jorge Cuenca,Issa Diop,substitute_in
ENG-Premier League,2526,2026-05-24 Fulham-Newcastle,Fulham,89’,2:0,Antonee Robinson,,yellow_card
ENG-Premier League,2526,2026-05-24 Fulham-Newcastle,Fulham,90+8’,2:0,Jorge Cuenca,,yellow_card
ENG-Premier League,2526,2026-05-24 Liverpool-Brentford,Liverpool,58’,1:0,Curtis Jones,Mohamed Salah,goal
ENG-Premier League,2526,2026-05-24 Liverpool-Brentford,Brentford,60’,1:0,Aaron Hickey,Jordan Henderson,substitute_in
ENG-Premier League,2526,2026-05-24 Liverpool-Brentford,Brentford,64’,1:1,Kevin Schade,,goal
ENG-Premier League,2526,2026-05-24 Liverpool-Brentford,Liverpool,73’,1:1,Florian Wirtz,Rio Ngumoha,substitute_in
ENG-Premier League,2526,2026-05-24 Liverpool-Brentford,Liverpool,74’,1:1,Jeremie Frimpong,Mohamed Salah,substitute_in
ENG-Premier League,2526,2026-05-24 Liverpool-Brentford,Liverpool,79’,1:1,Ibrahima Konaté,,yellow_card
ENG-Premier League,2526,2026-05-24 Liverpool-Brentford,Brentford,80’,1:1,Jordan Henderson,,yellow_card
ENG-Premier League,2526,2026-05-24 Liverpool-Brentford,Liverpool,83’,1:1,Trey Nyoni,Ryan Gravenberch,substitute_in
ENG-Premier League,2526,2026-05-24 Liverpool-Brentford,Liverpool,83’,1:1,Milos Kerkez,Andy Robertson,substitute_in
ENG-Premier League,2526,2026-05-24 Liverpool-Brentford,Brentford,83’,1:1,Mikkel Damsgaard,Mathias Jensen,substitute_in
ENG-Premier League,2526,2026-05-24 Liverpool-Brentford,Liverpool,89’,1:1,Joe Gomez,Ibrahima Konaté,substitute_in
ENG-Premier League,2526,2026-05-24 Liverpool-Brentford,Brentford,89’,1:1,Reiss Nelson,Keane Lewis-Potter,substitute_in
ENG-Premier League,2526,2026-05-24 Liverpool-Brentford,Liverpool,90+2’,1:1,Alexis Mac Allister,,yellow_card
ENG-Premier League,2526,2026-05-24 Liverpool-Brentford,Brentford,90+3’,1:1,Vitaly Janelt,,yellow_card
ENG-Premier League,2526,2026-05-24 Liverpool-Brentford,Brentford,90+5’,1:1,Nathan Collins,,yellow_card
ENG-Premier League,2526,2026-05-24 Manchester City-Aston Villa,Manchester City,23’,1:0,Antoine Semenyo,,goal
ENG-Premier League,2526,2026-05-24 Manchester City-Aston Villa,Aston Villa,46’,1:0,Matty Cash,Andrés García,substitute_in
ENG-Premier League,2526,2026-05-24 Manchester City-Aston Villa,Aston Villa,47’,1:1,Ollie Watkins,,goal
ENG-Premier League,2526,2026-05-24 Manchester City-Aston Villa,Manchester City,58’,1:1,Rayan Cherki,Antoine Semenyo,substitute_in
ENG-Premier League,2526,2026-05-24 Manchester City-Aston Villa,Manchester City,59’,1:1,Mateo Kovačić,Bernardo Silva,substitute_in
ENG-Premier League,2526,2026-05-24 Manchester City-Aston Villa,Aston Villa,61’,1:2,Ollie Watkins,Ross Barkley,goal
ENG-Premier League,2526,2026-05-24 Manchester City-Aston Villa,Aston Villa,73’,1:2,Amadou Onana,Lamare Bogarde,substitute_in
ENG-Premier League,2526,2026-05-24 Manchester City-Aston Villa,Aston Villa,73’,1:2,Pau Torres,Victor Lindelöf,substitute_in
ENG-Premier League,2526,2026-05-24 Manchester City-Aston Villa,Aston Villa,73’,1:2,Youri Tielemans,Douglas Luiz,substitute_in
ENG-Premier League,2526,2026-05-24 Manchester City-Aston Villa,Manchester City,77’,1:2,Jeremy Doku,Tijjani Reijnders,substitute_in
ENG-Premier League,2526,2026-05-24 Manchester City-Aston Villa,Manchester City,77’,1:2,Rayan Aït-Nouri,Nathan Aké,substitute_in
ENG-Premier League,2526,2026-05-24 Manchester City-Aston Villa,Manchester City,78’,1:2,Joško Gvardiol,John Stones,substitute_in
ENG-Premier League,2526,2026-05-24 Manchester City-Aston Villa,Manchester City,82’,1:2,Rico Lewis,,yellow_card
ENG-Premier League,2526,2026-05-24 Manchester City-Aston Villa,Aston Villa,86’,1:2,John McGinn,Ross Barkley,substitute_in
ENG-Premier League,2526,2026-05-24 Nottingham-Bournemouth,Bournemouth,33’,0:0,James Hill,,yellow_card
ENG-Premier League,2526,2026-05-24 Nottingham-Bournemouth,Nottingham Forest,34’,1:0,Morgan Gibbs-White,Omari Hutchinson,goal
ENG-Premier League,2526,2026-05-24 Nottingham-Bournemouth,Bournemouth,54’,1:1,Marcus Tavernier,Adrien Truffert,goal
ENG-Premier League,2526,2026-05-24 Nottingham-Bournemouth,Bournemouth,57’,1:1,Ben Gannon-Doak,Alex Tóth,substitute_in
ENG-Premier League,2526,2026-05-24 Nottingham-Bournemouth,Nottingham Forest,62’,1:1,Taiwo Awoniyi,Chris Wood,substitute_in
ENG-Premier League,2526,2026-05-24 Nottingham-Bournemouth,Nottingham Forest,63’,1:1,Luca Netz,Jair Cunha,substitute_in
ENG-Premier League,2526,2026-05-24 Nottingham-Bournemouth,Nottingham Forest,65’,1:1,Nicolás Domínguez,Ibrahim Sangaré,substitute_in
ENG-Premier League,2526,2026-05-24 Nottingham-Bournemouth,Nottingham Forest,65’,1:1,Ryan Yates,Elliot Anderson,substitute_in
ENG-Premier League,2526,2026-05-24 Nottingham-Bournemouth,Nottingham Forest,66’,1:1,Taiwo Awoniyi,,yellow_card
ENG-Premier League,2526,2026-05-24 Nottingham-Bournemouth,Bournemouth,73’,1:1,Justin Kluivert,Eli Junior Kroupi,substitute_in
ENG-Premier League,2526,2026-05-24 Nottingham-Bournemouth,Bournemouth,73’,1:1,Enes Ünal,Evanilson,substitute_in
ENG-Premier League,2526,2026-05-24 Nottingham-Bournemouth,Bournemouth,73’,1:1,Amine Adli,Rayan,substitute_in
ENG-Premier League,2526,2026-05-24 Nottingham-Bournemouth,Nottingham Forest,78’,1:1,James Mcatee,Omari Hutchinson,substitute_in
ENG-Premier League,2526,2026-05-24 Nottingham-Bournemouth,Bournemouth,90’,1:1,Lewis Cook,Adam Smith,substitute_in
ENG-Premier League,2526,2026-05-24 Sunderland-Chelsea,Sunderland,25’,1:0,Trai Hume,Luke O'Nien,goal
ENG-Premier League,2526,2026-05-24 Sunderland-Chelsea,Sunderland,42’,1:0,Nilson Angulo,,yellow_card
ENG-Premier League,2526,2026-05-24 Sunderland-Chelsea,Sunderland,50’,2:0,Malo Gusto,,own_goal
ENG-Premier League,2526,2026-05-24 Sunderland-Chelsea,Sunderland,51’,2:0,Lutsharel Geertruida,,yellow_card
ENG-Premier League,2526,2026-05-24 Sunderland-Chelsea,Chelsea,52’,2:0,Reece James,Jorrel Hato,substitute_in
ENG-Premier League,2526,2026-05-24 Sunderland-Chelsea,Chelsea,54’,2:0,Wesley Fofana,,yellow_card
ENG-Premier League,2526,2026-05-24 Sunderland-Chelsea,Chelsea,56’,2:1,Cole Palmer,Pedro Neto,goal
ENG-Premier League,2526,2026-05-24 Sunderland-Chelsea,Sunderland,61’,2:1,Wilson Isidor,Brian Brobbey,substitute_in
ENG-Premier League,2526,2026-05-24 Sunderland-Chelsea,Sunderland,61’,2:1,Habib Diarra,Nilson Angulo,substitute_in
ENG-Premier League,2526,2026-05-24 Sunderland-Chelsea,Chelsea,62’,2:1,Wesley Fofana,,yellow_red_card
ENG-Premier League,2526,2026-05-24 Sunderland-Chelsea,Chelsea,65’,2:1,Trevoh Chalobah,Pedro Neto,substitute_in
ENG-Premier League,2526,2026-05-24 Sunderland-Chelsea,Chelsea,69’,2:1,Enzo Fernández,,yellow_card
ENG-Premier League,2526,2026-05-24 Sunderland-Chelsea,Sunderland,73’,2:1,Granit Xhaka,,yellow_card
ENG-Premier League,2526,2026-05-24 Sunderland-Chelsea,Sunderland,81’,2:1,Habib Diarra,,yellow_card
ENG-Premier League,2526,2026-05-24 Sunderland-Chelsea,Chelsea,85’,2:1,Liam Delap,Moisés Caicedo,substitute_in
ENG-Premier League,2526,2026-05-24 Sunderland-Chelsea,Chelsea,85’,2:1,Joshua Acheampong,Malo Gusto,substitute_in
ENG-Premier League,2526,2026-05-24 Sunderland-Chelsea,Sunderland,89’,2:1,Noah Sadiki,,yellow_card
ENG-Premier League,2526,2026-05-24 Sunderland-Chelsea,Chelsea,90+11’,2:1,Cole Palmer,,yellow_card
ENG-Premier League,2526,2026-05-24 Sunderland-Chelsea,Chelsea,90+7’,2:1,João Pedro,,yellow_card
ENG-Premier League,2526,2026-05-24 Sunderland-Chelsea,Sunderland,90+8’,2:1,Chris Rigg,Enzo Le Fée,substitute_in
ENG-Premier League,2526,2026-05-24 Tottenham-Everton,Everton,13’,0:0,Jake O'Brien,,yellow_card
ENG-Premier League,2526,2026-05-24 Tottenham-Everton,Tottenham Hotspur,43’,1:0,João Palhinha,,goal
ENG-Premier League,2526,2026-05-24 Tottenham-Everton,Everton,62’,1:0,Tyrique George,Merlin Röhl,substitute_in
ENG-Premier League,2526,2026-05-24 Tottenham-Everton,Everton,62’,1:0,Harrison Armstrong,Jake O'Brien,substitute_in
ENG-Premier League,2526,2026-05-24 Tottenham-Everton,Tottenham Hotspur,73’,1:0,Pape Matar Sarr,Mathys Tel,substitute_in
ENG-Premier League,2526,2026-05-24 Tottenham-Everton,Tottenham Hotspur,73’,1:0,Randal Kolo Muani,Richarlison,substitute_in
ENG-Premier League,2526,2026-05-24 Tottenham-Everton,Tottenham Hotspur,80’,1:0,Pape Matar Sarr,,yellow_card
ENG-Premier League,2526,2026-05-24 Tottenham-Everton,Tottenham Hotspur,82’,1:0,Archie Gray,Rodrigo Bentancur,substitute_in
ENG-Premier League,2526,2026-05-24 Tottenham-Everton,Tottenham Hotspur,82’,1:0,James Maddison,Conor Gallagher,substitute_in
ENG-Premier League,2526,2026-05-24 Tottenham-Everton,Everton,84’,1:0,Beto,Thierno Barry,substitute_in
ENG-Premier League,2526,2026-05-24 Tottenham-Everton,Everton,84’,1:0,Séamus Coleman,Tim Iroegbunam,substitute_in
ENG-Premier League,2526,2026-05-24 Tottenham-Everton,Everton,84’,1:0,Carlos Alcaraz,Kiernan Dewsbury-Hall,substitute_in
ENG-Premier League,2526,2026-05-24 Tottenham-Everton,Tottenham Hotspur,87’,1:0,João Palhinha,,yellow_card
ENG-Premier League,2526,2026-05-24 Tottenham-Everton,Everton,89’,1:0,James Tarkowski,,yellow_card
ENG-Premier League,2526,2026-05-24 Tottenham-Everton,Tottenham Hotspur,90+7’,1:0,Antonín Kinský,,yellow_card
ENG-Premier League,2526,2026-05-24 Tottenham-Everton,Tottenham Hotspur,90’,1:0,Radu Drăgușin,Destiny Udogie,substitute_in
ENG-Premier League,2526,2026-05-24 West Ham-Leeds United,Leeds United,10’,0:0,Jaka Bijol,,yellow_card
ENG-Premier League,2526,2026-05-24 West Ham-Leeds United,Leeds United,25’,0:0,Brenden Aaronson,,yellow_card
ENG-Premier League,2526,2026-05-24 West Ham-Leeds United,West Ham United,46’,0:0,Callum Wilson,Pablo,substitute_in
ENG-Premier League,2526,2026-05-24 West Ham-Leeds United,West Ham United,67’,1:0,Valentín Castellanos,Jarrod Bowen,goal
ENG-Premier League,2526,2026-05-24 West Ham-Leeds United,Leeds United,69’,1:0,Wilfried Gnonto,Dominic Calvert-Lewin,substitute_in
ENG-Premier League,2526,2026-05-24 West Ham-Leeds United,Leeds United,70’,1:0,Daniel James,Jaka Bijol,substitute_in
ENG-Premier League,2526,2026-05-24 West Ham-Leeds United,Leeds United,78’,1:0,Facundo Buonanotte,Jayden Bogle,substitute_in
ENG-Premier League,2526,2026-05-24 West Ham-Leeds United,Leeds United,78’,1:0,Joël Piroe,Ao Tanaka,substitute_in
ENG-Premier League,2526,2026-05-24 West Ham-Leeds United,West Ham United,79’,2:0,Jarrod Bowen,Mateus Fernandes,goal
ENG-Premier League,2526,2026-05-24 West Ham-Leeds United,Leeds United,87’,2:0,Ethan Ampadu,,yellow_card
ENG-Premier League,2526,2026-05-24 West Ham-Leeds United,West Ham United,88’,2:0,Mohamadou Kanté,Valentín Castellanos,substitute_in
ENG-Premier League,2526,2026-05-24 West Ham-Leeds United,Leeds United,90+1’,2:0,Sebastiaan Bornauw,Brenden Aaronson,substitute_in
ENG-Premier League,2526,2026-05-24 West Ham-Leeds United,West Ham United,90+4’,3:0,Callum Wilson,Crysencio Summerville,goal
