league,season,team,game,date,round,day,venue,result,GF,GA,opponent,Standard,Standard,Standard,Standard,Standard,Standard,Standard,Standard,time,match_report
,,,,,,,,,,,,Gls,Sh,SoT,SoT%,G/Sh,G/SoT,PK,PKatt,,
ENG-Premier League,2526,,2025-08-15 Liverpool-nan,2025-08-15,Matchweek 1,Fri,Away,L,2,4,Liverpool,2,10,3,30.0,0.2,0.67,0,0,20:00:00,/en/matches/a071faa8/Liverpool-Bournemouth-August-15-2025-Premier-League
ENG-Premier League,2526,,2025-08-15 nan-Bournemouth,2025-08-15,Matchweek 1,Fri,Home,W,4,2,Bournemouth,4,19,10,52.6,0.21,0.4,0,0,20:00:00,/en/matches/a071faa8/Liverpool-Bournemouth-August-15-2025-Premier-League
ENG-Premier League,2526,,2025-08-16 Aston Villa-nan,2025-08-16,Matchweek 1,Sat,Away,D,0,0,Aston Villa,0,16,3,18.8,0.0,0.0,0,0,12:30:00,/en/matches/bbdf4739/Aston-Villa-Newcastle-United-August-16-2025-Premier-League
ENG-Premier League,2526,,2025-08-16 Brighton-nan,2025-08-16,Matchweek 1,Sat,Away,D,1,1,Brighton,1,7,2,28.6,0.14,0.5,0,0,15:00:00,/en/matches/57c49bae/Brighton-and-Hove-Albion-Fulham-August-16-2025-Premier-League
ENG-Premier League,2526,,2025-08-16 Sunderland-nan,2025-08-16,Matchweek 1,Sat,Away,L,0,3,Sunderland,0,12,4,33.3,0.0,0.0,0,0,15:00:00,/en/matches/e1058522/Sunderland-West-Ham-United-August-16-2025-Premier-League
ENG-Premier League,2526,,2025-08-16 Tottenham-nan,2025-08-16,Matchweek 1,Sat,Away,L,0,3,Tottenham,0,14,4,28.6,0.0,0.0,0,0,15:00:00,/en/matches/d41bb8b3/Tottenham-Hotspur-Burnley-August-16-2025-Premier-League
ENG-Premier League,2526,,2025-08-16 Wolves-nan,2025-08-16,Matchweek 1,Sat,Away,W,4,0,Wolves,4,15,4,26.7,0.27,1.0,0,0,17:30:00,/en/matches/8613020d/Wolverhampton-Wanderers-Manchester-City-August-16-2025-Premier-League
ENG-Premier League,2526,,2025-08-16 nan-Burnley,2025-08-16,Matchweek 1,Sat,Home,W,3,0,Burnley,3,16,6,37.5,0.19,0.5,0,0,15:00:00,/en/matches/d41bb8b3/Tottenham-Hotspur-Burnley-August-16-2025-Premier-League
ENG-Premier League,2526,,2025-08-16 nan-Fulham,2025-08-16,Matchweek 1,Sat,Home,D,1,1,Fulham,1,10,4,40.0,0.1,0.25,1,1,15:00:00,/en/matches/57c49bae/Brighton-and-Hove-Albion-Fulham-August-16-2025-Premier-League
ENG-Premier League,2526,,2025-08-16 nan-Manchester City,2025-08-16,Matchweek 1,Sat,Home,L,0,4,Manchester City,0,9,3,33.3,0.0,0.0,0,0,17:30:00,/en/matches/8613020d/Wolverhampton-Wanderers-Manchester-City-August-16-2025-Premier-League
ENG-Premier League,2526,,2025-08-16 nan-Newcastle,2025-08-16,Matchweek 1,Sat,Home,D,0,0,Newcastle,0,3,3,100.0,0.0,0.0,0,0,12:30:00,/en/matches/bbdf4739/Aston-Villa-Newcastle-United-August-16-2025-Premier-League
ENG-Premier League,2526,,2025-08-16 nan-West Ham,2025-08-16,Matchweek 1,Sat,Home,W,3,0,West Ham,3,10,5,50.0,0.3,0.6,0,0,15:00:00,/en/matches/e1058522/Sunderland-West-Ham-United-August-16-2025-Premier-League
ENG-Premier League,2526,,2025-08-17 Chelsea-nan,2025-08-17,Matchweek 1,Sun,Away,D,0,0,Chelsea,0,12,4,33.3,0.0,0.0,0,0,14:00:00,/en/matches/2185fc64/Chelsea-Crystal-Palace-August-17-2025-Premier-League
ENG-Premier League,2526,,2025-08-17 Manchester Utd-nan,2025-08-17,Matchweek 1,Sun,Away,W,1,0,Manchester Utd,1,9,3,33.3,0.11,0.33,0,0,16:30:00,/en/matches/643d26fd/Manchester-United-Arsenal-August-17-2025-Premier-League
ENG-Premier League,2526,,2025-08-17 Nottingham-nan,2025-08-17,Matchweek 1,Sun,Away,L,1,3,Nottingham,1,10,3,30.0,0.1,0.33,1,1,14:00:00,/en/matches/855f8b5e/Nottingham-Forest-Brentford-August-17-2025-Premier-League
ENG-Premier League,2526,,2025-08-17 nan-Arsenal,2025-08-17,Matchweek 1,Sun,Home,L,0,1,Arsenal,0,22,7,31.8,0.0,0.0,0,0,16:30:00,/en/matches/643d26fd/Manchester-United-Arsenal-August-17-2025-Premier-League
ENG-Premier League,2526,,2025-08-17 nan-Brentford,2025-08-17,Matchweek 1,Sun,Home,W,3,1,Brentford,3,11,5,45.5,0.27,0.6,0,0,14:00:00,/en/matches/855f8b5e/Nottingham-Forest-Brentford-August-17-2025-Premier-League
ENG-Premier League,2526,,2025-08-17 nan-Crystal Palace,2025-08-17,Matchweek 1,Sun,Home,D,0,0,Crystal Palace,0,19,3,15.8,0.0,0.0,0,0,14:00:00,/en/matches/2185fc64/Chelsea-Crystal-Palace-August-17-2025-Premier-League
ENG-Premier League,2526,,2025-08-18 Leeds United-nan,2025-08-18,Matchweek 1,Mon,Away,L,0,1,Leeds United,0,7,1,14.3,0.0,0.0,0,0,20:00:00,/en/matches/0701e218/Leeds-United-Everton-August-18-2025-Premier-League
ENG-Premier League,2526,,2025-08-18 nan-Everton,2025-08-18,Matchweek 1,Mon,Home,W,1,0,Everton,1,21,3,14.3,0.05,0.33,1,1,20:00:00,/en/matches/0701e218/Leeds-United-Everton-August-18-2025-Premier-League
ENG-Premier League,2526,,2025-08-22 West Ham-nan,2025-08-22,Matchweek 2,Fri,Away,W,5,1,West Ham,5,12,7,58.3,0.42,0.71,0,0,20:00:00,/en/matches/57b35843/West-Ham-United-Chelsea-August-22-2025-Premier-League
ENG-Premier League,2526,,2025-08-22 nan-Chelsea,2025-08-22,Matchweek 2,Fri,Home,L,1,5,Chelsea,1,12,4,33.3,0.08,0.25,0,0,20:00:00,/en/matches/57b35843/West-Ham-United-Chelsea-August-22-2025-Premier-League
ENG-Premier League,2526,,2025-08-23 Arsenal-nan,2025-08-23,Matchweek 2,Sat,Away,L,0,5,Arsenal,0,3,1,33.3,0.0,0.0,0,0,17:30:00,/en/matches/e8724659/Arsenal-Leeds-United-August-23-2025-Premier-League
ENG-Premier League,2526,,2025-08-23 Bournemouth-nan,2025-08-23,Matchweek 2,Sat,Away,L,0,1,Bournemouth,0,6,1,16.7,0.0,0.0,0,0,15:00:00,/en/matches/a515fb3a/Bournemouth-Wolverhampton-Wanderers-August-23-2025-Premier-League
ENG-Premier League,2526,,2025-08-23 Brentford-nan,2025-08-23,Matchweek 2,Sat,Away,L,0,1,Brentford,0,17,2,11.8,0.0,0.0,0,0,15:00:00,/en/matches/860c7af2/Brentford-Aston-Villa-August-23-2025-Premier-League
ENG-Premier League,2526,,2025-08-23 Burnley-nan,2025-08-23,Matchweek 2,Sat,Away,L,0,2,Burnley,0,9,1,11.1,0.0,0.0,0,0,15:00:00,/en/matches/4e287736/Burnley-Sunderland-August-23-2025-Premier-League
ENG-Premier League,2526,,2025-08-23 Manchester City-nan,2025-08-23,Matchweek 2,Sat,Away,W,2,0,Manchester City,2,12,5,41.7,0.17,0.4,0,0,12:30:00,/en/matches/f7e2c9c7/Manchester-City-Tottenham-Hotspur-August-23-2025-Premier-League
ENG-Premier League,2526,,2025-08-23 nan-Aston Villa,2025-08-23,Matchweek 2,Sat,Home,W,1,0,Aston Villa,1,9,2,22.2,0.11,0.5,0,0,15:00:00,/en/matches/860c7af2/Brentford-Aston-Villa-August-23-2025-Premier-League
ENG-Premier League,2526,,2025-08-23 nan-Leeds United,2025-08-23,Matchweek 2,Sat,Home,W,5,0,Leeds United,5,18,5,27.8,0.28,1.0,1,1,17:30:00,/en/matches/e8724659/Arsenal-Leeds-United-August-23-2025-Premier-League
ENG-Premier League,2526,,2025-08-23 nan-Sunderland,2025-08-23,Matchweek 2,Sat,Home,W,2,0,Sunderland,2,7,2,28.6,0.29,1.0,0,0,15:00:00,/en/matches/4e287736/Burnley-Sunderland-August-23-2025-Premier-League
ENG-Premier League,2526,,2025-08-23 nan-Tottenham,2025-08-23,Matchweek 2,Sat,Home,L,0,2,Tottenham,0,10,4,40.0,0.0,0.0,0,0,12:30:00,/en/matches/f7e2c9c7/Manchester-City-Tottenham-Hotspur-August-23-2025-Premier-League
ENG-Premier League,2526,,2025-08-23 nan-Wolves,2025-08-23,Matchweek 2,Sat,Home,W,1,0,Wolves,1,14,4,28.6,0.07,0.25,0,0,15:00:00,/en/matches/a515fb3a/Bournemouth-Wolverhampton-Wanderers-August-23-2025-Premier-League
ENG-Premier League,2526,,2025-08-24 Crystal Palace-nan,2025-08-24,Matchweek 2,Sun,Away,D,1,1,Crystal Palace,1,9,1,11.1,0.11,1.0,0,0,14:00:00,/en/matches/a3984be1/Crystal-Palace-Nottingham-Forest-August-24-2025-Premier-League
ENG-Premier League,2526,,2025-08-24 Everton-nan,2025-08-24,Matchweek 2,Sun,Away,L,0,2,Everton,0,13,4,30.8,0.0,0.0,0,1,14:00:00,/en/matches/0bad74e2/Everton-Brighton-and-Hove-Albion-August-24-2025-Premier-League
ENG-Premier League,2526,,2025-08-24 Fulham-nan,2025-08-24,Matchweek 2,Sun,Away,D,1,1,Fulham,0,10,3,30.0,0.0,0.0,0,1,16:30:00,/en/matches/fc45a8b2/Fulham-Manchester-United-August-24-2025-Premier-League
ENG-Premier League,2526,,2025-08-24 nan-Brighton,2025-08-24,Matchweek 2,Sun,Home,W,2,0,Brighton,2,11,3,27.3,0.18,0.67,0,0,14:00:00,/en/matches/0bad74e2/Everton-Brighton-and-Hove-Albion-August-24-2025-Premier-League
ENG-Premier League,2526,,2025-08-24 nan-Manchester Utd,2025-08-24,Matchweek 2,Sun,Home,D,1,1,Manchester Utd,1,13,4,30.8,0.08,0.25,0,0,16:30:00,/en/matches/fc45a8b2/Fulham-Manchester-United-August-24-2025-Premier-League
ENG-Premier League,2526,,2025-08-24 nan-Nottingham,2025-08-24,Matchweek 2,Sun,Home,D,1,1,Nottingham,1,8,4,50.0,0.13,0.25,0,0,14:00:00,/en/matches/a3984be1/Crystal-Palace-Nottingham-Forest-August-24-2025-Premier-League
ENG-Premier League,2526,,2025-08-25 Newcastle-nan,2025-08-25,Matchweek 2,Mon,Away,W,3,2,Newcastle,3,5,4,80.0,0.6,0.75,0,0,20:00:00,/en/matches/2c75d21a/Newcastle-United-Liverpool-August-25-2025-Premier-League
ENG-Premier League,2526,,2025-08-25 nan-Liverpool,2025-08-25,Matchweek 2,Mon,Home,L,2,3,Liverpool,2,10,3,30.0,0.2,0.67,0,0,20:00:00,/en/matches/2c75d21a/Newcastle-United-Liverpool-August-25-2025-Premier-League
ENG-Premier League,2526,,2025-08-30 Chelsea-nan,2025-08-30,Matchweek 3,Sat,Away,L,0,2,Chelsea,0,11,3,27.3,0.0,0.0,0,0,12:30:00,/en/matches/2dbd7fbd/Chelsea-Fulham-August-30-2025-Premier-League
ENG-Premier League,2526,,2025-08-30 Leeds United-nan,2025-08-30,Matchweek 3,Sat,Away,D,0,0,Leeds United,0,8,2,25.0,0.0,0.0,0,0,17:30:00,/en/matches/bc110e0b/Leeds-United-Newcastle-United-August-30-2025-Premier-League
ENG-Premier League,2526,,2025-08-30 Manchester Utd-nan,2025-08-30,Matchweek 3,Sat,Away,L,2,3,Manchester Utd,2,6,3,50.0,0.33,0.67,0,0,15:00:00,/en/matches/0050df89/Manchester-United-Burnley-August-30-2025-Premier-League
ENG-Premier League,2526,,2025-08-30 Sunderland-nan,2025-08-30,Matchweek 3,Sat,Away,L,1,2,Sunderland,1,7,4,57.1,0.14,0.25,0,1,15:00:00,/en/matches/f03152d1/Sunderland-Brentford-August-30-2025-Premier-League
ENG-Premier League,2526,,2025-08-30 Tottenham-nan,2025-08-30,Matchweek 3,Sat,Away,W,1,0,Tottenham,1,20,6,30.0,0.05,0.17,0,0,15:00:00,/en/matches/0e30cf4b/Tottenham-Hotspur-Bournemouth-August-30-2025-Premier-League
ENG-Premier League,2526,,2025-08-30 Wolves-nan,2025-08-30,Matchweek 3,Sat,Away,W,3,2,Wolves,3,10,4,40.0,0.3,0.75,0,0,15:00:00,/en/matches/3c399f5e/Wolverhampton-Wanderers-Everton-August-30-2025-Premier-League
ENG-Premier League,2526,,2025-08-30 nan-Bournemouth,2025-08-30,Matchweek 3,Sat,Home,L,0,1,Bournemouth,0,5,1,20.0,0.0,0.0,0,0,15:00:00,/en/matches/0e30cf4b/Tottenham-Hotspur-Bournemouth-August-30-2025-Premier-League
ENG-Premier League,2526,,2025-08-30 nan-Brentford,2025-08-30,Matchweek 3,Sat,Home,W,2,1,Brentford,2,12,3,25.0,0.17,0.67,1,1,15:00:00,/en/matches/f03152d1/Sunderland-Brentford-August-30-2025-Premier-League
ENG-Premier League,2526,,2025-08-30 nan-Burnley,2025-08-30,Matchweek 3,Sat,Home,W,3,2,Burnley,2,26,6,23.1,0.08,0.33,1,1,15:00:00,/en/matches/0050df89/Manchester-United-Burnley-August-30-2025-Premier-League
ENG-Premier League,2526,,2025-08-30 nan-Everton,2025-08-30,Matchweek 3,Sat,Home,L,2,3,Everton,2,12,4,33.3,0.17,0.5,0,0,15:00:00,/en/matches/3c399f5e/Wolverhampton-Wanderers-Everton-August-30-2025-Premier-League
ENG-Premier League,2526,,2025-08-30 nan-Fulham,2025-08-30,Matchweek 3,Sat,Home,W,2,0,Fulham,2,13,6,46.2,0.15,0.33,1,1,12:30:00,/en/matches/2dbd7fbd/Chelsea-Fulham-August-30-2025-Premier-League
ENG-Premier League,2526,,2025-08-30 nan-Newcastle,2025-08-30,Matchweek 3,Sat,Home,D,0,0,Newcastle,0,10,1,10.0,0.0,0.0,0,0,17:30:00,/en/matches/bc110e0b/Leeds-United-Newcastle-United-August-30-2025-Premier-League
ENG-Premier League,2526,,2025-08-31 Aston Villa-nan,2025-08-31,Matchweek 3,Sun,Away,W,3,0,Aston Villa,3,6,4,66.7,0.5,0.75,1,1,19:00:00,/en/matches/cd51ed93/Aston-Villa-Crystal-Palace-August-31-2025-Premier-League
ENG-Premier League,2526,,2025-08-31 Brighton-nan,2025-08-31,Matchweek 3,Sun,Away,L,1,2,Brighton,1,12,3,25.0,0.08,0.33,0,0,14:00:00,/en/matches/810d81e7/Brighton-and-Hove-Albion-Manchester-City-August-31-2025-Premier-League
ENG-Premier League,2526,,2025-08-31 Liverpool-nan,2025-08-31,Matchweek 3,Sun,Away,L,0,1,Liverpool,0,11,1,9.1,0.0,0.0,0,0,16:30:00,/en/matches/b0005978/Liverpool-Arsenal-August-31-2025-Premier-League
ENG-Premier League,2526,,2025-08-31 Nottingham-nan,2025-08-31,Matchweek 3,Sun,Away,W,3,0,Nottingham,3,12,8,66.7,0.25,0.38,1,1,14:00:00,/en/matches/299beb27/Nottingham-Forest-West-Ham-United-August-31-2025-Premier-League
ENG-Premier League,2526,,2025-08-31 nan-Arsenal,2025-08-31,Matchweek 3,Sun,Home,W,1,0,Arsenal,1,9,3,33.3,0.11,0.33,0,0,16:30:00,/en/matches/b0005978/Liverpool-Arsenal-August-31-2025-Premier-League
ENG-Premier League,2526,,2025-08-31 nan-Crystal Palace,2025-08-31,Matchweek 3,Sun,Home,L,0,3,Crystal Palace,0,13,4,30.8,0.0,0.0,0,0,19:00:00,/en/matches/cd51ed93/Aston-Villa-Crystal-Palace-August-31-2025-Premier-League
ENG-Premier League,2526,,2025-08-31 nan-Manchester City,2025-08-31,Matchweek 3,Sun,Home,W,2,1,Manchester City,2,12,7,58.3,0.17,0.29,1,1,14:00:00,/en/matches/810d81e7/Brighton-and-Hove-Albion-Manchester-City-August-31-2025-Premier-League
ENG-Premier League,2526,,2025-08-31 nan-West Ham,2025-08-31,Matchweek 3,Sun,Home,L,0,3,West Ham,0,11,3,27.3,0.0,0.0,0,0,14:00:00,/en/matches/299beb27/Nottingham-Forest-West-Ham-United-August-31-2025-Premier-League
ENG-Premier League,2526,,2025-09-13 Arsenal-nan,2025-09-13,Matchweek 4,Sat,Away,L,0,3,Arsenal,0,5,1,20.0,0.0,0.0,0,0,12:30:00,/en/matches/4fe3e679/Arsenal-Nottingham-Forest-September-13-2025-Premier-League
ENG-Premier League,2526,,2025-09-13 Bournemouth-nan,2025-09-13,Matchweek 4,Sat,Away,L,1,2,Bournemouth,1,6,2,33.3,0.17,0.5,0,0,15:00:00,/en/matches/8398bbef/Bournemouth-Brighton-and-Hove-Albion-September-13-2025-Premier-League
ENG-Premier League,2526,,2025-09-13 Brentford-nan,2025-09-13,Matchweek 4,Sat,Away,D,2,2,Brentford,2,16,6,37.5,0.13,0.33,0,0,20:00:00,/en/matches/d8104c65/Brentford-Chelsea-September-13-2025-Premier-League
ENG-Premier League,2526,,2025-09-13 Crystal Palace-nan,2025-09-13,Matchweek 4,Sat,Away,D,0,0,Crystal Palace,0,6,0,0.0,0.0,,0,0,15:00:00,/en/matches/e3cade07/Crystal-Palace-Sunderland-September-13-2025-Premier-League
ENG-Premier League,2526,,2025-09-13 Everton-nan,2025-09-13,Matchweek 4,Sat,Away,D,0,0,Everton,0,7,1,14.3,0.0,0.0,0,0,15:00:00,/en/matches/a624dc89/Everton-Aston-Villa-September-13-2025-Premier-League
ENG-Premier League,2526,,2025-09-13 Fulham-nan,2025-09-13,Matchweek 4,Sat,Away,L,0,1,Fulham,0,10,3,30.0,0.0,0.0,0,0,15:00:00,/en/matches/ab8543fb/Fulham-Leeds-United-September-13-2025-Premier-League
ENG-Premier League,2526,,2025-09-13 Newcastle-nan,2025-09-13,Matchweek 4,Sat,Away,L,0,1,Newcastle,0,8,3,37.5,0.0,0.0,0,0,15:00:00,/en/matches/55fbbbe6/Newcastle-United-Wolverhampton-Wanderers-September-13-2025-Premier-League
ENG-Premier League,2526,,2025-09-13 West Ham-nan,2025-09-13,Matchweek 4,Sat,Away,W,3,0,West Ham,3,14,5,35.7,0.21,0.6,0,0,17:30:00,/en/matches/86c7261a/West-Ham-United-Tottenham-Hotspur-September-13-2025-Premier-League
ENG-Premier League,2526,,2025-09-13 nan-Aston Villa,2025-09-13,Matchweek 4,Sat,Home,D,0,0,Aston Villa,0,20,2,10.0,0.0,0.0,0,0,15:00:00,/en/matches/a624dc89/Everton-Aston-Villa-September-13-2025-Premier-League
ENG-Premier League,2526,,2025-09-13 nan-Brighton,2025-09-13,Matchweek 4,Sat,Home,W,2,1,Brighton,2,13,5,38.5,0.15,0.4,1,1,15:00:00,/en/matches/8398bbef/Bournemouth-Brighton-and-Hove-Albion-September-13-2025-Premier-League
ENG-Premier League,2526,,2025-09-13 nan-Chelsea,2025-09-13,Matchweek 4,Sat,Home,D,2,2,Chelsea,2,7,4,57.1,0.29,0.5,0,0,20:00:00,/en/matches/d8104c65/Brentford-Chelsea-September-13-2025-Premier-League
ENG-Premier League,2526,,2025-09-13 nan-Leeds United,2025-09-13,Matchweek 4,Sat,Home,W,1,0,Leeds United,0,5,3,60.0,0.0,0.0,0,0,15:00:00,/en/matches/ab8543fb/Fulham-Leeds-United-September-13-2025-Premier-League
ENG-Premier League,2526,,2025-09-13 nan-Nottingham,2025-09-13,Matchweek 4,Sat,Home,W,3,0,Nottingham,3,16,5,31.3,0.19,0.6,0,0,12:30:00,/en/matches/4fe3e679/Arsenal-Nottingham-Forest-September-13-2025-Premier-League
ENG-Premier League,2526,,2025-09-13 nan-Sunderland,2025-09-13,Matchweek 4,Sat,Home,D,0,0,Sunderland,0,14,6,42.9,0.0,0.0,0,0,15:00:00,/en/matches/e3cade07/Crystal-Palace-Sunderland-September-13-2025-Premier-League
ENG-Premier League,2526,,2025-09-13 nan-Tottenham,2025-09-13,Matchweek 4,Sat,Home,L,0,3,Tottenham,0,7,4,57.1,0.0,0.0,0,0,17:30:00,/en/matches/86c7261a/West-Ham-United-Tottenham-Hotspur-September-13-2025-Premier-League
ENG-Premier League,2526,,2025-09-13 nan-Wolves,2025-09-13,Matchweek 4,Sat,Home,W,1,0,Wolves,1,16,4,25.0,0.06,0.25,0,0,15:00:00,/en/matches/55fbbbe6/Newcastle-United-Wolverhampton-Wanderers-September-13-2025-Premier-League
ENG-Premier League,2526,,2025-09-14 Burnley-nan,2025-09-14,Matchweek 4,Sun,Away,W,1,0,Burnley,1,27,4,14.8,0.04,0.25,1,1,14:00:00,/en/matches/fed27aaa/Burnley-Liverpool-September-14-2025-Premier-League
ENG-Premier League,2526,,2025-09-14 Manchester City-nan,2025-09-14,Matchweek 4,Sun,Away,L,0,3,Manchester City,0,12,2,16.7,0.0,0.0,0,0,16:30:00,/en/matches/f2b1061a/Manchester-Derby-Manchester-City-Manchester-United-September-14-2025-Premier-League
ENG-Premier League,2526,,2025-09-14 nan-Liverpool,2025-09-14,Matchweek 4,Sun,Home,L,0,1,Liverpool,0,3,0,0.0,0.0,,0,0,14:00:00,/en/matches/fed27aaa/Burnley-Liverpool-September-14-2025-Premier-League
ENG-Premier League,2526,,2025-09-14 nan-Manchester Utd,2025-09-14,Matchweek 4,Sun,Home,W,3,0,Manchester Utd,3,13,6,46.2,0.23,0.5,0,0,16:30:00,/en/matches/f2b1061a/Manchester-Derby-Manchester-City-Manchester-United-September-14-2025-Premier-League
ENG-Premier League,2526,,2025-09-20 Brighton-nan,2025-09-20,Matchweek 5,Sat,Away,D,2,2,Brighton,1,11,3,27.3,0.09,0.33,0,0,15:00:00,/en/matches/fa03feeb/Brighton-and-Hove-Albion-Tottenham-Hotspur-September-20-2025-Premier-League
ENG-Premier League,2526,,2025-09-20 Burnley-nan,2025-09-20,Matchweek 5,Sat,Away,D,1,1,Burnley,1,17,8,47.1,0.06,0.13,0,0,15:00:00,/en/matches/e523c1cd/Burnley-Nottingham-Forest-September-20-2025-Premier-League
ENG-Premier League,2526,,2025-09-20 Fulham-nan,2025-09-20,Matchweek 5,Sat,Away,L,1,3,Fulham,1,8,3,37.5,0.13,0.33,0,0,20:00:00,/en/matches/295b388b/Fulham-Brentford-September-20-2025-Premier-League
ENG-Premier League,2526,,2025-09-20 Liverpool-nan,2025-09-20,Matchweek 5,Sat,Away,L,1,2,Liverpool,1,9,2,22.2,0.11,0.5,0,0,12:30:00,/en/matches/5da72d0e/Merseyside-Derby-Liverpool-Everton-September-20-2025-Premier-League
ENG-Premier League,2526,,2025-09-20 Manchester Utd-nan,2025-09-20,Matchweek 5,Sat,Away,L,1,2,Manchester Utd,1,5,1,20.0,0.2,1.0,0,0,17:30:00,/en/matches/a562da13/Manchester-United-Chelsea-September-20-2025-Premier-League
ENG-Premier League,2526,,2025-09-20 West Ham-nan,2025-09-20,Matchweek 5,Sat,Away,W,2,1,West Ham,2,18,3,16.7,0.11,0.67,0,0,15:00:00,/en/matches/15b707b3/West-Ham-United-Crystal-Palace-September-20-2025-Premier-League
ENG-Premier League,2526,,2025-09-20 Wolves-nan,2025-09-20,Matchweek 5,Sat,Away,W,3,1,Wolves,3,6,4,66.7,0.5,0.75,0,0,15:00:00,/en/matches/45650a33/Wolverhampton-Wanderers-Leeds-United-September-20-2025-Premier-League
ENG-Premier League,2526,,2025-09-20 nan-Brentford,2025-09-20,Matchweek 5,Sat,Home,W,3,1,Brentford,2,14,3,21.4,0.14,0.67,0,0,20:00:00,/en/matches/295b388b/Fulham-Brentford-September-20-2025-Premier-League
ENG-Premier League,2526,,2025-09-20 nan-Chelsea,2025-09-20,Matchweek 5,Sat,Home,W,2,1,Chelsea,2,11,4,36.4,0.18,0.5,0,0,17:30:00,/en/matches/a562da13/Manchester-United-Chelsea-September-20-2025-Premier-League
ENG-Premier League,2526,,2025-09-20 nan-Crystal Palace,2025-09-20,Matchweek 5,Sat,Home,L,1,2,Crystal Palace,1,8,3,37.5,0.13,0.33,0,0,15:00:00,/en/matches/15b707b3/West-Ham-United-Crystal-Palace-September-20-2025-Premier-League
ENG-Premier League,2526,,2025-09-20 nan-Everton,2025-09-20,Matchweek 5,Sat,Home,W,2,1,Everton,2,11,3,27.3,0.18,0.67,0,0,12:30:00,/en/matches/5da72d0e/Merseyside-Derby-Liverpool-Everton-September-20-2025-Premier-League
ENG-Premier League,2526,,2025-09-20 nan-Leeds United,2025-09-20,Matchweek 5,Sat,Home,L,1,3,Leeds United,1,16,6,37.5,0.06,0.17,0,0,15:00:00,/en/matches/45650a33/Wolverhampton-Wanderers-Leeds-United-September-20-2025-Premier-League
ENG-Premier League,2526,,2025-09-20 nan-Nottingham,2025-09-20,Matchweek 5,Sat,Home,D,1,1,Nottingham,1,12,5,41.7,0.08,0.2,0,0,15:00:00,/en/matches/e523c1cd/Burnley-Nottingham-Forest-September-20-2025-Premier-League
ENG-Premier League,2526,,2025-09-20 nan-Tottenham,2025-09-20,Matchweek 5,Sat,Home,D,2,2,Tottenham,2,12,4,33.3,0.17,0.5,0,0,15:00:00,/en/matches/fa03feeb/Brighton-and-Hove-Albion-Tottenham-Hotspur-September-20-2025-Premier-League
ENG-Premier League,2526,,2025-09-21 Arsenal-nan,2025-09-21,Matchweek 5,Sun,Away,D,1,1,Arsenal,1,5,3,60.0,0.2,0.33,0,0,16:30:00,/en/matches/2045939c/Arsenal-Manchester-City-September-21-2025-Premier-League
ENG-Premier League,2526,,2025-09-21 Bournemouth-nan,2025-09-21,Matchweek 5,Sun,Away,D,0,0,Bournemouth,0,4,1,25.0,0.0,0.0,0,0,14:00:00,/en/matches/f55b1b65/Bournemouth-Newcastle-United-September-21-2025-Premier-League
ENG-Premier League,2526,,2025-09-21 Sunderland-nan,2025-09-21,Matchweek 5,Sun,Away,D,1,1,Sunderland,1,12,2,16.7,0.08,0.5,0,0,14:00:00,/en/matches/4e615d10/Sunderland-Aston-Villa-September-21-2025-Premier-League
ENG-Premier League,2526,,2025-09-21 nan-Aston Villa,2025-09-21,Matchweek 5,Sun,Home,D,1,1,Aston Villa,1,14,4,28.6,0.07,0.25,0,0,14:00:00,/en/matches/4e615d10/Sunderland-Aston-Villa-September-21-2025-Premier-League
ENG-Premier League,2526,,2025-09-21 nan-Manchester City,2025-09-21,Matchweek 5,Sun,Home,D,1,1,Manchester City,1,12,3,25.0,0.08,0.33,0,0,16:30:00,/en/matches/2045939c/Arsenal-Manchester-City-September-21-2025-Premier-League
ENG-Premier League,2526,,2025-09-21 nan-Newcastle,2025-09-21,Matchweek 5,Sun,Home,D,0,0,Newcastle,0,11,2,18.2,0.0,0.0,0,0,14:00:00,/en/matches/f55b1b65/Bournemouth-Newcastle-United-September-21-2025-Premier-League
ENG-Premier League,2526,,2025-09-27 Brentford-nan,2025-09-27,Matchweek 6,Sat,Away,L,1,3,Brentford,1,14,6,42.9,0.07,0.17,0,1,12:30:00,/en/matches/f96a49ea/Brentford-Manchester-United-September-27-2025-Premier-League
ENG-Premier League,2526,,2025-09-27 Chelsea-nan,2025-09-27,Matchweek 6,Sat,Away,W,3,1,Chelsea,3,12,3,25.0,0.25,1.0,0,0,15:00:00,/en/matches/b3a3df9a/Chelsea-Brighton-and-Hove-Albion-September-27-2025-Premier-League
ENG-Premier League,2526,,2025-09-27 Crystal Palace-nan,2025-09-27,Matchweek 6,Sat,Away,L,1,2,Crystal Palace,1,20,4,20.0,0.05,0.25,0,0,15:00:00,/en/matches/8a5edb7f/Crystal-Palace-Liverpool-September-27-2025-Premier-League
ENG-Premier League,2526,,2025-09-27 Leeds United-nan,2025-09-27,Matchweek 6,Sat,Away,D,2,2,Leeds United,2,12,5,41.7,0.17,0.4,0,0,15:00:00,/en/matches/d2fc69e6/Leeds-United-Bournemouth-September-27-2025-Premier-League
ENG-Premier League,2526,,2025-09-27 Manchester City-nan,2025-09-27,Matchweek 6,Sat,Away,L,1,5,Manchester City,1,9,2,22.2,0.11,0.5,0,0,15:00:00,/en/matches/53db8cb5/Manchester-City-Burnley-September-27-2025-Premier-League
ENG-Premier League,2526,,2025-09-27 Nottingham-nan,2025-09-27,Matchweek 6,Sat,Away,W,1,0,Nottingham,1,11,3,27.3,0.09,0.33,0,0,17:30:00,/en/matches/78970349/Nottingham-Forest-Sunderland-September-27-2025-Premier-League
ENG-Premier League,2526,,2025-09-27 Tottenham-nan,2025-09-27,Matchweek 6,Sat,Away,D,1,1,Tottenham,1,9,3,33.3,0.11,0.33,0,0,20:00:00,/en/matches/116cff7d/Tottenham-Hotspur-Wolverhampton-Wanderers-September-27-2025-Premier-League
ENG-Premier League,2526,,2025-09-27 nan-Bournemouth,2025-09-27,Matchweek 6,Sat,Home,D,2,2,Bournemouth,2,19,8,42.1,0.11,0.25,0,0,15:00:00,/en/matches/d2fc69e6/Leeds-United-Bournemouth-September-27-2025-Premier-League
ENG-Premier League,2526,,2025-09-27 nan-Brighton,2025-09-27,Matchweek 6,Sat,Home,L,1,3,Brighton,1,13,3,23.1,0.08,0.33,0,0,15:00:00,/en/matches/b3a3df9a/Chelsea-Brighton-and-Hove-Albion-September-27-2025-Premier-League
ENG-Premier League,2526,,2025-09-27 nan-Burnley,2025-09-27,Matchweek 6,Sat,Home,W,5,1,Burnley,3,21,8,38.1,0.14,0.38,0,0,15:00:00,/en/matches/53db8cb5/Manchester-City-Burnley-September-27-2025-Premier-League
ENG-Premier League,2526,,2025-09-27 nan-Liverpool,2025-09-27,Matchweek 6,Sat,Home,W,2,1,Liverpool,2,16,7,43.8,0.13,0.29,0,0,15:00:00,/en/matches/8a5edb7f/Crystal-Palace-Liverpool-September-27-2025-Premier-League
ENG-Premier League,2526,,2025-09-27 nan-Manchester Utd,2025-09-27,Matchweek 6,Sat,Home,W,3,1,Manchester Utd,3,10,8,80.0,0.3,0.38,0,0,12:30:00,/en/matches/f96a49ea/Brentford-Manchester-United-September-27-2025-Premier-League
ENG-Premier League,2526,,2025-09-27 nan-Sunderland,2025-09-27,Matchweek 6,Sat,Home,L,0,1,Sunderland,0,22,6,27.3,0.0,0.0,0,0,17:30:00,/en/matches/78970349/Nottingham-Forest-Sunderland-September-27-2025-Premier-League
ENG-Premier League,2526,,2025-09-27 nan-Wolves,2025-09-27,Matchweek 6,Sat,Home,D,1,1,Wolves,1,10,3,30.0,0.1,0.33,0,0,20:00:00,/en/matches/116cff7d/Tottenham-Hotspur-Wolverhampton-Wanderers-September-27-2025-Premier-League
ENG-Premier League,2526,,2025-09-28 Aston Villa-nan,2025-09-28,Matchweek 6,Sun,Away,L,1,3,Aston Villa,1,11,4,36.4,0.09,0.25,0,0,14:00:00,/en/matches/7345f259/Aston-Villa-Fulham-September-28-2025-Premier-League
ENG-Premier League,2526,,2025-09-28 Newcastle-nan,2025-09-28,Matchweek 6,Sun,Away,W,2,1,Newcastle,2,20,7,35.0,0.1,0.29,0,0,16:30:00,/en/matches/e851cb5c/Newcastle-United-Arsenal-September-28-2025-Premier-League
ENG-Premier League,2526,,2025-09-28 nan-Arsenal,2025-09-28,Matchweek 6,Sun,Home,L,1,2,Arsenal,1,8,3,37.5,0.13,0.33,0,0,16:30:00,/en/matches/e851cb5c/Newcastle-United-Arsenal-September-28-2025-Premier-League
ENG-Premier League,2526,,2025-09-28 nan-Fulham,2025-09-28,Matchweek 6,Sun,Home,W,3,1,Fulham,3,9,4,44.4,0.33,0.75,0,0,14:00:00,/en/matches/7345f259/Aston-Villa-Fulham-September-28-2025-Premier-League
ENG-Premier League,2526,,2025-09-29 Everton-nan,2025-09-29,Matchweek 6,Mon,Away,D,1,1,Everton,1,14,3,21.4,0.07,0.33,0,0,20:00:00,/en/matches/1163f46d/Everton-West-Ham-United-September-29-2025-Premier-League
ENG-Premier League,2526,,2025-09-29 nan-West Ham,2025-09-29,Matchweek 6,Mon,Home,D,1,1,West Ham,1,12,6,50.0,0.08,0.17,0,0,20:00:00,/en/matches/1163f46d/Everton-West-Ham-United-September-29-2025-Premier-League
ENG-Premier League,2526,,2025-10-03 Bournemouth-nan,2025-10-03,Matchweek 7,Fri,Away,L,1,3,Bournemouth,1,12,4,33.3,0.08,0.25,0,0,20:00:00,/en/matches/200f4acc/Bournemouth-Fulham-October-3-2025-Premier-League
ENG-Premier League,2526,,2025-10-03 nan-Fulham,2025-10-03,Matchweek 7,Fri,Home,W,3,1,Fulham,3,11,6,54.5,0.27,0.5,0,0,20:00:00,/en/matches/200f4acc/Bournemouth-Fulham-October-3-2025-Premier-League
ENG-Premier League,2526,,2025-10-04 Arsenal-nan,2025-10-04,Matchweek 7,Sat,Away,L,0,2,Arsenal,0,4,0,0.0,0.0,,0,0,15:00:00,/en/matches/266bddc6/Arsenal-West-Ham-United-October-4-2025-Premier-League
ENG-Premier League,2526,,2025-10-04 Chelsea-nan,2025-10-04,Matchweek 7,Sat,Away,L,1,2,Chelsea,1,12,2,16.7,0.08,0.5,0,0,17:30:00,/en/matches/780d534e/Chelsea-Liverpool-October-4-2025-Premier-League
ENG-Premier League,2526,,2025-10-04 Leeds United-nan,2025-10-04,Matchweek 7,Sat,Away,W,2,1,Leeds United,2,9,3,33.3,0.22,0.67,0,0,12:30:00,/en/matches/3e588df8/Leeds-United-Tottenham-Hotspur-October-4-2025-Premier-League
ENG-Premier League,2526,,2025-10-04 Manchester Utd-nan,2025-10-04,Matchweek 7,Sat,Away,L,0,2,Manchester Utd,0,8,3,37.5,0.0,0.0,0,0,15:00:00,/en/matches/e33ea33d/Manchester-United-Sunderland-October-4-2025-Premier-League
ENG-Premier League,2526,,2025-10-04 nan-Liverpool,2025-10-04,Matchweek 7,Sat,Home,W,2,1,Liverpool,2,12,6,50.0,0.17,0.33,0,0,17:30:00,/en/matches/780d534e/Chelsea-Liverpool-October-4-2025-Premier-League
ENG-Premier League,2526,,2025-10-04 nan-Sunderland,2025-10-04,Matchweek 7,Sat,Home,W,2,0,Sunderland,2,15,6,40.0,0.13,0.33,0,0,15:00:00,/en/matches/e33ea33d/Manchester-United-Sunderland-October-4-2025-Premier-League
ENG-Premier League,2526,,2025-10-04 nan-Tottenham,2025-10-04,Matchweek 7,Sat,Home,L,1,2,Tottenham,1,16,4,25.0,0.06,0.25,0,0,12:30:00,/en/matches/3e588df8/Leeds-United-Tottenham-Hotspur-October-4-2025-Premier-League
ENG-Premier League,2526,,2025-10-04 nan-West Ham,2025-10-04,Matchweek 7,Sat,Home,W,2,0,West Ham,2,21,5,23.8,0.1,0.4,1,1,15:00:00,/en/matches/266bddc6/Arsenal-West-Ham-United-October-4-2025-Premier-League
ENG-Premier League,2526,,2025-10-05 Aston Villa-nan,2025-10-05,Matchweek 7,Sun,Away,L,1,2,Aston Villa,1,5,2,40.0,0.2,0.5,0,0,14:00:00,/en/matches/db870461/Aston-Villa-Burnley-October-5-2025-Premier-League
ENG-Premier League,2526,,2025-10-05 Brentford-nan,2025-10-05,Matchweek 7,Sun,Away,W,1,0,Brentford,1,10,4,40.0,0.1,0.25,0,0,16:30:00,/en/matches/8c0ee359/Brentford-Manchester-City-October-5-2025-Premier-League
ENG-Premier League,2526,,2025-10-05 Everton-nan,2025-10-05,Matchweek 7,Sun,Away,L,1,2,Everton,1,15,8,53.3,0.07,0.13,0,0,14:00:00,/en/matches/88e53add/Everton-Crystal-Palace-October-5-2025-Premier-League
ENG-Premier League,2526,,2025-10-05 Newcastle-nan,2025-10-05,Matchweek 7,Sun,Away,L,0,2,Newcastle,0,5,4,80.0,0.0,0.0,0,0,14:00:00,/en/matches/e33f1657/Newcastle-United-Nottingham-Forest-October-5-2025-Premier-League
ENG-Premier League,2526,,2025-10-05 Wolves-nan,2025-10-05,Matchweek 7,Sun,Away,D,1,1,Wolves,1,17,6,35.3,0.06,0.17,0,0,14:00:00,/en/matches/1314f9fd/Wolverhampton-Wanderers-Brighton-and-Hove-Albion-October-5-2025-Premier-League
ENG-Premier League,2526,,2025-10-05 nan-Brighton,2025-10-05,Matchweek 7,Sun,Home,D,1,1,Brighton,0,6,3,50.0,0.0,0.0,0,0,14:00:00,/en/matches/1314f9fd/Wolverhampton-Wanderers-Brighton-and-Hove-Albion-October-5-2025-Premier-League
ENG-Premier League,2526,,2025-10-05 nan-Burnley,2025-10-05,Matchweek 7,Sun,Home,W,2,1,Burnley,2,15,7,46.7,0.13,0.29,0,0,14:00:00,/en/matches/db870461/Aston-Villa-Burnley-October-5-2025-Premier-League
ENG-Premier League,2526,,2025-10-05 nan-Crystal Palace,2025-10-05,Matchweek 7,Sun,Home,W,2,1,Crystal Palace,2,14,7,50.0,0.14,0.29,1,1,14:00:00,/en/matches/88e53add/Everton-Crystal-Palace-October-5-2025-Premier-League
ENG-Premier League,2526,,2025-10-05 nan-Manchester City,2025-10-05,Matchweek 7,Sun,Home,L,0,1,Manchester City,0,6,1,16.7,0.0,0.0,0,0,16:30:00,/en/matches/8c0ee359/Brentford-Manchester-City-October-5-2025-Premier-League
ENG-Premier League,2526,,2025-10-05 nan-Nottingham,2025-10-05,Matchweek 7,Sun,Home,W,2,0,Nottingham,2,18,9,50.0,0.11,0.22,1,1,14:00:00,/en/matches/e33f1657/Newcastle-United-Nottingham-Forest-October-5-2025-Premier-League
ENG-Premier League,2526,,2025-10-18 Brighton-nan,2025-10-18,Matchweek 8,Sat,Away,L,1,2,Brighton,1,16,3,18.8,0.06,0.33,0,0,15:00:00,/en/matches/7c25388b/Brighton-and-Hove-Albion-Newcastle-United-October-18-2025-Premier-League
ENG-Premier League,2526,,2025-10-18 Burnley-nan,2025-10-18,Matchweek 8,Sat,Away,L,0,2,Burnley,0,19,4,21.1,0.0,0.0,0,0,15:00:00,/en/matches/a31356f3/Burnley-Leeds-United-October-18-2025-Premier-League
ENG-Premier League,2526,,2025-10-18 Crystal Palace-nan,2025-10-18,Matchweek 8,Sat,Away,D,3,3,Crystal Palace,3,8,5,62.5,0.38,0.6,0,0,15:00:00,/en/matches/7a0ab06b/Crystal-Palace-Bournemouth-October-18-2025-Premier-League
ENG-Premier League,2526,,2025-10-18 Fulham-nan,2025-10-18,Matchweek 8,Sat,Away,W,1,0,Fulham,1,16,5,31.3,0.06,0.2,0,0,17:30:00,/en/matches/94eefc1d/Fulham-Arsenal-October-18-2025-Premier-League
ENG-Premier League,2526,,2025-10-18 Manchester City-nan,2025-10-18,Matchweek 8,Sat,Away,L,0,2,Manchester City,0,5,1,20.0,0.0,0.0,0,0,15:00:00,/en/matches/1340e41a/Manchester-City-Everton-October-18-2025-Premier-League
ENG-Premier League,2526,,2025-10-18 Nottingham-nan,2025-10-18,Matchweek 8,Sat,Away,W,3,0,Nottingham,3,17,6,35.3,0.18,0.5,0,0,12:30:00,/en/matches/b3ac7e40/Nottingham-Forest-Chelsea-October-18-2025-Premier-League
ENG-Premier League,2526,,2025-10-18 Sunderland-nan,2025-10-18,Matchweek 8,Sat,Away,L,0,2,Sunderland,0,16,3,18.8,0.0,0.0,0,0,15:00:00,/en/matches/fe212874/Sunderland-Wolverhampton-Wanderers-October-18-2025-Premier-League
ENG-Premier League,2526,,2025-10-18 nan-Arsenal,2025-10-18,Matchweek 8,Sat,Home,L,0,1,Arsenal,0,9,0,0.0,0.0,,0,0,17:30:00,/en/matches/94eefc1d/Fulham-Arsenal-October-18-2025-Premier-League
ENG-Premier League,2526,,2025-10-18 nan-Bournemouth,2025-10-18,Matchweek 8,Sat,Home,D,3,3,Bournemouth,3,20,7,35.0,0.15,0.43,1,1,15:00:00,/en/matches/7a0ab06b/Crystal-Palace-Bournemouth-October-18-2025-Premier-League
ENG-Premier League,2526,,2025-10-18 nan-Chelsea,2025-10-18,Matchweek 8,Sat,Home,L,0,3,Chelsea,0,12,2,16.7,0.0,0.0,0,0,12:30:00,/en/matches/b3ac7e40/Nottingham-Forest-Chelsea-October-18-2025-Premier-League
ENG-Premier League,2526,,2025-10-18 nan-Everton,2025-10-18,Matchweek 8,Sat,Home,W,2,0,Everton,2,19,7,36.8,0.11,0.29,0,0,15:00:00,/en/matches/1340e41a/Manchester-City-Everton-October-18-2025-Premier-League
ENG-Premier League,2526,,2025-10-18 nan-Leeds United,2025-10-18,Matchweek 8,Sat,Home,W,2,0,Leeds United,2,4,3,75.0,0.5,0.67,0,0,15:00:00,/en/matches/a31356f3/Burnley-Leeds-United-October-18-2025-Premier-League
ENG-Premier League,2526,,2025-10-18 nan-Newcastle,2025-10-18,Matchweek 8,Sat,Home,W,2,1,Newcastle,2,13,5,38.5,0.15,0.4,0,0,15:00:00,/en/matches/7c25388b/Brighton-and-Hove-Albion-Newcastle-United-October-18-2025-Premier-League
ENG-Premier League,2526,,2025-10-18 nan-Wolves,2025-10-18,Matchweek 8,Sat,Home,W,2,0,Wolves,1,8,2,25.0,0.13,0.5,0,0,15:00:00,/en/matches/fe212874/Sunderland-Wolverhampton-Wanderers-October-18-2025-Premier-League
ENG-Premier League,2526,,2025-10-19 Liverpool-nan,2025-10-19,Matchweek 8,Sun,Away,W,2,1,Liverpool,2,12,4,33.3,0.17,0.5,0,0,16:30:00,/en/matches/cbec79a5/North-West-Derby-Liverpool-Manchester-United-October-19-2025-Premier-League
ENG-Premier League,2526,,2025-10-19 Tottenham-nan,2025-10-19,Matchweek 8,Sun,Away,W,2,1,Tottenham,2,8,2,25.0,0.25,1.0,0,0,14:00:00,/en/matches/810c0cb9/Tottenham-Hotspur-Aston-Villa-October-19-2025-Premier-League
ENG-Premier League,2526,,2025-10-19 nan-Aston Villa,2025-10-19,Matchweek 8,Sun,Home,L,1,2,Aston Villa,1,9,3,33.3,0.11,0.33,0,0,14:00:00,/en/matches/810c0cb9/Tottenham-Hotspur-Aston-Villa-October-19-2025-Premier-League
ENG-Premier League,2526,,2025-10-19 nan-Manchester Utd,2025-10-19,Matchweek 8,Sun,Home,L,1,2,Manchester Utd,1,19,6,31.6,0.05,0.17,0,0,16:30:00,/en/matches/cbec79a5/North-West-Derby-Liverpool-Manchester-United-October-19-2025-Premier-League
ENG-Premier League,2526,,2025-10-20 West Ham-nan,2025-10-20,Matchweek 8,Mon,Away,W,2,0,West Ham,2,22,7,31.8,0.09,0.29,0,0,20:00:00,/en/matches/3322a47b/West-Ham-United-Brentford-October-20-2025-Premier-League
ENG-Premier League,2526,,2025-10-20 nan-Brentford,2025-10-20,Matchweek 8,Mon,Home,L,0,2,Brentford,0,7,1,14.3,0.0,0.0,0,0,20:00:00,/en/matches/3322a47b/West-Ham-United-Brentford-October-20-2025-Premier-League
ENG-Premier League,2526,,2025-10-24 Leeds United-nan,2025-10-24,Matchweek 9,Fri,Away,L,1,2,Leeds United,1,9,3,33.3,0.11,0.33,0,0,20:00:00,/en/matches/236e3e4c/Leeds-United-West-Ham-United-October-24-2025-Premier-League
ENG-Premier League,2526,,2025-10-24 nan-West Ham,2025-10-24,Matchweek 9,Fri,Home,W,2,1,West Ham,2,13,5,38.5,0.15,0.4,0,0,20:00:00,/en/matches/236e3e4c/Leeds-United-West-Ham-United-October-24-2025-Premier-League
ENG-Premier League,2526,,2025-10-25 Brentford-nan,2025-10-25,Matchweek 9,Sat,Away,L,2,3,Brentford,2,18,5,27.8,0.11,0.4,0,0,20:00:00,/en/matches/26e5ca72/Brentford-Liverpool-October-25-2025-Premier-League
ENG-Premier League,2526,,2025-10-25 Chelsea-nan,2025-10-25,Matchweek 9,Sat,Away,W,2,1,Chelsea,2,10,4,40.0,0.2,0.5,0,0,15:00:00,/en/matches/cfda878f/Chelsea-Sunderland-October-25-2025-Premier-League
ENG-Premier League,2526,,2025-10-25 Manchester Utd-nan,2025-10-25,Matchweek 9,Sat,Away,L,2,4,Manchester Utd,2,17,5,29.4,0.12,0.4,0,0,17:30:00,/en/matches/a190da2c/Manchester-United-Brighton-and-Hove-Albion-October-25-2025-Premier-League
ENG-Premier League,2526,,2025-10-25 Newcastle-nan,2025-10-25,Matchweek 9,Sat,Away,L,1,2,Newcastle,1,12,5,41.7,0.08,0.2,0,0,15:00:00,/en/matches/0f6b6849/Newcastle-United-Fulham-October-25-2025-Premier-League
ENG-Premier League,2526,,2025-10-25 nan-Brighton,2025-10-25,Matchweek 9,Sat,Home,W,4,2,Brighton,4,13,9,69.2,0.31,0.44,0,0,17:30:00,/en/matches/a190da2c/Manchester-United-Brighton-and-Hove-Albion-October-25-2025-Premier-League
ENG-Premier League,2526,,2025-10-25 nan-Fulham,2025-10-25,Matchweek 9,Sat,Home,W,2,1,Fulham,2,18,7,38.9,0.11,0.29,0,0,15:00:00,/en/matches/0f6b6849/Newcastle-United-Fulham-October-25-2025-Premier-League
ENG-Premier League,2526,,2025-10-25 nan-Liverpool,2025-10-25,Matchweek 9,Sat,Home,W,3,2,Liverpool,3,17,8,47.1,0.18,0.38,1,1,20:00:00,/en/matches/26e5ca72/Brentford-Liverpool-October-25-2025-Premier-League
ENG-Premier League,2526,,2025-10-25 nan-Sunderland,2025-10-25,Matchweek 9,Sat,Home,L,1,2,Sunderland,1,16,7,43.8,0.06,0.14,0,0,15:00:00,/en/matches/cfda878f/Chelsea-Sunderland-October-25-2025-Premier-League
ENG-Premier League,2526,,2025-10-26 Arsenal-nan,2025-10-26,Matchweek 9,Sun,Away,L,0,1,Arsenal,0,7,1,14.3,0.0,0.0,0,0,14:00:00,/en/matches/8e08b6c9/Arsenal-Crystal-Palace-October-26-2025-Premier-League
ENG-Premier League,2526,,2025-10-26 Aston Villa-nan,2025-10-26,Matchweek 9,Sun,Away,L,0,1,Aston Villa,0,18,4,22.2,0.0,0.0,0,0,14:00:00,/en/matches/2324c097/Aston-Villa-Manchester-City-October-26-2025-Premier-League
ENG-Premier League,2526,,2025-10-26 Bournemouth-nan,2025-10-26,Matchweek 9,Sun,Away,L,0,2,Bournemouth,0,8,4,50.0,0.0,0.0,0,0,14:00:00,/en/matches/0676a57a/Bournemouth-Nottingham-Forest-October-26-2025-Premier-League
ENG-Premier League,2526,,2025-10-26 Everton-nan,2025-10-26,Matchweek 9,Sun,Away,W,3,0,Everton,3,7,4,57.1,0.43,0.75,0,0,16:30:00,/en/matches/4234aaa9/Everton-Tottenham-Hotspur-October-26-2025-Premier-League
ENG-Premier League,2526,,2025-10-26 Wolves-nan,2025-10-26,Matchweek 9,Sun,Away,W,3,2,Wolves,3,11,7,63.6,0.27,0.43,0,0,14:00:00,/en/matches/28244556/Wolverhampton-Wanderers-Burnley-October-26-2025-Premier-League
ENG-Premier League,2526,,2025-10-26 nan-Burnley,2025-10-26,Matchweek 9,Sun,Home,L,2,3,Burnley,2,15,7,46.7,0.13,0.29,1,1,14:00:00,/en/matches/28244556/Wolverhampton-Wanderers-Burnley-October-26-2025-Premier-League
ENG-Premier League,2526,,2025-10-26 nan-Crystal Palace,2025-10-26,Matchweek 9,Sun,Home,W,1,0,Crystal Palace,1,10,3,30.0,0.1,0.33,0,0,14:00:00,/en/matches/8e08b6c9/Arsenal-Crystal-Palace-October-26-2025-Premier-League
ENG-Premier League,2526,,2025-10-26 nan-Manchester City,2025-10-26,Matchweek 9,Sun,Home,W,1,0,Manchester City,1,9,3,33.3,0.11,0.33,0,0,14:00:00,/en/matches/2324c097/Aston-Villa-Manchester-City-October-26-2025-Premier-League
ENG-Premier League,2526,,2025-10-26 nan-Nottingham,2025-10-26,Matchweek 9,Sun,Home,W,2,0,Nottingham,2,13,5,38.5,0.15,0.4,0,0,14:00:00,/en/matches/0676a57a/Bournemouth-Nottingham-Forest-October-26-2025-Premier-League
ENG-Premier League,2526,,2025-10-26 nan-Tottenham,2025-10-26,Matchweek 9,Sun,Home,L,0,3,Tottenham,0,12,2,16.7,0.0,0.0,0,0,16:30:00,/en/matches/4234aaa9/Everton-Tottenham-Hotspur-October-26-2025-Premier-League
ENG-Premier League,2526,,2025-11-01 Brighton-nan,2025-11-01,Matchweek 10,Sat,Away,L,0,3,Brighton,0,5,2,40.0,0.0,0.0,0,0,15:00:00,/en/matches/40e608f4/Brighton-and-Hove-Albion-Leeds-United-November-1-2025-Premier-League
ENG-Premier League,2526,,2025-11-01 Burnley-nan,2025-11-01,Matchweek 10,Sat,Away,W,2,0,Burnley,2,12,8,66.7,0.17,0.25,0,0,15:00:00,/en/matches/2e2f2939/Burnley-Arsenal-November-1-2025-Premier-League
ENG-Premier League,2526,,2025-11-01 Crystal Palace-nan,2025-11-01,Matchweek 10,Sat,Away,L,0,2,Crystal Palace,0,6,2,33.3,0.0,0.0,0,0,15:00:00,/en/matches/96c4864b/Crystal-Palace-Brentford-November-1-2025-Premier-League
ENG-Premier League,2526,,2025-11-01 Fulham-nan,2025-11-01,Matchweek 10,Sat,Away,L,0,3,Fulham,0,5,2,40.0,0.0,0.0,0,0,15:00:00,/en/matches/03f6bccd/Fulham-Wolverhampton-Wanderers-November-1-2025-Premier-League
ENG-Premier League,2526,,2025-11-01 Liverpool-nan,2025-11-01,Matchweek 10,Sat,Away,L,0,2,Liverpool,0,10,3,30.0,0.0,0.0,0,0,20:00:00,/en/matches/c15115cb/Liverpool-Aston-Villa-November-1-2025-Premier-League
ENG-Premier League,2526,,2025-11-01 Nottingham-nan,2025-11-01,Matchweek 10,Sat,Away,D,2,2,Nottingham,2,18,7,38.9,0.11,0.29,0,0,15:00:00,/en/matches/6f99be65/Nottingham-Forest-Manchester-United-November-1-2025-Premier-League
ENG-Premier League,2526,,2025-11-01 Tottenham-nan,2025-11-01,Matchweek 10,Sat,Away,W,1,0,Tottenham,1,15,9,60.0,0.07,0.11,0,0,17:30:00,/en/matches/cb498e0b/Tottenham-Hotspur-Chelsea-November-1-2025-Premier-League
ENG-Premier League,2526,,2025-11-01 nan-Arsenal,2025-11-01,Matchweek 10,Sat,Home,L,0,2,Arsenal,0,3,0,0.0,0.0,,0,0,15:00:00,/en/matches/2e2f2939/Burnley-Arsenal-November-1-2025-Premier-League
ENG-Premier League,2526,,2025-11-01 nan-Aston Villa,2025-11-01,Matchweek 10,Sat,Home,W,2,0,Aston Villa,2,16,4,25.0,0.13,0.5,0,0,20:00:00,/en/matches/c15115cb/Liverpool-Aston-Villa-November-1-2025-Premier-League
ENG-Premier League,2526,,2025-11-01 nan-Brentford,2025-11-01,Matchweek 10,Sat,Home,W,2,0,Brentford,1,9,2,22.2,0.11,0.5,0,0,15:00:00,/en/matches/96c4864b/Crystal-Palace-Brentford-November-1-2025-Premier-League
ENG-Premier League,2526,,2025-11-01 nan-Chelsea,2025-11-01,Matchweek 10,Sat,Home,L,0,1,Chelsea,0,3,1,33.3,0.0,0.0,0,0,17:30:00,/en/matches/cb498e0b/Tottenham-Hotspur-Chelsea-November-1-2025-Premier-League
ENG-Premier League,2526,,2025-11-01 nan-Leeds United,2025-11-01,Matchweek 10,Sat,Home,W,3,0,Leeds United,3,14,7,50.0,0.21,0.43,0,0,15:00:00,/en/matches/40e608f4/Brighton-and-Hove-Albion-Leeds-United-November-1-2025-Premier-League
ENG-Premier League,2526,,2025-11-01 nan-Manchester Utd,2025-11-01,Matchweek 10,Sat,Home,D,2,2,Manchester Utd,2,17,3,17.6,0.12,0.67,0,0,15:00:00,/en/matches/6f99be65/Nottingham-Forest-Manchester-United-November-1-2025-Premier-League
ENG-Premier League,2526,,2025-11-01 nan-Wolves,2025-11-01,Matchweek 10,Sat,Home,W,3,0,Wolves,2,19,6,31.6,0.11,0.33,0,0,15:00:00,/en/matches/03f6bccd/Fulham-Wolverhampton-Wanderers-November-1-2025-Premier-League
ENG-Premier League,2526,,2025-11-02 Manchester City-nan,2025-11-02,Matchweek 10,Sun,Away,L,1,3,Manchester City,1,8,5,62.5,0.13,0.2,0,0,16:30:00,/en/matches/cc77588b/Manchester-City-Bournemouth-November-2-2025-Premier-League
ENG-Premier League,2526,,2025-11-02 West Ham-nan,2025-11-02,Matchweek 10,Sun,Away,L,1,3,West Ham,1,12,4,33.3,0.08,0.25,0,0,14:00:00,/en/matches/55587dfc/West-Ham-United-Newcastle-United-November-2-2025-Premier-League
ENG-Premier League,2526,,2025-11-02 nan-Bournemouth,2025-11-02,Matchweek 10,Sun,Home,W,3,1,Bournemouth,3,15,8,53.3,0.2,0.38,0,0,16:30:00,/en/matches/cc77588b/Manchester-City-Bournemouth-November-2-2025-Premier-League
ENG-Premier League,2526,,2025-11-02 nan-Newcastle,2025-11-02,Matchweek 10,Sun,Home,W,3,1,Newcastle,2,15,9,60.0,0.13,0.22,0,0,14:00:00,/en/matches/55587dfc/West-Ham-United-Newcastle-United-November-2-2025-Premier-League
ENG-Premier League,2526,,2025-11-03 Sunderland-nan,2025-11-03,Matchweek 10,Mon,Away,D,1,1,Sunderland,1,8,2,25.0,0.13,0.5,0,0,20:00:00,/en/matches/bb37daa2/Sunderland-Everton-November-3-2025-Premier-League
ENG-Premier League,2526,,2025-11-03 nan-Everton,2025-11-03,Matchweek 10,Mon,Home,D,1,1,Everton,1,17,3,17.6,0.06,0.33,0,0,20:00:00,/en/matches/bb37daa2/Sunderland-Everton-November-3-2025-Premier-League
ENG-Premier League,2526,,2025-11-08 Chelsea-nan,2025-11-08,Matchweek 11,Sat,Away,L,0,3,Chelsea,0,3,0,0.0,0.0,,0,0,20:00:00,/en/matches/098d4b9c/Chelsea-Wolverhampton-Wanderers-November-8-2025-Premier-League
ENG-Premier League,2526,,2025-11-08 Everton-nan,2025-11-08,Matchweek 11,Sat,Away,L,0,2,Everton,0,8,4,50.0,0.0,0.0,0,0,15:00:00,/en/matches/0e46b968/Everton-Fulham-November-8-2025-Premier-League
ENG-Premier League,2526,,2025-11-08 Sunderland-nan,2025-11-08,Matchweek 11,Sat,Away,D,2,2,Sunderland,2,17,7,41.2,0.12,0.29,0,0,17:30:00,/en/matches/34884979/Sunderland-Arsenal-November-8-2025-Premier-League
ENG-Premier League,2526,,2025-11-08 Tottenham-nan,2025-11-08,Matchweek 11,Sat,Away,D,2,2,Tottenham,2,5,2,40.0,0.4,1.0,0,0,12:30:00,/en/matches/ad74e791/Tottenham-Hotspur-Manchester-United-November-8-2025-Premier-League
ENG-Premier League,2526,,2025-11-08 West Ham-nan,2025-11-08,Matchweek 11,Sat,Away,L,2,3,West Ham,2,16,7,43.8,0.13,0.29,0,0,15:00:00,/en/matches/9a904d13/West-Ham-United-Burnley-November-8-2025-Premier-League
ENG-Premier League,2526,,2025-11-08 nan-Arsenal,2025-11-08,Matchweek 11,Sat,Home,D,2,2,Arsenal,2,6,2,33.3,0.33,1.0,0,0,17:30:00,/en/matches/34884979/Sunderland-Arsenal-November-8-2025-Premier-League
ENG-Premier League,2526,,2025-11-08 nan-Burnley,2025-11-08,Matchweek 11,Sat,Home,W,3,2,Burnley,3,15,6,40.0,0.2,0.5,0,0,15:00:00,/en/matches/9a904d13/West-Ham-United-Burnley-November-8-2025-Premier-League
ENG-Premier League,2526,,2025-11-08 nan-Fulham,2025-11-08,Matchweek 11,Sat,Home,W,2,0,Fulham,2,14,5,35.7,0.14,0.4,0,0,15:00:00,/en/matches/0e46b968/Everton-Fulham-November-8-2025-Premier-League
ENG-Premier League,2526,,2025-11-08 nan-Manchester Utd,2025-11-08,Matchweek 11,Sat,Home,D,2,2,Manchester Utd,2,10,4,40.0,0.2,0.5,0,0,12:30:00,/en/matches/ad74e791/Tottenham-Hotspur-Manchester-United-November-8-2025-Premier-League
ENG-Premier League,2526,,2025-11-08 nan-Wolves,2025-11-08,Matchweek 11,Sat,Home,W,3,0,Wolves,3,20,8,40.0,0.15,0.38,0,0,20:00:00,/en/matches/098d4b9c/Chelsea-Wolverhampton-Wanderers-November-8-2025-Premier-League
ENG-Premier League,2526,,2025-11-09 Aston Villa-nan,2025-11-09,Matchweek 11,Sun,Away,L,0,4,Aston Villa,0,13,4,30.8,0.0,0.0,0,1,14:00:00,/en/matches/b333094b/Aston-Villa-Bournemouth-November-9-2025-Premier-League
ENG-Premier League,2526,,2025-11-09 Brentford-nan,2025-11-09,Matchweek 11,Sun,Away,L,1,3,Brentford,1,5,1,20.0,0.2,1.0,0,0,14:00:00,/en/matches/7398b723/Brentford-Newcastle-United-November-9-2025-Premier-League
ENG-Premier League,2526,,2025-11-09 Crystal Palace-nan,2025-11-09,Matchweek 11,Sun,Away,D,0,0,Crystal Palace,0,7,3,42.9,0.0,0.0,0,0,14:00:00,/en/matches/d6740601/Crystal-Palace-Brighton-and-Hove-Albion-November-9-2025-Premier-League
ENG-Premier League,2526,,2025-11-09 Manchester City-nan,2025-11-09,Matchweek 11,Sun,Away,L,0,3,Manchester City,0,7,1,14.3,0.0,0.0,0,0,16:30:00,/en/matches/a126a64c/Manchester-City-Liverpool-November-9-2025-Premier-League
ENG-Premier League,2526,,2025-11-09 Nottingham-nan,2025-11-09,Matchweek 11,Sun,Away,L,1,3,Nottingham,1,10,3,30.0,0.1,0.33,0,0,14:00:00,/en/matches/c2217a56/Nottingham-Forest-Leeds-United-November-9-2025-Premier-League
ENG-Premier League,2526,,2025-11-09 nan-Bournemouth,2025-11-09,Matchweek 11,Sun,Home,W,4,0,Bournemouth,4,16,8,50.0,0.25,0.5,0,0,14:00:00,/en/matches/b333094b/Aston-Villa-Bournemouth-November-9-2025-Premier-League
ENG-Premier League,2526,,2025-11-09 nan-Brighton,2025-11-09,Matchweek 11,Sun,Home,D,0,0,Brighton,0,10,2,20.0,0.0,0.0,0,0,14:00:00,/en/matches/d6740601/Crystal-Palace-Brighton-and-Hove-Albion-November-9-2025-Premier-League
ENG-Premier League,2526,,2025-11-09 nan-Leeds United,2025-11-09,Matchweek 11,Sun,Home,W,3,1,Leeds United,3,14,6,42.9,0.21,0.5,1,1,14:00:00,/en/matches/c2217a56/Nottingham-Forest-Leeds-United-November-9-2025-Premier-League
ENG-Premier League,2526,,2025-11-09 nan-Liverpool,2025-11-09,Matchweek 11,Sun,Home,W,3,0,Liverpool,3,14,6,42.9,0.21,0.5,0,1,16:30:00,/en/matches/a126a64c/Manchester-City-Liverpool-November-9-2025-Premier-League
ENG-Premier League,2526,,2025-11-09 nan-Newcastle,2025-11-09,Matchweek 11,Sun,Home,W,3,1,Newcastle,3,15,7,46.7,0.2,0.43,1,1,14:00:00,/en/matches/7398b723/Brentford-Newcastle-United-November-9-2025-Premier-League
ENG-Premier League,2526,,2025-11-22 Bournemouth-nan,2025-11-22,Matchweek 12,Sat,Away,D,2,2,Bournemouth,2,5,2,40.0,0.4,1.0,0,0,15:00:00,/en/matches/f5c9621e/Bournemouth-West-Ham-United-November-22-2025-Premier-League
ENG-Premier League,2526,,2025-11-22 Brighton-nan,2025-11-22,Matchweek 12,Sat,Away,L,1,2,Brighton,1,10,4,40.0,0.1,0.25,1,2,15:00:00,/en/matches/3ad15355/Brighton-and-Hove-Albion-Brentford-November-22-2025-Premier-League
ENG-Premier League,2526,,2025-11-22 Burnley-nan,2025-11-22,Matchweek 12,Sat,Away,W,2,0,Burnley,2,15,5,33.3,0.13,0.4,0,0,12:30:00,/en/matches/43c673dd/Burnley-Chelsea-November-22-2025-Premier-League
ENG-Premier League,2526,,2025-11-22 Fulham-nan,2025-11-22,Matchweek 12,Sat,Away,L,0,1,Fulham,0,4,2,50.0,0.0,0.0,0,0,15:00:00,/en/matches/5cd7ef12/Fulham-Sunderland-November-22-2025-Premier-League
ENG-Premier League,2526,,2025-11-22 Liverpool-nan,2025-11-22,Matchweek 12,Sat,Away,W,3,0,Liverpool,3,15,7,46.7,0.2,0.43,0,0,15:00:00,/en/matches/2180fc9b/Liverpool-Nottingham-Forest-November-22-2025-Premier-League
ENG-Premier League,2526,,2025-11-22 Newcastle-nan,2025-11-22,Matchweek 12,Sat,Away,L,1,2,Newcastle,1,17,4,23.5,0.06,0.25,0,0,17:30:00,/en/matches/efd005dc/Newcastle-United-Manchester-City-November-22-2025-Premier-League
ENG-Premier League,2526,,2025-11-22 Wolves-nan,2025-11-22,Matchweek 12,Sat,Away,W,2,0,Wolves,2,10,4,40.0,0.2,0.5,0,0,15:00:00,/en/matches/c90ed936/Wolverhampton-Wanderers-Crystal-Palace-November-22-2025-Premier-League
ENG-Premier League,2526,,2025-11-22 nan-Brentford,2025-11-22,Matchweek 12,Sat,Home,W,2,1,Brentford,2,14,5,35.7,0.14,0.4,0,0,15:00:00,/en/matches/3ad15355/Brighton-and-Hove-Albion-Brentford-November-22-2025-Premier-League
ENG-Premier League,2526,,2025-11-22 nan-Chelsea,2025-11-22,Matchweek 12,Sat,Home,L,0,2,Chelsea,0,8,2,25.0,0.0,0.0,0,0,12:30:00,/en/matches/43c673dd/Burnley-Chelsea-November-22-2025-Premier-League
ENG-Premier League,2526,,2025-11-22 nan-Crystal Palace,2025-11-22,Matchweek 12,Sat,Home,L,0,2,Crystal Palace,0,8,1,12.5,0.0,0.0,0,0,15:00:00,/en/matches/c90ed936/Wolverhampton-Wanderers-Crystal-Palace-November-22-2025-Premier-League
ENG-Premier League,2526,,2025-11-22 nan-Manchester City,2025-11-22,Matchweek 12,Sat,Home,W,2,1,Manchester City,2,9,5,55.6,0.22,0.4,0,0,17:30:00,/en/matches/efd005dc/Newcastle-United-Manchester-City-November-22-2025-Premier-League
ENG-Premier League,2526,,2025-11-22 nan-Nottingham,2025-11-22,Matchweek 12,Sat,Home,L,0,3,Nottingham,0,21,4,19.0,0.0,0.0,0,0,15:00:00,/en/matches/2180fc9b/Liverpool-Nottingham-Forest-November-22-2025-Premier-League
ENG-Premier League,2526,,2025-11-22 nan-Sunderland,2025-11-22,Matchweek 12,Sat,Home,W,1,0,Sunderland,1,24,6,25.0,0.04,0.17,0,0,15:00:00,/en/matches/5cd7ef12/Fulham-Sunderland-November-22-2025-Premier-League
ENG-Premier League,2526,,2025-11-22 nan-West Ham,2025-11-22,Matchweek 12,Sat,Home,D,2,2,West Ham,2,28,10,35.7,0.07,0.2,1,1,15:00:00,/en/matches/f5c9621e/Bournemouth-West-Ham-United-November-22-2025-Premier-League
ENG-Premier League,2526,,2025-11-23 Arsenal-nan,2025-11-23,Matchweek 12,Sun,Away,L,1,4,Arsenal,1,3,2,66.7,0.33,0.5,0,0,16:30:00,/en/matches/51a5792d/North-London-Derby-Arsenal-Tottenham-Hotspur-November-23-2025-Premier-League
ENG-Premier League,2526,,2025-11-23 Leeds United-nan,2025-11-23,Matchweek 12,Sun,Away,W,2,1,Leeds United,2,14,3,21.4,0.14,0.67,0,0,14:00:00,/en/matches/53a69c4e/Leeds-United-Aston-Villa-November-23-2025-Premier-League
ENG-Premier League,2526,,2025-11-23 nan-Aston Villa,2025-11-23,Matchweek 12,Sun,Home,L,1,2,Aston Villa,1,14,5,35.7,0.07,0.2,0,0,14:00:00,/en/matches/53a69c4e/Leeds-United-Aston-Villa-November-23-2025-Premier-League
ENG-Premier League,2526,,2025-11-23 nan-Tottenham,2025-11-23,Matchweek 12,Sun,Home,W,4,1,Tottenham,4,17,8,47.1,0.24,0.5,0,0,16:30:00,/en/matches/51a5792d/North-London-Derby-Arsenal-Tottenham-Hotspur-November-23-2025-Premier-League
ENG-Premier League,2526,,2025-11-24 Manchester Utd-nan,2025-11-24,Matchweek 12,Mon,Away,W,1,0,Manchester Utd,1,3,1,33.3,0.33,1.0,0,0,20:00:00,/en/matches/69a9c9a3/Manchester-United-Everton-November-24-2025-Premier-League
ENG-Premier League,2526,,2025-11-24 nan-Everton,2025-11-24,Matchweek 12,Mon,Home,L,0,1,Everton,0,25,6,24.0,0.0,0.0,0,0,20:00:00,/en/matches/69a9c9a3/Manchester-United-Everton-November-24-2025-Premier-League
ENG-Premier League,2526,,2025-11-29 Brentford-nan,2025-11-29,Matchweek 13,Sat,Away,L,1,3,Brentford,1,6,2,33.3,0.17,0.5,1,1,15:00:00,/en/matches/5615f800/Brentford-Burnley-November-29-2025-Premier-League
ENG-Premier League,2526,,2025-11-29 Everton-nan,2025-11-29,Matchweek 13,Sat,Away,W,4,1,Everton,4,13,8,61.5,0.31,0.5,0,0,17:30:00,/en/matches/1e17ace9/Everton-Newcastle-United-November-29-2025-Premier-League
ENG-Premier League,2526,,2025-11-29 Manchester City-nan,2025-11-29,Matchweek 13,Sat,Away,L,2,3,Manchester City,2,9,4,44.4,0.22,0.5,0,1,15:00:00,/en/matches/bfa73051/Manchester-City-Leeds-United-November-29-2025-Premier-League
ENG-Premier League,2526,,2025-11-29 Sunderland-nan,2025-11-29,Matchweek 13,Sat,Away,L,2,3,Sunderland,2,18,6,33.3,0.11,0.33,0,0,15:00:00,/en/matches/e118da78/Sunderland-Bournemouth-November-29-2025-Premier-League
ENG-Premier League,2526,,2025-11-29 Tottenham-nan,2025-11-29,Matchweek 13,Sat,Away,W,2,1,Tottenham,2,7,3,42.9,0.29,0.67,0,0,20:00:00,/en/matches/34e802eb/Tottenham-Hotspur-Fulham-November-29-2025-Premier-League
ENG-Premier League,2526,,2025-11-29 nan-Bournemouth,2025-11-29,Matchweek 13,Sat,Home,W,3,2,Bournemouth,3,12,6,50.0,0.25,0.5,1,1,15:00:00,/en/matches/e118da78/Sunderland-Bournemouth-November-29-2025-Premier-League
ENG-Premier League,2526,,2025-11-29 nan-Burnley,2025-11-29,Matchweek 13,Sat,Home,W,3,1,Burnley,3,14,4,28.6,0.21,0.75,1,1,15:00:00,/en/matches/5615f800/Brentford-Burnley-November-29-2025-Premier-League
ENG-Premier League,2526,,2025-11-29 nan-Fulham,2025-11-29,Matchweek 13,Sat,Home,L,1,2,Fulham,1,14,2,14.3,0.07,0.5,0,0,20:00:00,/en/matches/34e802eb/Tottenham-Hotspur-Fulham-November-29-2025-Premier-League
ENG-Premier League,2526,,2025-11-29 nan-Leeds United,2025-11-29,Matchweek 13,Sat,Home,W,3,2,Leeds United,3,18,9,50.0,0.17,0.33,0,0,15:00:00,/en/matches/bfa73051/Manchester-City-Leeds-United-November-29-2025-Premier-League
ENG-Premier League,2526,,2025-11-29 nan-Newcastle,2025-11-29,Matchweek 13,Sat,Home,L,1,4,Newcastle,1,10,2,20.0,0.1,0.5,0,0,17:30:00,/en/matches/1e17ace9/Everton-Newcastle-United-November-29-2025-Premier-League
ENG-Premier League,2526,,2025-11-30 Aston Villa-nan,2025-11-30,Matchweek 13,Sun,Away,L,0,1,Aston Villa,0,9,4,44.4,0.0,0.0,0,0,14:05:00,/en/matches/117c4cab/Aston-Villa-Wolverhampton-Wanderers-November-30-2025-Premier-League
ENG-Premier League,2526,,2025-11-30 Chelsea-nan,2025-11-30,Matchweek 13,Sun,Away,D,1,1,Chelsea,1,8,4,50.0,0.13,0.25,0,0,16:30:00,/en/matches/455c69b8/North-West-London-Derby-Chelsea-Arsenal-November-30-2025-Premier-League
ENG-Premier League,2526,,2025-11-30 Crystal Palace-nan,2025-11-30,Matchweek 13,Sun,Away,W,2,1,Crystal Palace,2,14,6,42.9,0.14,0.33,0,0,12:00:00,/en/matches/6857b94e/Crystal-Palace-Manchester-United-November-30-2025-Premier-League
ENG-Premier League,2526,,2025-11-30 Nottingham-nan,2025-11-30,Matchweek 13,Sun,Away,W,2,0,Nottingham,2,17,6,35.3,0.12,0.33,0,0,14:05:00,/en/matches/2d580ed7/Nottingham-Forest-Brighton-and-Hove-Albion-November-30-2025-Premier-League
ENG-Premier League,2526,,2025-11-30 West Ham-nan,2025-11-30,Matchweek 13,Sun,Away,W,2,0,West Ham,2,9,5,55.6,0.22,0.4,0,0,14:05:00,/en/matches/090b47a6/West-Ham-United-Liverpool-November-30-2025-Premier-League
ENG-Premier League,2526,,2025-11-30 nan-Arsenal,2025-11-30,Matchweek 13,Sun,Home,D,1,1,Arsenal,1,11,4,36.4,0.09,0.25,0,0,16:30:00,/en/matches/455c69b8/North-West-London-Derby-Chelsea-Arsenal-November-30-2025-Premier-League
ENG-Premier League,2526,,2025-11-30 nan-Brighton,2025-11-30,Matchweek 13,Sun,Home,L,0,2,Brighton,0,19,3,15.8,0.0,0.0,0,0,14:05:00,/en/matches/2d580ed7/Nottingham-Forest-Brighton-and-Hove-Albion-November-30-2025-Premier-League
ENG-Premier League,2526,,2025-11-30 nan-Liverpool,2025-11-30,Matchweek 13,Sun,Home,L,0,2,Liverpool,0,7,0,0.0,0.0,,0,0,14:05:00,/en/matches/090b47a6/West-Ham-United-Liverpool-November-30-2025-Premier-League
ENG-Premier League,2526,,2025-11-30 nan-Manchester Utd,2025-11-30,Matchweek 13,Sun,Home,L,1,2,Manchester Utd,1,14,3,21.4,0.07,0.33,1,1,12:00:00,/en/matches/6857b94e/Crystal-Palace-Manchester-United-November-30-2025-Premier-League
ENG-Premier League,2526,,2025-11-30 nan-Wolves,2025-11-30,Matchweek 13,Sun,Home,W,1,0,Wolves,1,16,6,37.5,0.06,0.17,0,0,14:05:00,/en/matches/117c4cab/Aston-Villa-Wolverhampton-Wanderers-November-30-2025-Premier-League
ENG-Premier League,2526,,2025-12-02 Bournemouth-nan,2025-12-02,Matchweek 14,Tue,Away,W,1,0,Bournemouth,1,13,3,23.1,0.08,0.33,0,0,19:30:00,/en/matches/6e2749c6/Bournemouth-Everton-December-2-2025-Premier-League
ENG-Premier League,2526,,2025-12-02 Fulham-nan,2025-12-02,Matchweek 14,Tue,Away,W,5,4,Fulham,4,11,4,36.4,0.36,1.0,0,0,19:30:00,/en/matches/83f0391d/Fulham-Manchester-City-December-2-2025-Premier-League
ENG-Premier League,2526,,2025-12-02 Newcastle-nan,2025-12-02,Matchweek 14,Tue,Away,D,2,2,Newcastle,2,8,2,25.0,0.25,1.0,0,0,20:15:00,/en/matches/7c5f15be/Newcastle-United-Tottenham-Hotspur-December-2-2025-Premier-League
ENG-Premier League,2526,,2025-12-02 nan-Everton,2025-12-02,Matchweek 14,Tue,Home,L,0,1,Everton,0,5,2,40.0,0.0,0.0,0,0,19:30:00,/en/matches/6e2749c6/Bournemouth-Everton-December-2-2025-Premier-League
ENG-Premier League,2526,,2025-12-02 nan-Manchester City,2025-12-02,Matchweek 14,Tue,Home,L,4,5,Manchester City,4,12,6,50.0,0.33,0.67,0,0,19:30:00,/en/matches/83f0391d/Fulham-Manchester-City-December-2-2025-Premier-League
ENG-Premier League,2526,,2025-12-02 nan-Tottenham,2025-12-02,Matchweek 14,Tue,Home,D,2,2,Tottenham,2,19,7,36.8,0.11,0.29,1,1,20:15:00,/en/matches/7c5f15be/Newcastle-United-Tottenham-Hotspur-December-2-2025-Premier-League
ENG-Premier League,2526,,2025-12-03 Arsenal-nan,2025-12-03,Matchweek 14,Wed,Away,L,0,2,Arsenal,0,6,1,16.7,0.0,0.0,0,0,19:30:00,/en/matches/576f681d/Arsenal-Brentford-December-3-2025-Premier-League
ENG-Premier League,2526,,2025-12-03 Brighton-nan,2025-12-03,Matchweek 14,Wed,Away,W,4,3,Brighton,4,14,10,71.4,0.29,0.4,0,0,19:30:00,/en/matches/96d69898/Brighton-and-Hove-Albion-Aston-Villa-December-3-2025-Premier-League
ENG-Premier League,2526,,2025-12-03 Burnley-nan,2025-12-03,Matchweek 14,Wed,Away,W,1,0,Burnley,1,3,3,100.0,0.33,0.33,0,0,19:30:00,/en/matches/9f1131fe/Burnley-Crystal-Palace-December-3-2025-Premier-League
ENG-Premier League,2526,,2025-12-03 Leeds United-nan,2025-12-03,Matchweek 14,Wed,Away,L,1,3,Leeds United,1,14,2,14.3,0.07,0.5,0,0,20:15:00,/en/matches/6218f36c/Leeds-United-Chelsea-December-3-2025-Premier-League
ENG-Premier League,2526,,2025-12-03 Liverpool-nan,2025-12-03,Matchweek 14,Wed,Away,D,1,1,Liverpool,1,9,6,66.7,0.11,0.17,0,0,20:15:00,/en/matches/1666070b/Liverpool-Sunderland-December-3-2025-Premier-League
ENG-Premier League,2526,,2025-12-03 Wolves-nan,2025-12-03,Matchweek 14,Wed,Away,W,1,0,Wolves,1,10,3,30.0,0.1,0.33,0,0,19:30:00,/en/matches/6f03844a/Wolverhampton-Wanderers-Nottingham-Forest-December-3-2025-Premier-League
ENG-Premier League,2526,,2025-12-03 nan-Aston Villa,2025-12-03,Matchweek 14,Wed,Home,L,3,4,Aston Villa,2,16,7,43.8,0.13,0.29,0,0,19:30:00,/en/matches/96d69898/Brighton-and-Hove-Albion-Aston-Villa-December-3-2025-Premier-League
ENG-Premier League,2526,,2025-12-03 nan-Brentford,2025-12-03,Matchweek 14,Wed,Home,W,2,0,Brentford,2,15,7,46.7,0.13,0.29,0,0,19:30:00,/en/matches/576f681d/Arsenal-Brentford-December-3-2025-Premier-League
ENG-Premier League,2526,,2025-12-03 nan-Chelsea,2025-12-03,Matchweek 14,Wed,Home,W,3,1,Chelsea,3,17,5,29.4,0.18,0.6,0,0,20:15:00,/en/matches/6218f36c/Leeds-United-Chelsea-December-3-2025-Premier-League
ENG-Premier League,2526,,2025-12-03 nan-Crystal Palace,2025-12-03,Matchweek 14,Wed,Home,L,0,1,Crystal Palace,0,11,4,36.4,0.0,0.0,0,0,19:30:00,/en/matches/9f1131fe/Burnley-Crystal-Palace-December-3-2025-Premier-League
ENG-Premier League,2526,,2025-12-03 nan-Nottingham,2025-12-03,Matchweek 14,Wed,Home,L,0,1,Nottingham,0,5,1,20.0,0.0,0.0,0,0,19:30:00,/en/matches/6f03844a/Wolverhampton-Wanderers-Nottingham-Forest-December-3-2025-Premier-League
ENG-Premier League,2526,,2025-12-03 nan-Sunderland,2025-12-03,Matchweek 14,Wed,Home,D,1,1,Sunderland,0,23,4,17.4,0.0,0.0,0,0,20:15:00,/en/matches/1666070b/Liverpool-Sunderland-December-3-2025-Premier-League
ENG-Premier League,2526,,2025-12-04 Manchester Utd-nan,2025-12-04,Matchweek 14,Thu,Away,D,1,1,Manchester Utd,1,11,3,27.3,0.09,0.33,0,0,20:00:00,/en/matches/66fee216/Manchester-United-West-Ham-United-December-4-2025-Premier-League
ENG-Premier League,2526,,2025-12-04 nan-West Ham,2025-12-04,Matchweek 14,Thu,Home,D,1,1,West Ham,1,17,4,23.5,0.06,0.25,0,0,20:00:00,/en/matches/66fee216/Manchester-United-West-Ham-United-December-4-2025-Premier-League
ENG-Premier League,2526,,2025-12-06 Aston Villa-nan,2025-12-06,Matchweek 15,Sat,Away,L,1,2,Aston Villa,1,15,9,60.0,0.07,0.11,0,0,12:30:00,/en/matches/f6d068df/Aston-Villa-Arsenal-December-6-2025-Premier-League
ENG-Premier League,2526,,2025-12-06 Bournemouth-nan,2025-12-06,Matchweek 15,Sat,Away,D,0,0,Bournemouth,0,11,4,36.4,0.0,0.0,0,0,15:00:00,/en/matches/c6875359/Bournemouth-Chelsea-December-6-2025-Premier-League
ENG-Premier League,2526,,2025-12-06 Everton-nan,2025-12-06,Matchweek 15,Sat,Away,L,0,3,Everton,0,7,3,42.9,0.0,0.0,0,0,15:00:00,/en/matches/cbe24427/Everton-Nottingham-Forest-December-6-2025-Premier-League
ENG-Premier League,2526,,2025-12-06 Leeds United-nan,2025-12-06,Matchweek 15,Sat,Away,D,3,3,Leeds United,3,16,7,43.8,0.19,0.43,0,0,17:30:00,/en/matches/c0fc0aac/Leeds-United-Liverpool-December-6-2025-Premier-League
ENG-Premier League,2526,,2025-12-06 Manchester City-nan,2025-12-06,Matchweek 15,Sat,Away,L,0,3,Manchester City,0,8,1,12.5,0.0,0.0,0,0,15:00:00,/en/matches/1f7cfc5f/Manchester-City-Sunderland-December-6-2025-Premier-League
ENG-Premier League,2526,,2025-12-06 Newcastle-nan,2025-12-06,Matchweek 15,Sat,Away,L,1,2,Newcastle,1,9,3,33.3,0.11,0.33,1,1,15:00:00,/en/matches/e5ed4270/Newcastle-United-Burnley-December-6-2025-Premier-League
ENG-Premier League,2526,,2025-12-06 Tottenham-nan,2025-12-06,Matchweek 15,Sat,Away,L,0,2,Tottenham,0,4,1,25.0,0.0,0.0,0,0,15:00:00,/en/matches/9a4fd973/Tottenham-Hotspur-Brentford-December-6-2025-Premier-League
ENG-Premier League,2526,,2025-12-06 nan-Arsenal,2025-12-06,Matchweek 15,Sat,Home,W,2,1,Arsenal,2,15,6,40.0,0.13,0.33,0,0,12:30:00,/en/matches/f6d068df/Aston-Villa-Arsenal-December-6-2025-Premier-League
ENG-Premier League,2526,,2025-12-06 nan-Brentford,2025-12-06,Matchweek 15,Sat,Home,W,2,0,Brentford,2,15,7,46.7,0.13,0.29,0,0,15:00:00,/en/matches/9a4fd973/Tottenham-Hotspur-Brentford-December-6-2025-Premier-League
ENG-Premier League,2526,,2025-12-06 nan-Burnley,2025-12-06,Matchweek 15,Sat,Home,W,2,1,Burnley,2,17,7,41.2,0.12,0.29,1,1,15:00:00,/en/matches/e5ed4270/Newcastle-United-Burnley-December-6-2025-Premier-League
ENG-Premier League,2526,,2025-12-06 nan-Chelsea,2025-12-06,Matchweek 15,Sat,Home,D,0,0,Chelsea,0,13,5,38.5,0.0,0.0,0,0,15:00:00,/en/matches/c6875359/Bournemouth-Chelsea-December-6-2025-Premier-League
ENG-Premier League,2526,,2025-12-06 nan-Liverpool,2025-12-06,Matchweek 15,Sat,Home,D,3,3,Liverpool,3,12,5,41.7,0.25,0.6,1,1,17:30:00,/en/matches/c0fc0aac/Leeds-United-Liverpool-December-6-2025-Premier-League
ENG-Premier League,2526,,2025-12-06 nan-Nottingham,2025-12-06,Matchweek 15,Sat,Home,W,3,0,Nottingham,2,11,5,45.5,0.18,0.4,0,0,15:00:00,/en/matches/cbe24427/Everton-Nottingham-Forest-December-6-2025-Premier-League
ENG-Premier League,2526,,2025-12-06 nan-Sunderland,2025-12-06,Matchweek 15,Sat,Home,W,3,0,Sunderland,3,18,6,33.3,0.17,0.5,0,0,15:00:00,/en/matches/1f7cfc5f/Manchester-City-Sunderland-December-6-2025-Premier-League
ENG-Premier League,2526,,2025-12-07 Brighton-nan,2025-12-07,Matchweek 15,Sun,Away,D,1,1,Brighton,1,14,5,35.7,0.07,0.2,0,0,14:00:00,/en/matches/e5c1f07b/Brighton-and-Hove-Albion-West-Ham-United-December-7-2025-Premier-League
ENG-Premier League,2526,,2025-12-07 Fulham-nan,2025-12-07,Matchweek 15,Sun,Away,W,2,1,Fulham,2,11,5,45.5,0.18,0.4,0,0,16:30:00,/en/matches/c0ececfd/Fulham-Crystal-Palace-December-7-2025-Premier-League
ENG-Premier League,2526,,2025-12-07 nan-Crystal Palace,2025-12-07,Matchweek 15,Sun,Home,L,1,2,Crystal Palace,1,12,4,33.3,0.08,0.25,0,0,16:30:00,/en/matches/c0ececfd/Fulham-Crystal-Palace-December-7-2025-Premier-League
ENG-Premier League,2526,,2025-12-07 nan-West Ham,2025-12-07,Matchweek 15,Sun,Home,D,1,1,West Ham,1,22,4,18.2,0.05,0.25,0,0,14:00:00,/en/matches/e5c1f07b/Brighton-and-Hove-Albion-West-Ham-United-December-7-2025-Premier-League
ENG-Premier League,2526,,2025-12-08 Wolves-nan,2025-12-08,Matchweek 15,Mon,Away,W,4,1,Wolves,4,27,10,37.0,0.15,0.4,1,1,20:00:00,/en/matches/d52338cb/Wolverhampton-Wanderers-Manchester-United-December-8-2025-Premier-League
ENG-Premier League,2526,,2025-12-08 nan-Manchester Utd,2025-12-08,Matchweek 15,Mon,Home,L,1,4,Manchester Utd,1,8,2,25.0,0.13,0.5,0,0,20:00:00,/en/matches/d52338cb/Wolverhampton-Wanderers-Manchester-United-December-8-2025-Premier-League
ENG-Premier League,2526,,2025-12-13 Arsenal-nan,2025-12-13,Matchweek 16,Sat,Away,L,1,2,Arsenal,1,3,2,66.7,0.33,0.5,0,0,20:00:00,/en/matches/5914e624/Arsenal-Wolverhampton-Wanderers-December-13-2025-Premier-League
ENG-Premier League,2526,,2025-12-13 Burnley-nan,2025-12-13,Matchweek 16,Sat,Away,W,3,2,Burnley,3,6,4,66.7,0.5,0.75,0,0,17:30:00,/en/matches/993fe4a5/Burnley-Fulham-December-13-2025-Premier-League
ENG-Premier League,2526,,2025-12-13 Chelsea-nan,2025-12-13,Matchweek 16,Sat,Away,L,0,2,Chelsea,0,11,2,18.2,0.0,0.0,0,0,15:00:00,/en/matches/33f5c26d/Chelsea-Everton-December-13-2025-Premier-League
ENG-Premier League,2526,,2025-12-13 Liverpool-nan,2025-12-13,Matchweek 16,Sat,Away,L,0,2,Liverpool,0,14,1,7.1,0.0,0.0,0,0,15:00:00,/en/matches/9b6b7eac/Liverpool-Brighton-and-Hove-Albion-December-13-2025-Premier-League
ENG-Premier League,2526,,2025-12-13 nan-Brighton,2025-12-13,Matchweek 16,Sat,Home,W,2,0,Brighton,2,18,4,22.2,0.11,0.5,0,0,15:00:00,/en/matches/9b6b7eac/Liverpool-Brighton-and-Hove-Albion-December-13-2025-Premier-League
ENG-Premier League,2526,,2025-12-13 nan-Everton,2025-12-13,Matchweek 16,Sat,Home,W,2,0,Everton,2,17,5,29.4,0.12,0.4,0,0,15:00:00,/en/matches/33f5c26d/Chelsea-Everton-December-13-2025-Premier-League
ENG-Premier League,2526,,2025-12-13 nan-Fulham,2025-12-13,Matchweek 16,Sat,Home,L,2,3,Fulham,2,16,8,50.0,0.13,0.25,0,0,17:30:00,/en/matches/993fe4a5/Burnley-Fulham-December-13-2025-Premier-League
ENG-Premier League,2526,,2025-12-13 nan-Wolves,2025-12-13,Matchweek 16,Sat,Home,W,2,1,Wolves,0,16,2,12.5,0.0,0.0,0,0,20:00:00,/en/matches/5914e624/Arsenal-Wolverhampton-Wanderers-December-13-2025-Premier-League
ENG-Premier League,2526,,2025-12-14 Brentford-nan,2025-12-14,Matchweek 16,Sun,Away,D,1,1,Brentford,1,18,4,22.2,0.06,0.25,0,0,16:30:00,/en/matches/68c62e00/Brentford-Leeds-United-December-14-2025-Premier-League
ENG-Premier League,2526,,2025-12-14 Crystal Palace-nan,2025-12-14,Matchweek 16,Sun,Away,W,3,0,Crystal Palace,3,7,6,85.7,0.43,0.5,1,1,14:00:00,/en/matches/88d54a65/Crystal-Palace-Manchester-City-December-14-2025-Premier-League
ENG-Premier League,2526,,2025-12-14 Nottingham-nan,2025-12-14,Matchweek 16,Sun,Away,L,0,3,Nottingham,0,6,1,16.7,0.0,0.0,0,0,14:00:00,/en/matches/30741081/Nottingham-Forest-Tottenham-Hotspur-December-14-2025-Premier-League
ENG-Premier League,2526,,2025-12-14 Sunderland-nan,2025-12-14,Matchweek 16,Sun,Away,L,0,1,Sunderland,0,6,2,33.3,0.0,0.0,0,0,14:00:00,/en/matches/f0108982/Sunderland-Newcastle-United-December-14-2025-Premier-League
ENG-Premier League,2526,,2025-12-14 West Ham-nan,2025-12-14,Matchweek 16,Sun,Away,W,3,2,West Ham,2,7,4,57.1,0.29,0.5,0,0,14:00:00,/en/matches/88b3c085/West-Ham-United-Aston-Villa-December-14-2025-Premier-League
ENG-Premier League,2526,,2025-12-14 nan-Aston Villa,2025-12-14,Matchweek 16,Sun,Home,L,2,3,Aston Villa,2,10,3,30.0,0.2,0.67,0,0,14:00:00,/en/matches/88b3c085/West-Ham-United-Aston-Villa-December-14-2025-Premier-League
ENG-Premier League,2526,,2025-12-14 nan-Leeds United,2025-12-14,Matchweek 16,Sun,Home,D,1,1,Leeds United,1,7,2,28.6,0.14,0.5,0,0,16:30:00,/en/matches/68c62e00/Brentford-Leeds-United-December-14-2025-Premier-League
ENG-Premier League,2526,,2025-12-14 nan-Manchester City,2025-12-14,Matchweek 16,Sun,Home,L,0,3,Manchester City,0,16,4,25.0,0.0,0.0,0,0,14:00:00,/en/matches/88d54a65/Crystal-Palace-Manchester-City-December-14-2025-Premier-League
ENG-Premier League,2526,,2025-12-14 nan-Newcastle,2025-12-14,Matchweek 16,Sun,Home,W,1,0,Newcastle,0,5,1,20.0,0.0,0.0,0,0,14:00:00,/en/matches/f0108982/Sunderland-Newcastle-United-December-14-2025-Premier-League
ENG-Premier League,2526,,2025-12-14 nan-Tottenham,2025-12-14,Matchweek 16,Sun,Home,W,3,0,Tottenham,3,15,6,40.0,0.2,0.5,0,0,14:00:00,/en/matches/30741081/Nottingham-Forest-Tottenham-Hotspur-December-14-2025-Premier-League
ENG-Premier League,2526,,2025-12-15 Manchester Utd-nan,2025-12-15,Matchweek 16,Mon,Away,D,4,4,Manchester Utd,4,14,9,64.3,0.29,0.44,0,0,20:00:00,/en/matches/fe812068/Manchester-United-Bournemouth-December-15-2025-Premier-League
ENG-Premier League,2526,,2025-12-15 nan-Bournemouth,2025-12-15,Matchweek 16,Mon,Home,D,4,4,Bournemouth,4,25,9,36.0,0.16,0.44,0,0,20:00:00,/en/matches/fe812068/Manchester-United-Bournemouth-December-15-2025-Premier-League
ENG-Premier League,2526,,2025-12-20 Bournemouth-nan,2025-12-20,Matchweek 17,Sat,Away,D,1,1,Bournemouth,1,4,1,25.0,0.25,1.0,0,0,15:00:00,/en/matches/f248c97b/Bournemouth-Burnley-December-20-2025-Premier-League
ENG-Premier League,2526,,2025-12-20 Brighton-nan,2025-12-20,Matchweek 17,Sat,Away,D,0,0,Brighton,0,14,6,42.9,0.0,0.0,0,0,15:00:00,/en/matches/8751f2e2/Brighton-and-Hove-Albion-Sunderland-December-20-2025-Premier-League
ENG-Premier League,2526,,2025-12-20 Everton-nan,2025-12-20,Matchweek 17,Sat,Away,W,1,0,Everton,1,13,2,15.4,0.08,0.5,1,1,20:00:00,/en/matches/9bf2aba0/Everton-Arsenal-December-20-2025-Premier-League
ENG-Premier League,2526,,2025-12-20 Leeds United-nan,2025-12-20,Matchweek 17,Sat,Away,L,1,4,Leeds United,1,9,3,33.3,0.11,0.33,1,1,20:00:00,/en/matches/a105af33/Leeds-United-Crystal-Palace-December-20-2025-Premier-League
ENG-Premier League,2526,,2025-12-20 Manchester City-nan,2025-12-20,Matchweek 17,Sat,Away,L,0,3,Manchester City,0,7,3,42.9,0.0,0.0,0,0,15:00:00,/en/matches/56b82593/Manchester-City-West-Ham-United-December-20-2025-Premier-League
ENG-Premier League,2526,,2025-12-20 Newcastle-nan,2025-12-20,Matchweek 17,Sat,Away,D,2,2,Newcastle,2,13,4,30.8,0.15,0.5,0,0,12:30:00,/en/matches/4972e40c/Newcastle-United-Chelsea-December-20-2025-Premier-League
ENG-Premier League,2526,,2025-12-20 Tottenham-nan,2025-12-20,Matchweek 17,Sat,Away,W,2,1,Tottenham,2,8,4,50.0,0.25,0.5,0,0,17:30:00,/en/matches/30618752/Tottenham-Hotspur-Liverpool-December-20-2025-Premier-League
ENG-Premier League,2526,,2025-12-20 Wolves-nan,2025-12-20,Matchweek 17,Sat,Away,W,2,0,Wolves,2,7,6,85.7,0.29,0.33,0,0,15:00:00,/en/matches/3c79be9f/Wolverhampton-Wanderers-Brentford-December-20-2025-Premier-League
ENG-Premier League,2526,,2025-12-20 nan-Arsenal,2025-12-20,Matchweek 17,Sat,Home,L,0,1,Arsenal,0,5,1,20.0,0.0,0.0,0,0,20:00:00,/en/matches/9bf2aba0/Everton-Arsenal-December-20-2025-Premier-League
ENG-Premier League,2526,,2025-12-20 nan-Brentford,2025-12-20,Matchweek 17,Sat,Home,L,0,2,Brentford,0,9,2,22.2,0.0,0.0,0,1,15:00:00,/en/matches/3c79be9f/Wolverhampton-Wanderers-Brentford-December-20-2025-Premier-League
ENG-Premier League,2526,,2025-12-20 nan-Burnley,2025-12-20,Matchweek 17,Sat,Home,D,1,1,Burnley,1,16,1,6.3,0.06,1.0,0,0,15:00:00,/en/matches/f248c97b/Bournemouth-Burnley-December-20-2025-Premier-League
ENG-Premier League,2526,,2025-12-20 nan-Chelsea,2025-12-20,Matchweek 17,Sat,Home,D,2,2,Chelsea,2,11,5,45.5,0.18,0.4,0,0,12:30:00,/en/matches/4972e40c/Newcastle-United-Chelsea-December-20-2025-Premier-League
ENG-Premier League,2526,,2025-12-20 nan-Crystal Palace,2025-12-20,Matchweek 17,Sat,Home,W,4,1,Crystal Palace,4,20,8,40.0,0.2,0.5,0,0,20:00:00,/en/matches/a105af33/Leeds-United-Crystal-Palace-December-20-2025-Premier-League
ENG-Premier League,2526,,2025-12-20 nan-Liverpool,2025-12-20,Matchweek 17,Sat,Home,L,1,2,Liverpool,1,15,4,26.7,0.07,0.25,0,0,17:30:00,/en/matches/30618752/Tottenham-Hotspur-Liverpool-December-20-2025-Premier-League
ENG-Premier League,2526,,2025-12-20 nan-Sunderland,2025-12-20,Matchweek 17,Sat,Home,D,0,0,Sunderland,0,16,4,25.0,0.0,0.0,0,0,15:00:00,/en/matches/8751f2e2/Brighton-and-Hove-Albion-Sunderland-December-20-2025-Premier-League
ENG-Premier League,2526,,2025-12-20 nan-West Ham,2025-12-20,Matchweek 17,Sat,Home,W,3,0,West Ham,3,17,8,47.1,0.18,0.38,0,0,15:00:00,/en/matches/56b82593/Manchester-City-West-Ham-United-December-20-2025-Premier-League
ENG-Premier League,2526,,2025-12-21 Aston Villa-nan,2025-12-21,Matchweek 17,Sun,Away,L,1,2,Aston Villa,1,15,6,40.0,0.07,0.17,0,0,16:30:00,/en/matches/0da8e4de/Aston-Villa-Manchester-United-December-21-2025-Premier-League
ENG-Premier League,2526,,2025-12-21 nan-Manchester Utd,2025-12-21,Matchweek 17,Sun,Home,W,2,1,Manchester Utd,2,12,4,33.3,0.17,0.5,0,0,16:30:00,/en/matches/0da8e4de/Aston-Villa-Manchester-United-December-21-2025-Premier-League
ENG-Premier League,2526,,2025-12-22 Fulham-nan,2025-12-22,Matchweek 17,Mon,Away,L,0,1,Fulham,0,12,2,16.7,0.0,0.0,0,0,20:00:00,/en/matches/23ee8b09/Fulham-Nottingham-Forest-December-22-2025-Premier-League
ENG-Premier League,2526,,2025-12-22 nan-Nottingham,2025-12-22,Matchweek 17,Mon,Home,W,1,0,Nottingham,1,11,1,9.1,0.09,1.0,1,1,20:00:00,/en/matches/23ee8b09/Fulham-Nottingham-Forest-December-22-2025-Premier-League
ENG-Premier League,2526,,2025-12-26 Manchester Utd-nan,2025-12-26,Matchweek 18,Fri,Away,L,0,1,Manchester Utd,0,16,3,18.8,0.0,0.0,0,0,20:00:00,/en/matches/aff462b8/Manchester-United-Newcastle-United-December-26-2025-Premier-League
ENG-Premier League,2526,,2025-12-26 nan-Newcastle,2025-12-26,Matchweek 18,Fri,Home,W,1,0,Newcastle,1,9,3,33.3,0.11,0.33,0,0,20:00:00,/en/matches/aff462b8/Manchester-United-Newcastle-United-December-26-2025-Premier-League
ENG-Premier League,2526,,2025-12-27 Arsenal-nan,2025-12-27,Matchweek 18,Sat,Away,L,1,2,Arsenal,1,8,3,37.5,0.13,0.33,0,0,15:00:00,/en/matches/ad61fc31/Arsenal-Brighton-and-Hove-Albion-December-27-2025-Premier-League
ENG-Premier League,2526,,2025-12-27 Brentford-nan,2025-12-27,Matchweek 18,Sat,Away,L,1,4,Brentford,1,20,10,50.0,0.05,0.1,0,0,15:00:00,/en/matches/512bb3b3/Brentford-Bournemouth-December-27-2025-Premier-League
ENG-Premier League,2526,,2025-12-27 Burnley-nan,2025-12-27,Matchweek 18,Sat,Away,D,0,0,Burnley,0,15,6,40.0,0.0,0.0,0,0,15:00:00,/en/matches/8f2a6c20/Burnley-Everton-December-27-2025-Premier-League
ENG-Premier League,2526,,2025-12-27 Chelsea-nan,2025-12-27,Matchweek 18,Sat,Away,W,2,1,Chelsea,2,11,8,72.7,0.18,0.25,0,0,17:30:00,/en/matches/3ddb49f0/Chelsea-Aston-Villa-December-27-2025-Premier-League
ENG-Premier League,2526,,2025-12-27 Liverpool-nan,2025-12-27,Matchweek 18,Sat,Away,L,1,2,Liverpool,1,9,4,44.4,0.11,0.25,0,0,15:00:00,/en/matches/b329ca7b/Liverpool-Wolverhampton-Wanderers-December-27-2025-Premier-League
ENG-Premier League,2526,,2025-12-27 Nottingham-nan,2025-12-27,Matchweek 18,Sat,Away,W,2,1,Nottingham,2,16,5,31.3,0.13,0.4,0,0,12:30:00,/en/matches/8d38f2e5/Nottingham-Forest-Manchester-City-December-27-2025-Premier-League
ENG-Premier League,2526,,2025-12-27 West Ham-nan,2025-12-27,Matchweek 18,Sat,Away,W,1,0,West Ham,1,15,4,26.7,0.07,0.25,0,0,15:00:00,/en/matches/424b7408/West-Ham-United-Fulham-December-27-2025-Premier-League
ENG-Premier League,2526,,2025-12-27 nan-Aston Villa,2025-12-27,Matchweek 18,Sat,Home,L,1,2,Aston Villa,1,14,3,21.4,0.07,0.33,0,0,17:30:00,/en/matches/3ddb49f0/Chelsea-Aston-Villa-December-27-2025-Premier-League
ENG-Premier League,2526,,2025-12-27 nan-Bournemouth,2025-12-27,Matchweek 18,Sat,Home,W,4,1,Bournemouth,3,15,7,46.7,0.2,0.43,0,0,15:00:00,/en/matches/512bb3b3/Brentford-Bournemouth-December-27-2025-Premier-League
ENG-Premier League,2526,,2025-12-27 nan-Brighton,2025-12-27,Matchweek 18,Sat,Home,W,2,1,Brighton,1,24,6,25.0,0.04,0.17,0,0,15:00:00,/en/matches/ad61fc31/Arsenal-Brighton-and-Hove-Albion-December-27-2025-Premier-League
ENG-Premier League,2526,,2025-12-27 nan-Everton,2025-12-27,Matchweek 18,Sat,Home,D,0,0,Everton,0,16,0,0.0,0.0,,0,0,15:00:00,/en/matches/8f2a6c20/Burnley-Everton-December-27-2025-Premier-League
ENG-Premier League,2526,,2025-12-27 nan-Fulham,2025-12-27,Matchweek 18,Sat,Home,L,0,1,Fulham,0,11,2,18.2,0.0,0.0,0,0,15:00:00,/en/matches/424b7408/West-Ham-United-Fulham-December-27-2025-Premier-League
ENG-Premier League,2526,,2025-12-27 nan-Manchester City,2025-12-27,Matchweek 18,Sat,Home,L,1,2,Manchester City,1,7,2,28.6,0.14,0.5,0,0,12:30:00,/en/matches/8d38f2e5/Nottingham-Forest-Manchester-City-December-27-2025-Premier-League
ENG-Premier League,2526,,2025-12-27 nan-Wolves,2025-12-27,Matchweek 18,Sat,Home,W,2,1,Wolves,2,14,4,28.6,0.14,0.5,0,0,15:00:00,/en/matches/b329ca7b/Liverpool-Wolverhampton-Wanderers-December-27-2025-Premier-League
ENG-Premier League,2526,,2025-12-28 Crystal Palace-nan,2025-12-28,Matchweek 18,Sun,Away,W,1,0,Crystal Palace,1,8,4,50.0,0.13,0.25,0,0,16:30:00,/en/matches/da05abe0/Crystal-Palace-Tottenham-Hotspur-December-28-2025-Premier-League
ENG-Premier League,2526,,2025-12-28 Sunderland-nan,2025-12-28,Matchweek 18,Sun,Away,D,1,1,Sunderland,1,17,6,35.3,0.06,0.17,0,0,14:00:00,/en/matches/9c510880/Sunderland-Leeds-United-December-28-2025-Premier-League
ENG-Premier League,2526,,2025-12-28 nan-Leeds United,2025-12-28,Matchweek 18,Sun,Home,D,1,1,Leeds United,1,8,3,37.5,0.13,0.33,0,0,14:00:00,/en/matches/9c510880/Sunderland-Leeds-United-December-28-2025-Premier-League
ENG-Premier League,2526,,2025-12-28 nan-Tottenham,2025-12-28,Matchweek 18,Sun,Home,L,0,1,Tottenham,0,15,2,13.3,0.0,0.0,0,0,16:30:00,/en/matches/da05abe0/Crystal-Palace-Tottenham-Hotspur-December-28-2025-Premier-League
ENG-Premier League,2526,,2025-12-30 Arsenal-nan,2025-12-30,Matchweek 19,Tue,Away,L,1,4,Arsenal,1,11,3,27.3,0.09,0.33,0,0,20:15:00,/en/matches/89b4ea51/Arsenal-Aston-Villa-December-30-2025-Premier-League
ENG-Premier League,2526,,2025-12-30 Burnley-nan,2025-12-30,Matchweek 19,Tue,Away,W,3,1,Burnley,3,20,9,45.0,0.15,0.33,0,0,19:30:00,/en/matches/7e8f51ca/Burnley-Newcastle-United-December-30-2025-Premier-League
ENG-Premier League,2526,,2025-12-30 Chelsea-nan,2025-12-30,Matchweek 19,Tue,Away,D,2,2,Chelsea,2,17,6,35.3,0.12,0.33,0,0,19:30:00,/en/matches/6abcb6e9/Chelsea-Bournemouth-December-30-2025-Premier-League
ENG-Premier League,2526,,2025-12-30 Manchester Utd-nan,2025-12-30,Matchweek 19,Tue,Away,D,1,1,Manchester Utd,1,11,4,36.4,0.09,0.25,0,0,20:15:00,/en/matches/bf3cb7a6/Manchester-United-Wolverhampton-Wanderers-December-30-2025-Premier-League
ENG-Premier League,2526,,2025-12-30 Nottingham-nan,2025-12-30,Matchweek 19,Tue,Away,W,2,0,Nottingham,2,11,3,27.3,0.18,0.67,0,0,19:30:00,/en/matches/9e232624/Nottingham-Forest-Everton-December-30-2025-Premier-League
ENG-Premier League,2526,,2025-12-30 West Ham-nan,2025-12-30,Matchweek 19,Tue,Away,D,2,2,West Ham,2,16,6,37.5,0.13,0.33,1,2,19:30:00,/en/matches/2ed2a547/West-Ham-United-Brighton-and-Hove-Albion-December-30-2025-Premier-League
ENG-Premier League,2526,,2025-12-30 nan-Aston Villa,2025-12-30,Matchweek 19,Tue,Home,W,4,1,Aston Villa,4,22,7,31.8,0.18,0.57,0,0,20:15:00,/en/matches/89b4ea51/Arsenal-Aston-Villa-December-30-2025-Premier-League
ENG-Premier League,2526,,2025-12-30 nan-Bournemouth,2025-12-30,Matchweek 19,Tue,Home,D,2,2,Bournemouth,2,17,3,17.6,0.12,0.67,1,1,19:30:00,/en/matches/6abcb6e9/Chelsea-Bournemouth-December-30-2025-Premier-League
ENG-Premier League,2526,,2025-12-30 nan-Brighton,2025-12-30,Matchweek 19,Tue,Home,D,2,2,Brighton,2,10,4,40.0,0.2,0.5,1,1,19:30:00,/en/matches/2ed2a547/West-Ham-United-Brighton-and-Hove-Albion-December-30-2025-Premier-League
ENG-Premier League,2526,,2025-12-30 nan-Everton,2025-12-30,Matchweek 19,Tue,Home,L,0,2,Everton,0,21,6,28.6,0.0,0.0,0,0,19:30:00,/en/matches/9e232624/Nottingham-Forest-Everton-December-30-2025-Premier-League
ENG-Premier League,2526,,2025-12-30 nan-Newcastle,2025-12-30,Matchweek 19,Tue,Home,L,1,3,Newcastle,1,15,4,26.7,0.07,0.25,0,0,19:30:00,/en/matches/7e8f51ca/Burnley-Newcastle-United-December-30-2025-Premier-League
ENG-Premier League,2526,,2025-12-30 nan-Wolves,2025-12-30,Matchweek 19,Tue,Home,D,1,1,Wolves,1,15,6,40.0,0.07,0.17,0,0,20:15:00,/en/matches/bf3cb7a6/Manchester-United-Wolverhampton-Wanderers-December-30-2025-Premier-League
ENG-Premier League,2526,,2026-01-01 Brentford-nan,2026-01-01,Matchweek 19,Thu,Away,D,0,0,Brentford,0,9,3,33.3,0.0,0.0,0,0,20:00:00,/en/matches/560a0a6c/Brentford-Tottenham-Hotspur-January-1-2026-Premier-League
ENG-Premier League,2526,,2026-01-01 Crystal Palace-nan,2026-01-01,Matchweek 19,Thu,Away,D,1,1,Crystal Palace,1,17,5,29.4,0.06,0.2,0,0,17:30:00,/en/matches/08780759/Crystal-Palace-Fulham-January-1-2026-Premier-League
ENG-Premier League,2526,,2026-01-01 Liverpool-nan,2026-01-01,Matchweek 19,Thu,Away,D,0,0,Liverpool,0,4,2,50.0,0.0,0.0,0,0,17:30:00,/en/matches/148c23a6/Liverpool-Leeds-United-January-1-2026-Premier-League
ENG-Premier League,2526,,2026-01-01 Sunderland-nan,2026-01-01,Matchweek 19,Thu,Away,D,0,0,Sunderland,0,14,4,28.6,0.0,0.0,0,0,20:00:00,/en/matches/3f843d94/Sunderland-Manchester-City-January-1-2026-Premier-League
ENG-Premier League,2526,,2026-01-01 nan-Fulham,2026-01-01,Matchweek 19,Thu,Home,D,1,1,Fulham,1,11,2,18.2,0.09,0.5,0,0,17:30:00,/en/matches/08780759/Crystal-Palace-Fulham-January-1-2026-Premier-League
ENG-Premier League,2526,,2026-01-01 nan-Leeds United,2026-01-01,Matchweek 19,Thu,Home,D,0,0,Leeds United,0,19,4,21.1,0.0,0.0,0,0,17:30:00,/en/matches/148c23a6/Liverpool-Leeds-United-January-1-2026-Premier-League
ENG-Premier League,2526,,2026-01-01 nan-Manchester City,2026-01-01,Matchweek 19,Thu,Home,D,0,0,Manchester City,0,10,4,40.0,0.0,0.0,0,0,20:00:00,/en/matches/3f843d94/Sunderland-Manchester-City-January-1-2026-Premier-League
ENG-Premier League,2526,,2026-01-01 nan-Tottenham,2026-01-01,Matchweek 19,Thu,Home,D,0,0,Tottenham,0,7,2,28.6,0.0,0.0,0,0,20:00:00,/en/matches/560a0a6c/Brentford-Tottenham-Hotspur-January-1-2026-Premier-League
ENG-Premier League,2526,,2026-01-03 Aston Villa-nan,2026-01-03,Matchweek 20,Sat,Away,L,1,3,Aston Villa,1,10,5,50.0,0.1,0.2,0,0,12:30:00,/en/matches/4ef85729/Aston-Villa-Nottingham-Forest-January-3-2026-Premier-League
ENG-Premier League,2526,,2026-01-03 Bournemouth-nan,2026-01-03,Matchweek 20,Sat,Away,W,3,2,Bournemouth,3,12,5,41.7,0.25,0.6,0,0,17:30:00,/en/matches/db124c87/Bournemouth-Arsenal-January-3-2026-Premier-League
ENG-Premier League,2526,,2026-01-03 Brighton-nan,2026-01-03,Matchweek 20,Sat,Away,L,0,2,Brighton,0,5,3,60.0,0.0,0.0,0,0,15:00:00,/en/matches/987e9f89/Brighton-and-Hove-Albion-Burnley-January-3-2026-Premier-League
ENG-Premier League,2526,,2026-01-03 Wolves-nan,2026-01-03,Matchweek 20,Sat,Away,L,0,3,Wolves,0,6,0,0.0,0.0,,0,0,15:00:00,/en/matches/9364f40b/Wolverhampton-Wanderers-West-Ham-United-January-3-2026-Premier-League
ENG-Premier League,2526,,2026-01-03 nan-Arsenal,2026-01-03,Matchweek 20,Sat,Home,L,2,3,Arsenal,2,15,3,20.0,0.13,0.67,0,0,17:30:00,/en/matches/db124c87/Bournemouth-Arsenal-January-3-2026-Premier-League
ENG-Premier League,2526,,2026-01-03 nan-Burnley,2026-01-03,Matchweek 20,Sat,Home,W,2,0,Burnley,2,15,4,26.7,0.13,0.5,0,0,15:00:00,/en/matches/987e9f89/Brighton-and-Hove-Albion-Burnley-January-3-2026-Premier-League
ENG-Premier League,2526,,2026-01-03 nan-Nottingham,2026-01-03,Matchweek 20,Sat,Home,W,3,1,Nottingham,3,11,4,36.4,0.27,0.75,0,0,12:30:00,/en/matches/4ef85729/Aston-Villa-Nottingham-Forest-January-3-2026-Premier-League
ENG-Premier League,2526,,2026-01-03 nan-West Ham,2026-01-03,Matchweek 20,Sat,Home,W,3,0,West Ham,3,11,8,72.7,0.27,0.38,1,1,15:00:00,/en/matches/9364f40b/Wolverhampton-Wanderers-West-Ham-United-January-3-2026-Premier-League
ENG-Premier League,2526,,2026-01-04 Everton-nan,2026-01-04,Matchweek 20,Sun,Away,W,4,2,Everton,4,11,7,63.6,0.36,0.57,0,0,15:00:00,/en/matches/a67dd0e7/Everton-Brentford-January-4-2026-Premier-League
ENG-Premier League,2526,,2026-01-04 Fulham-nan,2026-01-04,Matchweek 20,Sun,Away,D,2,2,Fulham,2,10,2,20.0,0.2,1.0,0,0,15:15:00,/en/matches/a5b3e9ba/Fulham-Liverpool-January-4-2026-Premier-League
ENG-Premier League,2526,,2026-01-04 Leeds United-nan,2026-01-04,Matchweek 20,Sun,Away,D,1,1,Leeds United,1,15,2,13.3,0.07,0.5,0,0,12:30:00,/en/matches/7ecdefc0/Leeds-United-Manchester-United-January-4-2026-Premier-League
ENG-Premier League,2526,,2026-01-04 Manchester City-nan,2026-01-04,Matchweek 20,Sun,Away,D,1,1,Manchester City,1,8,3,37.5,0.13,0.33,0,0,17:30:00,/en/matches/989daed4/Manchester-City-Chelsea-January-4-2026-Premier-League
ENG-Premier League,2526,,2026-01-04 Newcastle-nan,2026-01-04,Matchweek 20,Sun,Away,L,0,2,Newcastle,0,11,1,9.1,0.0,0.0,0,0,15:00:00,/en/matches/b4262b3c/Newcastle-United-Crystal-Palace-January-4-2026-Premier-League
ENG-Premier League,2526,,2026-01-04 Tottenham-nan,2026-01-04,Matchweek 20,Sun,Away,D,1,1,Tottenham,1,10,3,30.0,0.1,0.33,0,0,15:00:00,/en/matches/06bb7d71/Tottenham-Hotspur-Sunderland-January-4-2026-Premier-League
ENG-Premier League,2526,,2026-01-04 nan-Brentford,2026-01-04,Matchweek 20,Sun,Home,L,2,4,Brentford,2,14,6,42.9,0.14,0.33,0,0,15:00:00,/en/matches/a67dd0e7/Everton-Brentford-January-4-2026-Premier-League
ENG-Premier League,2526,,2026-01-04 nan-Chelsea,2026-01-04,Matchweek 20,Sun,Home,D,1,1,Chelsea,1,14,3,21.4,0.07,0.33,0,0,17:30:00,/en/matches/989daed4/Manchester-City-Chelsea-January-4-2026-Premier-League
ENG-Premier League,2526,,2026-01-04 nan-Crystal Palace,2026-01-04,Matchweek 20,Sun,Home,W,2,0,Crystal Palace,2,12,7,58.3,0.17,0.29,0,0,15:00:00,/en/matches/b4262b3c/Newcastle-United-Crystal-Palace-January-4-2026-Premier-League
ENG-Premier League,2526,,2026-01-04 nan-Liverpool,2026-01-04,Matchweek 20,Sun,Home,D,2,2,Liverpool,2,8,2,25.0,0.25,1.0,0,0,15:15:00,/en/matches/a5b3e9ba/Fulham-Liverpool-January-4-2026-Premier-League
ENG-Premier League,2526,,2026-01-04 nan-Manchester Utd,2026-01-04,Matchweek 20,Sun,Home,D,1,1,Manchester Utd,1,10,3,30.0,0.1,0.33,0,0,12:30:00,/en/matches/7ecdefc0/Leeds-United-Manchester-United-January-4-2026-Premier-League
ENG-Premier League,2526,,2026-01-04 nan-Sunderland,2026-01-04,Matchweek 20,Sun,Home,D,1,1,Sunderland,1,13,5,38.5,0.08,0.2,0,0,15:00:00,/en/matches/06bb7d71/Tottenham-Hotspur-Sunderland-January-4-2026-Premier-League
ENG-Premier League,2526,,2026-01-06 West Ham-nan,2026-01-06,Matchweek 21,Tue,Away,W,2,1,West Ham,2,13,5,38.5,0.15,0.4,1,1,20:00:00,/en/matches/e0b5b423/West-Ham-United-Nottingham-Forest-January-6-2026-Premier-League
ENG-Premier League,2526,,2026-01-06 nan-Nottingham,2026-01-06,Matchweek 21,Tue,Home,L,1,2,Nottingham,0,14,3,21.4,0.0,0.0,0,0,20:00:00,/en/matches/e0b5b423/West-Ham-United-Nottingham-Forest-January-6-2026-Premier-League
ENG-Premier League,2526,,2026-01-07 Bournemouth-nan,2026-01-07,Matchweek 21,Wed,Away,L,2,3,Bournemouth,2,16,4,25.0,0.13,0.5,0,0,19:30:00,/en/matches/269b2844/Bournemouth-Tottenham-Hotspur-January-7-2026-Premier-League
ENG-Premier League,2526,,2026-01-07 Brentford-nan,2026-01-07,Matchweek 21,Wed,Away,L,0,3,Brentford,0,11,3,27.3,0.0,0.0,0,1,19:30:00,/en/matches/9c19f0b3/Brentford-Sunderland-January-7-2026-Premier-League
ENG-Premier League,2526,,2026-01-07 Burnley-nan,2026-01-07,Matchweek 21,Wed,Away,D,2,2,Burnley,2,30,10,33.3,0.07,0.2,0,0,20:15:00,/en/matches/d85506f2/Burnley-Manchester-United-January-7-2026-Premier-League
ENG-Premier League,2526,,2026-01-07 Crystal Palace-nan,2026-01-07,Matchweek 21,Wed,Away,D,0,0,Crystal Palace,0,15,3,20.0,0.0,0.0,0,0,19:30:00,/en/matches/f5a77398/Crystal-Palace-Aston-Villa-January-7-2026-Premier-League
ENG-Premier League,2526,,2026-01-07 Everton-nan,2026-01-07,Matchweek 21,Wed,Away,D,1,1,Everton,1,12,4,33.3,0.08,0.25,0,0,19:30:00,/en/matches/6512ce95/Everton-Wolverhampton-Wanderers-January-7-2026-Premier-League
ENG-Premier League,2526,,2026-01-07 Fulham-nan,2026-01-07,Matchweek 21,Wed,Away,L,1,2,Fulham,1,14,6,42.9,0.07,0.17,0,0,19:30:00,/en/matches/21522578/Fulham-Chelsea-January-7-2026-Premier-League
ENG-Premier League,2526,,2026-01-07 Manchester City-nan,2026-01-07,Matchweek 21,Wed,Away,D,1,1,Manchester City,1,6,3,50.0,0.17,0.33,0,0,19:30:00,/en/matches/009bbc59/Manchester-City-Brighton-and-Hove-Albion-January-7-2026-Premier-League
ENG-Premier League,2526,,2026-01-07 Newcastle-nan,2026-01-07,Matchweek 21,Wed,Away,L,3,4,Newcastle,3,14,6,42.9,0.21,0.5,1,1,20:15:00,/en/matches/460a6353/Newcastle-United-Leeds-United-January-7-2026-Premier-League
ENG-Premier League,2526,,2026-01-07 nan-Aston Villa,2026-01-07,Matchweek 21,Wed,Home,D,0,0,Aston Villa,0,11,5,45.5,0.0,0.0,0,0,19:30:00,/en/matches/f5a77398/Crystal-Palace-Aston-Villa-January-7-2026-Premier-League
ENG-Premier League,2526,,2026-01-07 nan-Brighton,2026-01-07,Matchweek 21,Wed,Home,D,1,1,Brighton,1,22,6,27.3,0.05,0.17,1,1,19:30:00,/en/matches/009bbc59/Manchester-City-Brighton-and-Hove-Albion-January-7-2026-Premier-League
ENG-Premier League,2526,,2026-01-07 nan-Chelsea,2026-01-07,Matchweek 21,Wed,Home,W,2,1,Chelsea,2,16,5,31.3,0.13,0.4,0,0,19:30:00,/en/matches/21522578/Fulham-Chelsea-January-7-2026-Premier-League
ENG-Premier League,2526,,2026-01-07 nan-Leeds United,2026-01-07,Matchweek 21,Wed,Home,W,4,3,Leeds United,4,18,8,44.4,0.22,0.5,1,1,20:15:00,/en/matches/460a6353/Newcastle-United-Leeds-United-January-7-2026-Premier-League
ENG-Premier League,2526,,2026-01-07 nan-Manchester Utd,2026-01-07,Matchweek 21,Wed,Home,D,2,2,Manchester Utd,1,7,1,14.3,0.14,1.0,0,0,20:15:00,/en/matches/d85506f2/Burnley-Manchester-United-January-7-2026-Premier-League
ENG-Premier League,2526,,2026-01-07 nan-Sunderland,2026-01-07,Matchweek 21,Wed,Home,W,3,0,Sunderland,3,18,6,33.3,0.17,0.5,0,0,19:30:00,/en/matches/9c19f0b3/Brentford-Sunderland-January-7-2026-Premier-League
ENG-Premier League,2526,,2026-01-07 nan-Tottenham,2026-01-07,Matchweek 21,Wed,Home,W,3,2,Tottenham,3,11,3,27.3,0.27,1.0,0,0,19:30:00,/en/matches/269b2844/Bournemouth-Tottenham-Hotspur-January-7-2026-Premier-League
ENG-Premier League,2526,,2026-01-07 nan-Wolves,2026-01-07,Matchweek 21,Wed,Home,D,1,1,Wolves,1,13,2,15.4,0.08,0.5,0,0,19:30:00,/en/matches/6512ce95/Everton-Wolverhampton-Wanderers-January-7-2026-Premier-League
ENG-Premier League,2526,,2026-01-08 Arsenal-nan,2026-01-08,Matchweek 21,Thu,Away,D,0,0,Arsenal,0,8,0,0.0,0.0,,0,0,20:00:00,/en/matches/2b794de5/Arsenal-Liverpool-January-8-2026-Premier-League
ENG-Premier League,2526,,2026-01-08 nan-Liverpool,2026-01-08,Matchweek 21,Thu,Home,D,0,0,Liverpool,0,9,4,44.4,0.0,0.0,0,0,20:00:00,/en/matches/2b794de5/Arsenal-Liverpool-January-8-2026-Premier-League
ENG-Premier League,2526,,2026-01-17 Chelsea-nan,2026-01-17,Matchweek 22,Sat,Away,L,0,2,Chelsea,0,15,5,33.3,0.0,0.0,0,0,15:00:00,/en/matches/ad299900/Chelsea-Brentford-January-17-2026-Premier-League
ENG-Premier League,2526,,2026-01-17 Leeds United-nan,2026-01-17,Matchweek 22,Sat,Away,L,0,1,Leeds United,0,8,1,12.5,0.0,0.0,0,0,15:00:00,/en/matches/8179bcb9/Leeds-United-Fulham-January-17-2026-Premier-League
ENG-Premier League,2526,,2026-01-17 Liverpool-nan,2026-01-17,Matchweek 22,Sat,Away,D,1,1,Liverpool,1,7,1,14.3,0.14,1.0,0,0,15:00:00,/en/matches/cf2163fd/Liverpool-Burnley-January-17-2026-Premier-League
ENG-Premier League,2526,,2026-01-17 Manchester Utd-nan,2026-01-17,Matchweek 22,Sat,Away,L,0,2,Manchester Utd,0,7,1,14.3,0.0,0.0,0,0,12:30:00,/en/matches/185626e2/Manchester-Derby-Manchester-United-Manchester-City-January-17-2026-Premier-League
ENG-Premier League,2526,,2026-01-17 Nottingham-nan,2026-01-17,Matchweek 22,Sat,Away,D,0,0,Nottingham,0,15,3,20.0,0.0,0.0,0,0,17:30:00,/en/matches/345215db/Nottingham-Forest-Arsenal-January-17-2026-Premier-League
ENG-Premier League,2526,,2026-01-17 Sunderland-nan,2026-01-17,Matchweek 22,Sat,Away,L,1,2,Sunderland,1,6,2,33.3,0.17,0.5,0,0,15:00:00,/en/matches/fd2bfdd0/Sunderland-Crystal-Palace-January-17-2026-Premier-League
ENG-Premier League,2526,,2026-01-17 Tottenham-nan,2026-01-17,Matchweek 22,Sat,Away,W,2,1,Tottenham,2,17,4,23.5,0.12,0.5,0,0,15:00:00,/en/matches/f320a9c9/Tottenham-Hotspur-West-Ham-United-January-17-2026-Premier-League
ENG-Premier League,2526,,2026-01-17 nan-Arsenal,2026-01-17,Matchweek 22,Sat,Home,D,0,0,Arsenal,0,6,0,0.0,0.0,,0,0,17:30:00,/en/matches/345215db/Nottingham-Forest-Arsenal-January-17-2026-Premier-League
ENG-Premier League,2526,,2026-01-17 nan-Brentford,2026-01-17,Matchweek 22,Sat,Home,W,2,0,Brentford,2,6,2,33.3,0.33,1.0,1,1,15:00:00,/en/matches/ad299900/Chelsea-Brentford-January-17-2026-Premier-League
ENG-Premier League,2526,,2026-01-17 nan-Burnley,2026-01-17,Matchweek 22,Sat,Home,D,1,1,Burnley,1,32,11,34.4,0.03,0.09,0,1,15:00:00,/en/matches/cf2163fd/Liverpool-Burnley-January-17-2026-Premier-League
ENG-Premier League,2526,,2026-01-17 nan-Crystal Palace,2026-01-17,Matchweek 22,Sat,Home,W,2,1,Crystal Palace,2,13,7,53.8,0.15,0.29,0,0,15:00:00,/en/matches/fd2bfdd0/Sunderland-Crystal-Palace-January-17-2026-Premier-League
ENG-Premier League,2526,,2026-01-17 nan-Fulham,2026-01-17,Matchweek 22,Sat,Home,W,1,0,Fulham,1,14,5,35.7,0.07,0.2,0,0,15:00:00,/en/matches/8179bcb9/Leeds-United-Fulham-January-17-2026-Premier-League
ENG-Premier League,2526,,2026-01-17 nan-Manchester City,2026-01-17,Matchweek 22,Sat,Home,W,2,0,Manchester City,2,11,7,63.6,0.18,0.29,0,0,12:30:00,/en/matches/185626e2/Manchester-Derby-Manchester-United-Manchester-City-January-17-2026-Premier-League
ENG-Premier League,2526,,2026-01-17 nan-West Ham,2026-01-17,Matchweek 22,Sat,Home,L,1,2,West Ham,1,21,6,28.6,0.05,0.17,0,0,15:00:00,/en/matches/f320a9c9/Tottenham-Hotspur-West-Ham-United-January-17-2026-Premier-League
ENG-Premier League,2526,,2026-01-18 Aston Villa-nan,2026-01-18,Matchweek 22,Sun,Away,W,1,0,Aston Villa,1,9,3,33.3,0.11,0.33,0,0,16:30:00,/en/matches/fb95c6a0/Aston-Villa-Everton-January-18-2026-Premier-League
ENG-Premier League,2526,,2026-01-18 Wolves-nan,2026-01-18,Matchweek 22,Sun,Away,D,0,0,Wolves,0,12,2,16.7,0.0,0.0,0,0,14:00:00,/en/matches/318b1da4/Wolverhampton-Wanderers-Newcastle-United-January-18-2026-Premier-League
ENG-Premier League,2526,,2026-01-18 nan-Everton,2026-01-18,Matchweek 22,Sun,Home,L,0,1,Everton,0,18,5,27.8,0.0,0.0,0,0,16:30:00,/en/matches/fb95c6a0/Aston-Villa-Everton-January-18-2026-Premier-League
ENG-Premier League,2526,,2026-01-18 nan-Newcastle,2026-01-18,Matchweek 22,Sun,Home,D,0,0,Newcastle,0,6,2,33.3,0.0,0.0,0,0,14:00:00,/en/matches/318b1da4/Wolverhampton-Wanderers-Newcastle-United-January-18-2026-Premier-League
ENG-Premier League,2526,,2026-01-19 Brighton-nan,2026-01-19,Matchweek 22,Mon,Away,D,1,1,Brighton,1,12,2,16.7,0.08,0.5,1,1,20:00:00,/en/matches/f118b5cb/Brighton-and-Hove-Albion-Bournemouth-January-19-2026-Premier-League
ENG-Premier League,2526,,2026-01-19 nan-Bournemouth,2026-01-19,Matchweek 22,Mon,Home,D,1,1,Bournemouth,1,17,5,29.4,0.06,0.2,0,0,20:00:00,/en/matches/f118b5cb/Brighton-and-Hove-Albion-Bournemouth-January-19-2026-Premier-League
ENG-Premier League,2526,,2026-01-24 Bournemouth-nan,2026-01-24,Matchweek 23,Sat,Away,L,2,3,Bournemouth,2,14,4,28.6,0.14,0.5,0,0,17:30:00,/en/matches/accb3a02/Bournemouth-Liverpool-January-24-2026-Premier-League
ENG-Premier League,2526,,2026-01-24 Burnley-nan,2026-01-24,Matchweek 23,Sat,Away,D,2,2,Burnley,2,18,11,61.1,0.11,0.18,0,0,15:00:00,/en/matches/c4255de6/Burnley-Tottenham-Hotspur-January-24-2026-Premier-League
ENG-Premier League,2526,,2026-01-24 Fulham-nan,2026-01-24,Matchweek 23,Sat,Away,L,1,2,Fulham,1,13,5,38.5,0.08,0.2,0,0,15:00:00,/en/matches/c6401377/Fulham-Brighton-and-Hove-Albion-January-24-2026-Premier-League
ENG-Premier League,2526,,2026-01-24 Manchester City-nan,2026-01-24,Matchweek 23,Sat,Away,L,0,2,Manchester City,0,11,1,9.1,0.0,0.0,0,0,15:00:00,/en/matches/ebde1961/Manchester-City-Wolverhampton-Wanderers-January-24-2026-Premier-League
ENG-Premier League,2526,,2026-01-24 West Ham-nan,2026-01-24,Matchweek 23,Sat,Away,L,1,3,West Ham,1,7,2,28.6,0.14,0.5,0,0,12:30:00,/en/matches/0032e7a3/West-Ham-United-Sunderland-January-24-2026-Premier-League
ENG-Premier League,2526,,2026-01-24 nan-Brighton,2026-01-24,Matchweek 23,Sat,Home,W,2,1,Brighton,2,12,4,33.3,0.17,0.5,0,0,15:00:00,/en/matches/c6401377/Fulham-Brighton-and-Hove-Albion-January-24-2026-Premier-League
ENG-Premier League,2526,,2026-01-24 nan-Liverpool,2026-01-24,Matchweek 23,Sat,Home,W,3,2,Liverpool,3,12,5,41.7,0.25,0.6,0,0,17:30:00,/en/matches/accb3a02/Bournemouth-Liverpool-January-24-2026-Premier-League
ENG-Premier League,2526,,2026-01-24 nan-Sunderland,2026-01-24,Matchweek 23,Sat,Home,W,3,1,Sunderland,3,13,5,38.5,0.23,0.6,1,1,12:30:00,/en/matches/0032e7a3/West-Ham-United-Sunderland-January-24-2026-Premier-League
ENG-Premier League,2526,,2026-01-24 nan-Tottenham,2026-01-24,Matchweek 23,Sat,Home,D,2,2,Tottenham,2,9,4,44.4,0.22,0.5,0,0,15:00:00,/en/matches/c4255de6/Burnley-Tottenham-Hotspur-January-24-2026-Premier-League
ENG-Premier League,2526,,2026-01-24 nan-Wolves,2026-01-24,Matchweek 23,Sat,Home,W,2,0,Wolves,2,11,4,36.4,0.18,0.5,0,0,15:00:00,/en/matches/ebde1961/Manchester-City-Wolverhampton-Wanderers-January-24-2026-Premier-League
ENG-Premier League,2526,,2026-01-25 Arsenal-nan,2026-01-25,Matchweek 23,Sun,Away,W,3,2,Arsenal,3,10,3,30.0,0.3,1.0,0,0,16:30:00,/en/matches/776b0a40/Arsenal-Manchester-United-January-25-2026-Premier-League
ENG-Premier League,2526,,2026-01-25 Brentford-nan,2026-01-25,Matchweek 23,Sun,Away,W,2,0,Brentford,2,7,2,28.6,0.29,1.0,0,0,14:00:00,/en/matches/6f5cb4ab/Brentford-Nottingham-Forest-January-25-2026-Premier-League
ENG-Premier League,2526,,2026-01-25 Crystal Palace-nan,2026-01-25,Matchweek 23,Sun,Away,W,3,1,Crystal Palace,3,10,6,60.0,0.3,0.5,1,1,14:00:00,/en/matches/8aa8dc76/Crystal-Palace-Chelsea-January-25-2026-Premier-League
ENG-Premier League,2526,,2026-01-25 Newcastle-nan,2026-01-25,Matchweek 23,Sun,Away,W,2,0,Newcastle,2,14,8,57.1,0.14,0.25,0,0,14:00:00,/en/matches/fbd2a96b/Newcastle-United-Aston-Villa-January-25-2026-Premier-League
ENG-Premier League,2526,,2026-01-25 nan-Aston Villa,2026-01-25,Matchweek 23,Sun,Home,L,0,2,Aston Villa,0,15,4,26.7,0.0,0.0,0,0,14:00:00,/en/matches/fbd2a96b/Newcastle-United-Aston-Villa-January-25-2026-Premier-League
ENG-Premier League,2526,,2026-01-25 nan-Chelsea,2026-01-25,Matchweek 23,Sun,Home,L,1,3,Chelsea,1,13,7,53.8,0.08,0.14,0,0,14:00:00,/en/matches/8aa8dc76/Crystal-Palace-Chelsea-January-25-2026-Premier-League
ENG-Premier League,2526,,2026-01-25 nan-Manchester Utd,2026-01-25,Matchweek 23,Sun,Home,L,2,3,Manchester Utd,1,15,4,26.7,0.07,0.25,0,0,16:30:00,/en/matches/776b0a40/Arsenal-Manchester-United-January-25-2026-Premier-League
ENG-Premier League,2526,,2026-01-25 nan-Nottingham,2026-01-25,Matchweek 23,Sun,Home,L,0,2,Nottingham,0,10,1,10.0,0.0,0.0,0,0,14:00:00,/en/matches/6f5cb4ab/Brentford-Nottingham-Forest-January-25-2026-Premier-League
ENG-Premier League,2526,,2026-01-26 Everton-nan,2026-01-26,Matchweek 23,Mon,Away,D,1,1,Everton,1,14,4,28.6,0.07,0.25,0,0,20:00:00,/en/matches/2cd65ee9/Everton-Leeds-United-January-26-2026-Premier-League
ENG-Premier League,2526,,2026-01-26 nan-Leeds United,2026-01-26,Matchweek 23,Mon,Home,D,1,1,Leeds United,1,10,3,30.0,0.1,0.33,0,0,20:00:00,/en/matches/2cd65ee9/Everton-Leeds-United-January-26-2026-Premier-League
ENG-Premier League,2526,,2026-01-31 Brighton-nan,2026-01-31,Matchweek 24,Sat,Away,D,1,1,Brighton,1,7,4,57.1,0.14,0.25,0,0,15:00:00,/en/matches/3fccfdc9/Brighton-and-Hove-Albion-Everton-January-31-2026-Premier-League
ENG-Premier League,2526,,2026-01-31 Chelsea-nan,2026-01-31,Matchweek 24,Sat,Away,L,2,3,Chelsea,2,11,6,54.5,0.18,0.33,0,0,17:30:00,/en/matches/a2d7d043/Chelsea-West-Ham-United-January-31-2026-Premier-League
ENG-Premier League,2526,,2026-01-31 Leeds United-nan,2026-01-31,Matchweek 24,Sat,Away,W,4,0,Leeds United,4,14,8,57.1,0.29,0.5,0,0,15:00:00,/en/matches/0b316a86/Leeds-United-Arsenal-January-31-2026-Premier-League
ENG-Premier League,2526,,2026-01-31 Liverpool-nan,2026-01-31,Matchweek 24,Sat,Away,L,1,4,Liverpool,1,8,2,25.0,0.13,0.5,0,0,20:00:00,/en/matches/753e73e5/Liverpool-Newcastle-United-January-31-2026-Premier-League
ENG-Premier League,2526,,2026-01-31 Wolves-nan,2026-01-31,Matchweek 24,Sat,Away,W,2,0,Wolves,2,9,4,44.4,0.22,0.5,0,0,15:00:00,/en/matches/535a977f/Wolverhampton-Wanderers-Bournemouth-January-31-2026-Premier-League
ENG-Premier League,2526,,2026-01-31 nan-Arsenal,2026-01-31,Matchweek 24,Sat,Home,L,0,4,Arsenal,0,3,1,33.3,0.0,0.0,0,0,15:00:00,/en/matches/0b316a86/Leeds-United-Arsenal-January-31-2026-Premier-League
ENG-Premier League,2526,,2026-01-31 nan-Bournemouth,2026-01-31,Matchweek 24,Sat,Home,L,0,2,Bournemouth,0,17,7,41.2,0.0,0.0,0,0,15:00:00,/en/matches/535a977f/Wolverhampton-Wanderers-Bournemouth-January-31-2026-Premier-League
ENG-Premier League,2526,,2026-01-31 nan-Everton,2026-01-31,Matchweek 24,Sat,Home,D,1,1,Everton,1,11,2,18.2,0.09,0.5,0,0,15:00:00,/en/matches/3fccfdc9/Brighton-and-Hove-Albion-Everton-January-31-2026-Premier-League
ENG-Premier League,2526,,2026-01-31 nan-Newcastle,2026-01-31,Matchweek 24,Sat,Home,W,4,1,Newcastle,4,17,7,41.2,0.24,0.57,0,0,20:00:00,/en/matches/753e73e5/Liverpool-Newcastle-United-January-31-2026-Premier-League
ENG-Premier League,2526,,2026-01-31 nan-West Ham,2026-01-31,Matchweek 24,Sat,Home,W,3,2,West Ham,3,14,6,42.9,0.21,0.5,0,0,17:30:00,/en/matches/a2d7d043/Chelsea-West-Ham-United-January-31-2026-Premier-League
ENG-Premier League,2526,,2026-02-01 Aston Villa-nan,2026-02-01,Matchweek 24,Sun,Away,W,1,0,Aston Villa,1,6,2,33.3,0.17,0.5,0,0,14:00:00,/en/matches/291c58ad/Aston-Villa-Brentford-February-1-2026-Premier-League
ENG-Premier League,2526,,2026-02-01 Manchester Utd-nan,2026-02-01,Matchweek 24,Sun,Away,L,2,3,Manchester Utd,2,14,6,42.9,0.14,0.33,1,1,14:00:00,/en/matches/d35c00df/Manchester-United-Fulham-February-1-2026-Premier-League
ENG-Premier League,2526,,2026-02-01 Nottingham-nan,2026-02-01,Matchweek 24,Sun,Away,D,1,1,Nottingham,1,14,3,21.4,0.07,0.33,1,1,14:00:00,/en/matches/a68e5dc6/Nottingham-Forest-Crystal-Palace-February-1-2026-Premier-League
ENG-Premier League,2526,,2026-02-01 Tottenham-nan,2026-02-01,Matchweek 24,Sun,Away,D,2,2,Tottenham,2,15,3,20.0,0.13,0.67,0,0,16:30:00,/en/matches/bf964dbb/Tottenham-Hotspur-Manchester-City-February-1-2026-Premier-League
ENG-Premier League,2526,,2026-02-01 nan-Brentford,2026-02-01,Matchweek 24,Sun,Home,L,0,1,Brentford,0,27,5,18.5,0.0,0.0,0,0,14:00:00,/en/matches/291c58ad/Aston-Villa-Brentford-February-1-2026-Premier-League
ENG-Premier League,2526,,2026-02-01 nan-Crystal Palace,2026-02-01,Matchweek 24,Sun,Home,D,1,1,Crystal Palace,1,9,1,11.1,0.11,1.0,0,0,14:00:00,/en/matches/a68e5dc6/Nottingham-Forest-Crystal-Palace-February-1-2026-Premier-League
ENG-Premier League,2526,,2026-02-01 nan-Fulham,2026-02-01,Matchweek 24,Sun,Home,W,3,2,Fulham,3,13,6,46.2,0.23,0.5,0,0,14:00:00,/en/matches/d35c00df/Manchester-United-Fulham-February-1-2026-Premier-League
ENG-Premier League,2526,,2026-02-01 nan-Manchester City,2026-02-01,Matchweek 24,Sun,Home,D,2,2,Manchester City,2,12,6,50.0,0.17,0.33,0,0,16:30:00,/en/matches/bf964dbb/Tottenham-Hotspur-Manchester-City-February-1-2026-Premier-League
ENG-Premier League,2526,,2026-02-02 Sunderland-nan,2026-02-02,Matchweek 24,Mon,Away,L,0,3,Sunderland,0,5,0,0.0,0.0,,0,0,20:00:00,/en/matches/8e2fb73d/Sunderland-Burnley-February-2-2026-Premier-League
ENG-Premier League,2526,,2026-02-02 nan-Burnley,2026-02-02,Matchweek 24,Mon,Home,W,3,0,Burnley,2,14,5,35.7,0.14,0.4,0,0,20:00:00,/en/matches/8e2fb73d/Sunderland-Burnley-February-2-2026-Premier-League
ENG-Premier League,2526,,2026-02-06 Leeds United-nan,2026-02-06,Matchweek 25,Fri,Away,L,1,3,Leeds United,1,16,6,37.5,0.06,0.17,0,0,20:00:00,/en/matches/58356b12/Leeds-United-Nottingham-Forest-February-6-2026-Premier-League
ENG-Premier League,2526,,2026-02-06 nan-Nottingham,2026-02-06,Matchweek 25,Fri,Home,W,3,1,Nottingham,3,14,5,35.7,0.21,0.6,0,0,20:00:00,/en/matches/58356b12/Leeds-United-Nottingham-Forest-February-6-2026-Premier-League
ENG-Premier League,2526,,2026-02-07 Arsenal-nan,2026-02-07,Matchweek 25,Sat,Away,L,0,3,Arsenal,0,5,3,60.0,0.0,0.0,0,0,15:00:00,/en/matches/686d660a/Arsenal-Sunderland-February-7-2026-Premier-League
ENG-Premier League,2526,,2026-02-07 Bournemouth-nan,2026-02-07,Matchweek 25,Sat,Away,D,1,1,Bournemouth,1,7,4,57.1,0.14,0.25,0,0,15:00:00,/en/matches/d946c716/Bournemouth-Aston-Villa-February-7-2026-Premier-League
ENG-Premier League,2526,,2026-02-07 Burnley-nan,2026-02-07,Matchweek 25,Sat,Away,W,2,0,Burnley,2,6,4,66.7,0.33,0.5,0,0,15:00:00,/en/matches/80ab7be1/Burnley-West-Ham-United-February-7-2026-Premier-League
ENG-Premier League,2526,,2026-02-07 Fulham-nan,2026-02-07,Matchweek 25,Sat,Away,W,2,1,Fulham,1,16,3,18.8,0.06,0.33,0,0,15:00:00,/en/matches/488d99a3/Fulham-Everton-February-7-2026-Premier-League
ENG-Premier League,2526,,2026-02-07 Manchester Utd-nan,2026-02-07,Matchweek 25,Sat,Away,L,0,2,Manchester Utd,0,7,1,14.3,0.0,0.0,0,0,12:30:00,/en/matches/1de9b261/Manchester-United-Tottenham-Hotspur-February-7-2026-Premier-League
ENG-Premier League,2526,,2026-02-07 Newcastle-nan,2026-02-07,Matchweek 25,Sat,Away,W,3,2,Newcastle,3,11,5,45.5,0.27,0.6,1,1,17:30:00,/en/matches/c576b069/Newcastle-United-Brentford-February-7-2026-Premier-League
ENG-Premier League,2526,,2026-02-07 Wolves-nan,2026-02-07,Matchweek 25,Sat,Away,W,3,1,Wolves,3,15,6,40.0,0.2,0.5,2,2,15:00:00,/en/matches/a8e11f0c/Wolverhampton-Wanderers-Chelsea-February-7-2026-Premier-League
ENG-Premier League,2526,,2026-02-07 nan-Aston Villa,2026-02-07,Matchweek 25,Sat,Home,D,1,1,Aston Villa,1,20,9,45.0,0.05,0.11,0,0,15:00:00,/en/matches/d946c716/Bournemouth-Aston-Villa-February-7-2026-Premier-League
ENG-Premier League,2526,,2026-02-07 nan-Brentford,2026-02-07,Matchweek 25,Sat,Home,L,2,3,Brentford,2,16,4,25.0,0.13,0.5,1,1,17:30:00,/en/matches/c576b069/Newcastle-United-Brentford-February-7-2026-Premier-League
ENG-Premier League,2526,,2026-02-07 nan-Chelsea,2026-02-07,Matchweek 25,Sat,Home,L,1,3,Chelsea,1,11,3,27.3,0.09,0.33,0,0,15:00:00,/en/matches/a8e11f0c/Wolverhampton-Wanderers-Chelsea-February-7-2026-Premier-League
ENG-Premier League,2526,,2026-02-07 nan-Everton,2026-02-07,Matchweek 25,Sat,Home,L,1,2,Everton,0,13,3,23.1,0.0,0.0,0,0,15:00:00,/en/matches/488d99a3/Fulham-Everton-February-7-2026-Premier-League
ENG-Premier League,2526,,2026-02-07 nan-Sunderland,2026-02-07,Matchweek 25,Sat,Home,W,3,0,Sunderland,3,16,5,31.3,0.19,0.6,0,0,15:00:00,/en/matches/686d660a/Arsenal-Sunderland-February-7-2026-Premier-League
ENG-Premier League,2526,,2026-02-07 nan-Tottenham,2026-02-07,Matchweek 25,Sat,Home,W,2,0,Tottenham,2,23,10,43.5,0.09,0.2,0,0,12:30:00,/en/matches/1de9b261/Manchester-United-Tottenham-Hotspur-February-7-2026-Premier-League
ENG-Premier League,2526,,2026-02-07 nan-West Ham,2026-02-07,Matchweek 25,Sat,Home,L,0,2,West Ham,0,18,5,27.8,0.0,0.0,0,0,15:00:00,/en/matches/80ab7be1/Burnley-West-Ham-United-February-7-2026-Premier-League
ENG-Premier League,2526,,2026-02-08 Brighton-nan,2026-02-08,Matchweek 25,Sun,Away,W,1,0,Brighton,1,7,4,57.1,0.14,0.25,0,0,14:00:00,/en/matches/d16c9a31/Brighton-and-Hove-Albion-Crystal-Palace-February-8-2026-Premier-League
ENG-Premier League,2526,,2026-02-08 Liverpool-nan,2026-02-08,Matchweek 25,Sun,Away,W,2,1,Liverpool,2,17,7,41.2,0.12,0.29,1,1,16:30:00,/en/matches/7fa414c3/Liverpool-Manchester-City-February-8-2026-Premier-League
ENG-Premier League,2526,,2026-02-08 nan-Crystal Palace,2026-02-08,Matchweek 25,Sun,Home,L,0,1,Crystal Palace,0,7,2,28.6,0.0,0.0,0,0,14:00:00,/en/matches/d16c9a31/Brighton-and-Hove-Albion-Crystal-Palace-February-8-2026-Premier-League
ENG-Premier League,2526,,2026-02-08 nan-Manchester City,2026-02-08,Matchweek 25,Sun,Home,L,1,2,Manchester City,1,15,4,26.7,0.07,0.25,0,0,16:30:00,/en/matches/7fa414c3/Liverpool-Manchester-City-February-8-2026-Premier-League
ENG-Premier League,2526,,2026-02-10 Chelsea-nan,2026-02-10,Matchweek 26,Tue,Away,D,2,2,Chelsea,2,4,2,50.0,0.5,1.0,1,1,19:30:00,/en/matches/c2e2594b/Chelsea-Leeds-United-February-10-2026-Premier-League
ENG-Premier League,2526,,2026-02-10 Everton-nan,2026-02-10,Matchweek 26,Tue,Away,W,2,1,Everton,2,11,4,36.4,0.18,0.5,0,0,19:30:00,/en/matches/5edb7f11/Everton-Bournemouth-February-10-2026-Premier-League
ENG-Premier League,2526,,2026-02-10 Tottenham-nan,2026-02-10,Matchweek 26,Tue,Away,W,2,1,Tottenham,2,21,5,23.8,0.1,0.4,0,0,19:30:00,/en/matches/bacd18c5/Tottenham-Hotspur-Newcastle-United-February-10-2026-Premier-League
ENG-Premier League,2526,,2026-02-10 West Ham-nan,2026-02-10,Matchweek 26,Tue,Away,D,1,1,West Ham,1,9,3,33.3,0.11,0.33,0,0,20:15:00,/en/matches/1c8e3956/West-Ham-United-Manchester-United-February-10-2026-Premier-League
ENG-Premier League,2526,,2026-02-10 nan-Bournemouth,2026-02-10,Matchweek 26,Tue,Home,L,1,2,Bournemouth,1,16,6,37.5,0.06,0.17,1,1,19:30:00,/en/matches/5edb7f11/Everton-Bournemouth-February-10-2026-Premier-League
ENG-Premier League,2526,,2026-02-10 nan-Leeds United,2026-02-10,Matchweek 26,Tue,Home,D,2,2,Leeds United,2,19,4,21.1,0.11,0.5,1,1,19:30:00,/en/matches/c2e2594b/Chelsea-Leeds-United-February-10-2026-Premier-League
ENG-Premier League,2526,,2026-02-10 nan-Manchester Utd,2026-02-10,Matchweek 26,Tue,Home,D,1,1,Manchester Utd,1,7,3,42.9,0.14,0.33,0,0,20:15:00,/en/matches/1c8e3956/West-Ham-United-Manchester-United-February-10-2026-Premier-League
ENG-Premier League,2526,,2026-02-10 nan-Newcastle,2026-02-10,Matchweek 26,Tue,Home,L,1,2,Newcastle,1,16,2,12.5,0.06,0.5,0,0,19:30:00,/en/matches/bacd18c5/Tottenham-Hotspur-Newcastle-United-February-10-2026-Premier-League
ENG-Premier League,2526,,2026-02-11 Aston Villa-nan,2026-02-11,Matchweek 26,Wed,Away,L,0,1,Aston Villa,0,9,3,33.3,0.0,0.0,0,0,19:30:00,/en/matches/0e41702d/Aston-Villa-Brighton-and-Hove-Albion-February-11-2026-Premier-League
ENG-Premier League,2526,,2026-02-11 Crystal Palace-nan,2026-02-11,Matchweek 26,Wed,Away,W,3,2,Crystal Palace,2,8,3,37.5,0.25,0.67,0,0,19:40:00,/en/matches/2d7aef82/Crystal-Palace-Burnley-February-11-2026-Premier-League
ENG-Premier League,2526,,2026-02-11 Manchester City-nan,2026-02-11,Matchweek 26,Wed,Away,L,0,3,Manchester City,0,14,3,21.4,0.0,0.0,0,0,19:30:00,/en/matches/d1da1b85/Manchester-City-Fulham-February-11-2026-Premier-League
ENG-Premier League,2526,,2026-02-11 Nottingham-nan,2026-02-11,Matchweek 26,Wed,Away,D,0,0,Nottingham,0,7,3,42.9,0.0,0.0,0,0,19:30:00,/en/matches/aecf5052/Nottingham-Forest-Wolverhampton-Wanderers-February-11-2026-Premier-League
ENG-Premier League,2526,,2026-02-11 Sunderland-nan,2026-02-11,Matchweek 26,Wed,Away,W,1,0,Sunderland,1,23,3,13.0,0.04,0.33,0,0,20:15:00,/en/matches/854a0e6b/Sunderland-Liverpool-February-11-2026-Premier-League
ENG-Premier League,2526,,2026-02-11 nan-Brighton,2026-02-11,Matchweek 26,Wed,Home,W,1,0,Brighton,0,15,1,6.7,0.0,0.0,0,0,19:30:00,/en/matches/0e41702d/Aston-Villa-Brighton-and-Hove-Albion-February-11-2026-Premier-League
ENG-Premier League,2526,,2026-02-11 nan-Burnley,2026-02-11,Matchweek 26,Wed,Home,L,2,3,Burnley,2,21,3,14.3,0.1,0.67,0,0,19:40:00,/en/matches/2d7aef82/Crystal-Palace-Burnley-February-11-2026-Premier-League
ENG-Premier League,2526,,2026-02-11 nan-Fulham,2026-02-11,Matchweek 26,Wed,Home,W,3,0,Fulham,3,13,5,38.5,0.23,0.6,0,0,19:30:00,/en/matches/d1da1b85/Manchester-City-Fulham-February-11-2026-Premier-League
ENG-Premier League,2526,,2026-02-11 nan-Liverpool,2026-02-11,Matchweek 26,Wed,Home,L,0,1,Liverpool,0,11,2,18.2,0.0,0.0,0,0,20:15:00,/en/matches/854a0e6b/Sunderland-Liverpool-February-11-2026-Premier-League
ENG-Premier League,2526,,2026-02-11 nan-Wolves,2026-02-11,Matchweek 26,Wed,Home,D,0,0,Wolves,0,35,10,28.6,0.0,0.0,0,0,19:30:00,/en/matches/aecf5052/Nottingham-Forest-Wolverhampton-Wanderers-February-11-2026-Premier-League
ENG-Premier League,2526,,2026-02-12 Brentford-nan,2026-02-12,Matchweek 26,Thu,Away,D,1,1,Brentford,1,7,2,28.6,0.14,0.5,0,0,20:00:00,/en/matches/33167c49/Brentford-Arsenal-February-12-2026-Premier-League
ENG-Premier League,2526,,2026-02-12 nan-Arsenal,2026-02-12,Matchweek 26,Thu,Home,D,1,1,Arsenal,1,12,3,25.0,0.08,0.33,0,0,20:00:00,/en/matches/33167c49/Brentford-Arsenal-February-12-2026-Premier-League
ENG-Premier League,2526,,2026-02-18 Wolves-nan,2026-02-18,Matchweek 31,Wed,Away,D,2,2,Wolves,2,10,4,40.0,0.2,0.5,0,0,20:00:00,/en/matches/96241478/Wolverhampton-Wanderers-Arsenal-February-18-2026-Premier-League
ENG-Premier League,2526,,2026-02-18 nan-Arsenal,2026-02-18,Matchweek 31,Wed,Home,D,2,2,Arsenal,2,5,2,40.0,0.4,1.0,0,0,20:00:00,/en/matches/96241478/Wolverhampton-Wanderers-Arsenal-February-18-2026-Premier-League
ENG-Premier League,2526,,2026-02-21 Aston Villa-nan,2026-02-21,Matchweek 27,Sat,Away,D,1,1,Aston Villa,1,14,4,28.6,0.07,0.25,0,0,15:00:00,/en/matches/be7eca24/Aston-Villa-Leeds-United-February-21-2026-Premier-League
ENG-Premier League,2526,,2026-02-21 Brentford-nan,2026-02-21,Matchweek 27,Sat,Away,W,2,0,Brentford,2,11,7,63.6,0.18,0.29,0,0,15:00:00,/en/matches/fefcfa2d/Brentford-Brighton-and-Hove-Albion-February-21-2026-Premier-League
ENG-Premier League,2526,,2026-02-21 Chelsea-nan,2026-02-21,Matchweek 27,Sat,Away,D,1,1,Chelsea,1,12,4,33.3,0.08,0.25,0,0,15:00:00,/en/matches/27fb98e5/Chelsea-Burnley-February-21-2026-Premier-League
ENG-Premier League,2526,,2026-02-21 Manchester City-nan,2026-02-21,Matchweek 27,Sat,Away,L,1,2,Manchester City,1,13,7,53.8,0.08,0.14,0,0,20:00:00,/en/matches/dfba2599/Manchester-City-Newcastle-United-February-21-2026-Premier-League
ENG-Premier League,2526,,2026-02-21 West Ham-nan,2026-02-21,Matchweek 27,Sat,Away,D,0,0,West Ham,0,10,5,50.0,0.0,0.0,0,0,17:30:00,/en/matches/cd5c0387/West-Ham-United-Bournemouth-February-21-2026-Premier-League
ENG-Premier League,2526,,2026-02-21 nan-Bournemouth,2026-02-21,Matchweek 27,Sat,Home,D,0,0,Bournemouth,0,20,3,15.0,0.0,0.0,0,0,17:30:00,/en/matches/cd5c0387/West-Ham-United-Bournemouth-February-21-2026-Premier-League
ENG-Premier League,2526,,2026-02-21 nan-Brighton,2026-02-21,Matchweek 27,Sat,Home,L,0,2,Brighton,0,13,3,23.1,0.0,0.0,0,0,15:00:00,/en/matches/fefcfa2d/Brentford-Brighton-and-Hove-Albion-February-21-2026-Premier-League
ENG-Premier League,2526,,2026-02-21 nan-Burnley,2026-02-21,Matchweek 27,Sat,Home,D,1,1,Burnley,1,12,2,16.7,0.08,0.5,0,0,15:00:00,/en/matches/27fb98e5/Chelsea-Burnley-February-21-2026-Premier-League
ENG-Premier League,2526,,2026-02-21 nan-Leeds United,2026-02-21,Matchweek 27,Sat,Home,D,1,1,Leeds United,1,16,4,25.0,0.06,0.25,0,0,15:00:00,/en/matches/be7eca24/Aston-Villa-Leeds-United-February-21-2026-Premier-League
ENG-Premier League,2526,,2026-02-21 nan-Newcastle,2026-02-21,Matchweek 27,Sat,Home,W,2,1,Newcastle,2,15,7,46.7,0.13,0.29,0,0,20:00:00,/en/matches/dfba2599/Manchester-City-Newcastle-United-February-21-2026-Premier-League
ENG-Premier League,2526,,2026-02-22 Crystal Palace-nan,2026-02-22,Matchweek 27,Sun,Away,L,0,1,Crystal Palace,0,12,7,58.3,0.0,0.0,0,1,14:00:00,/en/matches/224feca9/Crystal-Palace-Wolverhampton-Wanderers-February-22-2026-Premier-League
ENG-Premier League,2526,,2026-02-22 Nottingham-nan,2026-02-22,Matchweek 27,Sun,Away,W,1,0,Nottingham,1,10,4,40.0,0.1,0.25,0,0,14:00:00,/en/matches/6f6574df/Nottingham-Forest-Liverpool-February-22-2026-Premier-League
ENG-Premier League,2526,,2026-02-22 Sunderland-nan,2026-02-22,Matchweek 27,Sun,Away,W,3,1,Sunderland,3,12,4,33.3,0.25,0.75,1,1,14:00:00,/en/matches/22326a55/Sunderland-Fulham-February-22-2026-Premier-League
ENG-Premier League,2526,,2026-02-22 Tottenham-nan,2026-02-22,Matchweek 27,Sun,Away,W,4,1,Tottenham,4,20,7,35.0,0.2,0.57,0,0,16:30:00,/en/matches/d8c5bce1/North-London-Derby-Tottenham-Hotspur-Arsenal-February-22-2026-Premier-League
ENG-Premier League,2526,,2026-02-22 nan-Arsenal,2026-02-22,Matchweek 27,Sun,Home,L,1,4,Arsenal,1,6,5,83.3,0.17,0.2,0,0,16:30:00,/en/matches/d8c5bce1/North-London-Derby-Tottenham-Hotspur-Arsenal-February-22-2026-Premier-League
ENG-Premier League,2526,,2026-02-22 nan-Fulham,2026-02-22,Matchweek 27,Sun,Home,L,1,3,Fulham,1,12,2,16.7,0.08,0.5,1,1,14:00:00,/en/matches/22326a55/Sunderland-Fulham-February-22-2026-Premier-League
ENG-Premier League,2526,,2026-02-22 nan-Liverpool,2026-02-22,Matchweek 27,Sun,Home,L,0,1,Liverpool,0,18,2,11.1,0.0,0.0,0,0,14:00:00,/en/matches/6f6574df/Nottingham-Forest-Liverpool-February-22-2026-Premier-League
ENG-Premier League,2526,,2026-02-22 nan-Wolves,2026-02-22,Matchweek 27,Sun,Home,W,1,0,Wolves,1,14,3,21.4,0.07,0.33,0,0,14:00:00,/en/matches/224feca9/Crystal-Palace-Wolverhampton-Wanderers-February-22-2026-Premier-League
ENG-Premier League,2526,,2026-02-23 Everton-nan,2026-02-23,Matchweek 27,Mon,Away,W,1,0,Everton,1,11,3,27.3,0.09,0.33,0,0,20:00:00,/en/matches/11883630/Everton-Manchester-United-February-23-2026-Premier-League
ENG-Premier League,2526,,2026-02-23 nan-Manchester Utd,2026-02-23,Matchweek 27,Mon,Home,L,0,1,Manchester Utd,0,12,4,33.3,0.0,0.0,0,0,20:00:00,/en/matches/11883630/Everton-Manchester-United-February-23-2026-Premier-League
ENG-Premier League,2526,,2026-02-27 Wolves-nan,2026-02-27,Matchweek 28,Fri,Away,L,0,2,Wolves,0,14,5,35.7,0.0,0.0,0,0,20:00:00,/en/matches/0061259a/Wolverhampton-Wanderers-Aston-Villa-February-27-2026-Premier-League
ENG-Premier League,2526,,2026-02-27 nan-Aston Villa,2026-02-27,Matchweek 28,Fri,Home,W,2,0,Aston Villa,2,9,2,22.2,0.22,1.0,0,0,20:00:00,/en/matches/0061259a/Wolverhampton-Wanderers-Aston-Villa-February-27-2026-Premier-League
ENG-Premier League,2526,,2026-02-28 Bournemouth-nan,2026-02-28,Matchweek 28,Sat,Away,D,1,1,Bournemouth,1,8,4,50.0,0.13,0.25,0,0,12:30:00,/en/matches/ddcde425/Bournemouth-Sunderland-February-28-2026-Premier-League
ENG-Premier League,2526,,2026-02-28 Burnley-nan,2026-02-28,Matchweek 28,Sat,Away,W,4,3,Burnley,4,16,7,43.8,0.25,0.57,0,0,15:00:00,/en/matches/f8fc799f/Burnley-Brentford-February-28-2026-Premier-League
ENG-Premier League,2526,,2026-02-28 Leeds United-nan,2026-02-28,Matchweek 28,Sat,Away,W,1,0,Leeds United,1,14,5,35.7,0.07,0.2,0,0,17:30:00,/en/matches/baf5cbeb/Leeds-United-Manchester-City-February-28-2026-Premier-League
ENG-Premier League,2526,,2026-02-28 Liverpool-nan,2026-02-28,Matchweek 28,Sat,Away,L,2,5,Liverpool,2,11,4,36.4,0.18,0.5,0,0,15:00:00,/en/matches/7457ff50/Liverpool-West-Ham-United-February-28-2026-Premier-League
ENG-Premier League,2526,,2026-02-28 Newcastle-nan,2026-02-28,Matchweek 28,Sat,Away,W,3,2,Newcastle,3,9,5,55.6,0.33,0.6,0,0,15:00:00,/en/matches/d29535da/Newcastle-United-Everton-February-28-2026-Premier-League
ENG-Premier League,2526,,2026-02-28 nan-Brentford,2026-02-28,Matchweek 28,Sat,Home,L,3,4,Brentford,2,12,3,25.0,0.17,0.67,0,0,15:00:00,/en/matches/f8fc799f/Burnley-Brentford-February-28-2026-Premier-League
ENG-Premier League,2526,,2026-02-28 nan-Everton,2026-02-28,Matchweek 28,Sat,Home,L,2,3,Everton,2,17,7,41.2,0.12,0.29,0,0,15:00:00,/en/matches/d29535da/Newcastle-United-Everton-February-28-2026-Premier-League
ENG-Premier League,2526,,2026-02-28 nan-Manchester City,2026-02-28,Matchweek 28,Sat,Home,L,0,1,Manchester City,0,14,2,14.3,0.0,0.0,0,0,17:30:00,/en/matches/baf5cbeb/Leeds-United-Manchester-City-February-28-2026-Premier-League
ENG-Premier League,2526,,2026-02-28 nan-Sunderland,2026-02-28,Matchweek 28,Sat,Home,D,1,1,Sunderland,1,21,5,23.8,0.05,0.2,0,0,12:30:00,/en/matches/ddcde425/Bournemouth-Sunderland-February-28-2026-Premier-League
ENG-Premier League,2526,,2026-02-28 nan-West Ham,2026-02-28,Matchweek 28,Sat,Home,W,5,2,West Ham,4,18,7,38.9,0.22,0.57,0,0,15:00:00,/en/matches/7457ff50/Liverpool-West-Ham-United-February-28-2026-Premier-League
ENG-Premier League,2526,,2026-03-01 Arsenal-nan,2026-03-01,Matchweek 28,Sun,Away,L,1,2,Arsenal,0,9,3,33.3,0.0,0.0,0,0,16:30:00,/en/matches/afbe13a4/North-West-London-Derby-Arsenal-Chelsea-March-1-2026-Premier-League
ENG-Premier League,2526,,2026-03-01 Brighton-nan,2026-03-01,Matchweek 28,Sun,Away,L,1,2,Brighton,1,13,4,30.8,0.08,0.25,0,0,14:00:00,/en/matches/061afa51/Brighton-and-Hove-Albion-Nottingham-Forest-March-1-2026-Premier-League
ENG-Premier League,2526,,2026-03-01 Fulham-nan,2026-03-01,Matchweek 28,Sun,Away,L,1,2,Fulham,1,13,1,7.7,0.08,1.0,0,0,14:00:00,/en/matches/574b356f/Fulham-Tottenham-Hotspur-March-1-2026-Premier-League
ENG-Premier League,2526,,2026-03-01 Manchester Utd-nan,2026-03-01,Matchweek 28,Sun,Away,L,1,2,Manchester Utd,1,8,3,37.5,0.13,0.33,0,0,14:00:00,/en/matches/0dc41c01/Manchester-United-Crystal-Palace-March-1-2026-Premier-League
ENG-Premier League,2526,,2026-03-01 nan-Chelsea,2026-03-01,Matchweek 28,Sun,Home,W,2,1,Chelsea,2,12,5,41.7,0.17,0.4,0,0,16:30:00,/en/matches/afbe13a4/North-West-London-Derby-Arsenal-Chelsea-March-1-2026-Premier-League
ENG-Premier League,2526,,2026-03-01 nan-Crystal Palace,2026-03-01,Matchweek 28,Sun,Home,W,2,1,Crystal Palace,2,20,11,55.0,0.1,0.18,1,1,14:00:00,/en/matches/0dc41c01/Manchester-United-Crystal-Palace-March-1-2026-Premier-League
ENG-Premier League,2526,,2026-03-01 nan-Nottingham,2026-03-01,Matchweek 28,Sun,Home,W,2,1,Nottingham,2,14,7,50.0,0.14,0.29,0,0,14:00:00,/en/matches/061afa51/Brighton-and-Hove-Albion-Nottingham-Forest-March-1-2026-Premier-League
ENG-Premier League,2526,,2026-03-01 nan-Tottenham,2026-03-01,Matchweek 28,Sun,Home,W,2,1,Tottenham,2,18,4,22.2,0.11,0.5,0,0,14:00:00,/en/matches/574b356f/Fulham-Tottenham-Hotspur-March-1-2026-Premier-League
ENG-Premier League,2526,,2026-03-03 Bournemouth-nan,2026-03-03,Matchweek 29,Tue,Away,D,0,0,Bournemouth,0,5,2,40.0,0.0,0.0,0,0,19:30:00,/en/matches/86786c01/Bournemouth-Brentford-March-3-2026-Premier-League
ENG-Premier League,2526,,2026-03-03 Everton-nan,2026-03-03,Matchweek 29,Tue,Away,L,0,2,Everton,0,5,2,40.0,0.0,0.0,0,0,19:30:00,/en/matches/4907f8ee/Everton-Burnley-March-3-2026-Premier-League
ENG-Premier League,2526,,2026-03-03 Leeds United-nan,2026-03-03,Matchweek 29,Tue,Away,W,1,0,Leeds United,1,3,1,33.3,0.33,1.0,1,1,19:30:00,/en/matches/aebc568f/Leeds-United-Sunderland-March-3-2026-Premier-League
ENG-Premier League,2526,,2026-03-03 Wolves-nan,2026-03-03,Matchweek 29,Tue,Away,L,1,2,Wolves,1,19,7,36.8,0.05,0.14,0,0,20:15:00,/en/matches/79e52ce5/Wolverhampton-Wanderers-Liverpool-March-3-2026-Premier-League
ENG-Premier League,2526,,2026-03-03 nan-Brentford,2026-03-03,Matchweek 29,Tue,Home,D,0,0,Brentford,0,13,2,15.4,0.0,0.0,0,0,19:30:00,/en/matches/86786c01/Bournemouth-Brentford-March-3-2026-Premier-League
ENG-Premier League,2526,,2026-03-03 nan-Burnley,2026-03-03,Matchweek 29,Tue,Home,W,2,0,Burnley,2,14,5,35.7,0.14,0.4,0,0,19:30:00,/en/matches/4907f8ee/Everton-Burnley-March-3-2026-Premier-League
ENG-Premier League,2526,,2026-03-03 nan-Liverpool,2026-03-03,Matchweek 29,Tue,Home,W,2,1,Liverpool,2,4,3,75.0,0.5,0.67,0,0,20:15:00,/en/matches/79e52ce5/Wolverhampton-Wanderers-Liverpool-March-3-2026-Premier-League
ENG-Premier League,2526,,2026-03-03 nan-Sunderland,2026-03-03,Matchweek 29,Tue,Home,L,0,1,Sunderland,0,18,4,22.2,0.0,0.0,0,0,19:30:00,/en/matches/aebc568f/Leeds-United-Sunderland-March-3-2026-Premier-League
ENG-Premier League,2526,,2026-03-04 Aston Villa-nan,2026-03-04,Matchweek 29,Wed,Away,W,4,1,Aston Villa,4,15,8,53.3,0.27,0.5,0,0,19:30:00,/en/matches/2f844910/Aston-Villa-Chelsea-March-4-2026-Premier-League
ENG-Premier League,2526,,2026-03-04 Brighton-nan,2026-03-04,Matchweek 29,Wed,Away,W,1,0,Brighton,1,7,2,28.6,0.14,0.5,0,0,19:30:00,/en/matches/7710fcb8/Brighton-and-Hove-Albion-Arsenal-March-4-2026-Premier-League
ENG-Premier League,2526,,2026-03-04 Fulham-nan,2026-03-04,Matchweek 29,Wed,Away,W,1,0,Fulham,1,9,3,33.3,0.11,0.33,0,0,19:30:00,/en/matches/a13b6a4b/Fulham-West-Ham-United-March-4-2026-Premier-League
ENG-Premier League,2526,,2026-03-04 Manchester City-nan,2026-03-04,Matchweek 29,Wed,Away,D,2,2,Manchester City,2,9,4,44.4,0.22,0.5,0,0,19:30:00,/en/matches/bbad5618/Manchester-City-Nottingham-Forest-March-4-2026-Premier-League
ENG-Premier League,2526,,2026-03-04 Newcastle-nan,2026-03-04,Matchweek 29,Wed,Away,L,1,2,Newcastle,1,14,5,35.7,0.07,0.2,0,0,20:15:00,/en/matches/ef9a5f6d/Newcastle-United-Manchester-United-March-4-2026-Premier-League
ENG-Premier League,2526,,2026-03-04 nan-Arsenal,2026-03-04,Matchweek 29,Wed,Home,L,0,1,Arsenal,0,11,3,27.3,0.0,0.0,0,0,19:30:00,/en/matches/7710fcb8/Brighton-and-Hove-Albion-Arsenal-March-4-2026-Premier-League
ENG-Premier League,2526,,2026-03-04 nan-Chelsea,2026-03-04,Matchweek 29,Wed,Home,L,1,4,Chelsea,1,9,4,44.4,0.11,0.25,0,0,19:30:00,/en/matches/2f844910/Aston-Villa-Chelsea-March-4-2026-Premier-League
ENG-Premier League,2526,,2026-03-04 nan-Manchester Utd,2026-03-04,Matchweek 29,Wed,Home,W,2,1,Manchester Utd,2,12,5,41.7,0.17,0.4,1,1,20:15:00,/en/matches/ef9a5f6d/Newcastle-United-Manchester-United-March-4-2026-Premier-League
ENG-Premier League,2526,,2026-03-04 nan-Nottingham,2026-03-04,Matchweek 29,Wed,Home,D,2,2,Nottingham,2,21,7,33.3,0.1,0.29,0,0,19:30:00,/en/matches/bbad5618/Manchester-City-Nottingham-Forest-March-4-2026-Premier-League
ENG-Premier League,2526,,2026-03-04 nan-West Ham,2026-03-04,Matchweek 29,Wed,Home,L,0,1,West Ham,0,13,5,38.5,0.0,0.0,0,0,19:30:00,/en/matches/a13b6a4b/Fulham-West-Ham-United-March-4-2026-Premier-League
ENG-Premier League,2526,,2026-03-05 Tottenham-nan,2026-03-05,Matchweek 29,Thu,Away,W,3,1,Tottenham,3,9,4,44.4,0.33,0.75,1,1,20:00:00,/en/matches/f4ad79f6/Tottenham-Hotspur-Crystal-Palace-March-5-2026-Premier-League
ENG-Premier League,2526,,2026-03-05 nan-Crystal Palace,2026-03-05,Matchweek 29,Thu,Home,L,1,3,Crystal Palace,1,12,4,33.3,0.08,0.25,0,0,20:00:00,/en/matches/f4ad79f6/Tottenham-Hotspur-Crystal-Palace-March-5-2026-Premier-League
ENG-Premier League,2526,,2026-03-14 Arsenal-nan,2026-03-14,Matchweek 30,Sat,Away,L,0,2,Arsenal,0,9,3,33.3,0.0,0.0,0,0,17:30:00,/en/matches/07b4b588/Arsenal-Everton-March-14-2026-Premier-League
ENG-Premier League,2526,,2026-03-14 Burnley-nan,2026-03-14,Matchweek 30,Sat,Away,D,0,0,Burnley,0,22,3,13.6,0.0,0.0,0,0,15:00:00,/en/matches/2e682c02/Burnley-Bournemouth-March-14-2026-Premier-League
ENG-Premier League,2526,,2026-03-14 Chelsea-nan,2026-03-14,Matchweek 30,Sat,Away,W,1,0,Chelsea,1,7,5,71.4,0.14,0.2,0,0,17:30:00,/en/matches/b0544110/Chelsea-Newcastle-United-March-14-2026-Premier-League
ENG-Premier League,2526,,2026-03-14 Sunderland-nan,2026-03-14,Matchweek 30,Sat,Away,W,1,0,Sunderland,1,12,4,33.3,0.08,0.25,0,0,15:00:00,/en/matches/8c18f2a7/Sunderland-Brighton-and-Hove-Albion-March-14-2026-Premier-League
ENG-Premier League,2526,,2026-03-14 West Ham-nan,2026-03-14,Matchweek 30,Sat,Away,D,1,1,West Ham,1,24,6,25.0,0.04,0.17,0,0,20:00:00,/en/matches/d18bda53/West-Ham-United-Manchester-City-March-14-2026-Premier-League
ENG-Premier League,2526,,2026-03-14 nan-Bournemouth,2026-03-14,Matchweek 30,Sat,Home,D,0,0,Bournemouth,0,15,2,13.3,0.0,0.0,0,0,15:00:00,/en/matches/2e682c02/Burnley-Bournemouth-March-14-2026-Premier-League
ENG-Premier League,2526,,2026-03-14 nan-Brighton,2026-03-14,Matchweek 30,Sat,Home,L,0,1,Brighton,0,14,4,28.6,0.0,0.0,0,0,15:00:00,/en/matches/8c18f2a7/Sunderland-Brighton-and-Hove-Albion-March-14-2026-Premier-League
ENG-Premier League,2526,,2026-03-14 nan-Everton,2026-03-14,Matchweek 30,Sat,Home,W,2,0,Everton,2,25,7,28.0,0.08,0.29,0,0,17:30:00,/en/matches/07b4b588/Arsenal-Everton-March-14-2026-Premier-League
ENG-Premier League,2526,,2026-03-14 nan-Manchester City,2026-03-14,Matchweek 30,Sat,Home,D,1,1,Manchester City,1,1,1,100.0,1.0,1.0,0,0,20:00:00,/en/matches/d18bda53/West-Ham-United-Manchester-City-March-14-2026-Premier-League
ENG-Premier League,2526,,2026-03-14 nan-Newcastle,2026-03-14,Matchweek 30,Sat,Home,L,0,1,Newcastle,0,22,3,13.6,0.0,0.0,0,0,17:30:00,/en/matches/b0544110/Chelsea-Newcastle-United-March-14-2026-Premier-League
ENG-Premier League,2526,,2026-03-15 Crystal Palace-nan,2026-03-15,Matchweek 30,Sun,Away,D,0,0,Crystal Palace,0,10,3,30.0,0.0,0.0,0,1,14:00:00,/en/matches/82c4b5d5/Crystal-Palace-Leeds-United-March-15-2026-Premier-League
ENG-Premier League,2526,,2026-03-15 Liverpool-nan,2026-03-15,Matchweek 30,Sun,Away,D,1,1,Liverpool,1,13,7,53.8,0.08,0.14,0,0,16:30:00,/en/matches/6126fdae/Liverpool-Tottenham-Hotspur-March-15-2026-Premier-League
ENG-Premier League,2526,,2026-03-15 Manchester Utd-nan,2026-03-15,Matchweek 30,Sun,Away,L,1,3,Manchester Utd,1,9,2,22.2,0.11,0.5,0,0,14:00:00,/en/matches/3eb865bb/Manchester-United-Aston-Villa-March-15-2026-Premier-League
ENG-Premier League,2526,,2026-03-15 Nottingham-nan,2026-03-15,Matchweek 30,Sun,Away,D,0,0,Nottingham,0,5,0,0.0,0.0,,0,0,14:00:00,/en/matches/46ba2256/Nottingham-Forest-Fulham-March-15-2026-Premier-League
ENG-Premier League,2526,,2026-03-15 nan-Aston Villa,2026-03-15,Matchweek 30,Sun,Home,W,3,1,Aston Villa,3,16,6,37.5,0.19,0.5,0,0,14:00:00,/en/matches/3eb865bb/Manchester-United-Aston-Villa-March-15-2026-Premier-League
ENG-Premier League,2526,,2026-03-15 nan-Fulham,2026-03-15,Matchweek 30,Sun,Home,D,0,0,Fulham,0,11,2,18.2,0.0,0.0,0,0,14:00:00,/en/matches/46ba2256/Nottingham-Forest-Fulham-March-15-2026-Premier-League
ENG-Premier League,2526,,2026-03-15 nan-Leeds United,2026-03-15,Matchweek 30,Sun,Home,D,0,0,Leeds United,0,12,0,0.0,0.0,,0,0,14:00:00,/en/matches/82c4b5d5/Crystal-Palace-Leeds-United-March-15-2026-Premier-League
ENG-Premier League,2526,,2026-03-15 nan-Tottenham,2026-03-15,Matchweek 30,Sun,Home,D,1,1,Tottenham,1,17,4,23.5,0.06,0.25,0,0,16:30:00,/en/matches/6126fdae/Liverpool-Tottenham-Hotspur-March-15-2026-Premier-League
ENG-Premier League,2526,,2026-03-16 Brentford-nan,2026-03-16,Matchweek 30,Mon,Away,D,2,2,Brentford,2,13,4,30.8,0.15,0.5,0,0,20:00:00,/en/matches/f206e250/Brentford-Wolverhampton-Wanderers-March-16-2026-Premier-League
ENG-Premier League,2526,,2026-03-16 nan-Wolves,2026-03-16,Matchweek 30,Mon,Home,D,2,2,Wolves,2,10,3,30.0,0.2,0.67,0,0,20:00:00,/en/matches/f206e250/Brentford-Wolverhampton-Wanderers-March-16-2026-Premier-League
ENG-Premier League,2526,,2026-03-20 Bournemouth-nan,2026-03-20,Matchweek 31,Fri,Away,D,2,2,Bournemouth,1,14,5,35.7,0.07,0.2,1,1,20:00:00,/en/matches/92da9022/Bournemouth-Manchester-United-March-20-2026-Premier-League
ENG-Premier League,2526,,2026-03-20 nan-Manchester Utd,2026-03-20,Matchweek 31,Fri,Home,D,2,2,Manchester Utd,2,16,5,31.3,0.13,0.4,1,1,20:00:00,/en/matches/92da9022/Bournemouth-Manchester-United-March-20-2026-Premier-League
ENG-Premier League,2526,,2026-03-21 Brighton-nan,2026-03-21,Matchweek 31,Sat,Away,L,1,2,Brighton,1,12,5,41.7,0.08,0.2,0,0,12:45:00,/en/matches/74a9797c/Brighton-and-Hove-Albion-Liverpool-March-21-2026-Premier-League
ENG-Premier League,2526,,2026-03-21 Everton-nan,2026-03-21,Matchweek 31,Sat,Away,L,0,3,Everton,0,12,4,33.3,0.0,0.0,0,0,17:30:00,/en/matches/224ff314/Everton-Chelsea-March-21-2026-Premier-League
ENG-Premier League,2526,,2026-03-21 Fulham-nan,2026-03-21,Matchweek 31,Sat,Away,L,1,3,Fulham,1,9,5,55.6,0.11,0.2,0,0,15:00:00,/en/matches/2daef12e/Fulham-Burnley-March-21-2026-Premier-League
ENG-Premier League,2526,,2026-03-21 Leeds United-nan,2026-03-21,Matchweek 31,Sat,Away,D,0,0,Leeds United,0,6,2,33.3,0.0,0.0,0,0,20:00:00,/en/matches/fbe78f2d/Leeds-United-Brentford-March-21-2026-Premier-League
ENG-Premier League,2526,,2026-03-21 nan-Brentford,2026-03-21,Matchweek 31,Sat,Home,D,0,0,Brentford,0,14,4,28.6,0.0,0.0,0,0,20:00:00,/en/matches/fbe78f2d/Leeds-United-Brentford-March-21-2026-Premier-League
ENG-Premier League,2526,,2026-03-21 nan-Burnley,2026-03-21,Matchweek 31,Sat,Home,W,3,1,Burnley,3,22,6,27.3,0.14,0.5,1,1,15:00:00,/en/matches/2daef12e/Fulham-Burnley-March-21-2026-Premier-League
ENG-Premier League,2526,,2026-03-21 nan-Chelsea,2026-03-21,Matchweek 31,Sat,Home,W,3,0,Chelsea,3,10,9,90.0,0.3,0.33,0,0,17:30:00,/en/matches/224ff314/Everton-Chelsea-March-21-2026-Premier-League
ENG-Premier League,2526,,2026-03-21 nan-Liverpool,2026-03-21,Matchweek 31,Sat,Home,W,2,1,Liverpool,2,16,7,43.8,0.13,0.29,0,0,12:45:00,/en/matches/74a9797c/Brighton-and-Hove-Albion-Liverpool-March-21-2026-Premier-League
ENG-Premier League,2526,,2026-03-22 Aston Villa-nan,2026-03-22,Matchweek 31,Sun,Away,L,0,2,Aston Villa,0,9,1,11.1,0.0,0.0,0,0,14:15:00,/en/matches/3d4d50ca/Aston-Villa-West-Ham-United-March-22-2026-Premier-League
ENG-Premier League,2526,,2026-03-22 Newcastle-nan,2026-03-22,Matchweek 31,Sun,Away,W,2,1,Newcastle,2,17,7,41.2,0.12,0.29,0,0,12:00:00,/en/matches/91a43688/Newcastle-United-Sunderland-March-22-2026-Premier-League
ENG-Premier League,2526,,2026-03-22 Tottenham-nan,2026-03-22,Matchweek 31,Sun,Away,W,3,0,Tottenham,3,8,7,87.5,0.38,0.43,0,0,14:15:00,/en/matches/99b853a8/Tottenham-Hotspur-Nottingham-Forest-March-22-2026-Premier-League
ENG-Premier League,2526,,2026-03-22 nan-Nottingham,2026-03-22,Matchweek 31,Sun,Home,L,0,3,Nottingham,0,14,3,21.4,0.0,0.0,0,0,14:15:00,/en/matches/99b853a8/Tottenham-Hotspur-Nottingham-Forest-March-22-2026-Premier-League
ENG-Premier League,2526,,2026-03-22 nan-Sunderland,2026-03-22,Matchweek 31,Sun,Home,L,1,2,Sunderland,1,16,4,25.0,0.06,0.25,0,0,12:00:00,/en/matches/91a43688/Newcastle-United-Sunderland-March-22-2026-Premier-League
ENG-Premier League,2526,,2026-03-22 nan-West Ham,2026-03-22,Matchweek 31,Sun,Home,W,2,0,West Ham,2,23,7,30.4,0.09,0.29,0,0,14:15:00,/en/matches/3d4d50ca/Aston-Villa-West-Ham-United-March-22-2026-Premier-League
ENG-Premier League,2526,,2026-04-10 West Ham-nan,2026-04-10,Matchweek 32,Fri,Away,L,0,4,West Ham,0,14,3,21.4,0.0,0.0,0,0,20:00:00,/en/matches/91b6a5b2/West-Ham-United-Wolverhampton-Wanderers-April-10-2026-Premier-League
ENG-Premier League,2526,,2026-04-10 nan-Wolves,2026-04-10,Matchweek 32,Fri,Home,W,4,0,Wolves,4,18,7,38.9,0.22,0.57,0,0,20:00:00,/en/matches/91b6a5b2/West-Ham-United-Wolverhampton-Wanderers-April-10-2026-Premier-League
ENG-Premier League,2526,,2026-04-11 Arsenal-nan,2026-04-11,Matchweek 32,Sat,Away,W,2,1,Arsenal,2,8,3,37.5,0.25,0.67,0,0,12:30:00,/en/matches/38b3efe9/Arsenal-Bournemouth-April-11-2026-Premier-League
ENG-Premier League,2526,,2026-04-11 Brentford-nan,2026-04-11,Matchweek 32,Sat,Away,D,2,2,Brentford,2,14,7,50.0,0.14,0.29,0,0,15:00:00,/en/matches/4ad6111d/Brentford-Everton-April-11-2026-Premier-League
ENG-Premier League,2526,,2026-04-11 Burnley-nan,2026-04-11,Matchweek 32,Sat,Away,W,2,0,Burnley,2,13,6,46.2,0.15,0.33,0,0,15:00:00,/en/matches/8a4e78e0/Burnley-Brighton-and-Hove-Albion-April-11-2026-Premier-League
ENG-Premier League,2526,,2026-04-11 Liverpool-nan,2026-04-11,Matchweek 32,Sat,Away,L,0,2,Liverpool,0,19,4,21.1,0.0,0.0,0,0,17:30:00,/en/matches/49d03039/Liverpool-Fulham-April-11-2026-Premier-League
ENG-Premier League,2526,,2026-04-11 nan-Bournemouth,2026-04-11,Matchweek 32,Sat,Home,L,1,2,Bournemouth,1,15,3,20.0,0.07,0.33,1,1,12:30:00,/en/matches/38b3efe9/Arsenal-Bournemouth-April-11-2026-Premier-League
ENG-Premier League,2526,,2026-04-11 nan-Brighton,2026-04-11,Matchweek 32,Sat,Home,L,0,2,Brighton,0,10,5,50.0,0.0,0.0,0,0,15:00:00,/en/matches/8a4e78e0/Burnley-Brighton-and-Hove-Albion-April-11-2026-Premier-League
ENG-Premier League,2526,,2026-04-11 nan-Everton,2026-04-11,Matchweek 32,Sat,Home,D,2,2,Everton,2,17,4,23.5,0.12,0.5,1,1,15:00:00,/en/matches/4ad6111d/Brentford-Everton-April-11-2026-Premier-League
ENG-Premier League,2526,,2026-04-11 nan-Fulham,2026-04-11,Matchweek 32,Sat,Home,W,2,0,Fulham,2,18,5,27.8,0.11,0.4,0,0,17:30:00,/en/matches/49d03039/Liverpool-Fulham-April-11-2026-Premier-League
ENG-Premier League,2526,,2026-04-12 Chelsea-nan,2026-04-12,Matchweek 32,Sun,Away,W,3,0,Chelsea,3,18,8,44.4,0.17,0.38,0,0,16:30:00,/en/matches/5b6c0657/Chelsea-Manchester-City-April-12-2026-Premier-League
ENG-Premier League,2526,,2026-04-12 Crystal Palace-nan,2026-04-12,Matchweek 32,Sun,Away,L,1,2,Crystal Palace,1,7,3,42.9,0.14,0.33,0,0,14:00:00,/en/matches/1fd7d0d8/Crystal-Palace-Newcastle-United-April-12-2026-Premier-League
ENG-Premier League,2526,,2026-04-12 Nottingham-nan,2026-04-12,Matchweek 32,Sun,Away,D,1,1,Nottingham,0,12,5,41.7,0.0,0.0,0,0,14:00:00,/en/matches/f2dc47b8/Nottingham-Forest-Aston-Villa-April-12-2026-Premier-League
ENG-Premier League,2526,,2026-04-12 Sunderland-nan,2026-04-12,Matchweek 32,Sun,Away,L,0,1,Sunderland,0,11,7,63.6,0.0,0.0,0,0,14:00:00,/en/matches/b15e7296/Sunderland-Tottenham-Hotspur-April-12-2026-Premier-League
ENG-Premier League,2526,,2026-04-12 nan-Aston Villa,2026-04-12,Matchweek 32,Sun,Home,D,1,1,Aston Villa,1,15,4,26.7,0.07,0.25,0,0,14:00:00,/en/matches/f2dc47b8/Nottingham-Forest-Aston-Villa-April-12-2026-Premier-League
ENG-Premier League,2526,,2026-04-12 nan-Manchester City,2026-04-12,Matchweek 32,Sun,Home,L,0,3,Manchester City,0,12,3,25.0,0.0,0.0,0,0,16:30:00,/en/matches/5b6c0657/Chelsea-Manchester-City-April-12-2026-Premier-League
ENG-Premier League,2526,,2026-04-12 nan-Newcastle,2026-04-12,Matchweek 32,Sun,Home,W,2,1,Newcastle,2,11,5,45.5,0.18,0.4,1,1,14:00:00,/en/matches/1fd7d0d8/Crystal-Palace-Newcastle-United-April-12-2026-Premier-League
ENG-Premier League,2526,,2026-04-12 nan-Tottenham,2026-04-12,Matchweek 32,Sun,Home,W,1,0,Tottenham,1,13,2,15.4,0.08,0.5,0,0,14:00:00,/en/matches/b15e7296/Sunderland-Tottenham-Hotspur-April-12-2026-Premier-League
ENG-Premier League,2526,,2026-04-13 Manchester Utd-nan,2026-04-13,Matchweek 32,Mon,Away,W,2,1,Manchester Utd,2,15,6,40.0,0.13,0.33,0,0,20:00:00,/en/matches/857d7924/Manchester-United-Leeds-United-April-13-2026-Premier-League
ENG-Premier League,2526,,2026-04-13 nan-Leeds United,2026-04-13,Matchweek 32,Mon,Home,L,1,2,Leeds United,1,20,9,45.0,0.05,0.11,0,0,20:00:00,/en/matches/857d7924/Manchester-United-Leeds-United-April-13-2026-Premier-League
ENG-Premier League,2526,,2026-04-18 Brentford-nan,2026-04-18,Matchweek 33,Sat,Away,D,0,0,Brentford,0,11,0,0.0,0.0,,0,0,12:30:00,/en/matches/ffa0f139/Brentford-Fulham-April-18-2026-Premier-League
ENG-Premier League,2526,,2026-04-18 Chelsea-nan,2026-04-18,Matchweek 33,Sat,Away,W,1,0,Chelsea,1,4,1,25.0,0.25,1.0,0,0,20:00:00,/en/matches/6053da7e/Chelsea-Manchester-United-April-18-2026-Premier-League
ENG-Premier League,2526,,2026-04-18 Leeds United-nan,2026-04-18,Matchweek 33,Sat,Away,L,0,3,Leeds United,0,7,2,28.6,0.0,0.0,0,0,15:00:00,/en/matches/f039597c/Leeds-United-Wolverhampton-Wanderers-April-18-2026-Premier-League
ENG-Premier League,2526,,2026-04-18 Newcastle-nan,2026-04-18,Matchweek 33,Sat,Away,W,2,1,Newcastle,2,12,3,25.0,0.17,0.67,0,0,15:00:00,/en/matches/9a65e248/Newcastle-United-Bournemouth-April-18-2026-Premier-League
ENG-Premier League,2526,,2026-04-18 Tottenham-nan,2026-04-18,Matchweek 33,Sat,Away,D,2,2,Tottenham,2,10,3,30.0,0.2,0.67,0,0,17:30:00,/en/matches/4ac6e328/Tottenham-Hotspur-Brighton-and-Hove-Albion-April-18-2026-Premier-League
ENG-Premier League,2526,,2026-04-18 nan-Bournemouth,2026-04-18,Matchweek 33,Sat,Home,L,1,2,Bournemouth,1,12,3,25.0,0.08,0.33,0,0,15:00:00,/en/matches/9a65e248/Newcastle-United-Bournemouth-April-18-2026-Premier-League
ENG-Premier League,2526,,2026-04-18 nan-Brighton,2026-04-18,Matchweek 33,Sat,Home,D,2,2,Brighton,2,13,6,46.2,0.15,0.33,0,0,17:30:00,/en/matches/4ac6e328/Tottenham-Hotspur-Brighton-and-Hove-Albion-April-18-2026-Premier-League
ENG-Premier League,2526,,2026-04-18 nan-Fulham,2026-04-18,Matchweek 33,Sat,Home,D,0,0,Fulham,0,13,4,30.8,0.0,0.0,0,0,12:30:00,/en/matches/ffa0f139/Brentford-Fulham-April-18-2026-Premier-League
ENG-Premier League,2526,,2026-04-18 nan-Manchester Utd,2026-04-18,Matchweek 33,Sat,Home,L,0,1,Manchester Utd,0,21,3,14.3,0.0,0.0,0,0,20:00:00,/en/matches/6053da7e/Chelsea-Manchester-United-April-18-2026-Premier-League
ENG-Premier League,2526,,2026-04-18 nan-Wolves,2026-04-18,Matchweek 33,Sat,Home,W,3,0,Wolves,3,17,6,35.3,0.18,0.5,1,1,15:00:00,/en/matches/f039597c/Leeds-United-Wolverhampton-Wanderers-April-18-2026-Premier-League
ENG-Premier League,2526,,2026-04-19 Aston Villa-nan,2026-04-19,Matchweek 33,Sun,Away,L,3,4,Aston Villa,3,10,7,70.0,0.3,0.43,0,0,14:00:00,/en/matches/c874d7e6/Aston-Villa-Sunderland-April-19-2026-Premier-League
ENG-Premier League,2526,,2026-04-19 Everton-nan,2026-04-19,Matchweek 33,Sun,Away,W,2,1,Everton,2,14,6,42.9,0.14,0.33,0,0,14:00:00,/en/matches/02dbe729/Merseyside-Derby-Everton-Liverpool-April-19-2026-Premier-League
ENG-Premier League,2526,,2026-04-19 Manchester City-nan,2026-04-19,Matchweek 33,Sun,Away,L,1,2,Manchester City,1,9,3,33.3,0.11,0.33,0,0,16:30:00,/en/matches/7e3c19a1/Manchester-City-Arsenal-April-19-2026-Premier-League
ENG-Premier League,2526,,2026-04-19 Nottingham-nan,2026-04-19,Matchweek 33,Sun,Away,L,1,4,Nottingham,1,4,3,75.0,0.25,0.33,0,0,14:00:00,/en/matches/756bc106/Nottingham-Forest-Burnley-April-19-2026-Premier-League
ENG-Premier League,2526,,2026-04-19 nan-Arsenal,2026-04-19,Matchweek 33,Sun,Home,W,2,1,Arsenal,2,15,5,33.3,0.13,0.4,0,0,16:30:00,/en/matches/7e3c19a1/Manchester-City-Arsenal-April-19-2026-Premier-League
ENG-Premier League,2526,,2026-04-19 nan-Burnley,2026-04-19,Matchweek 33,Sun,Home,W,4,1,Burnley,4,10,4,40.0,0.4,1.0,0,0,14:00:00,/en/matches/756bc106/Nottingham-Forest-Burnley-April-19-2026-Premier-League
ENG-Premier League,2526,,2026-04-19 nan-Liverpool,2026-04-19,Matchweek 33,Sun,Home,L,1,2,Liverpool,1,10,4,40.0,0.1,0.25,0,0,14:00:00,/en/matches/02dbe729/Merseyside-Derby-Everton-Liverpool-April-19-2026-Premier-League
ENG-Premier League,2526,,2026-04-19 nan-Sunderland,2026-04-19,Matchweek 33,Sun,Home,W,4,3,Sunderland,4,15,7,46.7,0.27,0.57,0,0,14:00:00,/en/matches/c874d7e6/Aston-Villa-Sunderland-April-19-2026-Premier-League
ENG-Premier League,2526,,2026-04-20 Crystal Palace-nan,2026-04-20,Matchweek 33,Mon,Away,D,0,0,Crystal Palace,0,9,4,44.4,0.0,0.0,0,0,20:00:00,/en/matches/1b93b08a/Crystal-Palace-West-Ham-United-April-20-2026-Premier-League
ENG-Premier League,2526,,2026-04-20 nan-West Ham,2026-04-20,Matchweek 33,Mon,Home,D,0,0,West Ham,0,9,1,11.1,0.0,0.0,0,0,20:00:00,/en/matches/1b93b08a/Crystal-Palace-West-Ham-United-April-20-2026-Premier-League
ENG-Premier League,2526,,2026-04-21 Brighton-nan,2026-04-21,Matchweek 34,Tue,Away,L,0,3,Brighton,0,6,0,0.0,0.0,,0,0,20:00:00,/en/matches/98622df4/Brighton-and-Hove-Albion-Chelsea-April-21-2026-Premier-League
ENG-Premier League,2526,,2026-04-21 nan-Chelsea,2026-04-21,Matchweek 34,Tue,Home,W,3,0,Chelsea,3,15,9,60.0,0.2,0.33,0,0,20:00:00,/en/matches/98622df4/Brighton-and-Hove-Albion-Chelsea-April-21-2026-Premier-League
ENG-Premier League,2526,,2026-04-22 Bournemouth-nan,2026-04-22,Matchweek 34,Wed,Away,D,2,2,Bournemouth,1,10,3,30.0,0.1,0.33,0,0,20:00:00,/en/matches/5ca5500a/Bournemouth-Leeds-United-April-22-2026-Premier-League
ENG-Premier League,2526,,2026-04-22 Burnley-nan,2026-04-22,Matchweek 34,Wed,Away,W,1,0,Burnley,1,28,9,32.1,0.04,0.11,0,0,20:00:00,/en/matches/d4c039e0/Burnley-Manchester-City-April-22-2026-Premier-League
ENG-Premier League,2526,,2026-04-22 nan-Leeds United,2026-04-22,Matchweek 34,Wed,Home,D,2,2,Leeds United,2,17,7,41.2,0.12,0.29,0,0,20:00:00,/en/matches/5ca5500a/Bournemouth-Leeds-United-April-22-2026-Premier-League
ENG-Premier League,2526,,2026-04-22 nan-Manchester City,2026-04-22,Matchweek 34,Wed,Home,L,0,1,Manchester City,0,9,1,11.1,0.0,0.0,0,0,20:00:00,/en/matches/d4c039e0/Burnley-Manchester-City-April-22-2026-Premier-League
ENG-Premier League,2526,,2026-04-24 Sunderland-nan,2026-04-24,Matchweek 34,Fri,Away,W,5,0,Sunderland,4,10,6,60.0,0.4,0.67,0,0,20:00:00,/en/matches/1b9afc4b/Sunderland-Nottingham-Forest-April-24-2026-Premier-League
ENG-Premier League,2526,,2026-04-24 nan-Nottingham,2026-04-24,Matchweek 34,Fri,Home,L,0,5,Nottingham,0,14,4,28.6,0.0,0.0,0,0,20:00:00,/en/matches/1b9afc4b/Sunderland-Nottingham-Forest-April-24-2026-Premier-League
ENG-Premier League,2526,,2026-04-25 Arsenal-nan,2026-04-25,Matchweek 34,Sat,Away,L,0,1,Arsenal,0,13,3,23.1,0.0,0.0,0,0,17:30:00,/en/matches/aaff013b/Arsenal-Newcastle-United-April-25-2026-Premier-League
ENG-Premier League,2526,,2026-04-25 Fulham-nan,2026-04-25,Matchweek 34,Sat,Away,L,0,1,Fulham,0,10,1,10.0,0.0,0.0,0,0,12:30:00,/en/matches/e38ffa68/Fulham-Aston-Villa-April-25-2026-Premier-League
ENG-Premier League,2526,,2026-04-25 Liverpool-nan,2026-04-25,Matchweek 34,Sat,Away,L,1,3,Liverpool,1,14,7,50.0,0.07,0.14,0,0,15:00:00,/en/matches/2ffa2be0/Liverpool-Crystal-Palace-April-25-2026-Premier-League
ENG-Premier League,2526,,2026-04-25 West Ham-nan,2026-04-25,Matchweek 34,Sat,Away,L,1,2,West Ham,1,11,3,27.3,0.09,0.33,0,0,15:00:00,/en/matches/a0cc665c/West-Ham-United-Everton-April-25-2026-Premier-League
ENG-Premier League,2526,,2026-04-25 Wolves-nan,2026-04-25,Matchweek 34,Sat,Away,W,1,0,Wolves,1,11,2,18.2,0.09,0.5,0,0,15:00:00,/en/matches/3b97170d/Wolverhampton-Wanderers-Tottenham-Hotspur-April-25-2026-Premier-League
ENG-Premier League,2526,,2026-04-25 nan-Aston Villa,2026-04-25,Matchweek 34,Sat,Home,W,1,0,Aston Villa,1,13,6,46.2,0.08,0.17,0,0,12:30:00,/en/matches/e38ffa68/Fulham-Aston-Villa-April-25-2026-Premier-League
ENG-Premier League,2526,,2026-04-25 nan-Crystal Palace,2026-04-25,Matchweek 34,Sat,Home,W,3,1,Crystal Palace,3,9,3,33.3,0.33,1.0,0,0,15:00:00,/en/matches/2ffa2be0/Liverpool-Crystal-Palace-April-25-2026-Premier-League
ENG-Premier League,2526,,2026-04-25 nan-Everton,2026-04-25,Matchweek 34,Sat,Home,W,2,1,Everton,2,10,3,30.0,0.2,0.67,0,0,15:00:00,/en/matches/a0cc665c/West-Ham-United-Everton-April-25-2026-Premier-League
ENG-Premier League,2526,,2026-04-25 nan-Newcastle,2026-04-25,Matchweek 34,Sat,Home,W,1,0,Newcastle,1,11,4,36.4,0.09,0.25,0,0,17:30:00,/en/matches/aaff013b/Arsenal-Newcastle-United-April-25-2026-Premier-League
ENG-Premier League,2526,,2026-04-25 nan-Tottenham,2026-04-25,Matchweek 34,Sat,Home,L,0,1,Tottenham,0,11,2,18.2,0.0,0.0,0,0,15:00:00,/en/matches/3b97170d/Wolverhampton-Wanderers-Tottenham-Hotspur-April-25-2026-Premier-League
ENG-Premier League,2526,,2026-04-27 Manchester Utd-nan,2026-04-27,Matchweek 34,Mon,Away,L,1,2,Manchester Utd,1,12,4,33.3,0.08,0.25,0,0,20:00:00,/en/matches/d90d2b6c/Manchester-United-Brentford-April-27-2026-Premier-League
ENG-Premier League,2526,,2026-04-27 nan-Brentford,2026-04-27,Matchweek 34,Mon,Home,W,2,1,Brentford,2,11,6,54.5,0.18,0.33,0,0,20:00:00,/en/matches/d90d2b6c/Manchester-United-Brentford-April-27-2026-Premier-League
ENG-Premier League,2526,,2026-05-01 Leeds United-nan,2026-05-01,Matchweek 35,Fri,Away,L,1,3,Leeds United,1,9,3,33.3,0.11,0.33,0,0,20:00:00,/en/matches/a951ce95/Leeds-United-Burnley-May-1-2026-Premier-League
ENG-Premier League,2526,,2026-05-01 nan-Burnley,2026-05-01,Matchweek 35,Fri,Home,W,3,1,Burnley,3,18,8,44.4,0.17,0.38,0,0,20:00:00,/en/matches/a951ce95/Leeds-United-Burnley-May-1-2026-Premier-League
ENG-Premier League,2526,,2026-05-02 Arsenal-nan,2026-05-02,Matchweek 35,Sat,Away,L,0,3,Arsenal,0,10,1,10.0,0.0,0.0,0,0,17:30:00,/en/matches/136b19eb/Arsenal-Fulham-May-2-2026-Premier-League
ENG-Premier League,2526,,2026-05-02 Brentford-nan,2026-05-02,Matchweek 35,Sat,Away,L,0,3,Brentford,0,13,4,30.8,0.0,0.0,0,0,15:00:00,/en/matches/637d95da/Brentford-West-Ham-United-May-2-2026-Premier-League
ENG-Premier League,2526,,2026-05-02 Newcastle-nan,2026-05-02,Matchweek 35,Sat,Away,L,1,3,Newcastle,1,13,4,30.8,0.08,0.25,0,0,15:00:00,/en/matches/c569f7f7/Newcastle-United-Brighton-and-Hove-Albion-May-2-2026-Premier-League
ENG-Premier League,2526,,2026-05-02 Wolves-nan,2026-05-02,Matchweek 35,Sat,Away,D,1,1,Wolves,1,10,2,20.0,0.1,0.5,0,0,15:00:00,/en/matches/d6666d63/Wolverhampton-Wanderers-Sunderland-May-2-2026-Premier-League
ENG-Premier League,2526,,2026-05-02 nan-Brighton,2026-05-02,Matchweek 35,Sat,Home,W,3,1,Brighton,3,13,6,46.2,0.23,0.5,0,0,15:00:00,/en/matches/c569f7f7/Newcastle-United-Brighton-and-Hove-Albion-May-2-2026-Premier-League
ENG-Premier League,2526,,2026-05-02 nan-Fulham,2026-05-02,Matchweek 35,Sat,Home,W,3,0,Fulham,3,18,9,50.0,0.17,0.33,0,0,17:30:00,/en/matches/136b19eb/Arsenal-Fulham-May-2-2026-Premier-League
ENG-Premier League,2526,,2026-05-02 nan-Sunderland,2026-05-02,Matchweek 35,Sat,Home,D,1,1,Sunderland,1,20,7,35.0,0.05,0.14,0,0,15:00:00,/en/matches/d6666d63/Wolverhampton-Wanderers-Sunderland-May-2-2026-Premier-League
ENG-Premier League,2526,,2026-05-02 nan-West Ham,2026-05-02,Matchweek 35,Sat,Home,W,3,0,West Ham,2,14,6,42.9,0.14,0.33,1,1,15:00:00,/en/matches/637d95da/Brentford-West-Ham-United-May-2-2026-Premier-League
ENG-Premier League,2526,,2026-05-03 Aston Villa-nan,2026-05-03,Matchweek 35,Sun,Away,W,2,1,Aston Villa,2,10,5,50.0,0.2,0.4,0,0,19:00:00,/en/matches/1e039e05/Aston-Villa-Tottenham-Hotspur-May-3-2026-Premier-League
ENG-Premier League,2526,,2026-05-03 Bournemouth-nan,2026-05-03,Matchweek 35,Sun,Away,L,0,3,Bournemouth,0,7,1,14.3,0.0,0.0,0,0,14:00:00,/en/matches/d7832ab6/Bournemouth-Crystal-Palace-May-3-2026-Premier-League
ENG-Premier League,2526,,2026-05-03 Manchester Utd-nan,2026-05-03,Matchweek 35,Sun,Away,L,2,3,Manchester Utd,2,13,5,38.5,0.15,0.4,0,0,15:30:00,/en/matches/a9037198/North-West-Derby-Manchester-United-Liverpool-May-3-2026-Premier-League
ENG-Premier League,2526,,2026-05-03 nan-Crystal Palace,2026-05-03,Matchweek 35,Sun,Home,W,3,0,Crystal Palace,2,16,5,31.3,0.13,0.4,1,1,14:00:00,/en/matches/d7832ab6/Bournemouth-Crystal-Palace-May-3-2026-Premier-League
ENG-Premier League,2526,,2026-05-03 nan-Liverpool,2026-05-03,Matchweek 35,Sun,Home,W,3,2,Liverpool,3,18,6,33.3,0.17,0.5,0,0,15:30:00,/en/matches/a9037198/North-West-Derby-Manchester-United-Liverpool-May-3-2026-Premier-League
ENG-Premier League,2526,,2026-05-03 nan-Tottenham,2026-05-03,Matchweek 35,Sun,Home,L,1,2,Tottenham,1,5,1,20.0,0.2,1.0,0,0,19:00:00,/en/matches/1e039e05/Aston-Villa-Tottenham-Hotspur-May-3-2026-Premier-League
ENG-Premier League,2526,,2026-05-04 Chelsea-nan,2026-05-04,Matchweek 35,Mon,Away,W,3,1,Chelsea,3,6,4,66.7,0.5,0.75,1,1,15:00:00,/en/matches/59f26cd9/Chelsea-Nottingham-Forest-May-4-2026-Premier-League
ENG-Premier League,2526,,2026-05-04 Everton-nan,2026-05-04,Matchweek 35,Mon,Away,D,3,3,Everton,3,21,4,19.0,0.14,0.75,0,0,20:00:00,/en/matches/2446cca5/Everton-Manchester-City-May-4-2026-Premier-League
ENG-Premier League,2526,,2026-05-04 nan-Manchester City,2026-05-04,Matchweek 35,Mon,Home,D,3,3,Manchester City,3,14,6,42.9,0.21,0.5,0,0,20:00:00,/en/matches/2446cca5/Everton-Manchester-City-May-4-2026-Premier-League
ENG-Premier League,2526,,2026-05-04 nan-Nottingham,2026-05-04,Matchweek 35,Mon,Home,L,1,3,Nottingham,1,21,5,23.8,0.05,0.2,0,1,15:00:00,/en/matches/59f26cd9/Chelsea-Nottingham-Forest-May-4-2026-Premier-League
ENG-Premier League,2526,,2026-05-09 Brighton-nan,2026-05-09,Matchweek 36,Sat,Away,L,0,3,Brighton,0,5,1,20.0,0.0,0.0,0,0,15:00:00,/en/matches/b77bb459/Brighton-and-Hove-Albion-Wolverhampton-Wanderers-May-9-2026-Premier-League
ENG-Premier League,2526,,2026-05-09 Fulham-nan,2026-05-09,Matchweek 36,Sat,Away,W,1,0,Fulham,1,10,5,50.0,0.1,0.2,0,0,15:00:00,/en/matches/89538ca1/Fulham-Bournemouth-May-9-2026-Premier-League
ENG-Premier League,2526,,2026-05-09 Liverpool-nan,2026-05-09,Matchweek 36,Sat,Away,D,1,1,Liverpool,1,6,3,50.0,0.17,0.33,0,0,12:30:00,/en/matches/b8728f43/Liverpool-Chelsea-May-9-2026-Premier-League
ENG-Premier League,2526,,2026-05-09 Manchester City-nan,2026-05-09,Matchweek 36,Sat,Away,L,0,3,Manchester City,0,4,2,50.0,0.0,0.0,0,0,17:30:00,/en/matches/cce1ef93/Manchester-City-Brentford-May-9-2026-Premier-League
ENG-Premier League,2526,,2026-05-09 Sunderland-nan,2026-05-09,Matchweek 36,Sat,Away,D,0,0,Sunderland,0,11,1,9.1,0.0,0.0,0,0,15:00:00,/en/matches/92e59b6f/Sunderland-Manchester-United-May-9-2026-Premier-League
ENG-Premier League,2526,,2026-05-09 nan-Bournemouth,2026-05-09,Matchweek 36,Sat,Home,L,0,1,Bournemouth,0,14,2,14.3,0.0,0.0,0,0,15:00:00,/en/matches/89538ca1/Fulham-Bournemouth-May-9-2026-Premier-League
ENG-Premier League,2526,,2026-05-09 nan-Brentford,2026-05-09,Matchweek 36,Sat,Home,W,3,0,Brentford,3,25,10,40.0,0.12,0.3,0,0,17:30:00,/en/matches/cce1ef93/Manchester-City-Brentford-May-9-2026-Premier-League
ENG-Premier League,2526,,2026-05-09 nan-Chelsea,2026-05-09,Matchweek 36,Sat,Home,D,1,1,Chelsea,1,8,3,37.5,0.13,0.33,0,0,12:30:00,/en/matches/b8728f43/Liverpool-Chelsea-May-9-2026-Premier-League
ENG-Premier League,2526,,2026-05-09 nan-Manchester Utd,2026-05-09,Matchweek 36,Sat,Home,D,0,0,Manchester Utd,0,15,4,26.7,0.0,0.0,0,0,15:00:00,/en/matches/92e59b6f/Sunderland-Manchester-United-May-9-2026-Premier-League
ENG-Premier League,2526,,2026-05-09 nan-Wolves,2026-05-09,Matchweek 36,Sat,Home,W,3,0,Wolves,3,13,6,46.2,0.23,0.5,0,0,15:00:00,/en/matches/b77bb459/Brighton-and-Hove-Albion-Wolverhampton-Wanderers-May-9-2026-Premier-League
ENG-Premier League,2526,,2026-05-10 Burnley-nan,2026-05-10,Matchweek 36,Sun,Away,D,2,2,Burnley,2,18,7,38.9,0.11,0.29,0,0,14:00:00,/en/matches/23cb8016/Burnley-Aston-Villa-May-10-2026-Premier-League
ENG-Premier League,2526,,2026-05-10 Crystal Palace-nan,2026-05-10,Matchweek 36,Sun,Away,D,2,2,Crystal Palace,2,13,6,46.2,0.15,0.33,0,0,14:00:00,/en/matches/07dfce00/Crystal-Palace-Everton-May-10-2026-Premier-League
ENG-Premier League,2526,,2026-05-10 Nottingham-nan,2026-05-10,Matchweek 36,Sun,Away,D,1,1,Nottingham,1,16,6,37.5,0.06,0.17,0,0,14:00:00,/en/matches/8104e9be/Nottingham-Forest-Newcastle-United-May-10-2026-Premier-League
ENG-Premier League,2526,,2026-05-10 West Ham-nan,2026-05-10,Matchweek 36,Sun,Away,W,1,0,West Ham,1,15,4,26.7,0.07,0.25,0,0,16:30:00,/en/matches/6d9cd398/West-Ham-United-Arsenal-May-10-2026-Premier-League
ENG-Premier League,2526,,2026-05-10 nan-Arsenal,2026-05-10,Matchweek 36,Sun,Home,L,0,1,Arsenal,0,9,3,33.3,0.0,0.0,0,0,16:30:00,/en/matches/6d9cd398/West-Ham-United-Arsenal-May-10-2026-Premier-League
ENG-Premier League,2526,,2026-05-10 nan-Aston Villa,2026-05-10,Matchweek 36,Sun,Home,D,2,2,Aston Villa,2,15,6,40.0,0.13,0.33,0,0,14:00:00,/en/matches/23cb8016/Burnley-Aston-Villa-May-10-2026-Premier-League
ENG-Premier League,2526,,2026-05-10 nan-Everton,2026-05-10,Matchweek 36,Sun,Home,D,2,2,Everton,2,21,8,38.1,0.1,0.25,0,0,14:00:00,/en/matches/07dfce00/Crystal-Palace-Everton-May-10-2026-Premier-League
ENG-Premier League,2526,,2026-05-10 nan-Newcastle,2026-05-10,Matchweek 36,Sun,Home,D,1,1,Newcastle,1,17,6,35.3,0.06,0.17,0,0,14:00:00,/en/matches/8104e9be/Nottingham-Forest-Newcastle-United-May-10-2026-Premier-League
ENG-Premier League,2526,,2026-05-11 Tottenham-nan,2026-05-11,Matchweek 36,Mon,Away,D,1,1,Tottenham,1,11,4,36.4,0.09,0.25,1,1,20:00:00,/en/matches/79495c07/Tottenham-Hotspur-Leeds-United-May-11-2026-Premier-League
ENG-Premier League,2526,,2026-05-11 nan-Leeds United,2026-05-11,Matchweek 36,Mon,Home,D,1,1,Leeds United,1,16,3,18.8,0.06,0.33,0,0,20:00:00,/en/matches/79495c07/Tottenham-Hotspur-Leeds-United-May-11-2026-Premier-League
ENG-Premier League,2526,,2026-05-13 Manchester City-nan,2026-05-13,Matchweek 31,Wed,Away,L,0,3,Manchester City,0,6,2,33.3,0.0,0.0,0,0,20:00:00,/en/matches/b435bf00/Manchester-City-Crystal-Palace-May-13-2026-Premier-League
ENG-Premier League,2526,,2026-05-13 nan-Crystal Palace,2026-05-13,Matchweek 31,Wed,Home,W,3,0,Crystal Palace,3,15,4,26.7,0.2,0.75,0,0,20:00:00,/en/matches/b435bf00/Manchester-City-Crystal-Palace-May-13-2026-Premier-League
ENG-Premier League,2526,,2026-05-15 Aston Villa-nan,2026-05-15,Matchweek 37,Fri,Away,L,2,4,Aston Villa,2,16,5,31.3,0.13,0.4,0,0,20:00:00,/en/matches/2392e965/Aston-Villa-Liverpool-May-15-2026-Premier-League
ENG-Premier League,2526,,2026-05-15 nan-Liverpool,2026-05-15,Matchweek 37,Fri,Home,W,4,2,Liverpool,4,14,9,64.3,0.29,0.44,0,0,20:00:00,/en/matches/2392e965/Aston-Villa-Liverpool-May-15-2026-Premier-League
ENG-Premier League,2526,,2026-05-17 Brentford-nan,2026-05-17,Matchweek 37,Sun,Away,D,2,2,Brentford,2,16,5,31.3,0.13,0.4,1,1,15:00:00,/en/matches/bf61d4e7/Brentford-Crystal-Palace-May-17-2026-Premier-League
ENG-Premier League,2526,,2026-05-17 Everton-nan,2026-05-17,Matchweek 37,Sun,Away,W,3,1,Everton,3,7,3,42.9,0.43,1.0,0,0,15:00:00,/en/matches/1c8203d0/Everton-Sunderland-May-17-2026-Premier-League
ENG-Premier League,2526,,2026-05-17 Leeds United-nan,2026-05-17,Matchweek 37,Sun,Away,L,0,1,Leeds United,0,19,8,42.1,0.0,0.0,0,0,15:00:00,/en/matches/a895fed0/Leeds-United-Brighton-and-Hove-Albion-May-17-2026-Premier-League
ENG-Premier League,2526,,2026-05-17 Manchester Utd-nan,2026-05-17,Matchweek 37,Sun,Away,L,2,3,Manchester Utd,2,11,4,36.4,0.18,0.5,0,0,12:30:00,/en/matches/757ec96c/Manchester-United-Nottingham-Forest-May-17-2026-Premier-League
ENG-Premier League,2526,,2026-05-17 Newcastle-nan,2026-05-17,Matchweek 37,Sun,Away,L,1,3,Newcastle,1,15,8,53.3,0.07,0.13,0,0,17:30:00,/en/matches/d3152ac7/Newcastle-United-West-Ham-United-May-17-2026-Premier-League
ENG-Premier League,2526,,2026-05-17 Wolves-nan,2026-05-17,Matchweek 37,Sun,Away,D,1,1,Wolves,1,13,5,38.5,0.08,0.2,1,1,15:00:00,/en/matches/8de20e5a/Wolverhampton-Wanderers-Fulham-May-17-2026-Premier-League
ENG-Premier League,2526,,2026-05-17 nan-Brighton,2026-05-17,Matchweek 37,Sun,Home,W,1,0,Brighton,1,7,1,14.3,0.14,1.0,0,0,15:00:00,/en/matches/a895fed0/Leeds-United-Brighton-and-Hove-Albion-May-17-2026-Premier-League
ENG-Premier League,2526,,2026-05-17 nan-Crystal Palace,2026-05-17,Matchweek 37,Sun,Home,D,2,2,Crystal Palace,2,14,3,21.4,0.14,0.67,0,0,15:00:00,/en/matches/bf61d4e7/Brentford-Crystal-Palace-May-17-2026-Premier-League
ENG-Premier League,2526,,2026-05-17 nan-Fulham,2026-05-17,Matchweek 37,Sun,Home,D,1,1,Fulham,1,11,3,27.3,0.09,0.33,0,0,15:00:00,/en/matches/8de20e5a/Wolverhampton-Wanderers-Fulham-May-17-2026-Premier-League
ENG-Premier League,2526,,2026-05-17 nan-Nottingham,2026-05-17,Matchweek 37,Sun,Home,W,3,2,Nottingham,3,29,8,27.6,0.1,0.38,0,0,12:30:00,/en/matches/757ec96c/Manchester-United-Nottingham-Forest-May-17-2026-Premier-League
ENG-Premier League,2526,,2026-05-17 nan-Sunderland,2026-05-17,Matchweek 37,Sun,Home,L,1,3,Sunderland,1,10,4,40.0,0.1,0.25,0,0,15:00:00,/en/matches/1c8203d0/Everton-Sunderland-May-17-2026-Premier-League
ENG-Premier League,2526,,2026-05-17 nan-West Ham,2026-05-17,Matchweek 37,Sun,Home,W,3,1,West Ham,3,15,7,46.7,0.2,0.43,0,0,17:30:00,/en/matches/d3152ac7/Newcastle-United-West-Ham-United-May-17-2026-Premier-League
ENG-Premier League,2526,,2026-05-18 Arsenal-nan,2026-05-18,Matchweek 37,Mon,Away,L,0,1,Arsenal,0,5,0,0.0,0.0,,0,0,20:00:00,/en/matches/8363c605/Arsenal-Burnley-May-18-2026-Premier-League
ENG-Premier League,2526,,2026-05-18 nan-Burnley,2026-05-18,Matchweek 37,Mon,Home,W,1,0,Burnley,1,13,3,23.1,0.08,0.33,0,0,20:00:00,/en/matches/8363c605/Arsenal-Burnley-May-18-2026-Premier-League
ENG-Premier League,2526,,2026-05-19 Bournemouth-nan,2026-05-19,Matchweek 37,Tue,Away,D,1,1,Bournemouth,1,14,5,35.7,0.07,0.2,0,0,19:30:00,/en/matches/095133fe/Bournemouth-Manchester-City-May-19-2026-Premier-League
ENG-Premier League,2526,,2026-05-19 Chelsea-nan,2026-05-19,Matchweek 37,Tue,Away,L,1,2,Chelsea,1,9,3,33.3,0.11,0.33,0,0,20:15:00,/en/matches/fb3f230e/Chelsea-Tottenham-Hotspur-May-19-2026-Premier-League
ENG-Premier League,2526,,2026-05-19 nan-Manchester City,2026-05-19,Matchweek 37,Tue,Home,D,1,1,Manchester City,1,10,2,20.0,0.1,0.5,0,0,19:30:00,/en/matches/095133fe/Bournemouth-Manchester-City-May-19-2026-Premier-League
ENG-Premier League,2526,,2026-05-19 nan-Tottenham,2026-05-19,Matchweek 37,Tue,Home,W,2,1,Tottenham,2,9,4,44.4,0.22,0.5,0,0,20:15:00,/en/matches/fb3f230e/Chelsea-Tottenham-Hotspur-May-19-2026-Premier-League
ENG-Premier League,2526,,2026-05-24 Brighton-nan,2026-05-24,Matchweek 38,Sun,Away,W,3,0,Brighton,3,11,7,63.6,0.27,0.43,0,0,16:00:00,/en/matches/68316553/Brighton-and-Hove-Albion-Manchester-United-May-24-2026-Premier-League
ENG-Premier League,2526,,2026-05-24 Burnley-nan,2026-05-24,Matchweek 38,Sun,Away,D,1,1,Burnley,1,16,4,25.0,0.06,0.25,1,1,16:00:00,/en/matches/472071fa/Burnley-Wolverhampton-Wanderers-May-24-2026-Premier-League
ENG-Premier League,2526,,2026-05-24 Crystal Palace-nan,2026-05-24,Matchweek 38,Sun,Away,W,2,1,Crystal Palace,2,17,7,41.2,0.12,0.29,0,0,16:00:00,/en/matches/d0233f18/Crystal-Palace-Arsenal-May-24-2026-Premier-League
ENG-Premier League,2526,,2026-05-24 Fulham-nan,2026-05-24,Matchweek 38,Sun,Away,L,0,2,Fulham,0,7,2,28.6,0.0,0.0,0,0,16:00:00,/en/matches/4f95517c/Fulham-Newcastle-United-May-24-2026-Premier-League
ENG-Premier League,2526,,2026-05-24 Liverpool-nan,2026-05-24,Matchweek 38,Sun,Away,D,1,1,Liverpool,1,11,2,18.2,0.09,0.5,0,0,16:00:00,/en/matches/bd48c230/Liverpool-Brentford-May-24-2026-Premier-League
ENG-Premier League,2526,,2026-05-24 Manchester City-nan,2026-05-24,Matchweek 38,Sun,Away,W,2,1,Manchester City,2,12,5,41.7,0.17,0.4,0,0,16:00:00,/en/matches/b35e6512/Manchester-City-Aston-Villa-May-24-2026-Premier-League
ENG-Premier League,2526,,2026-05-24 Nottingham-nan,2026-05-24,Matchweek 38,Sun,Away,D,1,1,Nottingham,1,17,4,23.5,0.06,0.25,0,0,16:00:00,/en/matches/7517b26a/Nottingham-Forest-Bournemouth-May-24-2026-Premier-League
ENG-Premier League,2526,,2026-05-24 Sunderland-nan,2026-05-24,Matchweek 38,Sun,Away,L,1,2,Sunderland,1,8,3,37.5,0.13,0.33,0,0,16:00:00,/en/matches/384f3785/Sunderland-Chelsea-May-24-2026-Premier-League
ENG-Premier League,2526,,2026-05-24 Tottenham-nan,2026-05-24,Matchweek 38,Sun,Away,L,0,1,Tottenham,0,10,1,10.0,0.0,0.0,0,0,16:00:00,/en/matches/2dfc43ad/Tottenham-Hotspur-Everton-May-24-2026-Premier-League
ENG-Premier League,2526,,2026-05-24 West Ham-nan,2026-05-24,Matchweek 38,Sun,Away,L,0,3,West Ham,0,13,3,23.1,0.0,0.0,0,0,16:00:00,/en/matches/df8c12d9/West-Ham-United-Leeds-United-May-24-2026-Premier-League
ENG-Premier League,2526,,2026-05-24 nan-Arsenal,2026-05-24,Matchweek 38,Sun,Home,L,1,2,Arsenal,1,8,3,37.5,0.13,0.33,0,0,16:00:00,/en/matches/d0233f18/Crystal-Palace-Arsenal-May-24-2026-Premier-League
ENG-Premier League,2526,,2026-05-24 nan-Aston Villa,2026-05-24,Matchweek 38,Sun,Home,L,1,2,Aston Villa,1,16,3,18.8,0.06,0.33,0,0,16:00:00,/en/matches/b35e6512/Manchester-City-Aston-Villa-May-24-2026-Premier-League
ENG-Premier League,2526,,2026-05-24 nan-Bournemouth,2026-05-24,Matchweek 38,Sun,Home,D,1,1,Bournemouth,1,15,5,33.3,0.07,0.2,0,0,16:00:00,/en/matches/7517b26a/Nottingham-Forest-Bournemouth-May-24-2026-Premier-League
ENG-Premier League,2526,,2026-05-24 nan-Brentford,2026-05-24,Matchweek 38,Sun,Home,D,1,1,Brentford,1,24,8,33.3,0.04,0.13,0,0,16:00:00,/en/matches/bd48c230/Liverpool-Brentford-May-24-2026-Premier-League
ENG-Premier League,2526,,2026-05-24 nan-Chelsea,2026-05-24,Matchweek 38,Sun,Home,W,2,1,Chelsea,1,21,6,28.6,0.05,0.17,0,0,16:00:00,/en/matches/384f3785/Sunderland-Chelsea-May-24-2026-Premier-League
ENG-Premier League,2526,,2026-05-24 nan-Everton,2026-05-24,Matchweek 38,Sun,Home,W,1,0,Everton,1,20,2,10.0,0.05,0.5,0,0,16:00:00,/en/matches/2dfc43ad/Tottenham-Hotspur-Everton-May-24-2026-Premier-League
ENG-Premier League,2526,,2026-05-24 nan-Leeds United,2026-05-24,Matchweek 38,Sun,Home,W,3,0,Leeds United,3,16,9,56.3,0.19,0.33,0,0,16:00:00,/en/matches/df8c12d9/West-Ham-United-Leeds-United-May-24-2026-Premier-League
ENG-Premier League,2526,,2026-05-24 nan-Manchester Utd,2026-05-24,Matchweek 38,Sun,Home,L,0,3,Manchester Utd,0,13,2,15.4,0.0,0.0,0,0,16:00:00,/en/matches/68316553/Brighton-and-Hove-Albion-Manchester-United-May-24-2026-Premier-League
ENG-Premier League,2526,,2026-05-24 nan-Newcastle,2026-05-24,Matchweek 38,Sun,Home,W,2,0,Newcastle,2,21,6,28.6,0.1,0.33,0,0,16:00:00,/en/matches/4f95517c/Fulham-Newcastle-United-May-24-2026-Premier-League
ENG-Premier League,2526,,2026-05-24 nan-Wolves,2026-05-24,Matchweek 38,Sun,Home,D,1,1,Wolves,1,16,8,50.0,0.06,0.13,0,0,16:00:00,/en/matches/472071fa/Burnley-Wolverhampton-Wanderers-May-24-2026-Premier-League
