league,season,game,jersey_number,player,team,is_starter,position,minutes_played
ENG-Premier League,2627,2026-08-21 Arsenal-Coventry City,1,David Raya,Arsenal,True,GK,90
ENG-Premier League,2627,2026-08-21 Arsenal-Coventry City,3,Cristhian Mosquera,Arsenal,True,CB,90
ENG-Premier League,2627,2026-08-21 Arsenal-Coventry City,4,Ben White,Arsenal,True,RB,90
ENG-Premier League,2627,2026-08-21 Arsenal-Coventry City,6,Gabriel Magalhães,Arsenal,True,CB,90
ENG-Premier League,2627,2026-08-21 Arsenal-Coventry City,7,Bukayo Saka,Arsenal,True,AM,67
ENG-Premier League,2627,2026-08-21 Arsenal-Coventry City,8,Martin Ødegaard,Arsenal,True,AM,75
ENG-Premier League,2627,2026-08-21 Arsenal-Coventry City,17,Christos Tzolis,Arsenal,True,AM,75
ENG-Premier League,2627,2026-08-21 Arsenal-Coventry City,29,Kai Havertz,Arsenal,True,FW,90
ENG-Premier League,2627,2026-08-21 Arsenal-Coventry City,33,Riccardo Calafiori,Arsenal,True,LB,81
ENG-Premier League,2627,2026-08-21 Arsenal-Coventry City,41,Declan Rice,Arsenal,True,DM,67
ENG-Premier League,2627,2026-08-21 Arsenal-Coventry City,49,Myles Lewis-Skelly,Arsenal,True,DM,90
ENG-Premier League,2627,2026-08-21 Arsenal-Coventry City,13,Kepa Arrizabalaga,Arsenal,False,,0
ENG-Premier League,2627,2026-08-21 Arsenal-Coventry City,5,Piero Hincapié,Arsenal,False,DF,9
ENG-Premier League,2627,2026-08-21 Arsenal-Coventry City,10,Eberechi Eze,Arsenal,False,"FW,MF",15
ENG-Premier League,2627,2026-08-21 Arsenal-Coventry City,14,Viktor Gyökeres,Arsenal,False,,0
ENG-Premier League,2627,2026-08-21 Arsenal-Coventry City,20,Noni Madueke,Arsenal,False,"FW,MF",23
ENG-Premier League,2627,2026-08-21 Arsenal-Coventry City,22,Ethan Nwaneri,Arsenal,False,,0
ENG-Premier League,2627,2026-08-21 Arsenal-Coventry City,23,Mikel Merino,Arsenal,False,MF,15
ENG-Premier League,2627,2026-08-21 Arsenal-Coventry City,36,Martín Zubimendi,Arsenal,False,MF,23
ENG-Premier League,2627,2026-08-21 Arsenal-Coventry City,56,Max Dowman,Arsenal,False,,0
ENG-Premier League,2627,2026-08-21 Arsenal-Coventry City,19,Carl Rushworth,Coventry City,True,GK,90
ENG-Premier League,2627,2026-08-21 Arsenal-Coventry City,3,Jay Dasilva,Coventry City,True,LB,90
ENG-Premier League,2627,2026-08-21 Arsenal-Coventry City,4,Bobby Thomas,Coventry City,True,CB,90
ENG-Premier League,2627,2026-08-21 Arsenal-Coventry City,6,Matt Grimes,Coventry City,True,DM,90
ENG-Premier League,2627,2026-08-21 Arsenal-Coventry City,8,Caleb Yirenkyi,Coventry City,True,AM,61
ENG-Premier League,2627,2026-08-21 Arsenal-Coventry City,9,Ellis Simms,Coventry City,True,FW,69
ENG-Premier League,2627,2026-08-21 Arsenal-Coventry City,16,Frank Onyeka,Coventry City,True,AM,90
ENG-Premier League,2627,2026-08-21 Arsenal-Coventry City,18,Loum Tchaouna,Coventry City,True,RW,81
ENG-Premier League,2627,2026-08-21 Arsenal-Coventry City,23,Brandon Thomas-Asante,Coventry City,True,LW,69
ENG-Premier League,2627,2026-08-21 Arsenal-Coventry City,24,Aurèle Amenda,Coventry City,True,CB,90
ENG-Premier League,2627,2026-08-21 Arsenal-Coventry City,27,Milan van Ewijk,Coventry City,True,RB,90
ENG-Premier League,2627,2026-08-21 Arsenal-Coventry City,13,Ben Wilson,Coventry City,False,,0
ENG-Premier League,2627,2026-08-21 Arsenal-Coventry City,5,Jack Rudoni,Coventry City,False,MF,21
ENG-Premier League,2627,2026-08-21 Arsenal-Coventry City,7,Tatsuhiro Sakamoto,Coventry City,False,,0
ENG-Premier League,2627,2026-08-21 Arsenal-Coventry City,14,Taiwo Awoniyi,Coventry City,False,FW,21
ENG-Premier League,2627,2026-08-21 Arsenal-Coventry City,15,Liam Kitching,Coventry City,False,,0
ENG-Premier League,2627,2026-08-21 Arsenal-Coventry City,22,Joël Latibeaudière,Coventry City,False,,0
ENG-Premier League,2627,2026-08-21 Arsenal-Coventry City,28,Josh Eccles,Coventry City,False,,0
ENG-Premier League,2627,2026-08-21 Arsenal-Coventry City,29,Victor Torp,Coventry City,False,MF,29
ENG-Premier League,2627,2026-08-21 Arsenal-Coventry City,38,Gustavo Hamer,Coventry City,False,MF,9
ENG-Premier League,2627,2026-08-22 Brentford-Tottenham,1,Caoimhín Kelleher,Brentford,True,GK,90
ENG-Premier League,2627,2026-08-22 Brentford-Tottenham,7,Kevin Schade,Brentford,True,AM,90
ENG-Premier League,2627,2026-08-22 Brentford-Tottenham,8,Mathias Jensen,Brentford,True,AM,66
ENG-Premier League,2627,2026-08-22 Brentford-Tottenham,9,Igor Thiago,Brentford,True,FW,82
ENG-Premier League,2627,2026-08-22 Brentford-Tottenham,11,Dango Ouattara,Brentford,True,AM,66
ENG-Premier League,2627,2026-08-22 Brentford-Tottenham,18,Mamadou Sangare,Brentford,True,DM,75
ENG-Premier League,2627,2026-08-22 Brentford-Tottenham,20,Kristoffer Ajer,Brentford,True,CB,90
ENG-Premier League,2627,2026-08-22 Brentford-Tottenham,22,Nathan Collins,Brentford,True,CB,90
ENG-Premier League,2627,2026-08-22 Brentford-Tottenham,23,Keane Lewis-Potter,Brentford,True,LB,90
ENG-Premier League,2627,2026-08-22 Brentford-Tottenham,27,Vitaly Janelt,Brentford,True,DM,90
ENG-Premier League,2627,2026-08-22 Brentford-Tottenham,33,Michael Kayode,Brentford,True,RB,75
ENG-Premier League,2627,2026-08-22 Brentford-Tottenham,12,Hákon Valdimarsson,Brentford,False,,0
ENG-Premier League,2627,2026-08-22 Brentford-Tottenham,2,Aaron Hickey,Brentford,False,"DF,MF",15
ENG-Premier League,2627,2026-08-22 Brentford-Tottenham,3,Rico Henry,Brentford,False,,0
ENG-Premier League,2627,2026-08-22 Brentford-Tottenham,5,Ethan Pinnock,Brentford,False,,0
ENG-Premier League,2627,2026-08-22 Brentford-Tottenham,6,Yehor Yarmoliuk,Brentford,False,MF,24
ENG-Premier League,2627,2026-08-22 Brentford-Tottenham,13,Callum Wilson,Brentford,False,FW,8
ENG-Premier League,2627,2026-08-22 Brentford-Tottenham,19,Jaidon Anthony,Brentford,False,"FW,MF",24
ENG-Premier League,2627,2026-08-22 Brentford-Tottenham,24,Mikkel Damsgaard,Brentford,False,"FW,MF",15
ENG-Premier League,2627,2026-08-22 Brentford-Tottenham,44,Jannik Schuster,Brentford,False,,0
ENG-Premier League,2627,2026-08-22 Brentford-Tottenham,31,Antonín Kinský,Tottenham Hotspur,True,GK,90
ENG-Premier League,2627,2026-08-22 Brentford-Tottenham,3,Andy Robertson,Tottenham Hotspur,True,LB,90
ENG-Premier League,2627,2026-08-22 Brentford-Tottenham,5,Marcos Senesi,Tottenham Hotspur,True,CB,90
ENG-Premier League,2627,2026-08-22 Brentford-Tottenham,6,Jan Paul van Hecke,Tottenham Hotspur,True,CB,90
ENG-Premier League,2627,2026-08-22 Brentford-Tottenham,8,Conor Gallagher,Tottenham Hotspur,True,AM,45
ENG-Premier League,2627,2026-08-22 Brentford-Tottenham,9,Richarlison,Tottenham Hotspur,True,FW,67
ENG-Premier League,2627,2026-08-22 Brentford-Tottenham,11,Mathys Tel,Tottenham Hotspur,True,AM,90
ENG-Premier League,2627,2026-08-22 Brentford-Tottenham,14,Archie Gray,Tottenham Hotspur,True,RB,85
ENG-Premier League,2627,2026-08-22 Brentford-Tottenham,15,Lucas Bergvall,Tottenham Hotspur,True,DM,45
ENG-Premier League,2627,2026-08-22 Brentford-Tottenham,16,Sandro Tonali,Tottenham Hotspur,True,DM,90
ENG-Premier League,2627,2026-08-22 Brentford-Tottenham,47,Mikey Moore,Tottenham Hotspur,True,AM,67
ENG-Premier League,2627,2026-08-22 Brentford-Tottenham,39,Martin Dúbravka,Tottenham Hotspur,False,,0
ENG-Premier League,2627,2026-08-22 Brentford-Tottenham,4,Kevin Danso,Tottenham Hotspur,False,,0
ENG-Premier League,2627,2026-08-22 Brentford-Tottenham,10,James Maddison,Tottenham Hotspur,False,"FW,MF",23
ENG-Premier League,2627,2026-08-22 Brentford-Tottenham,13,Destiny Udogie,Tottenham Hotspur,False,"DF,MF",5
ENG-Premier League,2627,2026-08-22 Brentford-Tottenham,18,Mateus Fernandes,Tottenham Hotspur,False,MF,45
ENG-Premier League,2627,2026-08-22 Brentford-Tottenham,19,Dominic Solanke,Tottenham Hotspur,False,FW,23
ENG-Premier League,2627,2026-08-22 Brentford-Tottenham,30,Rodrigo Bentancur,Tottenham Hotspur,False,MF,45
ENG-Premier League,2627,2026-08-22 Brentford-Tottenham,33,Ben Davies,Tottenham Hotspur,False,,0
ENG-Premier League,2627,2026-08-22 Brentford-Tottenham,68,Luca Williams Barnett,Tottenham Hotspur,False,,0
ENG-Premier League,2627,2026-08-22 Everton-Crystal Palace,1,Jordan Pickford,Everton,True,GK,90
ENG-Premier League,2627,2026-08-22 Everton-Crystal Palace,4,Jarrad Branthwaite,Everton,True,CB,90
ENG-Premier League,2627,2026-08-22 Everton-Crystal Palace,6,James Tarkowski,Everton,True,CB,90
ENG-Premier League,2627,2026-08-22 Everton-Crystal Palace,8,Kiernan Dewsbury-Hall,Everton,True,AM,89
ENG-Premier League,2627,2026-08-22 Everton-Crystal Palace,10,Iliman Ndiaye,Everton,True,AM,90
ENG-Premier League,2627,2026-08-22 Everton-Crystal Palace,11,Thierno Barry,Everton,True,FW,78
ENG-Premier League,2627,2026-08-22 Everton-Crystal Palace,16,Vitaliy Mykolenko,Everton,True,LB,90
ENG-Premier League,2627,2026-08-22 Everton-Crystal Palace,19,Tyrique George,Everton,True,AM,83
ENG-Premier League,2627,2026-08-22 Everton-Crystal Palace,30,Hayden Hackney,Everton,True,DM,78
ENG-Premier League,2627,2026-08-22 Everton-Crystal Palace,34,Merlin Röhl,Everton,True,RB,90
ENG-Premier League,2627,2026-08-22 Everton-Crystal Palace,45,Harrison Armstrong,Everton,True,DM,90
ENG-Premier League,2627,2026-08-22 Everton-Crystal Palace,12,Mark Travers,Everton,False,,0
ENG-Premier League,2627,2026-08-22 Everton-Crystal Palace,2,Nathan Patterson,Everton,False,,0
ENG-Premier League,2627,2026-08-22 Everton-Crystal Palace,5,Michael Keane,Everton,False,,0
ENG-Premier League,2627,2026-08-22 Everton-Crystal Palace,9,Beto,Everton,False,FW,12
ENG-Premier League,2627,2026-08-22 Everton-Crystal Palace,15,Jake O'Brien,Everton,False,,0
ENG-Premier League,2627,2026-08-22 Everton-Crystal Palace,20,Tyler Dibling,Everton,False,,0
ENG-Premier League,2627,2026-08-22 Everton-Crystal Palace,22,Brennan Johnson,Everton,False,"FW,MF",7
ENG-Premier League,2627,2026-08-22 Everton-Crystal Palace,24,Carlos Alcaraz,Everton,False,MF,1
ENG-Premier League,2627,2026-08-22 Everton-Crystal Palace,37,James Garner,Everton,False,MF,12
ENG-Premier League,2627,2026-08-22 Everton-Crystal Palace,1,Dean Henderson,Crystal Palace,True,GK,90
ENG-Premier League,2627,2026-08-22 Everton-Crystal Palace,2,Daniel Muñoz,Crystal Palace,True,DM,54
ENG-Premier League,2627,2026-08-22 Everton-Crystal Palace,3,Tyrick Mitchell,Crystal Palace,True,DM,90
ENG-Premier League,2627,2026-08-22 Everton-Crystal Palace,4,Chadi Riad,Crystal Palace,True,CB,71
ENG-Premier League,2627,2026-08-22 Everton-Crystal Palace,6,Jaydee Canvot,Crystal Palace,True,CB,90
ENG-Premier League,2627,2026-08-22 Everton-Crystal Palace,9,Eddie Nketiah,Crystal Palace,True,AM,54
ENG-Premier League,2627,2026-08-22 Everton-Crystal Palace,11,Dwight McNeil,Crystal Palace,True,AM,62
ENG-Premier League,2627,2026-08-22 Everton-Crystal Palace,14,Jean-Philippe Mateta,Crystal Palace,True,FW,62
ENG-Premier League,2627,2026-08-22 Everton-Crystal Palace,18,Daichi Kamada,Crystal Palace,True,DM,90
ENG-Premier League,2627,2026-08-22 Everton-Crystal Palace,20,Adam Wharton,Crystal Palace,True,DM,90
ENG-Premier League,2627,2026-08-22 Everton-Crystal Palace,26,Chris Richards,Crystal Palace,True,CB,90
ENG-Premier League,2627,2026-08-22 Everton-Crystal Palace,44,Walter Benítez,Crystal Palace,False,,0
ENG-Premier League,2627,2026-08-22 Everton-Crystal Palace,10,Yéremy Pino,Crystal Palace,False,"FW,MF",36
ENG-Premier League,2627,2026-08-22 Everton-Crystal Palace,17,Takehiro Tomiyasu,Crystal Palace,False,DF,19
ENG-Premier League,2627,2026-08-22 Everton-Crystal Palace,19,Will Hughes,Crystal Palace,False,,0
ENG-Premier League,2627,2026-08-22 Everton-Crystal Palace,22,Jørgen Strand Larsen,Crystal Palace,False,FW,28
ENG-Premier League,2627,2026-08-22 Everton-Crystal Palace,24,Borna Sosa,Crystal Palace,False,,0
ENG-Premier League,2627,2026-08-22 Everton-Crystal Palace,25,Anan Khalaili,Crystal Palace,False,MF,36
ENG-Premier League,2627,2026-08-22 Everton-Crystal Palace,29,Evann Guessand,Crystal Palace,False,"FW,MF",28
ENG-Premier League,2627,2026-08-22 Everton-Crystal Palace,30,Óscar Mingueza,Crystal Palace,False,,0
ENG-Premier League,2627,2026-08-22 Hull City-Manchester Utd,19,Kostas Tzolakis,Hull City,True,GK,90
ENG-Premier League,2627,2026-08-22 Hull City-Manchester Utd,2,Lewie Coyle,Hull City,True,RB,69
ENG-Premier League,2627,2026-08-22 Hull City-Manchester Utd,3,Ryan Giles,Hull City,True,LB,84
ENG-Premier League,2627,2026-08-22 Hull City-Manchester Utd,6,Semi Ajayi,Hull City,True,CB,63
ENG-Premier League,2627,2026-08-22 Hull City-Manchester Utd,9,Oliver McBurnie,Hull City,True,FW,90
ENG-Premier League,2627,2026-08-22 Hull City-Manchester Utd,10,Bachir Belloumi,Hull City,True,RM,90
ENG-Premier League,2627,2026-08-22 Hull City-Manchester Utd,15,John Egan,Hull City,True,CB,90
ENG-Premier League,2627,2026-08-22 Hull City-Manchester Utd,21,Elliot Stroud,Hull City,True,LM,70
ENG-Premier League,2627,2026-08-22 Hull City-Manchester Utd,25,Matt Crooks,Hull City,True,CM,90
ENG-Premier League,2627,2026-08-22 Hull City-Manchester Utd,27,Regan Slater,Hull City,True,CM,90
ENG-Premier League,2627,2026-08-22 Hull City-Manchester Utd,32,Nobel Mendy,Hull City,True,CB,63
ENG-Premier League,2627,2026-08-22 Hull City-Manchester Utd,12,Dillon Phillips,Hull City,False,,0
ENG-Premier League,2627,2026-08-22 Hull City-Manchester Utd,7,Liam Millar,Hull City,False,"FW,MF",20
ENG-Premier League,2627,2026-08-22 Hull City-Manchester Utd,14,Jens Hjertø-Dahl,Hull City,False,,0
ENG-Premier League,2627,2026-08-22 Hull City-Manchester Utd,17,Paddy McNair,Hull City,False,"DF,MF",27
ENG-Premier League,2627,2026-08-22 Hull City-Manchester Utd,18,Cody Drameh,Hull City,False,"DF,MF",21
ENG-Premier League,2627,2026-08-22 Hull City-Manchester Utd,22,Lucas Herrington,Hull City,False,DF,27
ENG-Premier League,2627,2026-08-22 Hull City-Manchester Utd,23,Matt Targett,Hull City,False,"DF,MF",6
ENG-Premier League,2627,2026-08-22 Hull City-Manchester Utd,26,Kieran Dowell,Hull City,False,,0
ENG-Premier League,2627,2026-08-22 Hull City-Manchester Utd,29,Lucas Gourna-Douath,Hull City,False,,0
ENG-Premier League,2627,2026-08-22 Hull City-Manchester Utd,1,Senne Lammens,Manchester United,True,GK,90
ENG-Premier League,2627,2026-08-22 Hull City-Manchester Utd,3,Noussair Mazraoui,Manchester United,True,RB,79
ENG-Premier League,2627,2026-08-22 Hull City-Manchester Utd,5,Harry Maguire,Manchester United,True,CB,90
ENG-Premier League,2627,2026-08-22 Hull City-Manchester Utd,8,Bruno Fernandes,Manchester United,True,AM,90
ENG-Premier League,2627,2026-08-22 Hull City-Manchester Utd,10,Matheus Cunha,Manchester United,True,FW,79
ENG-Premier League,2627,2026-08-22 Hull City-Manchester Utd,13,Patrick Dorgu,Manchester United,True,AM,45
ENG-Premier League,2627,2026-08-22 Hull City-Manchester Utd,17,Andrey Santos,Manchester United,True,DM,66
ENG-Premier League,2627,2026-08-22 Hull City-Manchester Utd,18,Youri Tielemans,Manchester United,True,DM,66
ENG-Premier League,2627,2026-08-22 Hull City-Manchester Utd,19,Bryan Mbeumo,Manchester United,True,AM,90
ENG-Premier League,2627,2026-08-22 Hull City-Manchester Utd,23,Luke Shaw,Manchester United,True,LB,90
ENG-Premier League,2627,2026-08-22 Hull City-Manchester Utd,26,Ayden Heaven,Manchester United,True,CB,90
ENG-Premier League,2627,2026-08-22 Hull City-Manchester Utd,12,Karl Darlow,Manchester United,False,,0
ENG-Premier League,2627,2026-08-22 Hull City-Manchester Utd,2,Diogo Dalot,Manchester United,False,"DF,MF",11
ENG-Premier League,2627,2026-08-22 Hull City-Manchester Utd,6,Lisandro Martínez,Manchester United,False,,0
ENG-Premier League,2627,2026-08-22 Hull City-Manchester Utd,9,Marcus Rashford,Manchester United,False,"FW,MF",45
ENG-Premier League,2627,2026-08-22 Hull City-Manchester Utd,11,Joshua Zirkzee,Manchester United,False,,0
ENG-Premier League,2627,2026-08-22 Hull City-Manchester Utd,15,Leny Yoro,Manchester United,False,,0
ENG-Premier League,2627,2026-08-22 Hull City-Manchester Utd,30,Benjamin Šeško,Manchester United,False,FW,24
ENG-Premier League,2627,2026-08-22 Hull City-Manchester Utd,31,Shea Lacey,Manchester United,False,FW,11
ENG-Premier League,2627,2026-08-22 Hull City-Manchester Utd,37,Kobbie Mainoo,Manchester United,False,MF,24
ENG-Premier League,2627,2026-08-22 Ipswich Town-Sunderland,37,Kjell Scherpen,Ipswich Town,True,GK,90
ENG-Premier League,2627,2026-08-22 Ipswich Town-Sunderland,3,Leif Davis,Ipswich Town,True,LB,90
ENG-Premier League,2627,2026-08-22 Ipswich Town-Sunderland,6,Issa Diop,Ipswich Town,True,CB,90
ENG-Premier League,2627,2026-08-22 Ipswich Town-Sunderland,7,Abdul Fatawu Issahaku,Ipswich Town,True,AM,65
ENG-Premier League,2627,2026-08-22 Ipswich Town-Sunderland,10,Julio Enciso,Ipswich Town,True,AM,70
ENG-Premier League,2627,2026-08-22 Ipswich Town-Sunderland,19,Emersonn,Ipswich Town,True,FW,65
ENG-Premier League,2627,2026-08-22 Ipswich Town-Sunderland,23,Saša Lukić,Ipswich Town,True,DM,90
ENG-Premier League,2627,2026-08-22 Ipswich Town-Sunderland,24,Jacob Greaves,Ipswich Town,True,CB,90
ENG-Premier League,2627,2026-08-22 Ipswich Town-Sunderland,26,Dara O'Shea,Ipswich Town,True,RB,90
ENG-Premier League,2627,2026-08-22 Ipswich Town-Sunderland,32,Marcelino Núñez,Ipswich Town,True,DM,79
ENG-Premier League,2627,2026-08-22 Ipswich Town-Sunderland,38,Daizen Maeda,Ipswich Town,True,AM,79
ENG-Premier League,2627,2026-08-22 Ipswich Town-Sunderland,28,Christian Walton,Ipswich Town,False,,0
ENG-Premier League,2627,2026-08-22 Ipswich Town-Sunderland,2,Darnell Furlong,Ipswich Town,False,,0
ENG-Premier League,2627,2026-08-22 Ipswich Town-Sunderland,4,Cédric Kipré,Ipswich Town,False,,0
ENG-Premier League,2627,2026-08-22 Ipswich Town-Sunderland,8,Sindre Egeli,Ipswich Town,False,"FW,MF",11
ENG-Premier League,2627,2026-08-22 Ipswich Town-Sunderland,20,Kasey McAteer,Ipswich Town,False,MF,25
ENG-Premier League,2627,2026-08-22 Ipswich Town-Sunderland,29,Chuba Akpom,Ipswich Town,False,"FW,MF",25
ENG-Premier League,2627,2026-08-22 Ipswich Town-Sunderland,30,Cameron Humphreys,Ipswich Town,False,,0
ENG-Premier League,2627,2026-08-22 Ipswich Town-Sunderland,42,Abdoul Ouattara,Ipswich Town,False,MF,11
ENG-Premier League,2627,2026-08-22 Ipswich Town-Sunderland,47,Jack Clarke,Ipswich Town,False,"FW,MF",20
ENG-Premier League,2627,2026-08-22 Ipswich Town-Sunderland,22,Robin Roefs,Sunderland,True,GK,90
ENG-Premier League,2627,2026-08-22 Ipswich Town-Sunderland,5,Daniel Ballard,Sunderland,True,CB,90
ENG-Premier League,2627,2026-08-22 Ipswich Town-Sunderland,9,Brian Brobbey,Sunderland,True,FW,66
ENG-Premier League,2627,2026-08-22 Ipswich Town-Sunderland,10,Nilson Angulo,Sunderland,True,AM,58
ENG-Premier League,2627,2026-08-22 Ipswich Town-Sunderland,12,Thomas Meunier,Sunderland,True,RB,90
ENG-Premier League,2627,2026-08-22 Ipswich Town-Sunderland,13,Luke O'Nien,Sunderland,True,CB,66
ENG-Premier League,2627,2026-08-22 Ipswich Town-Sunderland,17,Reinildo Mandava,Sunderland,True,LB,90
ENG-Premier League,2627,2026-08-22 Ipswich Town-Sunderland,27,Noah Sadiki,Sunderland,True,DM,90
ENG-Premier League,2627,2026-08-22 Ipswich Town-Sunderland,28,Enzo Le Fée,Sunderland,True,AM,79
ENG-Premier League,2627,2026-08-22 Ipswich Town-Sunderland,32,Trai Hume,Sunderland,True,AM,79
ENG-Premier League,2627,2026-08-22 Ipswich Town-Sunderland,34,Granit Xhaka,Sunderland,True,DM,90
ENG-Premier League,2627,2026-08-22 Ipswich Town-Sunderland,31,Melker Ellborg,Sunderland,False,,0
ENG-Premier League,2627,2026-08-22 Ipswich Town-Sunderland,7,Chemsdine Talbi,Sunderland,False,MF,32
ENG-Premier League,2627,2026-08-22 Ipswich Town-Sunderland,11,Chris Rigg,Sunderland,False,MF,11
ENG-Premier League,2627,2026-08-22 Ipswich Town-Sunderland,14,Romaine Mundle,Sunderland,False,,0
ENG-Premier League,2627,2026-08-22 Ipswich Town-Sunderland,15,Omar Alderete,Sunderland,False,DF,24
ENG-Premier League,2627,2026-08-22 Ipswich Town-Sunderland,18,Wilson Isidor,Sunderland,False,"FW,MF",24
ENG-Premier League,2627,2026-08-22 Ipswich Town-Sunderland,19,Habib Diarra,Sunderland,False,MF,11
ENG-Premier League,2627,2026-08-22 Ipswich Town-Sunderland,20,Nordi Mukiele,Sunderland,False,,0
ENG-Premier League,2627,2026-08-22 Ipswich Town-Sunderland,37,Jocelin Ta Bi,Sunderland,False,,0
ENG-Premier League,2627,2026-08-22 Nottingham-Leeds United,26,Matz Sels,Nottingham Forest,True,GK,90
ENG-Premier League,2627,2026-08-22 Nottingham-Leeds United,3,Neco Williams,Nottingham Forest,True,DM,90
ENG-Premier League,2627,2026-08-22 Nottingham-Leeds United,5,Murillo,Nottingham Forest,True,CB,89
ENG-Premier League,2627,2026-08-22 Nottingham-Leeds United,6,Ibrahim Sangaré,Nottingham Forest,True,DM,90
ENG-Premier League,2627,2026-08-22 Nottingham-Leeds United,10,Morgan Gibbs-White,Nottingham Forest,True,AM,90
ENG-Premier League,2627,2026-08-22 Nottingham-Leeds United,11,Igor Jesus,Nottingham Forest,True,FW,90
ENG-Premier League,2627,2026-08-22 Nottingham-Leeds United,14,Dan Ndoye,Nottingham Forest,True,AM,61
ENG-Premier League,2627,2026-08-22 Nottingham-Leeds United,23,Jair Cunha,Nottingham Forest,True,CB,90
ENG-Premier League,2627,2026-08-22 Nottingham-Leeds United,24,James Mcatee,Nottingham Forest,True,DM,73
ENG-Premier League,2627,2026-08-22 Nottingham-Leeds United,31,Nikola Milenković,Nottingham Forest,True,CB,90
ENG-Premier League,2627,2026-08-22 Nottingham-Leeds United,34,Ola Aina,Nottingham Forest,True,DM,73
ENG-Premier League,2627,2026-08-22 Nottingham-Leeds United,12,John,Nottingham Forest,False,,0
ENG-Premier League,2627,2026-08-22 Nottingham-Leeds United,2,Ousmane Diomande,Nottingham Forest,False,,0
ENG-Premier League,2627,2026-08-22 Nottingham-Leeds United,7,Callum Hudson-Odoi,Nottingham Forest,False,,0
ENG-Premier League,2627,2026-08-22 Nottingham-Leeds United,8,Nicolás Domínguez,Nottingham Forest,False,,0
ENG-Premier League,2627,2026-08-22 Nottingham-Leeds United,9,Chris Wood,Nottingham Forest,False,FW,29
ENG-Premier League,2627,2026-08-22 Nottingham-Leeds United,15,Arnaud Kalimuendo,Nottingham Forest,False,FW,1
ENG-Premier League,2627,2026-08-22 Nottingham-Leeds United,21,Xaver Schlager,Nottingham Forest,False,MF,17
ENG-Premier League,2627,2026-08-22 Nottingham-Leeds United,25,Luca Netz,Nottingham Forest,False,"DF,MF",17
ENG-Premier League,2627,2026-08-22 Nottingham-Leeds United,44,Zach Abbott,Nottingham Forest,False,,0
ENG-Premier League,2627,2026-08-22 Nottingham-Leeds United,1,James Trafford,Leeds United,True,GK,90
ENG-Premier League,2627,2026-08-22 Nottingham-Leeds United,2,Jayden Bogle,Leeds United,True,DM,90
ENG-Premier League,2627,2026-08-22 Nottingham-Leeds United,4,Ethan Ampadu,Leeds United,True,DM,90
ENG-Premier League,2627,2026-08-22 Nottingham-Leeds United,5,Tarik Muharemovic,Leeds United,True,CB,90
ENG-Premier League,2627,2026-08-22 Nottingham-Leeds United,6,Joe Rodon,Leeds United,True,CB,90
ENG-Premier League,2627,2026-08-22 Nottingham-Leeds United,9,Dominic Calvert-Lewin,Leeds United,True,FW,90
ENG-Premier League,2627,2026-08-22 Nottingham-Leeds United,10,Harry Wilson,Leeds United,True,AM,65
ENG-Premier League,2627,2026-08-22 Nottingham-Leeds United,11,Brenden Aaronson,Leeds United,True,AM,81
ENG-Premier League,2627,2026-08-22 Nottingham-Leeds United,15,Jaka Bijol,Leeds United,True,CB,90
ENG-Premier League,2627,2026-08-22 Nottingham-Leeds United,18,Anton Stach,Leeds United,True,DM,90
ENG-Premier League,2627,2026-08-22 Nottingham-Leeds United,24,James Justin,Leeds United,True,DM,90
ENG-Premier League,2627,2026-08-22 Nottingham-Leeds United,23,Lucas Perri,Leeds United,False,,0
ENG-Premier League,2627,2026-08-22 Nottingham-Leeds United,7,Daniel James,Leeds United,False,,0
ENG-Premier League,2627,2026-08-22 Nottingham-Leeds United,8,Sean Longstaff,Leeds United,False,MF,9
ENG-Premier League,2627,2026-08-22 Nottingham-Leeds United,14,Lukas Nmecha,Leeds United,False,,0
ENG-Premier League,2627,2026-08-22 Nottingham-Leeds United,19,Noah Okafor,Leeds United,False,"FW,MF",25
ENG-Premier League,2627,2026-08-22 Nottingham-Leeds United,22,Ao Tanaka,Leeds United,False,,0
ENG-Premier League,2627,2026-08-22 Nottingham-Leeds United,30,Nico Elvedi,Leeds United,False,,0
ENG-Premier League,2627,2026-08-22 Nottingham-Leeds United,50,Alfie Cresswell,Leeds United,False,,0
ENG-Premier League,2627,2026-08-22 Nottingham-Leeds United,65,Jayden Lienou,Leeds United,False,,0
ENG-Premier League,2627,2026-08-23 Brighton-Aston Villa,1,Bart Verbruggen,Brighton & Hove Albion,True,GK,90
ENG-Premier League,2627,2026-08-23 Brighton-Aston Villa,5,Lewis Dunk,Brighton & Hove Albion,True,CB,90
ENG-Premier League,2627,2026-08-23 Brighton-Aston Villa,8,Jack Hinshelwood,Brighton & Hove Albion,True,AM,63
ENG-Premier League,2627,2026-08-23 Brighton-Aston Villa,10,Georginio Rutter,Brighton & Hove Albion,True,FW,90
ENG-Premier League,2627,2026-08-23 Brighton-Aston Villa,13,Pascal Groß,Brighton & Hove Albion,True,DM,90
ENG-Premier League,2627,2026-08-23 Brighton-Aston Villa,21,Olivier Boscagli,Brighton & Hove Albion,True,LB,90
ENG-Premier League,2627,2026-08-23 Brighton-Aston Villa,25,Diego Gómez,Brighton & Hove Albion,True,AM,85
ENG-Premier League,2627,2026-08-23 Brighton-Aston Villa,26,Yasin Ayari,Brighton & Hove Albion,True,DM,63
ENG-Premier League,2627,2026-08-23 Brighton-Aston Villa,27,Mats Wieffer,Brighton & Hove Albion,True,RB,77
ENG-Premier League,2627,2026-08-23 Brighton-Aston Villa,29,Maxim De Cuyper,Brighton & Hove Albion,True,AM,77
ENG-Premier League,2627,2026-08-23 Brighton-Aston Villa,44,Luka Vušković,Brighton & Hove Albion,True,CB,90
ENG-Premier League,2627,2026-08-23 Brighton-Aston Villa,23,Jason Steele,Brighton & Hove Albion,False,,0
ENG-Premier League,2627,2026-08-23 Brighton-Aston Villa,4,Pascal Struijk,Brighton & Hove Albion,False,,0
ENG-Premier League,2627,2026-08-23 Brighton-Aston Villa,12,Promise David,Brighton & Hove Albion,False,,0
ENG-Premier League,2627,2026-08-23 Brighton-Aston Villa,15,Ibrahim Osman,Brighton & Hove Albion,False,"FW,MF",13
ENG-Premier League,2627,2026-08-23 Brighton-Aston Villa,19,Charalampos Kostoulas,Brighton & Hove Albion,False,FW,27
ENG-Premier League,2627,2026-08-23 Brighton-Aston Villa,20,Costinha,Brighton & Hove Albion,False,"DF,MF",27
ENG-Premier League,2627,2026-08-23 Brighton-Aston Villa,30,Michael Svoboda,Brighton & Hove Albion,False,,0
ENG-Premier League,2627,2026-08-23 Brighton-Aston Villa,35,Malick Yalcouye,Brighton & Hove Albion,False,MF,5
ENG-Premier League,2627,2026-08-23 Brighton-Aston Villa,36,Zadok Yohanna,Brighton & Hove Albion,False,FW,13
ENG-Premier League,2627,2026-08-23 Brighton-Aston Villa,40,Marco Bizot,Aston Villa,True,GK,90
ENG-Premier League,2627,2026-08-23 Brighton-Aston Villa,2,Matty Cash,Aston Villa,True,RB,90
ENG-Premier League,2627,2026-08-23 Brighton-Aston Villa,3,Victor Lindelöf,Aston Villa,True,CB,90
ENG-Premier League,2627,2026-08-23 Brighton-Aston Villa,6,Ross Barkley,Aston Villa,True,AM,73
ENG-Premier League,2627,2026-08-23 Brighton-Aston Villa,7,John McGinn,Aston Villa,True,AM,81
ENG-Premier League,2627,2026-08-23 Brighton-Aston Villa,8,Boubacar Kamara,Aston Villa,True,DM,90
ENG-Premier League,2627,2026-08-23 Brighton-Aston Villa,10,Emi Buendía,Aston Villa,True,FW,85
ENG-Premier League,2627,2026-08-23 Brighton-Aston Villa,14,Pau Torres,Aston Villa,True,CB,73
ENG-Premier League,2627,2026-08-23 Brighton-Aston Villa,22,Ian Maatsen,Aston Villa,True,LB,81
ENG-Premier League,2627,2026-08-23 Brighton-Aston Villa,35,João Gomes,Aston Villa,True,DM,39
ENG-Premier League,2627,2026-08-23 Brighton-Aston Villa,53,George Hemmings,Aston Villa,True,AM,90
ENG-Premier League,2627,2026-08-23 Brighton-Aston Villa,1,Zion Suzuki,Aston Villa,False,,0
ENG-Premier League,2627,2026-08-23 Brighton-Aston Villa,5,Tyrone Mings,Aston Villa,False,DF,17
ENG-Premier League,2627,2026-08-23 Brighton-Aston Villa,13,Matteo Ruggeri,Aston Villa,False,"DF,MF",9
ENG-Premier League,2627,2026-08-23 Brighton-Aston Villa,17,Alejandro Garnacho,Aston Villa,False,MF,5
ENG-Premier League,2627,2026-08-23 Brighton-Aston Villa,26,Lamare Bogarde,Aston Villa,False,"DF,MF",17
ENG-Premier League,2627,2026-08-23 Brighton-Aston Villa,45,Triston Rowe,Aston Villa,False,,0
ENG-Premier League,2627,2026-08-23 Brighton-Aston Villa,47,Alysson,Aston Villa,False,MF,9
ENG-Premier League,2627,2026-08-23 Brighton-Aston Villa,49,Bradley Burrowes,Aston Villa,False,,0
ENG-Premier League,2627,2026-08-23 Brighton-Aston Villa,74,Luka Lynch,Aston Villa,False,,0
ENG-Premier League,2627,2026-08-23 Manchester City-Bournemouth,1,Gianluigi Donnarumma,Manchester City,True,GK,90
ENG-Premier League,2627,2026-08-23 Manchester City-Bournemouth,3,Rúben Dias,Manchester City,True,CB,90
ENG-Premier League,2627,2026-08-23 Manchester City-Bournemouth,5,Elliot Anderson,Manchester City,True,DM,62
ENG-Premier League,2627,2026-08-23 Manchester City-Bournemouth,6,Marc Guéhi,Manchester City,True,DM,90
ENG-Premier League,2627,2026-08-23 Manchester City-Bournemouth,9,Erling Haaland,Manchester City,True,FW,90
ENG-Premier League,2627,2026-08-23 Manchester City-Bournemouth,24,Joško Gvardiol,Manchester City,True,LB,90
ENG-Premier League,2627,2026-08-23 Manchester City-Bournemouth,33,Nico O'Reilly,Manchester City,True,AM,62
ENG-Premier League,2627,2026-08-23 Manchester City-Bournemouth,42,Antoine Semenyo,Manchester City,True,AM,90
ENG-Premier League,2627,2026-08-23 Manchester City-Bournemouth,45,Abdukodir Khusanov,Manchester City,True,CB,90
ENG-Premier League,2627,2026-08-23 Manchester City-Bournemouth,47,Phil Foden,Manchester City,True,AM,81
ENG-Premier League,2627,2026-08-23 Manchester City-Bournemouth,82,Rico Lewis,Manchester City,True,RB,56
ENG-Premier League,2627,2026-08-23 Manchester City-Bournemouth,28,Gerónimo Rulli,Manchester City,False,,0
ENG-Premier League,2627,2026-08-23 Manchester City-Bournemouth,7,Omar Marmoush,Manchester City,False,,0
ENG-Premier League,2627,2026-08-23 Manchester City-Bournemouth,8,Mateo Kovačić,Manchester City,False,MF,28
ENG-Premier League,2627,2026-08-23 Manchester City-Bournemouth,10,Rayan Cherki,Manchester City,False,"FW,MF",28
ENG-Premier League,2627,2026-08-23 Manchester City-Bournemouth,14,Nicolás González,Manchester City,False,,0
ENG-Premier League,2627,2026-08-23 Manchester City-Bournemouth,18,Jack Grealish,Manchester City,False,"FW,MF",9
ENG-Premier League,2627,2026-08-23 Manchester City-Bournemouth,21,Rayan Aït-Nouri,Manchester City,False,,0
ENG-Premier League,2627,2026-08-23 Manchester City-Bournemouth,22,Vitor Reis,Manchester City,False,,0
ENG-Premier League,2627,2026-08-23 Manchester City-Bournemouth,27,Matheus Nunes,Manchester City,False,"DF,MF",34
ENG-Premier League,2627,2026-08-23 Manchester City-Bournemouth,1,Đorđe Petrović,Bournemouth,True,GK,90
ENG-Premier League,2627,2026-08-23 Manchester City-Bournemouth,3,Adrien Truffert,Bournemouth,True,LB,90
ENG-Premier League,2627,2026-08-23 Manchester City-Bournemouth,4,Lewis Cook,Bournemouth,True,DM,74
ENG-Premier League,2627,2026-08-23 Manchester City-Bournemouth,5,James Hill,Bournemouth,True,CB,90
ENG-Premier League,2627,2026-08-23 Manchester City-Bournemouth,8,Alex Scott,Bournemouth,True,DM,90
ENG-Premier League,2627,2026-08-23 Manchester City-Bournemouth,9,Evanilson,Bournemouth,True,FW,74
ENG-Premier League,2627,2026-08-23 Manchester City-Bournemouth,14,António Silva,Bournemouth,True,CB,90
ENG-Premier League,2627,2026-08-23 Manchester City-Bournemouth,15,Adam Smith,Bournemouth,True,RB,90
ENG-Premier League,2627,2026-08-23 Manchester City-Bournemouth,16,Marcus Tavernier,Bournemouth,True,AM,90
ENG-Premier League,2627,2026-08-23 Manchester City-Bournemouth,19,Justin Kluivert,Bournemouth,True,AM,74
ENG-Premier League,2627,2026-08-23 Manchester City-Bournemouth,37,Rayan,Bournemouth,True,AM,88
ENG-Premier League,2627,2026-08-23 Manchester City-Bournemouth,40,Will Dennis,Bournemouth,False,,0
ENG-Premier League,2627,2026-08-23 Manchester City-Bournemouth,7,David Brooks,Bournemouth,False,,0
ENG-Premier League,2627,2026-08-23 Manchester City-Bournemouth,11,Ben Gannon-Doak,Bournemouth,False,MF,2
ENG-Premier League,2627,2026-08-23 Manchester City-Bournemouth,12,Tyler Adams,Bournemouth,False,MF,16
ENG-Premier League,2627,2026-08-23 Manchester City-Bournemouth,18,Bafodé Diakité,Bournemouth,False,,0
ENG-Premier League,2627,2026-08-23 Manchester City-Bournemouth,24,Juanlu Sánchez,Bournemouth,False,,0
ENG-Premier League,2627,2026-08-23 Manchester City-Bournemouth,27,Alex Tóth,Bournemouth,False,MF,16
ENG-Premier League,2627,2026-08-23 Manchester City-Bournemouth,29,Daniel Jebbison,Bournemouth,False,FW,16
ENG-Premier League,2627,2026-08-23 Manchester City-Bournemouth,30,Álvaro Rodríguez,Bournemouth,False,,0
ENG-Premier League,2627,2026-08-23 Newcastle-Liverpool,21,Lukáš Horníček,Newcastle United,True,GK,90
ENG-Premier League,2627,2026-08-23 Newcastle-Liverpool,3,Lewis Hall,Newcastle United,True,LB,90
ENG-Premier League,2627,2026-08-23 Newcastle-Liverpool,4,Sven Botman,Newcastle United,True,CB,90
ENG-Premier League,2627,2026-08-23 Newcastle-Liverpool,9,Yoane Wissa,Newcastle United,True,AM,89
ENG-Premier League,2627,2026-08-23 Newcastle-Liverpool,10,William Osula,Newcastle United,True,FW,55
ENG-Premier League,2627,2026-08-23 Newcastle-Liverpool,11,Harvey Barnes,Newcastle United,True,AM,90
ENG-Premier League,2627,2026-08-23 Newcastle-Liverpool,12,Malick Thiaw,Newcastle United,True,CB,90
ENG-Premier League,2627,2026-08-23 Newcastle-Liverpool,14,Sean Steur,Newcastle United,True,DM,55
ENG-Premier League,2627,2026-08-23 Newcastle-Liverpool,19,Anthony Elanga,Newcastle United,True,AM,75
ENG-Premier League,2627,2026-08-23 Newcastle-Liverpool,37,Amar Dedić,Newcastle United,True,RB,90
ENG-Premier League,2627,2026-08-23 Newcastle-Liverpool,67,Lewis Miley,Newcastle United,True,DM,75
ENG-Premier League,2627,2026-08-23 Newcastle-Liverpool,24,Ewen Jaouen,Newcastle United,False,,0
ENG-Premier League,2627,2026-08-23 Newcastle-Liverpool,5,Fabian Schär,Newcastle United,False,DF,1
ENG-Premier League,2627,2026-08-23 Newcastle-Liverpool,8,Aladji Bamba,Newcastle United,False,MF,15
ENG-Premier League,2627,2026-08-23 Newcastle-Liverpool,17,Bazoumana Touré,Newcastle United,False,,0
ENG-Premier League,2627,2026-08-23 Newcastle-Liverpool,23,Jacob Murphy,Newcastle United,False,"DF,FW",15
ENG-Premier League,2627,2026-08-23 Newcastle-Liverpool,27,Nick Woltemade,Newcastle United,False,,0
ENG-Premier League,2627,2026-08-23 Newcastle-Liverpool,28,Joe Willock,Newcastle United,False,MF,35
ENG-Premier League,2627,2026-08-23 Newcastle-Liverpool,41,Jacob Ramsey,Newcastle United,False,MF,35
ENG-Premier League,2627,2026-08-23 Newcastle-Liverpool,51,Leo Shahar,Newcastle United,False,,0
ENG-Premier League,2627,2026-08-23 Newcastle-Liverpool,1,Alisson,Liverpool,True,GK,90
ENG-Premier League,2627,2026-08-23 Newcastle-Liverpool,4,Virgil van Dijk,Liverpool,True,CB,90
ENG-Premier League,2627,2026-08-23 Newcastle-Liverpool,5,Jérémy Jacquet,Liverpool,True,CB,69
ENG-Premier League,2627,2026-08-23 Newcastle-Liverpool,6,Milos Kerkez,Liverpool,True,LB,90
ENG-Premier League,2627,2026-08-23 Newcastle-Liverpool,7,Florian Wirtz,Liverpool,True,AM,62
ENG-Premier League,2627,2026-08-23 Newcastle-Liverpool,8,Dominik Szoboszlai,Liverpool,True,DM,90
ENG-Premier League,2627,2026-08-23 Newcastle-Liverpool,9,Alexander Isak,Liverpool,True,FW,90
ENG-Premier League,2627,2026-08-23 Newcastle-Liverpool,18,Cody Gakpo,Liverpool,True,AM,90
ENG-Premier League,2627,2026-08-23 Newcastle-Liverpool,30,Jeremie Frimpong,Liverpool,True,RB,90
ENG-Premier League,2627,2026-08-23 Newcastle-Liverpool,38,Ryan Gravenberch,Liverpool,True,DM,77
ENG-Premier League,2627,2026-08-23 Newcastle-Liverpool,73,Rio Ngumoha,Liverpool,True,AM,62
ENG-Premier League,2627,2026-08-23 Newcastle-Liverpool,25,Giorgi Mamardashvili,Liverpool,False,,0
ENG-Premier League,2627,2026-08-23 Newcastle-Liverpool,3,Wataru Endo,Liverpool,False,,0
ENG-Premier League,2627,2026-08-23 Newcastle-Liverpool,10,Alexis Mac Allister,Liverpool,False,MF,28
ENG-Premier League,2627,2026-08-23 Newcastle-Liverpool,21,Kostas Tsimikas,Liverpool,False,,0
ENG-Premier League,2627,2026-08-23 Newcastle-Liverpool,23,Víctor Muñoz,Liverpool,False,MF,28
ENG-Premier League,2627,2026-08-23 Newcastle-Liverpool,33,Ronald Araújo,Liverpool,False,DF,21
ENG-Premier League,2627,2026-08-23 Newcastle-Liverpool,42,Trey Nyoni,Liverpool,False,,0
ENG-Premier League,2627,2026-08-23 Newcastle-Liverpool,53,James McConnell,Liverpool,False,,0
ENG-Premier League,2627,2026-08-23 Newcastle-Liverpool,67,Lewis Koumas,Liverpool,False,MF,13
ENG-Premier League,2627,2026-08-24 Fulham-Chelsea,1,Bernd Leno,Fulham,True,GK,90
ENG-Premier League,2627,2026-08-24 Fulham-Chelsea,3,Calvin Bassey,Fulham,True,CB,90
ENG-Premier League,2627,2026-08-24 Fulham-Chelsea,4,Jorge Cuenca,Fulham,True,CB,90
ENG-Premier League,2627,2026-08-24 Fulham-Chelsea,7,Gonzalo García,Fulham,True,FW,90
ENG-Premier League,2627,2026-08-24 Fulham-Chelsea,8,César Palacios,Fulham,True,AM,72
ENG-Premier League,2627,2026-08-24 Fulham-Chelsea,14,Oscar Bobb,Fulham,True,AM,66
ENG-Premier League,2627,2026-08-24 Fulham-Chelsea,16,Sander Berge,Fulham,True,DM,72
ENG-Premier League,2627,2026-08-24 Fulham-Chelsea,17,Alex Iwobi,Fulham,True,DM,90
ENG-Premier League,2627,2026-08-24 Fulham-Chelsea,21,Timothy Castagne,Fulham,True,RB,90
ENG-Premier League,2627,2026-08-24 Fulham-Chelsea,24,Joshua King,Fulham,True,AM,90
ENG-Premier League,2627,2026-08-24 Fulham-Chelsea,33,Antonee Robinson,Fulham,True,LB,81
ENG-Premier League,2627,2026-08-24 Fulham-Chelsea,23,Benjamin Lecomte,Fulham,False,,0
ENG-Premier League,2627,2026-08-24 Fulham-Chelsea,2,Kenny Tete,Fulham,False,,0
ENG-Premier League,2627,2026-08-24 Fulham-Chelsea,6,Harrison Reed,Fulham,False,,0
ENG-Premier League,2627,2026-08-24 Fulham-Chelsea,9,Rodrigo Muniz,Fulham,False,FW,9
ENG-Premier League,2627,2026-08-24 Fulham-Chelsea,11,Kevin,Fulham,False,MF,18
ENG-Premier League,2627,2026-08-24 Fulham-Chelsea,19,Shea Charles,Fulham,False,"DF,MF",24
ENG-Premier League,2627,2026-08-24 Fulham-Chelsea,30,Ryan Sessegnon,Fulham,False,"DF,FW",18
ENG-Premier League,2627,2026-08-24 Fulham-Chelsea,32,Emile Smith Rowe,Fulham,False,,0
ENG-Premier League,2627,2026-08-24 Fulham-Chelsea,44,Luc De Fougerolles,Fulham,False,,0
ENG-Premier League,2627,2026-08-24 Fulham-Chelsea,1,Robert Sánchez,Chelsea,True,GK,90
ENG-Premier League,2627,2026-08-24 Fulham-Chelsea,5,Maxence Lacroix,Chelsea,True,CB,90
ENG-Premier League,2627,2026-08-24 Fulham-Chelsea,6,Levi Colwill,Chelsea,True,CB,90
ENG-Premier League,2627,2026-08-24 Fulham-Chelsea,9,João Pedro,Chelsea,True,FW,90
ENG-Premier League,2627,2026-08-24 Fulham-Chelsea,10,Cole Palmer,Chelsea,True,AM,82
ENG-Premier League,2627,2026-08-24 Fulham-Chelsea,17,Morgan Rogers,Chelsea,True,AM,81
ENG-Premier League,2627,2026-08-24 Fulham-Chelsea,21,Jorrel Hato,Chelsea,True,DM,64
ENG-Premier League,2627,2026-08-24 Fulham-Chelsea,24,Reece James,Chelsea,True,DM,90
ENG-Premier League,2627,2026-08-24 Fulham-Chelsea,27,Malo Gusto,Chelsea,True,DM,75
ENG-Premier League,2627,2026-08-24 Fulham-Chelsea,34,Joshua Acheampong,Chelsea,True,CB,90
ENG-Premier League,2627,2026-08-24 Fulham-Chelsea,45,Roméo Lavia,Chelsea,True,DM,64
ENG-Premier League,2627,2026-08-24 Fulham-Chelsea,39,Mike Penders,Chelsea,False,,0
ENG-Premier League,2627,2026-08-24 Fulham-Chelsea,4,Valentín Barco,Chelsea,False,,0
ENG-Premier League,2627,2026-08-24 Fulham-Chelsea,7,Pedro Neto,Chelsea,False,"FW,MF",15
ENG-Premier League,2627,2026-08-24 Fulham-Chelsea,8,Enzo Fernández,Chelsea,False,MF,26
ENG-Premier League,2627,2026-08-24 Fulham-Chelsea,11,Jamie Gittens,Chelsea,False,,0
ENG-Premier League,2627,2026-08-24 Fulham-Chelsea,18,Danny Welbeck,Chelsea,False,,0
ENG-Premier League,2627,2026-08-24 Fulham-Chelsea,23,Geovany Quenda,Chelsea,False,MF,9
ENG-Premier League,2627,2026-08-24 Fulham-Chelsea,29,Pep Chavarría,Chelsea,False,"DF,MF",26
ENG-Premier League,2627,2026-08-24 Fulham-Chelsea,41,Estêvão Willian,Chelsea,False,MF,8
ENG-Premier League,2627,2026-08-28 Crystal Palace-Manchester City,1,Dean Henderson,Crystal Palace,True,GK,90
ENG-Premier League,2627,2026-08-28 Crystal Palace-Manchester City,3,Tyrick Mitchell,Crystal Palace,True,DM,90
ENG-Premier League,2627,2026-08-28 Crystal Palace-Manchester City,6,Jaydee Canvot,Crystal Palace,True,CB,90
ENG-Premier League,2627,2026-08-28 Crystal Palace-Manchester City,9,Eddie Nketiah,Crystal Palace,True,AM,67
ENG-Premier League,2627,2026-08-28 Crystal Palace-Manchester City,10,Yéremy Pino,Crystal Palace,True,AM,67
ENG-Premier League,2627,2026-08-28 Crystal Palace-Manchester City,17,Takehiro Tomiyasu,Crystal Palace,True,CB,74
ENG-Premier League,2627,2026-08-28 Crystal Palace-Manchester City,18,Daichi Kamada,Crystal Palace,True,DM,90
ENG-Premier League,2627,2026-08-28 Crystal Palace-Manchester City,20,Adam Wharton,Crystal Palace,True,DM,90
ENG-Premier League,2627,2026-08-28 Crystal Palace-Manchester City,22,Jørgen Strand Larsen,Crystal Palace,True,FW,62
ENG-Premier League,2627,2026-08-28 Crystal Palace-Manchester City,25,Anan Khalaili,Crystal Palace,True,DM,74
ENG-Premier League,2627,2026-08-28 Crystal Palace-Manchester City,26,Chris Richards,Crystal Palace,True,CB,90
ENG-Premier League,2627,2026-08-28 Crystal Palace-Manchester City,44,Walter Benítez,Crystal Palace,False,,0
ENG-Premier League,2627,2026-08-28 Crystal Palace-Manchester City,2,Daniel Muñoz,Crystal Palace,False,,0
ENG-Premier League,2627,2026-08-28 Crystal Palace-Manchester City,5,Axel Disasi,Crystal Palace,False,DF,16
ENG-Premier League,2627,2026-08-28 Crystal Palace-Manchester City,8,Jefferson Lerma,Crystal Palace,False,,0
ENG-Premier League,2627,2026-08-28 Crystal Palace-Manchester City,11,Dwight McNeil,Crystal Palace,False,MF,23
ENG-Premier League,2627,2026-08-28 Crystal Palace-Manchester City,12,Zavier Gozo,Crystal Palace,False,MF,23
ENG-Premier League,2627,2026-08-28 Crystal Palace-Manchester City,19,Will Hughes,Crystal Palace,False,,0
ENG-Premier League,2627,2026-08-28 Crystal Palace-Manchester City,29,Evann Guessand,Crystal Palace,False,"FW,MF",28
ENG-Premier League,2627,2026-08-28 Crystal Palace-Manchester City,30,Óscar Mingueza,Crystal Palace,False,"DF,MF",16
ENG-Premier League,2627,2026-08-28 Crystal Palace-Manchester City,1,Gianluigi Donnarumma,Manchester City,True,GK,90
ENG-Premier League,2627,2026-08-28 Crystal Palace-Manchester City,3,Rúben Dias,Manchester City,True,CB,90
ENG-Premier League,2627,2026-08-28 Crystal Palace-Manchester City,5,Elliot Anderson,Manchester City,True,DM,81
ENG-Premier League,2627,2026-08-28 Crystal Palace-Manchester City,6,Marc Guéhi,Manchester City,True,CB,90
ENG-Premier League,2627,2026-08-28 Crystal Palace-Manchester City,9,Erling Haaland,Manchester City,True,FW,90
ENG-Premier League,2627,2026-08-28 Crystal Palace-Manchester City,10,Rayan Cherki,Manchester City,True,AM,81
ENG-Premier League,2627,2026-08-28 Crystal Palace-Manchester City,24,Joško Gvardiol,Manchester City,True,LB,74
ENG-Premier League,2627,2026-08-28 Crystal Palace-Manchester City,33,Nico O'Reilly,Manchester City,True,DM,88
ENG-Premier League,2627,2026-08-28 Crystal Palace-Manchester City,42,Antoine Semenyo,Manchester City,True,AM,90
ENG-Premier League,2627,2026-08-28 Crystal Palace-Manchester City,45,Abdukodir Khusanov,Manchester City,True,RB,88
ENG-Premier League,2627,2026-08-28 Crystal Palace-Manchester City,47,Phil Foden,Manchester City,True,AM,90
ENG-Premier League,2627,2026-08-28 Crystal Palace-Manchester City,28,Gerónimo Rulli,Manchester City,False,,0
ENG-Premier League,2627,2026-08-28 Crystal Palace-Manchester City,8,Mateo Kovačić,Manchester City,False,MF,16
ENG-Premier League,2627,2026-08-28 Crystal Palace-Manchester City,21,Rayan Aït-Nouri,Manchester City,False,,0
ENG-Premier League,2627,2026-08-28 Crystal Palace-Manchester City,22,Vitor Reis,Manchester City,False,DF,2
ENG-Premier League,2627,2026-08-28 Crystal Palace-Manchester City,30,Claudio Echeverri,Manchester City,False,,0
ENG-Premier League,2627,2026-08-28 Crystal Palace-Manchester City,32,Ayyoub Bouaddi,Manchester City,False,MF,9
ENG-Premier League,2627,2026-08-28 Crystal Palace-Manchester City,56,Ryan Mcaidoo,Manchester City,False,FW,9
ENG-Premier League,2627,2026-08-28 Crystal Palace-Manchester City,61,Kaden Braithwaite,Manchester City,False,DF,2
ENG-Premier League,2627,2026-08-28 Crystal Palace-Manchester City,82,Rico Lewis,Manchester City,False,,0
ENG-Premier League,2627,2026-08-29 Bournemouth-Everton,1,Đorđe Petrović,Bournemouth,True,GK,90
ENG-Premier League,2627,2026-08-29 Bournemouth-Everton,3,Adrien Truffert,Bournemouth,True,LB,90
ENG-Premier League,2627,2026-08-29 Bournemouth-Everton,4,Lewis Cook,Bournemouth,True,DM,68
ENG-Premier League,2627,2026-08-29 Bournemouth-Everton,5,James Hill,Bournemouth,True,CB,90
ENG-Premier League,2627,2026-08-29 Bournemouth-Everton,8,Alex Scott,Bournemouth,True,DM,86
ENG-Premier League,2627,2026-08-29 Bournemouth-Everton,9,Evanilson,Bournemouth,True,FW,80
ENG-Premier League,2627,2026-08-29 Bournemouth-Everton,14,António Silva,Bournemouth,True,CB,90
ENG-Premier League,2627,2026-08-29 Bournemouth-Everton,15,Adam Smith,Bournemouth,True,RB,90
ENG-Premier League,2627,2026-08-29 Bournemouth-Everton,16,Marcus Tavernier,Bournemouth,True,AM,90
ENG-Premier League,2627,2026-08-29 Bournemouth-Everton,19,Justin Kluivert,Bournemouth,True,AM,80
ENG-Premier League,2627,2026-08-29 Bournemouth-Everton,37,Rayan,Bournemouth,True,AM,90
ENG-Premier League,2627,2026-08-29 Bournemouth-Everton,20,Michele Di Gregorio,Bournemouth,False,,0
ENG-Premier League,2627,2026-08-29 Bournemouth-Everton,6,Julio Soler,Bournemouth,False,,0
ENG-Premier League,2627,2026-08-29 Bournemouth-Everton,7,David Brooks,Bournemouth,False,"FW,MF",10
ENG-Premier League,2627,2026-08-29 Bournemouth-Everton,10,Ryan Christie,Bournemouth,False,"FW,MF",4
ENG-Premier League,2627,2026-08-29 Bournemouth-Everton,11,Ben Gannon-Doak,Bournemouth,False,,0
ENG-Premier League,2627,2026-08-29 Bournemouth-Everton,12,Tyler Adams,Bournemouth,False,MF,22
ENG-Premier League,2627,2026-08-29 Bournemouth-Everton,18,Bafodé Diakité,Bournemouth,False,,0
ENG-Premier League,2627,2026-08-29 Bournemouth-Everton,29,Daniel Jebbison,Bournemouth,False,,0
ENG-Premier League,2627,2026-08-29 Bournemouth-Everton,30,Álvaro Rodríguez,Bournemouth,False,FW,10
ENG-Premier League,2627,2026-08-29 Bournemouth-Everton,1,Jordan Pickford,Everton,True,GK,90
ENG-Premier League,2627,2026-08-29 Bournemouth-Everton,4,Jarrad Branthwaite,Everton,True,CB,90
ENG-Premier League,2627,2026-08-29 Bournemouth-Everton,6,James Tarkowski,Everton,True,CB,90
ENG-Premier League,2627,2026-08-29 Bournemouth-Everton,8,Kiernan Dewsbury-Hall,Everton,True,AM,90
ENG-Premier League,2627,2026-08-29 Bournemouth-Everton,10,Iliman Ndiaye,Everton,True,AM,90
ENG-Premier League,2627,2026-08-29 Bournemouth-Everton,11,Thierno Barry,Everton,True,FW,69
ENG-Premier League,2627,2026-08-29 Bournemouth-Everton,16,Vitaliy Mykolenko,Everton,True,LB,90
ENG-Premier League,2627,2026-08-29 Bournemouth-Everton,19,Tyrique George,Everton,True,AM,61
ENG-Premier League,2627,2026-08-29 Bournemouth-Everton,34,Merlin Röhl,Everton,True,RB,85
ENG-Premier League,2627,2026-08-29 Bournemouth-Everton,37,James Garner,Everton,True,DM,61
ENG-Premier League,2627,2026-08-29 Bournemouth-Everton,45,Harrison Armstrong,Everton,True,DM,85
ENG-Premier League,2627,2026-08-29 Bournemouth-Everton,12,Mark Travers,Everton,False,,0
ENG-Premier League,2627,2026-08-29 Bournemouth-Everton,5,Michael Keane,Everton,False,,0
ENG-Premier League,2627,2026-08-29 Bournemouth-Everton,9,Beto,Everton,False,FW,21
ENG-Premier League,2627,2026-08-29 Bournemouth-Everton,15,Jake O'Brien,Everton,False,,0
ENG-Premier League,2627,2026-08-29 Bournemouth-Everton,20,Tyler Dibling,Everton,False,,0
ENG-Premier League,2627,2026-08-29 Bournemouth-Everton,22,Brennan Johnson,Everton,False,"FW,MF",29
ENG-Premier League,2627,2026-08-29 Bournemouth-Everton,24,Carlos Alcaraz,Everton,False,MF,5
ENG-Premier League,2627,2026-08-29 Bournemouth-Everton,30,Hayden Hackney,Everton,False,MF,29
ENG-Premier League,2627,2026-08-29 Bournemouth-Everton,42,Tim Iroegbunam,Everton,False,MF,5
ENG-Premier League,2627,2026-08-29 Coventry City-Hull City,19,Carl Rushworth,Coventry City,True,GK,90
ENG-Premier League,2627,2026-08-29 Coventry City-Hull City,3,Jay Dasilva,Coventry City,True,LB,90
ENG-Premier League,2627,2026-08-29 Coventry City-Hull City,4,Bobby Thomas,Coventry City,True,CB,77
ENG-Premier League,2627,2026-08-29 Coventry City-Hull City,5,Jack Rudoni,Coventry City,True,AM,70
ENG-Premier League,2627,2026-08-29 Coventry City-Hull City,6,Matt Grimes,Coventry City,True,DM,90
ENG-Premier League,2627,2026-08-29 Coventry City-Hull City,8,Caleb Yirenkyi,Coventry City,True,DM,70
ENG-Premier League,2627,2026-08-29 Coventry City-Hull City,10,Ephron Mason-Clark,Coventry City,True,AM,58
ENG-Premier League,2627,2026-08-29 Coventry City-Hull City,14,Taiwo Awoniyi,Coventry City,True,FW,90
ENG-Premier League,2627,2026-08-29 Coventry City-Hull City,18,Loum Tchaouna,Coventry City,True,AM,58
ENG-Premier League,2627,2026-08-29 Coventry City-Hull City,24,Aurèle Amenda,Coventry City,True,CB,90
ENG-Premier League,2627,2026-08-29 Coventry City-Hull City,27,Milan van Ewijk,Coventry City,True,RB,90
ENG-Premier League,2627,2026-08-29 Coventry City-Hull City,25,Daniel Bentley,Coventry City,False,,0
ENG-Premier League,2627,2026-08-29 Coventry City-Hull City,2,Ethan Pinnock,Coventry City,False,DF,13
ENG-Premier League,2627,2026-08-29 Coventry City-Hull City,7,Tatsuhiro Sakamoto,Coventry City,False,"FW,MF",32
ENG-Premier League,2627,2026-08-29 Coventry City-Hull City,9,Ellis Simms,Coventry City,False,,0
ENG-Premier League,2627,2026-08-29 Coventry City-Hull City,15,Liam Kitching,Coventry City,False,,0
ENG-Premier League,2627,2026-08-29 Coventry City-Hull City,22,Joël Latibeaudière,Coventry City,False,,0
ENG-Premier League,2627,2026-08-29 Coventry City-Hull City,23,Brandon Thomas-Asante,Coventry City,False,"FW,MF",32
ENG-Premier League,2627,2026-08-29 Coventry City-Hull City,29,Victor Torp,Coventry City,False,MF,20
ENG-Premier League,2627,2026-08-29 Coventry City-Hull City,38,Gustavo Hamer,Coventry City,False,MF,20
ENG-Premier League,2627,2026-08-29 Coventry City-Hull City,19,Kostas Tzolakis,Hull City,True,GK,90
ENG-Premier League,2627,2026-08-29 Coventry City-Hull City,2,Lewie Coyle,Hull City,True,RB,45
ENG-Premier League,2627,2026-08-29 Coventry City-Hull City,3,Ryan Giles,Hull City,True,LB,90
ENG-Premier League,2627,2026-08-29 Coventry City-Hull City,5,Hidemasa Morita,Hull City,True,CM,45
ENG-Premier League,2627,2026-08-29 Coventry City-Hull City,6,Semi Ajayi,Hull City,True,CB,90
ENG-Premier League,2627,2026-08-29 Coventry City-Hull City,9,Oliver McBurnie,Hull City,True,FW,90
ENG-Premier League,2627,2026-08-29 Coventry City-Hull City,10,Bachir Belloumi,Hull City,True,RM,82
ENG-Premier League,2627,2026-08-29 Coventry City-Hull City,15,John Egan,Hull City,True,CB,90
ENG-Premier League,2627,2026-08-29 Coventry City-Hull City,21,Elliot Stroud,Hull City,True,LM,58
ENG-Premier League,2627,2026-08-29 Coventry City-Hull City,27,Regan Slater,Hull City,True,CM,90
ENG-Premier League,2627,2026-08-29 Coventry City-Hull City,32,Nobel Mendy,Hull City,True,CB,58
ENG-Premier League,2627,2026-08-29 Coventry City-Hull City,12,Dillon Phillips,Hull City,False,,0
ENG-Premier League,2627,2026-08-29 Coventry City-Hull City,7,Liam Millar,Hull City,False,"FW,MF",32
ENG-Premier League,2627,2026-08-29 Coventry City-Hull City,14,Jens Hjertø-Dahl,Hull City,False,,0
ENG-Premier League,2627,2026-08-29 Coventry City-Hull City,17,Paddy McNair,Hull City,False,,0
ENG-Premier League,2627,2026-08-29 Coventry City-Hull City,18,Cody Drameh,Hull City,False,"DF,MF",45
ENG-Premier League,2627,2026-08-29 Coventry City-Hull City,22,Lucas Herrington,Hull City,False,DF,32
ENG-Premier League,2627,2026-08-29 Coventry City-Hull City,23,Matt Targett,Hull City,False,,0
ENG-Premier League,2627,2026-08-29 Coventry City-Hull City,29,Lucas Gourna-Douath,Hull City,False,MF,45
ENG-Premier League,2627,2026-08-29 Coventry City-Hull City,50,Mohamed Ali Cho,Hull City,False,"FW,MF",8
ENG-Premier League,2627,2026-08-29 Liverpool-Nottingham,1,Alisson,Liverpool,True,GK,90
ENG-Premier League,2627,2026-08-29 Liverpool-Nottingham,4,Virgil van Dijk,Liverpool,True,CB,90
ENG-Premier League,2627,2026-08-29 Liverpool-Nottingham,5,Jérémy Jacquet,Liverpool,True,CB,76
ENG-Premier League,2627,2026-08-29 Liverpool-Nottingham,6,Milos Kerkez,Liverpool,True,LB,70
ENG-Premier League,2627,2026-08-29 Liverpool-Nottingham,7,Florian Wirtz,Liverpool,True,AM,90
ENG-Premier League,2627,2026-08-29 Liverpool-Nottingham,8,Dominik Szoboszlai,Liverpool,True,DM,90
ENG-Premier League,2627,2026-08-29 Liverpool-Nottingham,9,Alexander Isak,Liverpool,True,FW,90
ENG-Premier League,2627,2026-08-29 Liverpool-Nottingham,10,Alexis Mac Allister,Liverpool,True,DM,76
ENG-Premier League,2627,2026-08-29 Liverpool-Nottingham,18,Cody Gakpo,Liverpool,True,AM,70
ENG-Premier League,2627,2026-08-29 Liverpool-Nottingham,23,Víctor Muñoz,Liverpool,True,AM,90
ENG-Premier League,2627,2026-08-29 Liverpool-Nottingham,30,Jeremie Frimpong,Liverpool,True,RB,70
ENG-Premier League,2627,2026-08-29 Liverpool-Nottingham,25,Giorgi Mamardashvili,Liverpool,False,,0
ENG-Premier League,2627,2026-08-29 Liverpool-Nottingham,3,Wataru Endo,Liverpool,False,,0
ENG-Premier League,2627,2026-08-29 Liverpool-Nottingham,21,Kostas Tsimikas,Liverpool,False,DF,20
ENG-Premier League,2627,2026-08-29 Liverpool-Nottingham,33,Ronald Araújo,Liverpool,False,DF,14
ENG-Premier League,2627,2026-08-29 Liverpool-Nottingham,38,Ryan Gravenberch,Liverpool,False,MF,20
ENG-Premier League,2627,2026-08-29 Liverpool-Nottingham,42,Trey Nyoni,Liverpool,False,MF,14
ENG-Premier League,2627,2026-08-29 Liverpool-Nottingham,53,James McConnell,Liverpool,False,,0
ENG-Premier League,2627,2026-08-29 Liverpool-Nottingham,67,Lewis Koumas,Liverpool,False,,0
ENG-Premier League,2627,2026-08-29 Liverpool-Nottingham,73,Rio Ngumoha,Liverpool,False,MF,20
ENG-Premier League,2627,2026-08-29 Liverpool-Nottingham,26,Matz Sels,Nottingham Forest,True,GK,90
ENG-Premier League,2627,2026-08-29 Liverpool-Nottingham,3,Neco Williams,Nottingham Forest,True,DM,90
ENG-Premier League,2627,2026-08-29 Liverpool-Nottingham,5,Murillo,Nottingham Forest,True,CB,90
ENG-Premier League,2627,2026-08-29 Liverpool-Nottingham,10,Morgan Gibbs-White,Nottingham Forest,True,AM,90
ENG-Premier League,2627,2026-08-29 Liverpool-Nottingham,11,Igor Jesus,Nottingham Forest,True,FW,89
ENG-Premier League,2627,2026-08-29 Liverpool-Nottingham,14,Dan Ndoye,Nottingham Forest,True,AM,65
ENG-Premier League,2627,2026-08-29 Liverpool-Nottingham,21,Xaver Schlager,Nottingham Forest,True,DM,90
ENG-Premier League,2627,2026-08-29 Liverpool-Nottingham,23,Jair Cunha,Nottingham Forest,True,CB,90
ENG-Premier League,2627,2026-08-29 Liverpool-Nottingham,24,James Mcatee,Nottingham Forest,True,DM,89
ENG-Premier League,2627,2026-08-29 Liverpool-Nottingham,31,Nikola Milenković,Nottingham Forest,True,CB,90
ENG-Premier League,2627,2026-08-29 Liverpool-Nottingham,34,Ola Aina,Nottingham Forest,True,DM,85
ENG-Premier League,2627,2026-08-29 Liverpool-Nottingham,12,John,Nottingham Forest,False,,0
ENG-Premier League,2627,2026-08-29 Liverpool-Nottingham,2,Ousmane Diomande,Nottingham Forest,False,,0
ENG-Premier League,2627,2026-08-29 Liverpool-Nottingham,7,Callum Hudson-Odoi,Nottingham Forest,False,"FW,MF",1
ENG-Premier League,2627,2026-08-29 Liverpool-Nottingham,8,Nicolás Domínguez,Nottingham Forest,False,MF,1
ENG-Premier League,2627,2026-08-29 Liverpool-Nottingham,9,Chris Wood,Nottingham Forest,False,,0
ENG-Premier League,2627,2026-08-29 Liverpool-Nottingham,19,Liam Delap,Nottingham Forest,False,FW,25
ENG-Premier League,2627,2026-08-29 Liverpool-Nottingham,22,Ryan Yates,Nottingham Forest,False,,0
ENG-Premier League,2627,2026-08-29 Liverpool-Nottingham,25,Luca Netz,Nottingham Forest,False,"DF,MF",5
ENG-Premier League,2627,2026-08-29 Liverpool-Nottingham,44,Zach Abbott,Nottingham Forest,False,,0
ENG-Premier League,2627,2026-08-29 Tottenham-Newcastle,31,Antonín Kinský,Tottenham Hotspur,True,GK,90
ENG-Premier League,2627,2026-08-29 Tottenham-Newcastle,3,Andy Robertson,Tottenham Hotspur,True,LB,67
ENG-Premier League,2627,2026-08-29 Tottenham-Newcastle,6,Jan Paul van Hecke,Tottenham Hotspur,True,CB,90
ENG-Premier League,2627,2026-08-29 Tottenham-Newcastle,11,Mathys Tel,Tottenham Hotspur,True,AM,67
ENG-Premier League,2627,2026-08-29 Tottenham-Newcastle,14,Archie Gray,Tottenham Hotspur,True,RB,67
ENG-Premier League,2627,2026-08-29 Tottenham-Newcastle,16,Sandro Tonali,Tottenham Hotspur,True,DM,74
ENG-Premier League,2627,2026-08-29 Tottenham-Newcastle,18,Mateus Fernandes,Tottenham Hotspur,True,AM,90
ENG-Premier League,2627,2026-08-29 Tottenham-Newcastle,22,Omar Marmoush,Tottenham Hotspur,True,FW,90
ENG-Premier League,2627,2026-08-29 Tottenham-Newcastle,23,Pedro Porro,Tottenham Hotspur,True,AM,90
ENG-Premier League,2627,2026-08-29 Tottenham-Newcastle,30,Rodrigo Bentancur,Tottenham Hotspur,True,DM,90
ENG-Premier League,2627,2026-08-29 Tottenham-Newcastle,37,Micky van de Ven,Tottenham Hotspur,True,CB,90
ENG-Premier League,2627,2026-08-29 Tottenham-Newcastle,39,Martin Dúbravka,Tottenham Hotspur,False,,0
ENG-Premier League,2627,2026-08-29 Tottenham-Newcastle,5,Marcos Senesi,Tottenham Hotspur,False,,0
ENG-Premier League,2627,2026-08-29 Tottenham-Newcastle,8,Conor Gallagher,Tottenham Hotspur,False,,0
ENG-Premier League,2627,2026-08-29 Tottenham-Newcastle,13,Destiny Udogie,Tottenham Hotspur,False,"DF,MF",23
ENG-Premier League,2627,2026-08-29 Tottenham-Newcastle,15,Lucas Bergvall,Tottenham Hotspur,False,,0
ENG-Premier League,2627,2026-08-29 Tottenham-Newcastle,19,Dominic Solanke,Tottenham Hotspur,False,FW,16
ENG-Premier League,2627,2026-08-29 Tottenham-Newcastle,20,Mohammed Kudus,Tottenham Hotspur,False,"FW,MF",23
ENG-Premier League,2627,2026-08-29 Tottenham-Newcastle,33,Ben Davies,Tottenham Hotspur,False,,0
ENG-Premier League,2627,2026-08-29 Tottenham-Newcastle,47,Mikey Moore,Tottenham Hotspur,False,MF,23
ENG-Premier League,2627,2026-08-29 Tottenham-Newcastle,21,Lukáš Horníček,Newcastle United,True,GK,90
ENG-Premier League,2627,2026-08-29 Tottenham-Newcastle,3,Lewis Hall,Newcastle United,True,LB,90
ENG-Premier League,2627,2026-08-29 Tottenham-Newcastle,4,Sven Botman,Newcastle United,True,CB,90
ENG-Premier League,2627,2026-08-29 Tottenham-Newcastle,6,Nicolás González,Newcastle United,True,DM,70
ENG-Premier League,2627,2026-08-29 Tottenham-Newcastle,9,Yoane Wissa,Newcastle United,True,FW,81
ENG-Premier League,2627,2026-08-29 Tottenham-Newcastle,11,Harvey Barnes,Newcastle United,True,AM,89
ENG-Premier League,2627,2026-08-29 Tottenham-Newcastle,12,Malick Thiaw,Newcastle United,True,CB,90
ENG-Premier League,2627,2026-08-29 Tottenham-Newcastle,19,Anthony Elanga,Newcastle United,True,AM,81
ENG-Premier League,2627,2026-08-29 Tottenham-Newcastle,28,Joe Willock,Newcastle United,True,AM,70
ENG-Premier League,2627,2026-08-29 Tottenham-Newcastle,37,Amar Dedić,Newcastle United,True,RB,90
ENG-Premier League,2627,2026-08-29 Tottenham-Newcastle,67,Lewis Miley,Newcastle United,True,DM,90
ENG-Premier League,2627,2026-08-29 Tottenham-Newcastle,24,Ewen Jaouen,Newcastle United,False,,0
ENG-Premier League,2627,2026-08-29 Tottenham-Newcastle,5,Fabian Schär,Newcastle United,False,,0
ENG-Premier League,2627,2026-08-29 Tottenham-Newcastle,8,Aladji Bamba,Newcastle United,False,,0
ENG-Premier League,2627,2026-08-29 Tottenham-Newcastle,14,Sean Steur,Newcastle United,False,MF,20
ENG-Premier League,2627,2026-08-29 Tottenham-Newcastle,17,Bazoumana Touré,Newcastle United,False,MF,1
ENG-Premier League,2627,2026-08-29 Tottenham-Newcastle,23,Jacob Murphy,Newcastle United,False,"DF,FW",9
ENG-Premier League,2627,2026-08-29 Tottenham-Newcastle,27,Nick Woltemade,Newcastle United,False,"FW,MF",20
ENG-Premier League,2627,2026-08-29 Tottenham-Newcastle,41,Jacob Ramsey,Newcastle United,False,MF,9
ENG-Premier League,2627,2026-08-29 Tottenham-Newcastle,51,Leo Shahar,Newcastle United,False,,0
ENG-Premier League,2627,2026-08-30 Chelsea-Brighton,26,Emiliano Martínez,Chelsea,True,GK,90
ENG-Premier League,2627,2026-08-30 Chelsea-Brighton,3,Wesley Fofana,Chelsea,True,CB,67
ENG-Premier League,2627,2026-08-30 Chelsea-Brighton,5,Maxence Lacroix,Chelsea,True,CB,90
ENG-Premier League,2627,2026-08-30 Chelsea-Brighton,6,Levi Colwill,Chelsea,True,CB,71
ENG-Premier League,2627,2026-08-30 Chelsea-Brighton,7,Pedro Neto,Chelsea,True,DM,67
ENG-Premier League,2627,2026-08-30 Chelsea-Brighton,9,João Pedro,Chelsea,True,FW,90
ENG-Premier League,2627,2026-08-30 Chelsea-Brighton,10,Cole Palmer,Chelsea,True,AM,90
ENG-Premier League,2627,2026-08-30 Chelsea-Brighton,17,Morgan Rogers,Chelsea,True,AM,90
ENG-Premier League,2627,2026-08-30 Chelsea-Brighton,21,Jorrel Hato,Chelsea,True,DM,90
ENG-Premier League,2627,2026-08-30 Chelsea-Brighton,27,Malo Gusto,Chelsea,True,DM,90
ENG-Premier League,2627,2026-08-30 Chelsea-Brighton,45,Roméo Lavia,Chelsea,True,DM,67
ENG-Premier League,2627,2026-08-30 Chelsea-Brighton,39,Mike Penders,Chelsea,False,,0
ENG-Premier League,2627,2026-08-30 Chelsea-Brighton,4,Valentín Barco,Chelsea,False,"DF,MF",9
ENG-Premier League,2627,2026-08-30 Chelsea-Brighton,11,Jamie Gittens,Chelsea,False,,0
ENG-Premier League,2627,2026-08-30 Chelsea-Brighton,18,Danny Welbeck,Chelsea,False,,0
ENG-Premier League,2627,2026-08-30 Chelsea-Brighton,24,Reece James,Chelsea,False,"DF,MF",23
ENG-Premier League,2627,2026-08-30 Chelsea-Brighton,25,Moisés Caicedo,Chelsea,False,MF,14
ENG-Premier League,2627,2026-08-30 Chelsea-Brighton,29,Pep Chavarría,Chelsea,False,"DF,MF",19
ENG-Premier League,2627,2026-08-30 Chelsea-Brighton,34,Joshua Acheampong,Chelsea,False,DF,23
ENG-Premier League,2627,2026-08-30 Chelsea-Brighton,41,Estêvão Willian,Chelsea,False,,0
ENG-Premier League,2627,2026-08-30 Chelsea-Brighton,1,Bart Verbruggen,Brighton & Hove Albion,True,GK,90
ENG-Premier League,2627,2026-08-30 Chelsea-Brighton,5,Lewis Dunk,Brighton & Hove Albion,True,CB,90
ENG-Premier League,2627,2026-08-30 Chelsea-Brighton,13,Pascal Groß,Brighton & Hove Albion,True,DM,90
ENG-Premier League,2627,2026-08-30 Chelsea-Brighton,19,Charalampos Kostoulas,Brighton & Hove Albion,True,FW,79
ENG-Premier League,2627,2026-08-30 Chelsea-Brighton,21,Olivier Boscagli,Brighton & Hove Albion,True,DM,90
ENG-Premier League,2627,2026-08-30 Chelsea-Brighton,24,Ferdi Kadioglu,Brighton & Hove Albion,True,LB,90
ENG-Premier League,2627,2026-08-30 Chelsea-Brighton,25,Diego Gómez,Brighton & Hove Albion,True,AM,90
ENG-Premier League,2627,2026-08-30 Chelsea-Brighton,27,Mats Wieffer,Brighton & Hove Albion,True,RB,79
ENG-Premier League,2627,2026-08-30 Chelsea-Brighton,29,Maxim De Cuyper,Brighton & Hove Albion,True,AM,90
ENG-Premier League,2627,2026-08-30 Chelsea-Brighton,35,Malick Yalcouye,Brighton & Hove Albion,True,AM,73
ENG-Premier League,2627,2026-08-30 Chelsea-Brighton,44,Luka Vušković,Brighton & Hove Albion,True,CB,90
ENG-Premier League,2627,2026-08-30 Chelsea-Brighton,23,Jason Steele,Brighton & Hove Albion,False,,0
ENG-Premier League,2627,2026-08-30 Chelsea-Brighton,4,Pascal Struijk,Brighton & Hove Albion,False,,0
ENG-Premier League,2627,2026-08-30 Chelsea-Brighton,6,Jaouen Hadjam,Brighton & Hove Albion,False,,0
ENG-Premier League,2627,2026-08-30 Chelsea-Brighton,12,Promise David,Brighton & Hove Albion,False,FW,11
ENG-Premier League,2627,2026-08-30 Chelsea-Brighton,15,Ibrahim Osman,Brighton & Hove Albion,False,"FW,MF",17
ENG-Premier League,2627,2026-08-30 Chelsea-Brighton,20,Costinha,Brighton & Hove Albion,False,"DF,MF",11
ENG-Premier League,2627,2026-08-30 Chelsea-Brighton,22,Amario Cozier-Duberry,Brighton & Hove Albion,False,,0
ENG-Premier League,2627,2026-08-30 Chelsea-Brighton,33,Matt O'Riley,Brighton & Hove Albion,False,,0
ENG-Premier League,2627,2026-08-30 Chelsea-Brighton,49,Nehemiah Oriola,Brighton & Hove Albion,False,,0
ENG-Premier League,2627,2026-08-30 Leeds United-Brentford,1,James Trafford,Leeds United,True,GK,90
ENG-Premier League,2627,2026-08-30 Leeds United-Brentford,2,Jayden Bogle,Leeds United,True,DM,67
ENG-Premier League,2627,2026-08-30 Leeds United-Brentford,4,Ethan Ampadu,Leeds United,True,DM,90
ENG-Premier League,2627,2026-08-30 Leeds United-Brentford,5,Tarik Muharemovic,Leeds United,True,CB,90
ENG-Premier League,2627,2026-08-30 Leeds United-Brentford,6,Joe Rodon,Leeds United,True,CB,33
ENG-Premier League,2627,2026-08-30 Leeds United-Brentford,9,Dominic Calvert-Lewin,Leeds United,True,FW,90
ENG-Premier League,2627,2026-08-30 Leeds United-Brentford,11,Brenden Aaronson,Leeds United,True,AM,45
ENG-Premier League,2627,2026-08-30 Leeds United-Brentford,15,Jaka Bijol,Leeds United,True,CB,45
ENG-Premier League,2627,2026-08-30 Leeds United-Brentford,18,Anton Stach,Leeds United,True,DM,90
ENG-Premier League,2627,2026-08-30 Leeds United-Brentford,19,Noah Okafor,Leeds United,True,AM,68
ENG-Premier League,2627,2026-08-30 Leeds United-Brentford,24,James Justin,Leeds United,True,DM,90
ENG-Premier League,2627,2026-08-30 Leeds United-Brentford,21,Alex Cairns,Leeds United,False,,0
ENG-Premier League,2627,2026-08-30 Leeds United-Brentford,3,Gabriel Gudmundsson,Leeds United,False,,0
ENG-Premier League,2627,2026-08-30 Leeds United-Brentford,7,Daniel James,Leeds United,False,"FW,MF",23
ENG-Premier League,2627,2026-08-30 Leeds United-Brentford,8,Sean Longstaff,Leeds United,False,,0
ENG-Premier League,2627,2026-08-30 Leeds United-Brentford,10,Harry Wilson,Leeds United,False,"FW,MF",45
ENG-Premier League,2627,2026-08-30 Leeds United-Brentford,14,Lukas Nmecha,Leeds United,False,FW,22
ENG-Premier League,2627,2026-08-30 Leeds United-Brentford,22,Ao Tanaka,Leeds United,False,MF,45
ENG-Premier League,2627,2026-08-30 Leeds United-Brentford,29,Wilfried Gnonto,Leeds United,False,,0
ENG-Premier League,2627,2026-08-30 Leeds United-Brentford,30,Nico Elvedi,Leeds United,False,DF,57
ENG-Premier League,2627,2026-08-30 Leeds United-Brentford,1,Caoimhín Kelleher,Brentford,True,GK,90
ENG-Premier League,2627,2026-08-30 Leeds United-Brentford,7,Kevin Schade,Brentford,True,AM,87
ENG-Premier League,2627,2026-08-30 Leeds United-Brentford,9,Igor Thiago,Brentford,True,FW,90
ENG-Premier League,2627,2026-08-30 Leeds United-Brentford,18,Mamadou Sangare,Brentford,True,DM,90
ENG-Premier League,2627,2026-08-30 Leeds United-Brentford,19,Jaidon Anthony,Brentford,True,AM,60
ENG-Premier League,2627,2026-08-30 Leeds United-Brentford,20,Kristoffer Ajer,Brentford,True,CB,90
ENG-Premier League,2627,2026-08-30 Leeds United-Brentford,22,Nathan Collins,Brentford,True,CB,90
ENG-Premier League,2627,2026-08-30 Leeds United-Brentford,23,Keane Lewis-Potter,Brentford,True,LB,87
ENG-Premier League,2627,2026-08-30 Leeds United-Brentford,24,Mikkel Damsgaard,Brentford,True,AM,68
ENG-Premier League,2627,2026-08-30 Leeds United-Brentford,27,Vitaly Janelt,Brentford,True,DM,90
ENG-Premier League,2627,2026-08-30 Leeds United-Brentford,33,Michael Kayode,Brentford,True,RB,87
ENG-Premier League,2627,2026-08-30 Leeds United-Brentford,12,Hákon Valdimarsson,Brentford,False,,0
ENG-Premier League,2627,2026-08-30 Leeds United-Brentford,2,Aaron Hickey,Brentford,False,"DF,MF",3
ENG-Premier League,2627,2026-08-30 Leeds United-Brentford,3,Rico Henry,Brentford,False,"DF,MF",3
ENG-Premier League,2627,2026-08-30 Leeds United-Brentford,6,Yehor Yarmoliuk,Brentford,False,MF,22
ENG-Premier League,2627,2026-08-30 Leeds United-Brentford,11,Dango Ouattara,Brentford,False,"FW,MF",30
ENG-Premier League,2627,2026-08-30 Leeds United-Brentford,13,Callum Wilson,Brentford,False,FW,3
ENG-Premier League,2627,2026-08-30 Leeds United-Brentford,14,Fabio Carvalho,Brentford,False,,0
ENG-Premier League,2627,2026-08-30 Leeds United-Brentford,25,El Hadji Malick Diouf,Brentford,False,,0
ENG-Premier League,2627,2026-08-30 Leeds United-Brentford,44,Jannik Schuster,Brentford,False,,0
ENG-Premier League,2627,2026-08-30 Manchester Utd-Ipswich Town,1,Senne Lammens,Manchester United,True,GK,90
ENG-Premier League,2627,2026-08-30 Manchester Utd-Ipswich Town,2,Diogo Dalot,Manchester United,True,RB,73
ENG-Premier League,2627,2026-08-30 Manchester Utd-Ipswich Town,5,Harry Maguire,Manchester United,True,CB,90
ENG-Premier League,2627,2026-08-30 Manchester Utd-Ipswich Town,6,Lisandro Martínez,Manchester United,True,CB,90
ENG-Premier League,2627,2026-08-30 Manchester Utd-Ipswich Town,8,Bruno Fernandes,Manchester United,True,AM,90
ENG-Premier League,2627,2026-08-30 Manchester Utd-Ipswich Town,9,Marcus Rashford,Manchester United,True,AM,79
ENG-Premier League,2627,2026-08-30 Manchester Utd-Ipswich Town,10,Matheus Cunha,Manchester United,True,FW,79
ENG-Premier League,2627,2026-08-30 Manchester Utd-Ipswich Town,18,Youri Tielemans,Manchester United,True,DM,90
ENG-Premier League,2627,2026-08-30 Manchester Utd-Ipswich Town,19,Bryan Mbeumo,Manchester United,True,AM,90
ENG-Premier League,2627,2026-08-30 Manchester Utd-Ipswich Town,23,Luke Shaw,Manchester United,True,LB,72
ENG-Premier League,2627,2026-08-30 Manchester Utd-Ipswich Town,37,Kobbie Mainoo,Manchester United,True,DM,79
ENG-Premier League,2627,2026-08-30 Manchester Utd-Ipswich Town,12,Karl Darlow,Manchester United,False,,0
ENG-Premier League,2627,2026-08-30 Manchester Utd-Ipswich Town,3,Noussair Mazraoui,Manchester United,False,"DF,MF",18
ENG-Premier League,2627,2026-08-30 Manchester Utd-Ipswich Town,11,Joshua Zirkzee,Manchester United,False,,0
ENG-Premier League,2627,2026-08-30 Manchester Utd-Ipswich Town,13,Patrick Dorgu,Manchester United,False,"DF,MF",11
ENG-Premier League,2627,2026-08-30 Manchester Utd-Ipswich Town,15,Leny Yoro,Manchester United,False,DF,17
ENG-Premier League,2627,2026-08-30 Manchester Utd-Ipswich Town,17,Andrey Santos,Manchester United,False,MF,11
ENG-Premier League,2627,2026-08-30 Manchester Utd-Ipswich Town,26,Ayden Heaven,Manchester United,False,,0
ENG-Premier League,2627,2026-08-30 Manchester Utd-Ipswich Town,30,Benjamin Šeško,Manchester United,False,FW,11
ENG-Premier League,2627,2026-08-30 Manchester Utd-Ipswich Town,31,Shea Lacey,Manchester United,False,,0
ENG-Premier League,2627,2026-08-30 Manchester Utd-Ipswich Town,37,Kjell Scherpen,Ipswich Town,True,GK,90
ENG-Premier League,2627,2026-08-30 Manchester Utd-Ipswich Town,3,Leif Davis,Ipswich Town,True,LB,90
ENG-Premier League,2627,2026-08-30 Manchester Utd-Ipswich Town,6,Issa Diop,Ipswich Town,True,CB,90
ENG-Premier League,2627,2026-08-30 Manchester Utd-Ipswich Town,7,Abdul Fatawu Issahaku,Ipswich Town,True,AM,82
ENG-Premier League,2627,2026-08-30 Manchester Utd-Ipswich Town,10,Julio Enciso,Ipswich Town,True,AM,90
ENG-Premier League,2627,2026-08-30 Manchester Utd-Ipswich Town,19,Emersonn,Ipswich Town,True,FW,45
ENG-Premier League,2627,2026-08-30 Manchester Utd-Ipswich Town,23,Saša Lukić,Ipswich Town,True,DM,72
ENG-Premier League,2627,2026-08-30 Manchester Utd-Ipswich Town,24,Jacob Greaves,Ipswich Town,True,CB,90
ENG-Premier League,2627,2026-08-30 Manchester Utd-Ipswich Town,26,Dara O'Shea,Ipswich Town,True,RB,90
ENG-Premier League,2627,2026-08-30 Manchester Utd-Ipswich Town,32,Marcelino Núñez,Ipswich Town,True,DM,61
ENG-Premier League,2627,2026-08-30 Manchester Utd-Ipswich Town,38,Daizen Maeda,Ipswich Town,True,AM,72
ENG-Premier League,2627,2026-08-30 Manchester Utd-Ipswich Town,28,Christian Walton,Ipswich Town,False,,0
ENG-Premier League,2627,2026-08-30 Manchester Utd-Ipswich Town,2,Darnell Furlong,Ipswich Town,False,"DF,MF",18
ENG-Premier League,2627,2026-08-30 Manchester Utd-Ipswich Town,4,Cédric Kipré,Ipswich Town,False,,0
ENG-Premier League,2627,2026-08-30 Manchester Utd-Ipswich Town,8,Sindre Egeli,Ipswich Town,False,,0
ENG-Premier League,2627,2026-08-30 Manchester Utd-Ipswich Town,20,Kasey McAteer,Ipswich Town,False,MF,8
ENG-Premier League,2627,2026-08-30 Manchester Utd-Ipswich Town,25,Exequiel Palacios,Ipswich Town,False,"DF,MF",29
ENG-Premier League,2627,2026-08-30 Manchester Utd-Ipswich Town,29,Chuba Akpom,Ipswich Town,False,"FW,MF",45
ENG-Premier League,2627,2026-08-30 Manchester Utd-Ipswich Town,42,Abdoul Ouattara,Ipswich Town,False,DF,18
ENG-Premier League,2627,2026-08-30 Manchester Utd-Ipswich Town,47,Jack Clarke,Ipswich Town,False,,0
ENG-Premier League,2627,2026-08-30 Sunderland-Fulham,22,Robin Roefs,Sunderland,True,GK,90
ENG-Premier League,2627,2026-08-30 Sunderland-Fulham,5,Daniel Ballard,Sunderland,True,CB,90
ENG-Premier League,2627,2026-08-30 Sunderland-Fulham,9,Brian Brobbey,Sunderland,True,FW,64
ENG-Premier League,2627,2026-08-30 Sunderland-Fulham,10,Nilson Angulo,Sunderland,True,AM,64
ENG-Premier League,2627,2026-08-30 Sunderland-Fulham,12,Thomas Meunier,Sunderland,True,RB,90
ENG-Premier League,2627,2026-08-30 Sunderland-Fulham,17,Reinildo Mandava,Sunderland,True,LB,90
ENG-Premier League,2627,2026-08-30 Sunderland-Fulham,20,Nordi Mukiele,Sunderland,True,CB,90
ENG-Premier League,2627,2026-08-30 Sunderland-Fulham,27,Noah Sadiki,Sunderland,True,DM,90
ENG-Premier League,2627,2026-08-30 Sunderland-Fulham,28,Enzo Le Fée,Sunderland,True,AM,89
ENG-Premier League,2627,2026-08-30 Sunderland-Fulham,32,Trai Hume,Sunderland,True,AM,90
ENG-Premier League,2627,2026-08-30 Sunderland-Fulham,34,Granit Xhaka,Sunderland,True,DM,90
ENG-Premier League,2627,2026-08-30 Sunderland-Fulham,31,Melker Ellborg,Sunderland,False,,0
ENG-Premier League,2627,2026-08-30 Sunderland-Fulham,7,Chemsdine Talbi,Sunderland,False,,0
ENG-Premier League,2627,2026-08-30 Sunderland-Fulham,11,Chris Rigg,Sunderland,False,MF,8
ENG-Premier League,2627,2026-08-30 Sunderland-Fulham,13,Luke O'Nien,Sunderland,False,,0
ENG-Premier League,2627,2026-08-30 Sunderland-Fulham,14,Romaine Mundle,Sunderland,False,MF,1
ENG-Premier League,2627,2026-08-30 Sunderland-Fulham,15,Omar Alderete,Sunderland,False,,0
ENG-Premier League,2627,2026-08-30 Sunderland-Fulham,18,Wilson Isidor,Sunderland,False,"FW,MF",26
ENG-Premier League,2627,2026-08-30 Sunderland-Fulham,19,Habib Diarra,Sunderland,False,MF,18
ENG-Premier League,2627,2026-08-30 Sunderland-Fulham,29,Jules Ahoka,Sunderland,False,,0
ENG-Premier League,2627,2026-08-30 Sunderland-Fulham,1,Bernd Leno,Fulham,True,GK,90
ENG-Premier League,2627,2026-08-30 Sunderland-Fulham,3,Calvin Bassey,Fulham,True,CB,90
ENG-Premier League,2627,2026-08-30 Sunderland-Fulham,5,Joachim Andersen,Fulham,True,CB,90
ENG-Premier League,2627,2026-08-30 Sunderland-Fulham,7,Gonzalo García,Fulham,True,FW,90
ENG-Premier League,2627,2026-08-30 Sunderland-Fulham,8,César Palacios,Fulham,True,AM,75
ENG-Premier League,2627,2026-08-30 Sunderland-Fulham,14,Oscar Bobb,Fulham,True,AM,67
ENG-Premier League,2627,2026-08-30 Sunderland-Fulham,16,Sander Berge,Fulham,True,DM,82
ENG-Premier League,2627,2026-08-30 Sunderland-Fulham,17,Alex Iwobi,Fulham,True,DM,90
ENG-Premier League,2627,2026-08-30 Sunderland-Fulham,21,Timothy Castagne,Fulham,True,RB,67
ENG-Premier League,2627,2026-08-30 Sunderland-Fulham,24,Joshua King,Fulham,True,AM,90
ENG-Premier League,2627,2026-08-30 Sunderland-Fulham,33,Antonee Robinson,Fulham,True,LB,90
ENG-Premier League,2627,2026-08-30 Sunderland-Fulham,23,Benjamin Lecomte,Fulham,False,,0
ENG-Premier League,2627,2026-08-30 Sunderland-Fulham,4,Jorge Cuenca,Fulham,False,,0
ENG-Premier League,2627,2026-08-30 Sunderland-Fulham,6,Harrison Reed,Fulham,False,,0
ENG-Premier League,2627,2026-08-30 Sunderland-Fulham,9,Rodrigo Muniz,Fulham,False,,0
ENG-Premier League,2627,2026-08-30 Sunderland-Fulham,11,Kevin,Fulham,False,MF,8
ENG-Premier League,2627,2026-08-30 Sunderland-Fulham,19,Shea Charles,Fulham,False,"DF,MF",23
ENG-Premier League,2627,2026-08-30 Sunderland-Fulham,30,Ryan Sessegnon,Fulham,False,"DF,FW",23
ENG-Premier League,2627,2026-08-30 Sunderland-Fulham,32,Emile Smith Rowe,Fulham,False,MF,15
ENG-Premier League,2627,2026-08-30 Sunderland-Fulham,35,Macauley Zepa,Fulham,False,,0
ENG-Premier League,2627,2026-08-31 Aston Villa-Arsenal,1,Zion Suzuki,Aston Villa,True,GK,90
ENG-Premier League,2627,2026-08-31 Aston Villa-Arsenal,2,Matty Cash,Aston Villa,True,RB,77
ENG-Premier League,2627,2026-08-31 Aston Villa-Arsenal,3,Victor Lindelöf,Aston Villa,True,CB,90
ENG-Premier League,2627,2026-08-31 Aston Villa-Arsenal,6,Ross Barkley,Aston Villa,True,DM,77
ENG-Premier League,2627,2026-08-31 Aston Villa-Arsenal,7,John McGinn,Aston Villa,True,AM,90
ENG-Premier League,2627,2026-08-31 Aston Villa-Arsenal,8,Boubacar Kamara,Aston Villa,True,DM,90
ENG-Premier League,2627,2026-08-31 Aston Villa-Arsenal,10,Emi Buendía,Aston Villa,True,AM,90
ENG-Premier League,2627,2026-08-31 Aston Villa-Arsenal,11,Nicolas Jackson,Aston Villa,True,FW,70
ENG-Premier League,2627,2026-08-31 Aston Villa-Arsenal,14,Pau Torres,Aston Villa,True,CB,90
ENG-Premier League,2627,2026-08-31 Aston Villa-Arsenal,22,Ian Maatsen,Aston Villa,True,LB,90
ENG-Premier League,2627,2026-08-31 Aston Villa-Arsenal,53,George Hemmings,Aston Villa,True,AM,70
ENG-Premier League,2627,2026-08-31 Aston Villa-Arsenal,40,Marco Bizot,Aston Villa,False,,0
ENG-Premier League,2627,2026-08-31 Aston Villa-Arsenal,5,Tyrone Mings,Aston Villa,False,,0
ENG-Premier League,2627,2026-08-31 Aston Villa-Arsenal,13,Matteo Ruggeri,Aston Villa,False,,0
ENG-Premier League,2627,2026-08-31 Aston Villa-Arsenal,17,Alejandro Garnacho,Aston Villa,False,MF,13
ENG-Premier League,2627,2026-08-31 Aston Villa-Arsenal,18,Tammy Abraham,Aston Villa,False,FW,20
ENG-Premier League,2627,2026-08-31 Aston Villa-Arsenal,26,Lamare Bogarde,Aston Villa,False,,0
ENG-Premier League,2627,2026-08-31 Aston Villa-Arsenal,29,Aaron Wan-Bissaka,Aston Villa,False,"DF,MF",13
ENG-Premier League,2627,2026-08-31 Aston Villa-Arsenal,47,Alysson,Aston Villa,False,MF,20
ENG-Premier League,2627,2026-08-31 Aston Villa-Arsenal,74,Luka Lynch,Aston Villa,False,,0
ENG-Premier League,2627,2026-08-31 Aston Villa-Arsenal,1,David Raya,Arsenal,True,GK,90
ENG-Premier League,2627,2026-08-31 Aston Villa-Arsenal,3,Cristhian Mosquera,Arsenal,True,CB,78
ENG-Premier League,2627,2026-08-31 Aston Villa-Arsenal,4,Ben White,Arsenal,True,RB,90
ENG-Premier League,2627,2026-08-31 Aston Villa-Arsenal,6,Gabriel Magalhães,Arsenal,True,CB,90
ENG-Premier League,2627,2026-08-31 Aston Villa-Arsenal,7,Bukayo Saka,Arsenal,True,AM,90
ENG-Premier League,2627,2026-08-31 Aston Villa-Arsenal,8,Martin Ødegaard,Arsenal,True,AM,70
ENG-Premier League,2627,2026-08-31 Aston Villa-Arsenal,17,Christos Tzolis,Arsenal,True,AM,45
ENG-Premier League,2627,2026-08-31 Aston Villa-Arsenal,29,Kai Havertz,Arsenal,True,FW,90
ENG-Premier League,2627,2026-08-31 Aston Villa-Arsenal,33,Riccardo Calafiori,Arsenal,True,LB,90
ENG-Premier League,2627,2026-08-31 Aston Villa-Arsenal,41,Declan Rice,Arsenal,True,DM,84
ENG-Premier League,2627,2026-08-31 Aston Villa-Arsenal,49,Myles Lewis-Skelly,Arsenal,True,DM,70
ENG-Premier League,2627,2026-08-31 Aston Villa-Arsenal,13,Kepa Arrizabalaga,Arsenal,False,,0
ENG-Premier League,2627,2026-08-31 Aston Villa-Arsenal,5,Piero Hincapié,Arsenal,False,,0
ENG-Premier League,2627,2026-08-31 Aston Villa-Arsenal,10,Eberechi Eze,Arsenal,False,"FW,MF",45
ENG-Premier League,2627,2026-08-31 Aston Villa-Arsenal,14,Viktor Gyökeres,Arsenal,False,,0
ENG-Premier League,2627,2026-08-31 Aston Villa-Arsenal,15,Ezri Konsa,Arsenal,False,"DF,FW",12
ENG-Premier League,2627,2026-08-31 Aston Villa-Arsenal,20,Noni Madueke,Arsenal,False,,0
ENG-Premier League,2627,2026-08-31 Aston Villa-Arsenal,23,Mikel Merino,Arsenal,False,MF,20
ENG-Premier League,2627,2026-08-31 Aston Villa-Arsenal,36,Martín Zubimendi,Arsenal,False,MF,6
ENG-Premier League,2627,2026-08-31 Aston Villa-Arsenal,39,Bruno Guimarães,Arsenal,False,MF,20
ENG-Premier League,2627,2026-09-04 Ipswich Town-Liverpool,37,Kjell Scherpen,Ipswich Town,True,GK,90
ENG-Premier League,2627,2026-09-04 Ipswich Town-Liverpool,3,Leif Davis,Ipswich Town,True,LB,90
ENG-Premier League,2627,2026-09-04 Ipswich Town-Liverpool,6,Issa Diop,Ipswich Town,True,CB,90
ENG-Premier League,2627,2026-09-04 Ipswich Town-Liverpool,7,Abdul Fatawu Issahaku,Ipswich Town,True,AM,78
ENG-Premier League,2627,2026-09-04 Ipswich Town-Liverpool,10,Julio Enciso,Ipswich Town,True,AM,90
ENG-Premier League,2627,2026-09-04 Ipswich Town-Liverpool,19,Emersonn,Ipswich Town,True,FW,65
ENG-Premier League,2627,2026-09-04 Ipswich Town-Liverpool,23,Saša Lukić,Ipswich Town,True,DM,90
ENG-Premier League,2627,2026-09-04 Ipswich Town-Liverpool,24,Jacob Greaves,Ipswich Town,True,CB,90
ENG-Premier League,2627,2026-09-04 Ipswich Town-Liverpool,25,Exequiel Palacios,Ipswich Town,True,DM,77
ENG-Premier League,2627,2026-09-04 Ipswich Town-Liverpool,26,Dara O'Shea,Ipswich Town,True,RB,90
ENG-Premier League,2627,2026-09-04 Ipswich Town-Liverpool,38,Daizen Maeda,Ipswich Town,True,AM,65
ENG-Premier League,2627,2026-09-04 Ipswich Town-Liverpool,28,Christian Walton,Ipswich Town,False,,0
ENG-Premier League,2627,2026-09-04 Ipswich Town-Liverpool,2,Darnell Furlong,Ipswich Town,False,,0
ENG-Premier League,2627,2026-09-04 Ipswich Town-Liverpool,4,Cédric Kipré,Ipswich Town,False,,0
ENG-Premier League,2627,2026-09-04 Ipswich Town-Liverpool,9,Zian Flemming,Ipswich Town,False,"FW,MF",25
ENG-Premier League,2627,2026-09-04 Ipswich Town-Liverpool,12,Florentino Luís,Ipswich Town,False,,0
ENG-Premier League,2627,2026-09-04 Ipswich Town-Liverpool,20,Kasey McAteer,Ipswich Town,False,MF,12
ENG-Premier League,2627,2026-09-04 Ipswich Town-Liverpool,32,Marcelino Núñez,Ipswich Town,False,,0
ENG-Premier League,2627,2026-09-04 Ipswich Town-Liverpool,42,Abdoul Ouattara,Ipswich Town,False,DF,13
ENG-Premier League,2627,2026-09-04 Ipswich Town-Liverpool,47,Jack Clarke,Ipswich Town,False,"FW,MF",25
ENG-Premier League,2627,2026-09-04 Ipswich Town-Liverpool,1,Alisson,Liverpool,True,GK,90
ENG-Premier League,2627,2026-09-04 Ipswich Town-Liverpool,4,Virgil van Dijk,Liverpool,True,CB,90
ENG-Premier League,2627,2026-09-04 Ipswich Town-Liverpool,5,Jérémy Jacquet,Liverpool,True,CB,90
ENG-Premier League,2627,2026-09-04 Ipswich Town-Liverpool,6,Milos Kerkez,Liverpool,True,LB,90
ENG-Premier League,2627,2026-09-04 Ipswich Town-Liverpool,7,Florian Wirtz,Liverpool,True,AM,89
ENG-Premier League,2627,2026-09-04 Ipswich Town-Liverpool,8,Dominik Szoboszlai,Liverpool,True,DM,90
ENG-Premier League,2627,2026-09-04 Ipswich Town-Liverpool,9,Alexander Isak,Liverpool,True,FW,63
ENG-Premier League,2627,2026-09-04 Ipswich Town-Liverpool,10,Alexis Mac Allister,Liverpool,True,DM,83
ENG-Premier League,2627,2026-09-04 Ipswich Town-Liverpool,18,Cody Gakpo,Liverpool,True,AM,90
ENG-Premier League,2627,2026-09-04 Ipswich Town-Liverpool,23,Víctor Muñoz,Liverpool,True,AM,63
ENG-Premier League,2627,2026-09-04 Ipswich Town-Liverpool,33,Ronald Araújo,Liverpool,True,RB,90
ENG-Premier League,2627,2026-09-04 Ipswich Town-Liverpool,25,Giorgi Mamardashvili,Liverpool,False,,0
ENG-Premier League,2627,2026-09-04 Ipswich Town-Liverpool,3,Wataru Endo,Liverpool,False,,0
ENG-Premier League,2627,2026-09-04 Ipswich Town-Liverpool,21,Kostas Tsimikas,Liverpool,False,,0
ENG-Premier League,2627,2026-09-04 Ipswich Town-Liverpool,29,Bradley Barcola,Liverpool,False,"FW,MF",27
ENG-Premier League,2627,2026-09-04 Ipswich Town-Liverpool,30,Jeremie Frimpong,Liverpool,False,,0
ENG-Premier League,2627,2026-09-04 Ipswich Town-Liverpool,38,Ryan Gravenberch,Liverpool,False,MF,27
ENG-Premier League,2627,2026-09-04 Ipswich Town-Liverpool,42,Trey Nyoni,Liverpool,False,MF,7
ENG-Premier League,2627,2026-09-04 Ipswich Town-Liverpool,67,Lewis Koumas,Liverpool,False,"FW,MF",1
ENG-Premier League,2627,2026-09-04 Ipswich Town-Liverpool,73,Rio Ngumoha,Liverpool,False,,0
ENG-Premier League,2627,2026-09-05 Brentford-Sunderland,1,Caoimhín Kelleher,Brentford,True,GK,90
ENG-Premier League,2627,2026-09-05 Brentford-Sunderland,7,Kevin Schade,Brentford,True,AM,90
ENG-Premier League,2627,2026-09-05 Brentford-Sunderland,9,Igor Thiago,Brentford,True,FW,90
ENG-Premier League,2627,2026-09-05 Brentford-Sunderland,11,Dango Ouattara,Brentford,True,AM,45
ENG-Premier League,2627,2026-09-05 Brentford-Sunderland,18,Mamadou Sangare,Brentford,True,DM,45
ENG-Premier League,2627,2026-09-05 Brentford-Sunderland,20,Kristoffer Ajer,Brentford,True,CB,90
ENG-Premier League,2627,2026-09-05 Brentford-Sunderland,22,Nathan Collins,Brentford,True,CB,16
ENG-Premier League,2627,2026-09-05 Brentford-Sunderland,23,Keane Lewis-Potter,Brentford,True,LB,90
ENG-Premier League,2627,2026-09-05 Brentford-Sunderland,24,Mikkel Damsgaard,Brentford,True,AM,85
ENG-Premier League,2627,2026-09-05 Brentford-Sunderland,27,Vitaly Janelt,Brentford,True,DM,90
ENG-Premier League,2627,2026-09-05 Brentford-Sunderland,33,Michael Kayode,Brentford,True,RB,45
ENG-Premier League,2627,2026-09-05 Brentford-Sunderland,12,Hákon Valdimarsson,Brentford,False,,0
ENG-Premier League,2627,2026-09-05 Brentford-Sunderland,2,Aaron Hickey,Brentford,False,"DF,MF",45
ENG-Premier League,2627,2026-09-05 Brentford-Sunderland,3,Rico Henry,Brentford,False,,0
ENG-Premier League,2627,2026-09-05 Brentford-Sunderland,6,Yehor Yarmoliuk,Brentford,False,MF,45
ENG-Premier League,2627,2026-09-05 Brentford-Sunderland,13,Callum Wilson,Brentford,False,FW,5
ENG-Premier League,2627,2026-09-05 Brentford-Sunderland,14,Fabio Carvalho,Brentford,False,,0
ENG-Premier League,2627,2026-09-05 Brentford-Sunderland,19,Jaidon Anthony,Brentford,False,"FW,MF",45
ENG-Premier League,2627,2026-09-05 Brentford-Sunderland,25,El Hadji Malick Diouf,Brentford,False,,0
ENG-Premier League,2627,2026-09-05 Brentford-Sunderland,44,Jannik Schuster,Brentford,False,DF,74
ENG-Premier League,2627,2026-09-05 Brentford-Sunderland,22,Robin Roefs,Sunderland,True,GK,90
ENG-Premier League,2627,2026-09-05 Brentford-Sunderland,4,Kevin Danso,Sunderland,True,CB,90
ENG-Premier League,2627,2026-09-05 Brentford-Sunderland,5,Daniel Ballard,Sunderland,True,CB,90
ENG-Premier League,2627,2026-09-05 Brentford-Sunderland,9,Brian Brobbey,Sunderland,True,FW,90
ENG-Premier League,2627,2026-09-05 Brentford-Sunderland,10,Nilson Angulo,Sunderland,True,AM,63
ENG-Premier League,2627,2026-09-05 Brentford-Sunderland,12,Thomas Meunier,Sunderland,True,AM,63
ENG-Premier League,2627,2026-09-05 Brentford-Sunderland,17,Reinildo Mandava,Sunderland,True,LB,90
ENG-Premier League,2627,2026-09-05 Brentford-Sunderland,20,Nordi Mukiele,Sunderland,True,RB,90
ENG-Premier League,2627,2026-09-05 Brentford-Sunderland,27,Noah Sadiki,Sunderland,True,DM,73
ENG-Premier League,2627,2026-09-05 Brentford-Sunderland,28,Enzo Le Fée,Sunderland,True,AM,90
ENG-Premier League,2627,2026-09-05 Brentford-Sunderland,34,Granit Xhaka,Sunderland,True,DM,90
ENG-Premier League,2627,2026-09-05 Brentford-Sunderland,31,Melker Ellborg,Sunderland,False,,0
ENG-Premier League,2627,2026-09-05 Brentford-Sunderland,6,Dayann Methalie,Sunderland,False,,0
ENG-Premier League,2627,2026-09-05 Brentford-Sunderland,11,Chris Rigg,Sunderland,False,,0
ENG-Premier League,2627,2026-09-05 Brentford-Sunderland,13,Luke O'Nien,Sunderland,False,,0
ENG-Premier League,2627,2026-09-05 Brentford-Sunderland,15,Omar Alderete,Sunderland,False,,0
ENG-Premier League,2627,2026-09-05 Brentford-Sunderland,18,Wilson Isidor,Sunderland,False,"FW,MF",27
ENG-Premier League,2627,2026-09-05 Brentford-Sunderland,29,Jules Ahoka,Sunderland,False,,0
ENG-Premier League,2627,2026-09-05 Brentford-Sunderland,32,Trai Hume,Sunderland,False,"DF,MF",27
ENG-Premier League,2627,2026-09-05 Brentford-Sunderland,39,Malick Fofana,Sunderland,False,"FW,MF",17
ENG-Premier League,2627,2026-09-05 Brighton-Leeds United,1,Bart Verbruggen,Brighton & Hove Albion,True,GK,90
ENG-Premier League,2627,2026-09-05 Brighton-Leeds United,5,Lewis Dunk,Brighton & Hove Albion,True,CB,90
ENG-Premier League,2627,2026-09-05 Brighton-Leeds United,13,Pascal Groß,Brighton & Hove Albion,True,DM,90
ENG-Premier League,2627,2026-09-05 Brighton-Leeds United,19,Charalampos Kostoulas,Brighton & Hove Albion,True,FW,90
ENG-Premier League,2627,2026-09-05 Brighton-Leeds United,21,Olivier Boscagli,Brighton & Hove Albion,True,LB,89
ENG-Premier League,2627,2026-09-05 Brighton-Leeds United,24,Ferdi Kadioglu,Brighton & Hove Albion,True,RB,77
ENG-Premier League,2627,2026-09-05 Brighton-Leeds United,25,Diego Gómez,Brighton & Hove Albion,True,AM,90
ENG-Premier League,2627,2026-09-05 Brighton-Leeds United,26,Yasin Ayari,Brighton & Hove Albion,True,DM,90
ENG-Premier League,2627,2026-09-05 Brighton-Leeds United,29,Maxim De Cuyper,Brighton & Hove Albion,True,AM,77
ENG-Premier League,2627,2026-09-05 Brighton-Leeds United,35,Malick Yalcouye,Brighton & Hove Albion,True,AM,90
ENG-Premier League,2627,2026-09-05 Brighton-Leeds United,44,Luka Vušković,Brighton & Hove Albion,True,CB,90
ENG-Premier League,2627,2026-09-05 Brighton-Leeds United,23,Jason Steele,Brighton & Hove Albion,False,,0
ENG-Premier League,2627,2026-09-05 Brighton-Leeds United,3,Jaouen Hadjam,Brighton & Hove Albion,False,,0
ENG-Premier League,2627,2026-09-05 Brighton-Leeds United,4,Pascal Struijk,Brighton & Hove Albion,False,DF,1
ENG-Premier League,2627,2026-09-05 Brighton-Leeds United,12,Promise David,Brighton & Hove Albion,False,FW,13
ENG-Premier League,2627,2026-09-05 Brighton-Leeds United,14,Chema,Brighton & Hove Albion,False,,0
ENG-Premier League,2627,2026-09-05 Brighton-Leeds United,15,Ibrahim Osman,Brighton & Hove Albion,False,,0
ENG-Premier League,2627,2026-09-05 Brighton-Leeds United,20,Costinha,Brighton & Hove Albion,False,"DF,MF",13
ENG-Premier League,2627,2026-09-05 Brighton-Leeds United,33,Matt O'Riley,Brighton & Hove Albion,False,,0
ENG-Premier League,2627,2026-09-05 Brighton-Leeds United,49,Nehemiah Oriola,Brighton & Hove Albion,False,,0
ENG-Premier League,2627,2026-09-05 Brighton-Leeds United,1,James Trafford,Leeds United,True,GK,90
ENG-Premier League,2627,2026-09-05 Brighton-Leeds United,2,Jayden Bogle,Leeds United,True,RM,60
ENG-Premier League,2627,2026-09-05 Brighton-Leeds United,3,Gabriel Gudmundsson,Leeds United,True,LM,90
ENG-Premier League,2627,2026-09-05 Brighton-Leeds United,4,Ethan Ampadu,Leeds United,True,CM,90
ENG-Premier League,2627,2026-09-05 Brighton-Leeds United,5,Tarik Muharemovic,Leeds United,True,CB,90
ENG-Premier League,2627,2026-09-05 Brighton-Leeds United,9,Dominic Calvert-Lewin,Leeds United,True,FW,72
ENG-Premier League,2627,2026-09-05 Brighton-Leeds United,18,Anton Stach,Leeds United,True,CM,90
ENG-Premier League,2627,2026-09-05 Brighton-Leeds United,19,Noah Okafor,Leeds United,True,FW,61
ENG-Premier League,2627,2026-09-05 Brighton-Leeds United,22,Ao Tanaka,Leeds United,True,CM,72
ENG-Premier League,2627,2026-09-05 Brighton-Leeds United,24,James Justin,Leeds United,True,CB,90
ENG-Premier League,2627,2026-09-05 Brighton-Leeds United,30,Nico Elvedi,Leeds United,True,CB,90
ENG-Premier League,2627,2026-09-05 Brighton-Leeds United,16,Michael Zetterer,Leeds United,False,,0
ENG-Premier League,2627,2026-09-05 Brighton-Leeds United,7,Daniel James,Leeds United,False,,0
ENG-Premier League,2627,2026-09-05 Brighton-Leeds United,8,Sean Longstaff,Leeds United,False,,0
ENG-Premier League,2627,2026-09-05 Brighton-Leeds United,10,Harry Wilson,Leeds United,False,"FW,MF",18
ENG-Premier League,2627,2026-09-05 Brighton-Leeds United,11,Brenden Aaronson,Leeds United,False,"FW,MF",29
ENG-Premier League,2627,2026-09-05 Brighton-Leeds United,14,Lukas Nmecha,Leeds United,False,FW,18
ENG-Premier League,2627,2026-09-05 Brighton-Leeds United,15,Jaka Bijol,Leeds United,False,"DF,MF",30
ENG-Premier League,2627,2026-09-05 Brighton-Leeds United,23,Jean Mattéo Bahoya,Leeds United,False,,0
ENG-Premier League,2627,2026-09-05 Brighton-Leeds United,26,Melvin Bard,Leeds United,False,,0
ENG-Premier League,2627,2026-09-05 Fulham-Crystal Palace,1,Bernd Leno,Fulham,True,GK,90
ENG-Premier League,2627,2026-09-05 Fulham-Crystal Palace,3,Calvin Bassey,Fulham,True,CB,90
ENG-Premier League,2627,2026-09-05 Fulham-Crystal Palace,5,Joachim Andersen,Fulham,True,CB,90
ENG-Premier League,2627,2026-09-05 Fulham-Crystal Palace,7,Gonzalo García,Fulham,True,FW,90
ENG-Premier League,2627,2026-09-05 Fulham-Crystal Palace,8,César Palacios,Fulham,True,AM,60
ENG-Premier League,2627,2026-09-05 Fulham-Crystal Palace,14,Oscar Bobb,Fulham,True,AM,78
ENG-Premier League,2627,2026-09-05 Fulham-Crystal Palace,17,Alex Iwobi,Fulham,True,DM,82
ENG-Premier League,2627,2026-09-05 Fulham-Crystal Palace,19,Shea Charles,Fulham,True,DM,78
ENG-Premier League,2627,2026-09-05 Fulham-Crystal Palace,21,Timothy Castagne,Fulham,True,RB,90
ENG-Premier League,2627,2026-09-05 Fulham-Crystal Palace,24,Joshua King,Fulham,True,AM,90
ENG-Premier League,2627,2026-09-05 Fulham-Crystal Palace,33,Antonee Robinson,Fulham,True,LB,78
ENG-Premier League,2627,2026-09-05 Fulham-Crystal Palace,23,Benjamin Lecomte,Fulham,False,,0
ENG-Premier League,2627,2026-09-05 Fulham-Crystal Palace,9,Rodrigo Muniz,Fulham,False,FW,8
ENG-Premier League,2627,2026-09-05 Fulham-Crystal Palace,11,Kevin,Fulham,False,,0
ENG-Premier League,2627,2026-09-05 Fulham-Crystal Palace,15,Hugo Larsson,Fulham,False,MF,12
ENG-Premier League,2627,2026-09-05 Fulham-Crystal Palace,16,Sander Berge,Fulham,False,MF,30
ENG-Premier League,2627,2026-09-05 Fulham-Crystal Palace,20,Manuel Ángel,Fulham,False,,0
ENG-Premier League,2627,2026-09-05 Fulham-Crystal Palace,22,David Affengruber,Fulham,False,,0
ENG-Premier League,2627,2026-09-05 Fulham-Crystal Palace,30,Ryan Sessegnon,Fulham,False,"DF,FW",12
ENG-Premier League,2627,2026-09-05 Fulham-Crystal Palace,32,Emile Smith Rowe,Fulham,False,MF,12
ENG-Premier League,2627,2026-09-05 Fulham-Crystal Palace,1,Dean Henderson,Crystal Palace,True,GK,90
ENG-Premier League,2627,2026-09-05 Fulham-Crystal Palace,3,Tyrick Mitchell,Crystal Palace,True,DM,73
ENG-Premier League,2627,2026-09-05 Fulham-Crystal Palace,5,Axel Disasi,Crystal Palace,True,CB,90
ENG-Premier League,2627,2026-09-05 Fulham-Crystal Palace,6,Jaydee Canvot,Crystal Palace,True,CB,90
ENG-Premier League,2627,2026-09-05 Fulham-Crystal Palace,9,Eddie Nketiah,Crystal Palace,True,FW,45
ENG-Premier League,2627,2026-09-05 Fulham-Crystal Palace,10,Yéremy Pino,Crystal Palace,True,AM,88
ENG-Premier League,2627,2026-09-05 Fulham-Crystal Palace,18,Daichi Kamada,Crystal Palace,True,AM,88
ENG-Premier League,2627,2026-09-05 Fulham-Crystal Palace,20,Adam Wharton,Crystal Palace,True,DM,90
ENG-Premier League,2627,2026-09-05 Fulham-Crystal Palace,23,Quinten Timber,Crystal Palace,True,DM,73
ENG-Premier League,2627,2026-09-05 Fulham-Crystal Palace,25,Anan Khalaili,Crystal Palace,True,DM,90
ENG-Premier League,2627,2026-09-05 Fulham-Crystal Palace,26,Chris Richards,Crystal Palace,True,CB,90
ENG-Premier League,2627,2026-09-05 Fulham-Crystal Palace,44,Walter Benítez,Crystal Palace,False,,0
ENG-Premier League,2627,2026-09-05 Fulham-Crystal Palace,12,Zavier Gozo,Crystal Palace,False,,0
ENG-Premier League,2627,2026-09-05 Fulham-Crystal Palace,17,Takehiro Tomiyasu,Crystal Palace,False,,0
ENG-Premier League,2627,2026-09-05 Fulham-Crystal Palace,19,Will Hughes,Crystal Palace,False,MF,17
ENG-Premier League,2627,2026-09-05 Fulham-Crystal Palace,22,Jørgen Strand Larsen,Crystal Palace,False,FW,45
ENG-Premier League,2627,2026-09-05 Fulham-Crystal Palace,24,Darío Osorio,Crystal Palace,False,"FW,MF",2
ENG-Premier League,2627,2026-09-05 Fulham-Crystal Palace,28,Cheick Doucouré,Crystal Palace,False,,0
ENG-Premier League,2627,2026-09-05 Fulham-Crystal Palace,30,Óscar Mingueza,Crystal Palace,False,"DF,MF",2
ENG-Premier League,2627,2026-09-05 Fulham-Crystal Palace,33,Ben Chilwell,Crystal Palace,False,"DF,MF",17
ENG-Premier League,2627,2026-09-05 Hull City-Aston Villa,19,Kostas Tzolakis,Hull City,True,GK,90
ENG-Premier League,2627,2026-09-05 Hull City-Aston Villa,2,Lewie Coyle,Hull City,True,RB,63
ENG-Premier League,2627,2026-09-05 Hull City-Aston Villa,3,Ryan Giles,Hull City,True,LB,90
ENG-Premier League,2627,2026-09-05 Hull City-Aston Villa,6,Semi Ajayi,Hull City,True,CB,90
ENG-Premier League,2627,2026-09-05 Hull City-Aston Villa,9,Oliver McBurnie,Hull City,True,FW,90
ENG-Premier League,2627,2026-09-05 Hull City-Aston Villa,10,Bachir Belloumi,Hull City,True,RM,81
ENG-Premier League,2627,2026-09-05 Hull City-Aston Villa,15,John Egan,Hull City,True,CB,90
ENG-Premier League,2627,2026-09-05 Hull City-Aston Villa,21,Elliot Stroud,Hull City,True,LM,62
ENG-Premier League,2627,2026-09-05 Hull City-Aston Villa,27,Regan Slater,Hull City,True,CM,90
ENG-Premier League,2627,2026-09-05 Hull City-Aston Villa,29,Lucas Gourna-Douath,Hull City,True,CM,81
ENG-Premier League,2627,2026-09-05 Hull City-Aston Villa,32,Nobel Mendy,Hull City,True,CB,70
ENG-Premier League,2627,2026-09-05 Hull City-Aston Villa,12,Dillon Phillips,Hull City,False,,0
ENG-Premier League,2627,2026-09-05 Hull City-Aston Villa,7,Sorba Thomas,Hull City,False,"FW,MF",28
ENG-Premier League,2627,2026-09-05 Hull City-Aston Villa,14,Jens Hjertø-Dahl,Hull City,False,MF,9
ENG-Premier League,2627,2026-09-05 Hull City-Aston Villa,18,Brooke Norton-Cuffy,Hull City,False,"DF,MF",27
ENG-Premier League,2627,2026-09-05 Hull City-Aston Villa,22,Lucas Herrington,Hull City,False,DF,20
ENG-Premier League,2627,2026-09-05 Hull City-Aston Villa,23,Matt Targett,Hull City,False,,0
ENG-Premier League,2627,2026-09-05 Hull City-Aston Villa,36,Christos Mouzakitis,Hull City,False,,0
ENG-Premier League,2627,2026-09-05 Hull City-Aston Villa,47,Robinio Vaz,Hull City,False,,0
ENG-Premier League,2627,2026-09-05 Hull City-Aston Villa,50,Mohamed Ali Cho,Hull City,False,"FW,MF",9
ENG-Premier League,2627,2026-09-05 Hull City-Aston Villa,1,Zion Suzuki,Aston Villa,True,GK,90
ENG-Premier League,2627,2026-09-05 Hull City-Aston Villa,2,Matty Cash,Aston Villa,True,RB,84
ENG-Premier League,2627,2026-09-05 Hull City-Aston Villa,3,Victor Lindelöf,Aston Villa,True,CB,90
ENG-Premier League,2627,2026-09-05 Hull City-Aston Villa,5,Tyrone Mings,Aston Villa,True,CB,90
ENG-Premier League,2627,2026-09-05 Hull City-Aston Villa,6,Ross Barkley,Aston Villa,True,DM,90
ENG-Premier League,2627,2026-09-05 Hull City-Aston Villa,7,John McGinn,Aston Villa,True,AM,90
ENG-Premier League,2627,2026-09-05 Hull City-Aston Villa,8,Boubacar Kamara,Aston Villa,True,DM,90
ENG-Premier League,2627,2026-09-05 Hull City-Aston Villa,10,Emi Buendía,Aston Villa,True,AM,74
ENG-Premier League,2627,2026-09-05 Hull City-Aston Villa,11,Nicolas Jackson,Aston Villa,True,FW,84
ENG-Premier League,2627,2026-09-05 Hull City-Aston Villa,22,Ian Maatsen,Aston Villa,True,LB,74
ENG-Premier League,2627,2026-09-05 Hull City-Aston Villa,53,George Hemmings,Aston Villa,True,AM,74
ENG-Premier League,2627,2026-09-05 Hull City-Aston Villa,40,Marco Bizot,Aston Villa,False,,0
ENG-Premier League,2627,2026-09-05 Hull City-Aston Villa,13,Matteo Ruggeri,Aston Villa,False,"DF,MF",16
ENG-Premier League,2627,2026-09-05 Hull City-Aston Villa,14,Pau Torres,Aston Villa,False,,0
ENG-Premier League,2627,2026-09-05 Hull City-Aston Villa,17,Alejandro Garnacho,Aston Villa,False,MF,16
ENG-Premier League,2627,2026-09-05 Hull City-Aston Villa,18,Tammy Abraham,Aston Villa,False,FW,6
ENG-Premier League,2627,2026-09-05 Hull City-Aston Villa,19,Ibrahim Mbaye,Aston Villa,False,,0
ENG-Premier League,2627,2026-09-05 Hull City-Aston Villa,26,Lamare Bogarde,Aston Villa,False,,0
ENG-Premier League,2627,2026-09-05 Hull City-Aston Villa,29,Aaron Wan-Bissaka,Aston Villa,False,"DF,MF",6
ENG-Premier League,2627,2026-09-05 Hull City-Aston Villa,47,Alysson,Aston Villa,False,MF,16
ENG-Premier League,2627,2026-09-05 Manchester City-Coventry City,1,Gianluigi Donnarumma,Manchester City,True,GK,90
ENG-Premier League,2627,2026-09-05 Manchester City-Coventry City,3,Rúben Dias,Manchester City,True,CB,90
ENG-Premier League,2627,2026-09-05 Manchester City-Coventry City,5,Elliot Anderson,Manchester City,True,DM,90
ENG-Premier League,2627,2026-09-05 Manchester City-Coventry City,6,Marc Guéhi,Manchester City,True,CB,90
ENG-Premier League,2627,2026-09-05 Manchester City-Coventry City,7,Iliman Ndiaye,Manchester City,True,AM,86
ENG-Premier League,2627,2026-09-05 Manchester City-Coventry City,9,Erling Haaland,Manchester City,True,FW,90
ENG-Premier League,2627,2026-09-05 Manchester City-Coventry City,10,Rayan Cherki,Manchester City,True,AM,65
ENG-Premier League,2627,2026-09-05 Manchester City-Coventry City,17,Enzo Fernández,Manchester City,True,DM,75
ENG-Premier League,2627,2026-09-05 Manchester City-Coventry City,24,Joško Gvardiol,Manchester City,True,LB,90
ENG-Premier League,2627,2026-09-05 Manchester City-Coventry City,42,Antoine Semenyo,Manchester City,True,AM,90
ENG-Premier League,2627,2026-09-05 Manchester City-Coventry City,45,Abdukodir Khusanov,Manchester City,True,RB,90
ENG-Premier League,2627,2026-09-05 Manchester City-Coventry City,28,Gerónimo Rulli,Manchester City,False,,0
ENG-Premier League,2627,2026-09-05 Manchester City-Coventry City,8,Mateo Kovačić,Manchester City,False,,0
ENG-Premier League,2627,2026-09-05 Manchester City-Coventry City,21,Rayan Aït-Nouri,Manchester City,False,,0
ENG-Premier League,2627,2026-09-05 Manchester City-Coventry City,27,Matheus Nunes,Manchester City,False,,0
ENG-Premier League,2627,2026-09-05 Manchester City-Coventry City,32,Ayyoub Bouaddi,Manchester City,False,MF,15
ENG-Premier League,2627,2026-09-05 Manchester City-Coventry City,47,Phil Foden,Manchester City,False,"FW,MF",25
ENG-Premier League,2627,2026-09-05 Manchester City-Coventry City,56,Ryan Mcaidoo,Manchester City,False,FW,4
ENG-Premier League,2627,2026-09-05 Manchester City-Coventry City,75,Floyd Samba,Manchester City,False,,0
ENG-Premier League,2627,2026-09-05 Manchester City-Coventry City,82,Rico Lewis,Manchester City,False,,0
ENG-Premier League,2627,2026-09-05 Manchester City-Coventry City,19,Carl Rushworth,Coventry City,True,GK,90
ENG-Premier League,2627,2026-09-05 Manchester City-Coventry City,2,Ethan Pinnock,Coventry City,True,CB,90
ENG-Premier League,2627,2026-09-05 Manchester City-Coventry City,3,Jay Dasilva,Coventry City,True,DM,84
ENG-Premier League,2627,2026-09-05 Manchester City-Coventry City,4,Bobby Thomas,Coventry City,True,CB,90
ENG-Premier League,2627,2026-09-05 Manchester City-Coventry City,5,Jack Rudoni,Coventry City,True,AM,62
ENG-Premier League,2627,2026-09-05 Manchester City-Coventry City,6,Matt Grimes,Coventry City,True,DM,90
ENG-Premier League,2627,2026-09-05 Manchester City-Coventry City,10,Ephron Mason-Clark,Coventry City,True,AM,70
ENG-Premier League,2627,2026-09-05 Manchester City-Coventry City,14,Taiwo Awoniyi,Coventry City,True,FW,70
ENG-Premier League,2627,2026-09-05 Manchester City-Coventry City,16,Frank Onyeka,Coventry City,True,DM,62
ENG-Premier League,2627,2026-09-05 Manchester City-Coventry City,24,Aurèle Amenda,Coventry City,True,CB,90
ENG-Premier League,2627,2026-09-05 Manchester City-Coventry City,27,Milan van Ewijk,Coventry City,True,DM,90
ENG-Premier League,2627,2026-09-05 Manchester City-Coventry City,25,Daniel Bentley,Coventry City,False,,0
ENG-Premier League,2627,2026-09-05 Manchester City-Coventry City,7,Tatsuhiro Sakamoto,Coventry City,False,,0
ENG-Premier League,2627,2026-09-05 Manchester City-Coventry City,8,Caleb Yirenkyi,Coventry City,False,MF,28
ENG-Premier League,2627,2026-09-05 Manchester City-Coventry City,9,Ellis Simms,Coventry City,False,FW,20
ENG-Premier League,2627,2026-09-05 Manchester City-Coventry City,18,Loum Tchaouna,Coventry City,False,"FW,MF",28
ENG-Premier League,2627,2026-09-05 Manchester City-Coventry City,22,Joël Latibeaudière,Coventry City,False,,0
ENG-Premier League,2627,2026-09-05 Manchester City-Coventry City,23,Brandon Thomas-Asante,Coventry City,False,"FW,MF",20
ENG-Premier League,2627,2026-09-05 Manchester City-Coventry City,29,Victor Torp,Coventry City,False,,0
ENG-Premier League,2627,2026-09-05 Manchester City-Coventry City,38,Gustavo Hamer,Coventry City,False,MF,6
ENG-Premier League,2627,2026-09-05 Newcastle-Bournemouth,21,Lukáš Horníček,Newcastle United,True,GK,90
ENG-Premier League,2627,2026-09-05 Newcastle-Bournemouth,3,Lewis Hall,Newcastle United,True,LB,89
ENG-Premier League,2627,2026-09-05 Newcastle-Bournemouth,4,Sven Botman,Newcastle United,True,CB,90
ENG-Premier League,2627,2026-09-05 Newcastle-Bournemouth,6,Nicolás González,Newcastle United,True,DM,76
ENG-Premier League,2627,2026-09-05 Newcastle-Bournemouth,9,Yoane Wissa,Newcastle United,True,FW,90
ENG-Premier League,2627,2026-09-05 Newcastle-Bournemouth,11,Harvey Barnes,Newcastle United,True,AM,90
ENG-Premier League,2627,2026-09-05 Newcastle-Bournemouth,12,Malick Thiaw,Newcastle United,True,CB,90
ENG-Premier League,2627,2026-09-05 Newcastle-Bournemouth,19,Anthony Elanga,Newcastle United,True,AM,76
ENG-Premier League,2627,2026-09-05 Newcastle-Bournemouth,28,Joe Willock,Newcastle United,True,AM,62
ENG-Premier League,2627,2026-09-05 Newcastle-Bournemouth,37,Amar Dedić,Newcastle United,True,RB,90
ENG-Premier League,2627,2026-09-05 Newcastle-Bournemouth,67,Lewis Miley,Newcastle United,True,DM,62
ENG-Premier League,2627,2026-09-05 Newcastle-Bournemouth,1,Nick Pope,Newcastle United,False,,0
ENG-Premier League,2627,2026-09-05 Newcastle-Bournemouth,2,Tino Livramento,Newcastle United,False,"DF,MF",1
ENG-Premier League,2627,2026-09-05 Newcastle-Bournemouth,5,Fabian Schär,Newcastle United,False,,0
ENG-Premier League,2627,2026-09-05 Newcastle-Bournemouth,8,Aladji Bamba,Newcastle United,False,,0
ENG-Premier League,2627,2026-09-05 Newcastle-Bournemouth,14,Sean Steur,Newcastle United,False,MF,14
ENG-Premier League,2627,2026-09-05 Newcastle-Bournemouth,17,Bazoumana Touré,Newcastle United,False,,0
ENG-Premier League,2627,2026-09-05 Newcastle-Bournemouth,20,Matias Fernandez-Pardo,Newcastle United,False,"FW,MF",28
ENG-Premier League,2627,2026-09-05 Newcastle-Bournemouth,23,Jacob Murphy,Newcastle United,False,"DF,FW",14
ENG-Premier League,2627,2026-09-05 Newcastle-Bournemouth,41,Jacob Ramsey,Newcastle United,False,MF,28
ENG-Premier League,2627,2026-09-05 Newcastle-Bournemouth,1,Đorđe Petrović,Bournemouth,True,GK,90
ENG-Premier League,2627,2026-09-05 Newcastle-Bournemouth,3,Adrien Truffert,Bournemouth,True,LB,90
ENG-Premier League,2627,2026-09-05 Newcastle-Bournemouth,5,James Hill,Bournemouth,True,CB,90
ENG-Premier League,2627,2026-09-05 Newcastle-Bournemouth,8,Alex Scott,Bournemouth,True,DM,89
ENG-Premier League,2627,2026-09-05 Newcastle-Bournemouth,9,Evanilson,Bournemouth,True,FW,90
ENG-Premier League,2627,2026-09-05 Newcastle-Bournemouth,12,Tyler Adams,Bournemouth,True,DM,75
ENG-Premier League,2627,2026-09-05 Newcastle-Bournemouth,14,António Silva,Bournemouth,True,CB,90
ENG-Premier League,2627,2026-09-05 Newcastle-Bournemouth,15,Adam Smith,Bournemouth,True,RB,90
ENG-Premier League,2627,2026-09-05 Newcastle-Bournemouth,16,Marcus Tavernier,Bournemouth,True,AM,88
ENG-Premier League,2627,2026-09-05 Newcastle-Bournemouth,19,Justin Kluivert,Bournemouth,True,AM,75
ENG-Premier League,2627,2026-09-05 Newcastle-Bournemouth,37,Rayan,Bournemouth,True,AM,88
ENG-Premier League,2627,2026-09-05 Newcastle-Bournemouth,20,Michele Di Gregorio,Bournemouth,False,,0
ENG-Premier League,2627,2026-09-05 Newcastle-Bournemouth,4,Lewis Cook,Bournemouth,False,MF,15
ENG-Premier League,2627,2026-09-05 Newcastle-Bournemouth,6,Julio Soler,Bournemouth,False,,0
ENG-Premier League,2627,2026-09-05 Newcastle-Bournemouth,7,David Brooks,Bournemouth,False,"FW,MF",15
ENG-Premier League,2627,2026-09-05 Newcastle-Bournemouth,10,Ryan Christie,Bournemouth,False,"FW,MF",1
ENG-Premier League,2627,2026-09-05 Newcastle-Bournemouth,11,Ben Gannon-Doak,Bournemouth,False,MF,2
ENG-Premier League,2627,2026-09-05 Newcastle-Bournemouth,18,Bafodé Diakité,Bournemouth,False,,0
ENG-Premier League,2627,2026-09-05 Newcastle-Bournemouth,24,Juanlu Sánchez,Bournemouth,False,,0
ENG-Premier League,2627,2026-09-05 Newcastle-Bournemouth,29,Daniel Jebbison,Bournemouth,False,FW,2
ENG-Premier League,2627,2026-09-05 Nottingham-Tottenham,26,Matz Sels,Nottingham Forest,True,GK,90
ENG-Premier League,2627,2026-09-05 Nottingham-Tottenham,3,Neco Williams,Nottingham Forest,True,DM,90
ENG-Premier League,2627,2026-09-05 Nottingham-Tottenham,5,Murillo,Nottingham Forest,True,CB,89
ENG-Premier League,2627,2026-09-05 Nottingham-Tottenham,10,Morgan Gibbs-White,Nottingham Forest,True,AM,90
ENG-Premier League,2627,2026-09-05 Nottingham-Tottenham,14,Dan Ndoye,Nottingham Forest,True,AM,58
ENG-Premier League,2627,2026-09-05 Nottingham-Tottenham,19,Liam Delap,Nottingham Forest,True,FW,73
ENG-Premier League,2627,2026-09-05 Nottingham-Tottenham,21,Xaver Schlager,Nottingham Forest,True,DM,90
ENG-Premier League,2627,2026-09-05 Nottingham-Tottenham,23,Jair Cunha,Nottingham Forest,True,CB,90
ENG-Premier League,2627,2026-09-05 Nottingham-Tottenham,24,James Mcatee,Nottingham Forest,True,DM,90
ENG-Premier League,2627,2026-09-05 Nottingham-Tottenham,31,Nikola Milenković,Nottingham Forest,True,CB,90
ENG-Premier League,2627,2026-09-05 Nottingham-Tottenham,34,Ola Aina,Nottingham Forest,True,DM,58
ENG-Premier League,2627,2026-09-05 Nottingham-Tottenham,12,John,Nottingham Forest,False,,0
ENG-Premier League,2627,2026-09-05 Nottingham-Tottenham,2,Ousmane Diomande,Nottingham Forest,False,DF,1
ENG-Premier League,2627,2026-09-05 Nottingham-Tottenham,7,Callum Hudson-Odoi,Nottingham Forest,False,,0
ENG-Premier League,2627,2026-09-05 Nottingham-Tottenham,8,Nicolás Domínguez,Nottingham Forest,False,,0
ENG-Premier League,2627,2026-09-05 Nottingham-Tottenham,9,Chris Wood,Nottingham Forest,False,FW,17
ENG-Premier League,2627,2026-09-05 Nottingham-Tottenham,11,Igor Jesus,Nottingham Forest,False,FW,32
ENG-Premier League,2627,2026-09-05 Nottingham-Tottenham,22,Ryan Yates,Nottingham Forest,False,,0
ENG-Premier League,2627,2026-09-05 Nottingham-Tottenham,25,Luca Netz,Nottingham Forest,False,,0
ENG-Premier League,2627,2026-09-05 Nottingham-Tottenham,27,Daniel Muñoz,Nottingham Forest,False,"DF,MF",32
ENG-Premier League,2627,2026-09-05 Nottingham-Tottenham,31,Antonín Kinský,Tottenham Hotspur,True,GK,90
ENG-Premier League,2627,2026-09-05 Nottingham-Tottenham,6,Jan Paul van Hecke,Tottenham Hotspur,True,CB,90
ENG-Premier League,2627,2026-09-05 Nottingham-Tottenham,8,Conor Gallagher,Tottenham Hotspur,True,AM,83
ENG-Premier League,2627,2026-09-05 Nottingham-Tottenham,11,Mathys Tel,Tottenham Hotspur,True,AM,73
ENG-Premier League,2627,2026-09-05 Nottingham-Tottenham,13,Destiny Udogie,Tottenham Hotspur,True,LB,60
ENG-Premier League,2627,2026-09-05 Nottingham-Tottenham,16,Sandro Tonali,Tottenham Hotspur,True,DM,90
ENG-Premier League,2627,2026-09-05 Nottingham-Tottenham,17,Sávio,Tottenham Hotspur,True,AM,60
ENG-Premier League,2627,2026-09-05 Nottingham-Tottenham,22,Omar Marmoush,Tottenham Hotspur,True,FW,83
ENG-Premier League,2627,2026-09-05 Nottingham-Tottenham,23,Pedro Porro,Tottenham Hotspur,True,RB,90
ENG-Premier League,2627,2026-09-05 Nottingham-Tottenham,30,Rodrigo Bentancur,Tottenham Hotspur,True,DM,90
ENG-Premier League,2627,2026-09-05 Nottingham-Tottenham,37,Micky van de Ven,Tottenham Hotspur,True,CB,90
ENG-Premier League,2627,2026-09-05 Nottingham-Tottenham,39,Martin Dúbravka,Tottenham Hotspur,False,,0
ENG-Premier League,2627,2026-09-05 Nottingham-Tottenham,3,Andy Robertson,Tottenham Hotspur,False,"DF,MF",30
ENG-Premier League,2627,2026-09-05 Nottingham-Tottenham,5,Marcos Senesi,Tottenham Hotspur,False,,0
ENG-Premier League,2627,2026-09-05 Nottingham-Tottenham,14,Archie Gray,Tottenham Hotspur,False,,0
ENG-Premier League,2627,2026-09-05 Nottingham-Tottenham,15,Lucas Bergvall,Tottenham Hotspur,False,,0
ENG-Premier League,2627,2026-09-05 Nottingham-Tottenham,18,Mateus Fernandes,Tottenham Hotspur,False,MF,7
ENG-Premier League,2627,2026-09-05 Nottingham-Tottenham,19,Dominic Solanke,Tottenham Hotspur,False,FW,7
ENG-Premier League,2627,2026-09-05 Nottingham-Tottenham,20,Mohammed Kudus,Tottenham Hotspur,False,"FW,MF",30
ENG-Premier League,2627,2026-09-05 Nottingham-Tottenham,27,Mykhailo Mudryk,Tottenham Hotspur,False,MF,17
ENG-Premier League,2627,2026-09-06 Arsenal-Chelsea,1,David Raya,Arsenal,True,GK,90
ENG-Premier League,2627,2026-09-06 Arsenal-Chelsea,4,Ben White,Arsenal,True,RB,90
ENG-Premier League,2627,2026-09-06 Arsenal-Chelsea,6,Gabriel Magalhães,Arsenal,True,CB,90
ENG-Premier League,2627,2026-09-06 Arsenal-Chelsea,7,Bukayo Saka,Arsenal,True,AM,89
ENG-Premier League,2627,2026-09-06 Arsenal-Chelsea,8,Martin Ødegaard,Arsenal,True,AM,77
ENG-Premier League,2627,2026-09-06 Arsenal-Chelsea,15,Ezri Konsa,Arsenal,True,CB,90
ENG-Premier League,2627,2026-09-06 Arsenal-Chelsea,17,Christos Tzolis,Arsenal,True,AM,90
ENG-Premier League,2627,2026-09-06 Arsenal-Chelsea,29,Kai Havertz,Arsenal,True,FW,77
ENG-Premier League,2627,2026-09-06 Arsenal-Chelsea,33,Riccardo Calafiori,Arsenal,True,LB,66
ENG-Premier League,2627,2026-09-06 Arsenal-Chelsea,41,Declan Rice,Arsenal,True,DM,90
ENG-Premier League,2627,2026-09-06 Arsenal-Chelsea,49,Myles Lewis-Skelly,Arsenal,True,DM,66
ENG-Premier League,2627,2026-09-06 Arsenal-Chelsea,13,Kepa Arrizabalaga,Arsenal,False,,0
ENG-Premier League,2627,2026-09-06 Arsenal-Chelsea,5,Piero Hincapié,Arsenal,False,DF,24
ENG-Premier League,2627,2026-09-06 Arsenal-Chelsea,10,Eberechi Eze,Arsenal,False,,0
ENG-Premier League,2627,2026-09-06 Arsenal-Chelsea,14,Viktor Gyökeres,Arsenal,False,"FW,MF",13
ENG-Premier League,2627,2026-09-06 Arsenal-Chelsea,20,Noni Madueke,Arsenal,False,"FW,MF",1
ENG-Premier League,2627,2026-09-06 Arsenal-Chelsea,23,Mikel Merino,Arsenal,False,MF,13
ENG-Premier League,2627,2026-09-06 Arsenal-Chelsea,36,Martín Zubimendi,Arsenal,False,MF,24
ENG-Premier League,2627,2026-09-06 Arsenal-Chelsea,39,Bruno Guimarães,Arsenal,False,,0
ENG-Premier League,2627,2026-09-06 Arsenal-Chelsea,56,Max Dowman,Arsenal,False,,0
ENG-Premier League,2627,2026-09-06 Arsenal-Chelsea,1,Emiliano Martínez,Chelsea,True,GK,90
ENG-Premier League,2627,2026-09-06 Arsenal-Chelsea,3,Wesley Fofana,Chelsea,True,CB,90
ENG-Premier League,2627,2026-09-06 Arsenal-Chelsea,5,Maxence Lacroix,Chelsea,True,CB,90
ENG-Premier League,2627,2026-09-06 Arsenal-Chelsea,7,Pedro Neto,Chelsea,True,DM,80
ENG-Premier League,2627,2026-09-06 Arsenal-Chelsea,9,João Pedro,Chelsea,True,FW,90
ENG-Premier League,2627,2026-09-06 Arsenal-Chelsea,10,Cole Palmer,Chelsea,True,AM,90
ENG-Premier League,2627,2026-09-06 Arsenal-Chelsea,17,Morgan Rogers,Chelsea,True,AM,86
ENG-Premier League,2627,2026-09-06 Arsenal-Chelsea,21,Jorrel Hato,Chelsea,True,DM,59
ENG-Premier League,2627,2026-09-06 Arsenal-Chelsea,24,Reece James,Chelsea,True,DM,90
ENG-Premier League,2627,2026-09-06 Arsenal-Chelsea,34,Joshua Acheampong,Chelsea,True,CB,90
ENG-Premier League,2627,2026-09-06 Arsenal-Chelsea,45,Roméo Lavia,Chelsea,True,DM,59
ENG-Premier League,2627,2026-09-06 Arsenal-Chelsea,39,Mike Penders,Chelsea,False,,0
ENG-Premier League,2627,2026-09-06 Arsenal-Chelsea,4,Valentín Barco,Chelsea,False,,0
ENG-Premier League,2627,2026-09-06 Arsenal-Chelsea,6,Levi Colwill,Chelsea,False,,0
ENG-Premier League,2627,2026-09-06 Arsenal-Chelsea,11,Jamie Gittens,Chelsea,False,,0
ENG-Premier League,2627,2026-09-06 Arsenal-Chelsea,18,Danny Welbeck,Chelsea,False,"FW,MF",4
ENG-Premier League,2627,2026-09-06 Arsenal-Chelsea,23,Geovany Quenda,Chelsea,False,,0
ENG-Premier League,2627,2026-09-06 Arsenal-Chelsea,27,Malo Gusto,Chelsea,False,"DF,MF",31
ENG-Premier League,2627,2026-09-06 Arsenal-Chelsea,29,Pep Chavarría,Chelsea,False,"DF,MF",31
ENG-Premier League,2627,2026-09-06 Arsenal-Chelsea,41,Estêvão Willian,Chelsea,False,MF,10
ENG-Premier League,2627,2026-09-06 Everton-Manchester Utd,1,Jordan Pickford,Everton,True,GK,90
ENG-Premier League,2627,2026-09-06 Everton-Manchester Utd,4,Jarrad Branthwaite,Everton,True,CB,90
ENG-Premier League,2627,2026-09-06 Everton-Manchester Utd,6,James Tarkowski,Everton,True,CB,90
ENG-Premier League,2627,2026-09-06 Everton-Manchester Utd,8,Kiernan Dewsbury-Hall,Everton,True,AM,90
ENG-Premier League,2627,2026-09-06 Everton-Manchester Utd,11,Thierno Barry,Everton,True,FW,90
ENG-Premier League,2627,2026-09-06 Everton-Manchester Utd,16,Vitaliy Mykolenko,Everton,True,LB,90
ENG-Premier League,2627,2026-09-06 Everton-Manchester Utd,19,Tyrique George,Everton,True,AM,90
ENG-Premier League,2627,2026-09-06 Everton-Manchester Utd,22,Brennan Johnson,Everton,True,AM,65
ENG-Premier League,2627,2026-09-06 Everton-Manchester Utd,34,Merlin Röhl,Everton,True,RB,74
ENG-Premier League,2627,2026-09-06 Everton-Manchester Utd,37,James Garner,Everton,True,DM,76
ENG-Premier League,2627,2026-09-06 Everton-Manchester Utd,45,Harrison Armstrong,Everton,True,DM,90
ENG-Premier League,2627,2026-09-06 Everton-Manchester Utd,12,Mark Travers,Everton,False,,0
ENG-Premier League,2627,2026-09-06 Everton-Manchester Utd,2,Ainsley Maitland-Niles,Everton,False,"DF,FW",14
ENG-Premier League,2627,2026-09-06 Everton-Manchester Utd,5,Michael Keane,Everton,False,,0
ENG-Premier League,2627,2026-09-06 Everton-Manchester Utd,10,Jack Grealish,Everton,False,"FW,MF",25
ENG-Premier League,2627,2026-09-06 Everton-Manchester Utd,15,Jake O'Brien,Everton,False,,0
ENG-Premier League,2627,2026-09-06 Everton-Manchester Utd,20,Tyler Dibling,Everton,False,,0
ENG-Premier League,2627,2026-09-06 Everton-Manchester Utd,24,Carlos Alcaraz,Everton,False,,0
ENG-Premier League,2627,2026-09-06 Everton-Manchester Utd,30,Hayden Hackney,Everton,False,MF,16
ENG-Premier League,2627,2026-09-06 Everton-Manchester Utd,58,Braiden Graham,Everton,False,,0
ENG-Premier League,2627,2026-09-06 Everton-Manchester Utd,1,Senne Lammens,Manchester United,True,GK,90
ENG-Premier League,2627,2026-09-06 Everton-Manchester Utd,2,Diogo Dalot,Manchester United,True,RB,83
ENG-Premier League,2627,2026-09-06 Everton-Manchester Utd,5,Harry Maguire,Manchester United,True,CB,90
ENG-Premier League,2627,2026-09-06 Everton-Manchester Utd,6,Lisandro Martínez,Manchester United,True,CB,90
ENG-Premier League,2627,2026-09-06 Everton-Manchester Utd,8,Bruno Fernandes,Manchester United,True,AM,90
ENG-Premier League,2627,2026-09-06 Everton-Manchester Utd,9,Marcus Rashford,Manchester United,True,AM,69
ENG-Premier League,2627,2026-09-06 Everton-Manchester Utd,10,Matheus Cunha,Manchester United,True,FW,69
ENG-Premier League,2627,2026-09-06 Everton-Manchester Utd,18,Youri Tielemans,Manchester United,True,DM,90
ENG-Premier League,2627,2026-09-06 Everton-Manchester Utd,19,Bryan Mbeumo,Manchester United,True,AM,90
ENG-Premier League,2627,2026-09-06 Everton-Manchester Utd,23,Luke Shaw,Manchester United,True,LB,89
ENG-Premier League,2627,2026-09-06 Everton-Manchester Utd,37,Kobbie Mainoo,Manchester United,True,DM,83
ENG-Premier League,2627,2026-09-06 Everton-Manchester Utd,12,Karl Darlow,Manchester United,False,,0
ENG-Premier League,2627,2026-09-06 Everton-Manchester Utd,3,Noussair Mazraoui,Manchester United,False,"DF,MF",1
ENG-Premier League,2627,2026-09-06 Everton-Manchester Utd,7,Mason Mount,Manchester United,False,,0
ENG-Premier League,2627,2026-09-06 Everton-Manchester Utd,11,Joshua Zirkzee,Manchester United,False,,0
ENG-Premier League,2627,2026-09-06 Everton-Manchester Utd,13,Patrick Dorgu,Manchester United,False,"DF,MF",21
ENG-Premier League,2627,2026-09-06 Everton-Manchester Utd,15,Leny Yoro,Manchester United,False,DF,7
ENG-Premier League,2627,2026-09-06 Everton-Manchester Utd,17,Andrey Santos,Manchester United,False,MF,7
ENG-Premier League,2627,2026-09-06 Everton-Manchester Utd,26,Ayden Heaven,Manchester United,False,,0
ENG-Premier League,2627,2026-09-06 Everton-Manchester Utd,30,Benjamin Šeško,Manchester United,False,FW,21
ENG-Premier League,2627,2026-09-12 Aston Villa-Nottingham,1,Zion Suzuki,Aston Villa,True,GK,90
ENG-Premier League,2627,2026-09-12 Aston Villa-Nottingham,3,Victor Lindelöf,Aston Villa,True,CB,90
ENG-Premier League,2627,2026-09-12 Aston Villa-Nottingham,6,Ross Barkley,Aston Villa,True,DM,62
ENG-Premier League,2627,2026-09-12 Aston Villa-Nottingham,7,John McGinn,Aston Villa,True,AM,90
ENG-Premier League,2627,2026-09-12 Aston Villa-Nottingham,8,Boubacar Kamara,Aston Villa,True,DM,90
ENG-Premier League,2627,2026-09-12 Aston Villa-Nottingham,10,Emi Buendía,Aston Villa,True,AM,62
ENG-Premier League,2627,2026-09-12 Aston Villa-Nottingham,11,Nicolas Jackson,Aston Villa,True,FW,45
ENG-Premier League,2627,2026-09-12 Aston Villa-Nottingham,14,Pau Torres,Aston Villa,True,CB,24
ENG-Premier League,2627,2026-09-12 Aston Villa-Nottingham,22,Ian Maatsen,Aston Villa,True,LB,90
ENG-Premier League,2627,2026-09-12 Aston Villa-Nottingham,29,Aaron Wan-Bissaka,Aston Villa,True,RB,90
ENG-Premier League,2627,2026-09-12 Aston Villa-Nottingham,53,George Hemmings,Aston Villa,True,AM,45
ENG-Premier League,2627,2026-09-12 Aston Villa-Nottingham,40,Marco Bizot,Aston Villa,False,,0
ENG-Premier League,2627,2026-09-12 Aston Villa-Nottingham,5,Tyrone Mings,Aston Villa,False,DF,66
ENG-Premier League,2627,2026-09-12 Aston Villa-Nottingham,13,Matteo Ruggeri,Aston Villa,False,,0
ENG-Premier League,2627,2026-09-12 Aston Villa-Nottingham,17,Alejandro Garnacho,Aston Villa,False,,0
ENG-Premier League,2627,2026-09-12 Aston Villa-Nottingham,18,Tammy Abraham,Aston Villa,False,FW,45
ENG-Premier League,2627,2026-09-12 Aston Villa-Nottingham,19,Ibrahim Mbaye,Aston Villa,False,FW,28
ENG-Premier League,2627,2026-09-12 Aston Villa-Nottingham,26,Lamare Bogarde,Aston Villa,False,,0
ENG-Premier League,2627,2026-09-12 Aston Villa-Nottingham,44,Johan Manzambi,Aston Villa,False,MF,28
ENG-Premier League,2627,2026-09-12 Aston Villa-Nottingham,47,Alysson,Aston Villa,False,MF,45
ENG-Premier League,2627,2026-09-12 Aston Villa-Nottingham,26,Matz Sels,Nottingham Forest,True,GK,90
ENG-Premier League,2627,2026-09-12 Aston Villa-Nottingham,2,Ousmane Diomande,Nottingham Forest,True,CB,90
ENG-Premier League,2627,2026-09-12 Aston Villa-Nottingham,3,Neco Williams,Nottingham Forest,True,DM,90
ENG-Premier League,2627,2026-09-12 Aston Villa-Nottingham,5,Murillo,Nottingham Forest,True,CB,90
ENG-Premier League,2627,2026-09-12 Aston Villa-Nottingham,10,Morgan Gibbs-White,Nottingham Forest,True,AM,90
ENG-Premier League,2627,2026-09-12 Aston Villa-Nottingham,14,Dan Ndoye,Nottingham Forest,True,AM,74
ENG-Premier League,2627,2026-09-12 Aston Villa-Nottingham,19,Liam Delap,Nottingham Forest,True,FW,89
ENG-Premier League,2627,2026-09-12 Aston Villa-Nottingham,21,Xaver Schlager,Nottingham Forest,True,DM,90
ENG-Premier League,2627,2026-09-12 Aston Villa-Nottingham,24,James Mcatee,Nottingham Forest,True,DM,81
ENG-Premier League,2627,2026-09-12 Aston Villa-Nottingham,27,Daniel Muñoz,Nottingham Forest,True,DM,90
ENG-Premier League,2627,2026-09-12 Aston Villa-Nottingham,34,Ola Aina,Nottingham Forest,True,CB,90
ENG-Premier League,2627,2026-09-12 Aston Villa-Nottingham,12,John,Nottingham Forest,False,,0
ENG-Premier League,2627,2026-09-12 Aston Villa-Nottingham,6,Ibrahim Sangaré,Nottingham Forest,False,MF,9
ENG-Premier League,2627,2026-09-12 Aston Villa-Nottingham,7,Callum Hudson-Odoi,Nottingham Forest,False,,0
ENG-Premier League,2627,2026-09-12 Aston Villa-Nottingham,8,Nicolás Domínguez,Nottingham Forest,False,,0
ENG-Premier League,2627,2026-09-12 Aston Villa-Nottingham,9,Chris Wood,Nottingham Forest,False,FW,1
ENG-Premier League,2627,2026-09-12 Aston Villa-Nottingham,11,Igor Jesus,Nottingham Forest,False,FW,16
ENG-Premier League,2627,2026-09-12 Aston Villa-Nottingham,15,Arnaud Kalimuendo,Nottingham Forest,False,,0
ENG-Premier League,2627,2026-09-12 Aston Villa-Nottingham,22,Ryan Yates,Nottingham Forest,False,,0
ENG-Premier League,2627,2026-09-12 Aston Villa-Nottingham,25,Luca Netz,Nottingham Forest,False,,0
ENG-Premier League,2627,2026-09-12 Bournemouth-Brentford,1,Đorđe Petrović,Bournemouth,True,GK,90
ENG-Premier League,2627,2026-09-12 Bournemouth-Brentford,3,Adrien Truffert,Bournemouth,True,LB,90
ENG-Premier League,2627,2026-09-12 Bournemouth-Brentford,5,James Hill,Bournemouth,True,CB,90
ENG-Premier League,2627,2026-09-12 Bournemouth-Brentford,8,Alex Scott,Bournemouth,True,DM,90
ENG-Premier League,2627,2026-09-12 Bournemouth-Brentford,9,Evanilson,Bournemouth,True,FW,89
ENG-Premier League,2627,2026-09-12 Bournemouth-Brentford,12,Tyler Adams,Bournemouth,True,DM,81
ENG-Premier League,2627,2026-09-12 Bournemouth-Brentford,14,António Silva,Bournemouth,True,CB,90
ENG-Premier League,2627,2026-09-12 Bournemouth-Brentford,15,Adam Smith,Bournemouth,True,RB,90
ENG-Premier League,2627,2026-09-12 Bournemouth-Brentford,16,Marcus Tavernier,Bournemouth,True,AM,82
ENG-Premier League,2627,2026-09-12 Bournemouth-Brentford,19,Justin Kluivert,Bournemouth,True,AM,65
ENG-Premier League,2627,2026-09-12 Bournemouth-Brentford,37,Rayan,Bournemouth,True,AM,81
ENG-Premier League,2627,2026-09-12 Bournemouth-Brentford,20,Michele Di Gregorio,Bournemouth,False,,0
ENG-Premier League,2627,2026-09-12 Bournemouth-Brentford,4,Lewis Cook,Bournemouth,False,MF,9
ENG-Premier League,2627,2026-09-12 Bournemouth-Brentford,6,Julio Soler,Bournemouth,False,,0
ENG-Premier League,2627,2026-09-12 Bournemouth-Brentford,7,David Brooks,Bournemouth,False,"FW,MF",8
ENG-Premier League,2627,2026-09-12 Bournemouth-Brentford,10,Ryan Christie,Bournemouth,False,"FW,MF",25
ENG-Premier League,2627,2026-09-12 Bournemouth-Brentford,11,Ben Gannon-Doak,Bournemouth,False,MF,9
ENG-Premier League,2627,2026-09-12 Bournemouth-Brentford,18,Bafodé Diakité,Bournemouth,False,,0
ENG-Premier League,2627,2026-09-12 Bournemouth-Brentford,27,Alex Tóth,Bournemouth,False,,0
ENG-Premier League,2627,2026-09-12 Bournemouth-Brentford,30,Álvaro Rodríguez,Bournemouth,False,FW,1
ENG-Premier League,2627,2026-09-12 Bournemouth-Brentford,1,Caoimhín Kelleher,Brentford,True,GK,90
ENG-Premier League,2627,2026-09-12 Bournemouth-Brentford,2,Aaron Hickey,Brentford,True,RB,70
ENG-Premier League,2627,2026-09-12 Bournemouth-Brentford,6,Yehor Yarmoliuk,Brentford,True,AM,59
ENG-Premier League,2627,2026-09-12 Bournemouth-Brentford,7,Kevin Schade,Brentford,True,AM,90
ENG-Premier League,2627,2026-09-12 Bournemouth-Brentford,9,Igor Thiago,Brentford,True,FW,90
ENG-Premier League,2627,2026-09-12 Bournemouth-Brentford,18,Mamadou Sangare,Brentford,True,DM,90
ENG-Premier League,2627,2026-09-12 Bournemouth-Brentford,19,Jaidon Anthony,Brentford,True,AM,59
ENG-Premier League,2627,2026-09-12 Bournemouth-Brentford,20,Kristoffer Ajer,Brentford,True,CB,90
ENG-Premier League,2627,2026-09-12 Bournemouth-Brentford,23,Keane Lewis-Potter,Brentford,True,LB,59
ENG-Premier League,2627,2026-09-12 Bournemouth-Brentford,27,Vitaly Janelt,Brentford,True,DM,90
ENG-Premier League,2627,2026-09-12 Bournemouth-Brentford,44,Jannik Schuster,Brentford,True,CB,90
ENG-Premier League,2627,2026-09-12 Bournemouth-Brentford,12,Hákon Valdimarsson,Brentford,False,,0
ENG-Premier League,2627,2026-09-12 Bournemouth-Brentford,3,Rico Henry,Brentford,False,,0
ENG-Premier League,2627,2026-09-12 Bournemouth-Brentford,11,Dango Ouattara,Brentford,False,"FW,MF",31
ENG-Premier League,2627,2026-09-12 Bournemouth-Brentford,13,Callum Wilson,Brentford,False,,0
ENG-Premier League,2627,2026-09-12 Bournemouth-Brentford,14,Fabio Carvalho,Brentford,False,,0
ENG-Premier League,2627,2026-09-12 Bournemouth-Brentford,24,Mikkel Damsgaard,Brentford,False,"FW,MF",31
ENG-Premier League,2627,2026-09-12 Bournemouth-Brentford,25,El Hadji Malick Diouf,Brentford,False,"DF,MF",31
ENG-Premier League,2627,2026-09-12 Bournemouth-Brentford,33,Michael Kayode,Brentford,False,DF,20
ENG-Premier League,2627,2026-09-12 Bournemouth-Brentford,39,Gustavo Nunes,Brentford,False,,0
ENG-Premier League,2627,2026-09-12 Chelsea-Hull City,1,Emiliano Martínez,Chelsea,True,GK,90
ENG-Premier League,2627,2026-09-12 Chelsea-Hull City,3,Wesley Fofana,Chelsea,True,CB,85
ENG-Premier League,2627,2026-09-12 Chelsea-Hull City,6,Levi Colwill,Chelsea,True,CB,90
ENG-Premier League,2627,2026-09-12 Chelsea-Hull City,7,Pedro Neto,Chelsea,True,AM,85
ENG-Premier League,2627,2026-09-12 Chelsea-Hull City,9,João Pedro,Chelsea,True,FW,90
ENG-Premier League,2627,2026-09-12 Chelsea-Hull City,10,Cole Palmer,Chelsea,True,AM,90
ENG-Premier League,2627,2026-09-12 Chelsea-Hull City,17,Morgan Rogers,Chelsea,True,AM,90
ENG-Premier League,2627,2026-09-12 Chelsea-Hull City,21,Jorrel Hato,Chelsea,True,LB,45
ENG-Premier League,2627,2026-09-12 Chelsea-Hull City,24,Reece James,Chelsea,True,DM,90
ENG-Premier League,2627,2026-09-12 Chelsea-Hull City,27,Malo Gusto,Chelsea,True,RB,77
ENG-Premier League,2627,2026-09-12 Chelsea-Hull City,45,Roméo Lavia,Chelsea,True,DM,68
ENG-Premier League,2627,2026-09-12 Chelsea-Hull City,39,Mike Penders,Chelsea,False,,0
ENG-Premier League,2627,2026-09-12 Chelsea-Hull City,4,Valentín Barco,Chelsea,False,"DF,MF",22
ENG-Premier League,2627,2026-09-12 Chelsea-Hull City,5,Maxence Lacroix,Chelsea,False,DF,5
ENG-Premier League,2627,2026-09-12 Chelsea-Hull City,11,Jamie Gittens,Chelsea,False,,0
ENG-Premier League,2627,2026-09-12 Chelsea-Hull City,18,Danny Welbeck,Chelsea,False,"FW,MF",13
ENG-Premier League,2627,2026-09-12 Chelsea-Hull City,23,Geovany Quenda,Chelsea,False,,0
ENG-Premier League,2627,2026-09-12 Chelsea-Hull City,29,Pep Chavarría,Chelsea,False,"DF,MF",45
ENG-Premier League,2627,2026-09-12 Chelsea-Hull City,34,Joshua Acheampong,Chelsea,False,,0
ENG-Premier League,2627,2026-09-12 Chelsea-Hull City,41,Estêvão Willian,Chelsea,False,MF,5
ENG-Premier League,2627,2026-09-12 Chelsea-Hull City,19,Kostas Tzolakis,Hull City,True,GK,90
ENG-Premier League,2627,2026-09-12 Chelsea-Hull City,2,Lewie Coyle,Hull City,True,RB,81
ENG-Premier League,2627,2026-09-12 Chelsea-Hull City,3,Ryan Giles,Hull City,True,LB,90
ENG-Premier League,2627,2026-09-12 Chelsea-Hull City,6,Semi Ajayi,Hull City,True,CB,90
ENG-Premier League,2627,2026-09-12 Chelsea-Hull City,9,Oliver McBurnie,Hull City,True,FW,81
ENG-Premier League,2627,2026-09-12 Chelsea-Hull City,10,Bachir Belloumi,Hull City,True,RM,59
ENG-Premier League,2627,2026-09-12 Chelsea-Hull City,15,John Egan,Hull City,True,CB,90
ENG-Premier League,2627,2026-09-12 Chelsea-Hull City,21,Elliot Stroud,Hull City,True,LM,59
ENG-Premier League,2627,2026-09-12 Chelsea-Hull City,25,Matt Crooks,Hull City,True,CM,68
ENG-Premier League,2627,2026-09-12 Chelsea-Hull City,27,Regan Slater,Hull City,True,CM,90
ENG-Premier League,2627,2026-09-12 Chelsea-Hull City,32,Nobel Mendy,Hull City,True,CB,58
ENG-Premier League,2627,2026-09-12 Chelsea-Hull City,12,Dillon Phillips,Hull City,False,,0
ENG-Premier League,2627,2026-09-12 Chelsea-Hull City,7,Sorba Thomas,Hull City,False,"FW,MF",31
ENG-Premier League,2627,2026-09-12 Chelsea-Hull City,18,Brooke Norton-Cuffy,Hull City,False,"DF,MF",9
ENG-Premier League,2627,2026-09-12 Chelsea-Hull City,22,Lucas Herrington,Hull City,False,DF,32
ENG-Premier League,2627,2026-09-12 Chelsea-Hull City,23,Matt Targett,Hull City,False,,0
ENG-Premier League,2627,2026-09-12 Chelsea-Hull City,29,Lucas Gourna-Douath,Hull City,False,,0
ENG-Premier League,2627,2026-09-12 Chelsea-Hull City,42,Tim Iroegbunam,Hull City,False,MF,22
ENG-Premier League,2627,2026-09-12 Chelsea-Hull City,47,Robinio Vaz,Hull City,False,FW,9
ENG-Premier League,2627,2026-09-12 Chelsea-Hull City,50,Mohamed Ali Cho,Hull City,False,"FW,MF",31
ENG-Premier League,2627,2026-09-12 Crystal Palace-Ipswich Town,44,Walter Benítez,Crystal Palace,True,GK,90
ENG-Premier League,2627,2026-09-12 Crystal Palace-Ipswich Town,3,Tyrick Mitchell,Crystal Palace,True,DM,76
ENG-Premier League,2627,2026-09-12 Crystal Palace-Ipswich Town,5,Axel Disasi,Crystal Palace,True,CB,33
ENG-Premier League,2627,2026-09-12 Crystal Palace-Ipswich Town,10,Yéremy Pino,Crystal Palace,True,AM,36
ENG-Premier League,2627,2026-09-12 Crystal Palace-Ipswich Town,18,Daichi Kamada,Crystal Palace,True,AM,83
ENG-Premier League,2627,2026-09-12 Crystal Palace-Ipswich Town,20,Adam Wharton,Crystal Palace,True,DM,76
ENG-Premier League,2627,2026-09-12 Crystal Palace-Ipswich Town,21,Honest Ahanor,Crystal Palace,True,CB,90
ENG-Premier League,2627,2026-09-12 Crystal Palace-Ipswich Town,22,Jørgen Strand Larsen,Crystal Palace,True,FW,83
ENG-Premier League,2627,2026-09-12 Crystal Palace-Ipswich Town,23,Quinten Timber,Crystal Palace,True,DM,90
ENG-Premier League,2627,2026-09-12 Crystal Palace-Ipswich Town,25,Anan Khalaili,Crystal Palace,True,DM,90
ENG-Premier League,2627,2026-09-12 Crystal Palace-Ipswich Town,26,Chris Richards,Crystal Palace,True,CB,90
ENG-Premier League,2627,2026-09-12 Crystal Palace-Ipswich Town,31,Remi Matthews,Crystal Palace,False,,0
ENG-Premier League,2627,2026-09-12 Crystal Palace-Ipswich Town,8,Jefferson Lerma,Crystal Palace,False,"DF,MF",7
ENG-Premier League,2627,2026-09-12 Crystal Palace-Ipswich Town,11,Dwight McNeil,Crystal Palace,False,,0
ENG-Premier League,2627,2026-09-12 Crystal Palace-Ipswich Town,12,Zavier Gozo,Crystal Palace,False,MF,7
ENG-Premier League,2627,2026-09-12 Crystal Palace-Ipswich Town,17,Takehiro Tomiyasu,Crystal Palace,False,DF,54
ENG-Premier League,2627,2026-09-12 Crystal Palace-Ipswich Town,19,Will Hughes,Crystal Palace,False,MF,14
ENG-Premier League,2627,2026-09-12 Crystal Palace-Ipswich Town,28,Cheick Doucouré,Crystal Palace,False,,0
ENG-Premier League,2627,2026-09-12 Crystal Palace-Ipswich Town,30,Óscar Mingueza,Crystal Palace,False,,0
ENG-Premier League,2627,2026-09-12 Crystal Palace-Ipswich Town,33,Ben Chilwell,Crystal Palace,False,"DF,MF",14
ENG-Premier League,2627,2026-09-12 Crystal Palace-Ipswich Town,37,Kjell Scherpen,Ipswich Town,True,GK,90
ENG-Premier League,2627,2026-09-12 Crystal Palace-Ipswich Town,3,Leif Davis,Ipswich Town,True,LB,90
ENG-Premier League,2627,2026-09-12 Crystal Palace-Ipswich Town,6,Issa Diop,Ipswich Town,True,CB,90
ENG-Premier League,2627,2026-09-12 Crystal Palace-Ipswich Town,7,Abdul Fatawu Issahaku,Ipswich Town,True,AM,61
ENG-Premier League,2627,2026-09-12 Crystal Palace-Ipswich Town,10,Julio Enciso,Ipswich Town,True,AM,90
ENG-Premier League,2627,2026-09-12 Crystal Palace-Ipswich Town,19,Emersonn,Ipswich Town,True,FW,62
ENG-Premier League,2627,2026-09-12 Crystal Palace-Ipswich Town,23,Saša Lukić,Ipswich Town,True,DM,76
ENG-Premier League,2627,2026-09-12 Crystal Palace-Ipswich Town,24,Jacob Greaves,Ipswich Town,True,CB,87
ENG-Premier League,2627,2026-09-12 Crystal Palace-Ipswich Town,25,Exequiel Palacios,Ipswich Town,True,DM,90
ENG-Premier League,2627,2026-09-12 Crystal Palace-Ipswich Town,26,Dara O'Shea,Ipswich Town,True,RB,90
ENG-Premier League,2627,2026-09-12 Crystal Palace-Ipswich Town,47,Jack Clarke,Ipswich Town,True,AM,62
ENG-Premier League,2627,2026-09-12 Crystal Palace-Ipswich Town,28,Christian Walton,Ipswich Town,False,,0
ENG-Premier League,2627,2026-09-12 Crystal Palace-Ipswich Town,4,Cédric Kipré,Ipswich Town,False,,0
ENG-Premier League,2627,2026-09-12 Crystal Palace-Ipswich Town,9,Zian Flemming,Ipswich Town,False,"FW,MF",28
ENG-Premier League,2627,2026-09-12 Crystal Palace-Ipswich Town,11,Jaden Philogene Bidace,Ipswich Town,False,"FW,MF",29
ENG-Premier League,2627,2026-09-12 Crystal Palace-Ipswich Town,12,Florentino Luís,Ipswich Town,False,MF,14
ENG-Premier League,2627,2026-09-12 Crystal Palace-Ipswich Town,29,Chuba Akpom,Ipswich Town,False,,0
ENG-Premier League,2627,2026-09-12 Crystal Palace-Ipswich Town,32,Marcelino Núñez,Ipswich Town,False,,0
ENG-Premier League,2627,2026-09-12 Crystal Palace-Ipswich Town,38,Daizen Maeda,Ipswich Town,False,"FW,MF",28
ENG-Premier League,2627,2026-09-12 Crystal Palace-Ipswich Town,42,Abdoul Ouattara,Ipswich Town,False,DF,3
ENG-Premier League,2627,2026-09-12 Liverpool-Fulham,1,Alisson,Liverpool,True,GK,90
ENG-Premier League,2627,2026-09-12 Liverpool-Fulham,4,Virgil van Dijk,Liverpool,True,CB,90
ENG-Premier League,2627,2026-09-12 Liverpool-Fulham,5,Jérémy Jacquet,Liverpool,True,CB,90
ENG-Premier League,2627,2026-09-12 Liverpool-Fulham,7,Florian Wirtz,Liverpool,True,AM,90
ENG-Premier League,2627,2026-09-12 Liverpool-Fulham,8,Dominik Szoboszlai,Liverpool,True,DM,90
ENG-Premier League,2627,2026-09-12 Liverpool-Fulham,9,Alexander Isak,Liverpool,True,FW,90
ENG-Premier League,2627,2026-09-12 Liverpool-Fulham,21,Kostas Tsimikas,Liverpool,True,LB,45
ENG-Premier League,2627,2026-09-12 Liverpool-Fulham,23,Víctor Muñoz,Liverpool,True,AM,59
ENG-Premier League,2627,2026-09-12 Liverpool-Fulham,29,Bradley Barcola,Liverpool,True,AM,71
ENG-Premier League,2627,2026-09-12 Liverpool-Fulham,33,Ronald Araújo,Liverpool,True,RB,71
ENG-Premier League,2627,2026-09-12 Liverpool-Fulham,38,Ryan Gravenberch,Liverpool,True,DM,59
ENG-Premier League,2627,2026-09-12 Liverpool-Fulham,25,Giorgi Mamardashvili,Liverpool,False,,0
ENG-Premier League,2627,2026-09-12 Liverpool-Fulham,3,Wataru Endo,Liverpool,False,,0
ENG-Premier League,2627,2026-09-12 Liverpool-Fulham,6,Milos Kerkez,Liverpool,False,"DF,MF",45
ENG-Premier League,2627,2026-09-12 Liverpool-Fulham,10,Alexis Mac Allister,Liverpool,False,MF,31
ENG-Premier League,2627,2026-09-12 Liverpool-Fulham,18,Cody Gakpo,Liverpool,False,"FW,MF",31
ENG-Premier League,2627,2026-09-12 Liverpool-Fulham,30,Jeremie Frimpong,Liverpool,False,"DF,MF",19
ENG-Premier League,2627,2026-09-12 Liverpool-Fulham,42,Trey Nyoni,Liverpool,False,,0
ENG-Premier League,2627,2026-09-12 Liverpool-Fulham,67,Lewis Koumas,Liverpool,False,,0
ENG-Premier League,2627,2026-09-12 Liverpool-Fulham,73,Rio Ngumoha,Liverpool,False,MF,19
ENG-Premier League,2627,2026-09-12 Liverpool-Fulham,1,Bernd Leno,Fulham,True,GK,90
ENG-Premier League,2627,2026-09-12 Liverpool-Fulham,3,Calvin Bassey,Fulham,True,CB,90
ENG-Premier League,2627,2026-09-12 Liverpool-Fulham,7,Gonzalo García,Fulham,True,FW,76
ENG-Premier League,2627,2026-09-12 Liverpool-Fulham,14,Oscar Bobb,Fulham,True,AM,62
ENG-Premier League,2627,2026-09-12 Liverpool-Fulham,16,Sander Berge,Fulham,True,DM,90
ENG-Premier League,2627,2026-09-12 Liverpool-Fulham,17,Alex Iwobi,Fulham,True,AM,76
ENG-Premier League,2627,2026-09-12 Liverpool-Fulham,19,Shea Charles,Fulham,True,DM,90
ENG-Premier League,2627,2026-09-12 Liverpool-Fulham,21,Timothy Castagne,Fulham,True,RB,71
ENG-Premier League,2627,2026-09-12 Liverpool-Fulham,22,David Affengruber,Fulham,True,CB,90
ENG-Premier League,2627,2026-09-12 Liverpool-Fulham,24,Joshua King,Fulham,True,AM,76
ENG-Premier League,2627,2026-09-12 Liverpool-Fulham,33,Antonee Robinson,Fulham,True,LB,90
ENG-Premier League,2627,2026-09-12 Liverpool-Fulham,23,Benjamin Lecomte,Fulham,False,,0
ENG-Premier League,2627,2026-09-12 Liverpool-Fulham,2,Kenny Tete,Fulham,False,DF,28
ENG-Premier League,2627,2026-09-12 Liverpool-Fulham,5,Joachim Andersen,Fulham,False,,0
ENG-Premier League,2627,2026-09-12 Liverpool-Fulham,8,César Palacios,Fulham,False,,0
ENG-Premier League,2627,2026-09-12 Liverpool-Fulham,9,Rodrigo Muniz,Fulham,False,FW,14
ENG-Premier League,2627,2026-09-12 Liverpool-Fulham,11,Kevin,Fulham,False,MF,19
ENG-Premier League,2627,2026-09-12 Liverpool-Fulham,15,Hugo Larsson,Fulham,False,MF,14
ENG-Premier League,2627,2026-09-12 Liverpool-Fulham,20,Manuel Ángel,Fulham,False,,0
ENG-Premier League,2627,2026-09-12 Liverpool-Fulham,32,Emile Smith Rowe,Fulham,False,MF,14
ENG-Premier League,2627,2026-09-12 Sunderland-Arsenal,22,Robin Roefs,Sunderland,True,GK,90
ENG-Premier League,2627,2026-09-12 Sunderland-Arsenal,4,Kevin Danso,Sunderland,True,CB,90
ENG-Premier League,2627,2026-09-12 Sunderland-Arsenal,5,Daniel Ballard,Sunderland,True,CB,90
ENG-Premier League,2627,2026-09-12 Sunderland-Arsenal,9,Brian Brobbey,Sunderland,True,FW,90
ENG-Premier League,2627,2026-09-12 Sunderland-Arsenal,10,Nilson Angulo,Sunderland,True,AM,69
ENG-Premier League,2627,2026-09-12 Sunderland-Arsenal,12,Thomas Meunier,Sunderland,True,AM,75
ENG-Premier League,2627,2026-09-12 Sunderland-Arsenal,17,Reinildo Mandava,Sunderland,True,LB,89
ENG-Premier League,2627,2026-09-12 Sunderland-Arsenal,20,Nordi Mukiele,Sunderland,True,RB,90
ENG-Premier League,2627,2026-09-12 Sunderland-Arsenal,27,Noah Sadiki,Sunderland,True,DM,90
ENG-Premier League,2627,2026-09-12 Sunderland-Arsenal,28,Enzo Le Fée,Sunderland,True,AM,90
ENG-Premier League,2627,2026-09-12 Sunderland-Arsenal,34,Granit Xhaka,Sunderland,True,DM,90
ENG-Premier League,2627,2026-09-12 Sunderland-Arsenal,31,Melker Ellborg,Sunderland,False,,0
ENG-Premier League,2627,2026-09-12 Sunderland-Arsenal,6,Dayann Methalie,Sunderland,False,,0
ENG-Premier League,2627,2026-09-12 Sunderland-Arsenal,7,Chemsdine Talbi,Sunderland,False,,0
ENG-Premier League,2627,2026-09-12 Sunderland-Arsenal,11,Chris Rigg,Sunderland,False,,0
ENG-Premier League,2627,2026-09-12 Sunderland-Arsenal,13,Luke O'Nien,Sunderland,False,,0
ENG-Premier League,2627,2026-09-12 Sunderland-Arsenal,15,Omar Alderete,Sunderland,False,,0
ENG-Premier League,2627,2026-09-12 Sunderland-Arsenal,18,Wilson Isidor,Sunderland,False,"FW,MF",21
ENG-Premier League,2627,2026-09-12 Sunderland-Arsenal,32,Trai Hume,Sunderland,False,,0
ENG-Premier League,2627,2026-09-12 Sunderland-Arsenal,39,Malick Fofana,Sunderland,False,"FW,MF",15
ENG-Premier League,2627,2026-09-12 Sunderland-Arsenal,1,David Raya,Arsenal,True,GK,90
ENG-Premier League,2627,2026-09-12 Sunderland-Arsenal,4,Ben White,Arsenal,True,RB,45
ENG-Premier League,2627,2026-09-12 Sunderland-Arsenal,6,Gabriel Magalhães,Arsenal,True,CB,90
ENG-Premier League,2627,2026-09-12 Sunderland-Arsenal,7,Bukayo Saka,Arsenal,True,AM,90
ENG-Premier League,2627,2026-09-12 Sunderland-Arsenal,8,Martin Ødegaard,Arsenal,True,AM,84
ENG-Premier League,2627,2026-09-12 Sunderland-Arsenal,15,Ezri Konsa,Arsenal,True,CB,90
ENG-Premier League,2627,2026-09-12 Sunderland-Arsenal,17,Christos Tzolis,Arsenal,True,AM,80
ENG-Premier League,2627,2026-09-12 Sunderland-Arsenal,29,Kai Havertz,Arsenal,True,FW,90
ENG-Premier League,2627,2026-09-12 Sunderland-Arsenal,33,Riccardo Calafiori,Arsenal,True,LB,90
ENG-Premier League,2627,2026-09-12 Sunderland-Arsenal,41,Declan Rice,Arsenal,True,DM,80
ENG-Premier League,2627,2026-09-12 Sunderland-Arsenal,49,Myles Lewis-Skelly,Arsenal,True,DM,45
ENG-Premier League,2627,2026-09-12 Sunderland-Arsenal,13,Kepa Arrizabalaga,Arsenal,False,,0
ENG-Premier League,2627,2026-09-12 Sunderland-Arsenal,5,Piero Hincapié,Arsenal,False,,0
ENG-Premier League,2627,2026-09-12 Sunderland-Arsenal,10,Eberechi Eze,Arsenal,False,"FW,MF",10
ENG-Premier League,2627,2026-09-12 Sunderland-Arsenal,12,Jurriën Timber,Arsenal,False,DF,45
ENG-Premier League,2627,2026-09-12 Sunderland-Arsenal,14,Viktor Gyökeres,Arsenal,False,,0
ENG-Premier League,2627,2026-09-12 Sunderland-Arsenal,20,Noni Madueke,Arsenal,False,,0
ENG-Premier League,2627,2026-09-12 Sunderland-Arsenal,23,Mikel Merino,Arsenal,False,MF,6
ENG-Premier League,2627,2026-09-12 Sunderland-Arsenal,36,Martín Zubimendi,Arsenal,False,MF,10
ENG-Premier League,2627,2026-09-12 Sunderland-Arsenal,39,Bruno Guimarães,Arsenal,False,MF,45
ENG-Premier League,2627,2026-09-12 Tottenham-Everton,31,Antonín Kinský,Tottenham Hotspur,True,GK,90
ENG-Premier League,2627,2026-09-12 Tottenham-Everton,3,Andy Robertson,Tottenham Hotspur,True,LB,90
ENG-Premier League,2627,2026-09-12 Tottenham-Everton,6,Jan Paul van Hecke,Tottenham Hotspur,True,CB,90
ENG-Premier League,2627,2026-09-12 Tottenham-Everton,14,Archie Gray,Tottenham Hotspur,True,RB,84
ENG-Premier League,2627,2026-09-12 Tottenham-Everton,16,Sandro Tonali,Tottenham Hotspur,True,DM,90
ENG-Premier League,2627,2026-09-12 Tottenham-Everton,17,Sávio,Tottenham Hotspur,True,AM,90
ENG-Premier League,2627,2026-09-12 Tottenham-Everton,18,Mateus Fernandes,Tottenham Hotspur,True,AM,62
ENG-Premier League,2627,2026-09-12 Tottenham-Everton,19,Dominic Solanke,Tottenham Hotspur,True,FW,62
ENG-Premier League,2627,2026-09-12 Tottenham-Everton,22,Omar Marmoush,Tottenham Hotspur,True,AM,76
ENG-Premier League,2627,2026-09-12 Tottenham-Everton,30,Rodrigo Bentancur,Tottenham Hotspur,True,DM,62
ENG-Premier League,2627,2026-09-12 Tottenham-Everton,37,Micky van de Ven,Tottenham Hotspur,True,CB,90
ENG-Premier League,2627,2026-09-12 Tottenham-Everton,39,Martin Dúbravka,Tottenham Hotspur,False,,0
ENG-Premier League,2627,2026-09-12 Tottenham-Everton,4,Tosin Adarabioyo,Tottenham Hotspur,False,DF,6
ENG-Premier League,2627,2026-09-12 Tottenham-Everton,5,Marcos Senesi,Tottenham Hotspur,False,,0
ENG-Premier League,2627,2026-09-12 Tottenham-Everton,8,Conor Gallagher,Tottenham Hotspur,False,,0
ENG-Premier League,2627,2026-09-12 Tottenham-Everton,10,James Maddison,Tottenham Hotspur,False,"FW,MF",14
ENG-Premier League,2627,2026-09-12 Tottenham-Everton,11,Mathys Tel,Tottenham Hotspur,False,"FW,MF",28
ENG-Premier League,2627,2026-09-12 Tottenham-Everton,15,Lucas Bergvall,Tottenham Hotspur,False,MF,28
ENG-Premier League,2627,2026-09-12 Tottenham-Everton,20,Mohammed Kudus,Tottenham Hotspur,False,"FW,MF",28
ENG-Premier League,2627,2026-09-12 Tottenham-Everton,33,Ben Davies,Tottenham Hotspur,False,,0
ENG-Premier League,2627,2026-09-12 Tottenham-Everton,1,Jordan Pickford,Everton,True,GK,90
ENG-Premier League,2627,2026-09-12 Tottenham-Everton,2,Ainsley Maitland-Niles,Everton,True,RB,74
ENG-Premier League,2627,2026-09-12 Tottenham-Everton,4,Jarrad Branthwaite,Everton,True,CB,90
ENG-Premier League,2627,2026-09-12 Tottenham-Everton,6,James Tarkowski,Everton,True,CB,90
ENG-Premier League,2627,2026-09-12 Tottenham-Everton,8,Kiernan Dewsbury-Hall,Everton,True,AM,90
ENG-Premier League,2627,2026-09-12 Tottenham-Everton,11,Thierno Barry,Everton,True,FW,90
ENG-Premier League,2627,2026-09-12 Tottenham-Everton,16,Vitaliy Mykolenko,Everton,True,LB,90
ENG-Premier League,2627,2026-09-12 Tottenham-Everton,19,Tyrique George,Everton,True,LW,64
ENG-Premier League,2627,2026-09-12 Tottenham-Everton,22,Brennan Johnson,Everton,True,RW,74
ENG-Premier League,2627,2026-09-12 Tottenham-Everton,37,James Garner,Everton,True,DM,90
ENG-Premier League,2627,2026-09-12 Tottenham-Everton,45,Harrison Armstrong,Everton,True,AM,90
ENG-Premier League,2627,2026-09-12 Tottenham-Everton,12,Mark Travers,Everton,False,,0
ENG-Premier League,2627,2026-09-12 Tottenham-Everton,31,Tom King,Everton,False,,0
ENG-Premier League,2627,2026-09-12 Tottenham-Everton,5,Michael Keane,Everton,False,,0
ENG-Premier League,2627,2026-09-12 Tottenham-Everton,10,Jack Grealish,Everton,False,"FW,MF",26
ENG-Premier League,2627,2026-09-12 Tottenham-Everton,15,Jake O'Brien,Everton,False,DF,16
ENG-Premier League,2627,2026-09-12 Tottenham-Everton,20,Tyler Dibling,Everton,False,,0
ENG-Premier League,2627,2026-09-12 Tottenham-Everton,24,Carlos Alcaraz,Everton,False,,0
ENG-Premier League,2627,2026-09-12 Tottenham-Everton,30,Hayden Hackney,Everton,False,MF,16
ENG-Premier League,2627,2026-09-12 Tottenham-Everton,58,Braiden Graham,Everton,False,,0
ENG-Premier League,2627,2026-09-13 Coventry City-Brighton,19,Carl Rushworth,Coventry City,True,GK,90
ENG-Premier League,2627,2026-09-13 Coventry City-Brighton,2,Ethan Pinnock,Coventry City,True,CB,90
ENG-Premier League,2627,2026-09-13 Coventry City-Brighton,3,Jay Dasilva,Coventry City,True,DM,90
ENG-Premier League,2627,2026-09-13 Coventry City-Brighton,4,Bobby Thomas,Coventry City,True,CB,90
ENG-Premier League,2627,2026-09-13 Coventry City-Brighton,5,Jack Rudoni,Coventry City,True,AM,72
ENG-Premier League,2627,2026-09-13 Coventry City-Brighton,6,Matt Grimes,Coventry City,True,DM,83
ENG-Premier League,2627,2026-09-13 Coventry City-Brighton,10,Ephron Mason-Clark,Coventry City,True,AM,59
ENG-Premier League,2627,2026-09-13 Coventry City-Brighton,14,Taiwo Awoniyi,Coventry City,True,FW,52
ENG-Premier League,2627,2026-09-13 Coventry City-Brighton,16,Frank Onyeka,Coventry City,True,DM,72
ENG-Premier League,2627,2026-09-13 Coventry City-Brighton,24,Aurèle Amenda,Coventry City,True,CB,90
ENG-Premier League,2627,2026-09-13 Coventry City-Brighton,27,Milan van Ewijk,Coventry City,True,DM,90
ENG-Premier League,2627,2026-09-13 Coventry City-Brighton,25,Daniel Bentley,Coventry City,False,,0
ENG-Premier League,2627,2026-09-13 Coventry City-Brighton,7,Tatsuhiro Sakamoto,Coventry City,False,,0
ENG-Premier League,2627,2026-09-13 Coventry City-Brighton,8,Caleb Yirenkyi,Coventry City,False,MF,18
ENG-Premier League,2627,2026-09-13 Coventry City-Brighton,12,Stephen Mfuni,Coventry City,False,,0
ENG-Premier League,2627,2026-09-13 Coventry City-Brighton,17,Loum Tchaouna,Coventry City,False,,0
ENG-Premier League,2627,2026-09-13 Coventry City-Brighton,23,Brandon Thomas-Asante,Coventry City,False,"FW,MF",18
ENG-Premier League,2627,2026-09-13 Coventry City-Brighton,29,Victor Torp,Coventry City,False,MF,7
ENG-Premier League,2627,2026-09-13 Coventry City-Brighton,38,Gustavo Hamer,Coventry City,False,,0
ENG-Premier League,2627,2026-09-13 Coventry City-Brighton,49,Sidiki Cherif,Coventry City,False,FW,31
ENG-Premier League,2627,2026-09-13 Coventry City-Brighton,1,Bart Verbruggen,Brighton & Hove Albion,True,GK,90
ENG-Premier League,2627,2026-09-13 Coventry City-Brighton,5,Lewis Dunk,Brighton & Hove Albion,True,CB,90
ENG-Premier League,2627,2026-09-13 Coventry City-Brighton,13,Pascal Groß,Brighton & Hove Albion,True,DM,90
ENG-Premier League,2627,2026-09-13 Coventry City-Brighton,19,Charalampos Kostoulas,Brighton & Hove Albion,True,FW,83
ENG-Premier League,2627,2026-09-13 Coventry City-Brighton,21,Olivier Boscagli,Brighton & Hove Albion,True,LB,77
ENG-Premier League,2627,2026-09-13 Coventry City-Brighton,24,Ferdi Kadioglu,Brighton & Hove Albion,True,RB,90
ENG-Premier League,2627,2026-09-13 Coventry City-Brighton,25,Diego Gómez,Brighton & Hove Albion,True,AM,83
ENG-Premier League,2627,2026-09-13 Coventry City-Brighton,26,Yasin Ayari,Brighton & Hove Albion,True,DM,90
ENG-Premier League,2627,2026-09-13 Coventry City-Brighton,29,Maxim De Cuyper,Brighton & Hove Albion,True,AM,90
ENG-Premier League,2627,2026-09-13 Coventry City-Brighton,35,Malick Yalcouye,Brighton & Hove Albion,True,AM,64
ENG-Premier League,2627,2026-09-13 Coventry City-Brighton,44,Luka Vušković,Brighton & Hove Albion,True,CB,77
ENG-Premier League,2627,2026-09-13 Coventry City-Brighton,23,Jason Steele,Brighton & Hove Albion,False,,0
ENG-Premier League,2627,2026-09-13 Coventry City-Brighton,3,Jaouen Hadjam,Brighton & Hove Albion,False,,0
ENG-Premier League,2627,2026-09-13 Coventry City-Brighton,4,Pascal Struijk,Brighton & Hove Albion,False,DF,13
ENG-Premier League,2627,2026-09-13 Coventry City-Brighton,12,Promise David,Brighton & Hove Albion,False,,0
ENG-Premier League,2627,2026-09-13 Coventry City-Brighton,14,Chema,Brighton & Hove Albion,False,MF,26
ENG-Premier League,2627,2026-09-13 Coventry City-Brighton,15,Ibrahim Osman,Brighton & Hove Albion,False,"FW,MF",13
ENG-Premier League,2627,2026-09-13 Coventry City-Brighton,20,Costinha,Brighton & Hove Albion,False,"DF,MF",7
ENG-Premier League,2627,2026-09-13 Coventry City-Brighton,33,Matt O'Riley,Brighton & Hove Albion,False,MF,7
ENG-Premier League,2627,2026-09-13 Coventry City-Brighton,59,Younes Ibrahim,Brighton & Hove Albion,False,,0
ENG-Premier League,2627,2026-09-13 Manchester Utd-Manchester City,1,Senne Lammens,Manchester United,True,GK,90
ENG-Premier League,2627,2026-09-13 Manchester Utd-Manchester City,2,Diogo Dalot,Manchester United,True,RB,90
ENG-Premier League,2627,2026-09-13 Manchester Utd-Manchester City,5,Harry Maguire,Manchester United,True,CB,90
ENG-Premier League,2627,2026-09-13 Manchester Utd-Manchester City,6,Lisandro Martínez,Manchester United,True,CB,90
ENG-Premier League,2627,2026-09-13 Manchester Utd-Manchester City,8,Bruno Fernandes,Manchester United,True,AM,90
ENG-Premier League,2627,2026-09-13 Manchester Utd-Manchester City,9,Marcus Rashford,Manchester United,True,AM,82
ENG-Premier League,2627,2026-09-13 Manchester Utd-Manchester City,10,Matheus Cunha,Manchester United,True,FW,90
ENG-Premier League,2627,2026-09-13 Manchester Utd-Manchester City,13,Patrick Dorgu,Manchester United,True,LB,90
ENG-Premier League,2627,2026-09-13 Manchester Utd-Manchester City,18,Youri Tielemans,Manchester United,True,DM,66
ENG-Premier League,2627,2026-09-13 Manchester Utd-Manchester City,19,Bryan Mbeumo,Manchester United,True,AM,90
ENG-Premier League,2627,2026-09-13 Manchester Utd-Manchester City,37,Kobbie Mainoo,Manchester United,True,DM,90
ENG-Premier League,2627,2026-09-13 Manchester Utd-Manchester City,12,Karl Darlow,Manchester United,False,,0
ENG-Premier League,2627,2026-09-13 Manchester Utd-Manchester City,3,Noussair Mazraoui,Manchester United,False,,0
ENG-Premier League,2627,2026-09-13 Manchester Utd-Manchester City,7,Mason Mount,Manchester United,False,,0
ENG-Premier League,2627,2026-09-13 Manchester Utd-Manchester City,11,Joshua Zirkzee,Manchester United,False,FW,8
ENG-Premier League,2627,2026-09-13 Manchester Utd-Manchester City,15,Leny Yoro,Manchester United,False,,0
ENG-Premier League,2627,2026-09-13 Manchester Utd-Manchester City,17,Andrey Santos,Manchester United,False,,0
ENG-Premier League,2627,2026-09-13 Manchester Utd-Manchester City,26,Ayden Heaven,Manchester United,False,,0
ENG-Premier League,2627,2026-09-13 Manchester Utd-Manchester City,30,Benjamin Šeško,Manchester United,False,FW,24
ENG-Premier League,2627,2026-09-13 Manchester Utd-Manchester City,31,Shea Lacey,Manchester United,False,,0
ENG-Premier League,2627,2026-09-13 Manchester Utd-Manchester City,1,Gianluigi Donnarumma,Manchester City,True,GK,90
ENG-Premier League,2627,2026-09-13 Manchester Utd-Manchester City,3,Rúben Dias,Manchester City,True,CB,90
ENG-Premier League,2627,2026-09-13 Manchester Utd-Manchester City,5,Elliot Anderson,Manchester City,True,DM,90
ENG-Premier League,2627,2026-09-13 Manchester Utd-Manchester City,6,Marc Guéhi,Manchester City,True,CB,90
ENG-Premier League,2627,2026-09-13 Manchester Utd-Manchester City,9,Erling Haaland,Manchester City,True,FW,90
ENG-Premier League,2627,2026-09-13 Manchester Utd-Manchester City,10,Rayan Cherki,Manchester City,True,AM,45
ENG-Premier League,2627,2026-09-13 Manchester Utd-Manchester City,17,Enzo Fernández,Manchester City,True,DM,81
ENG-Premier League,2627,2026-09-13 Manchester Utd-Manchester City,24,Joško Gvardiol,Manchester City,True,LB,90
ENG-Premier League,2627,2026-09-13 Manchester Utd-Manchester City,27,Matheus Nunes,Manchester City,True,RB,90
ENG-Premier League,2627,2026-09-13 Manchester Utd-Manchester City,42,Antoine Semenyo,Manchester City,True,AM,90
ENG-Premier League,2627,2026-09-13 Manchester Utd-Manchester City,47,Phil Foden,Manchester City,True,AM,22
ENG-Premier League,2627,2026-09-13 Manchester Utd-Manchester City,28,Gerónimo Rulli,Manchester City,False,,0
ENG-Premier League,2627,2026-09-13 Manchester Utd-Manchester City,7,Iliman Ndiaye,Manchester City,False,"FW,MF",45
ENG-Premier League,2627,2026-09-13 Manchester Utd-Manchester City,8,Mateo Kovačić,Manchester City,False,,0
ENG-Premier League,2627,2026-09-13 Manchester Utd-Manchester City,22,Vitor Reis,Manchester City,False,,0
ENG-Premier League,2627,2026-09-13 Manchester Utd-Manchester City,32,Ayyoub Bouaddi,Manchester City,False,,0
ENG-Premier League,2627,2026-09-13 Manchester Utd-Manchester City,33,Nico O'Reilly,Manchester City,False,"DF,MF",9
ENG-Premier League,2627,2026-09-13 Manchester Utd-Manchester City,37,Allan,Manchester City,False,,0
ENG-Premier League,2627,2026-09-13 Manchester Utd-Manchester City,45,Abdukodir Khusanov,Manchester City,False,,0
ENG-Premier League,2627,2026-09-13 Manchester Utd-Manchester City,82,Rico Lewis,Manchester City,False,,0
ENG-Premier League,2627,2026-09-14 Leeds United-Newcastle,1,James Trafford,Leeds United,True,GK,90
ENG-Premier League,2627,2026-09-14 Leeds United-Newcastle,2,Jayden Bogle,Leeds United,True,RM,82
ENG-Premier League,2627,2026-09-14 Leeds United-Newcastle,3,Gabriel Gudmundsson,Leeds United,True,LM,71
ENG-Premier League,2627,2026-09-14 Leeds United-Newcastle,4,Ethan Ampadu,Leeds United,True,CM,90
ENG-Premier League,2627,2026-09-14 Leeds United-Newcastle,5,Tarik Muharemovic,Leeds United,True,CB,90
ENG-Premier League,2627,2026-09-14 Leeds United-Newcastle,9,Dominic Calvert-Lewin,Leeds United,True,FW,77
ENG-Premier League,2627,2026-09-14 Leeds United-Newcastle,18,Anton Stach,Leeds United,True,CM,87
ENG-Premier League,2627,2026-09-14 Leeds United-Newcastle,19,Noah Okafor,Leeds United,True,FW,71
ENG-Premier League,2627,2026-09-14 Leeds United-Newcastle,22,Ao Tanaka,Leeds United,True,CM,71
ENG-Premier League,2627,2026-09-14 Leeds United-Newcastle,24,James Justin,Leeds United,True,CB,90
ENG-Premier League,2627,2026-09-14 Leeds United-Newcastle,30,Nico Elvedi,Leeds United,True,CB,90
ENG-Premier League,2627,2026-09-14 Leeds United-Newcastle,16,Michael Zetterer,Leeds United,False,,0
ENG-Premier League,2627,2026-09-14 Leeds United-Newcastle,7,Daniel James,Leeds United,False,"FW,MF",8
ENG-Premier League,2627,2026-09-14 Leeds United-Newcastle,8,Sean Longstaff,Leeds United,False,MF,3
ENG-Premier League,2627,2026-09-14 Leeds United-Newcastle,10,Harry Wilson,Leeds United,False,"FW,MF",19
ENG-Premier League,2627,2026-09-14 Leeds United-Newcastle,11,Brenden Aaronson,Leeds United,False,"FW,MF",19
ENG-Premier League,2627,2026-09-14 Leeds United-Newcastle,14,Lukas Nmecha,Leeds United,False,FW,13
ENG-Premier League,2627,2026-09-14 Leeds United-Newcastle,15,Jaka Bijol,Leeds United,False,,0
ENG-Premier League,2627,2026-09-14 Leeds United-Newcastle,23,Jean Mattéo Bahoya,Leeds United,False,,0
ENG-Premier League,2627,2026-09-14 Leeds United-Newcastle,26,Melvin Bard,Leeds United,False,"DF,MF",19
ENG-Premier League,2627,2026-09-14 Leeds United-Newcastle,21,Lukáš Horníček,Newcastle United,True,GK,90
ENG-Premier League,2627,2026-09-14 Leeds United-Newcastle,3,Lewis Hall,Newcastle United,True,LB,90
ENG-Premier League,2627,2026-09-14 Leeds United-Newcastle,4,Sven Botman,Newcastle United,True,CB,90
ENG-Premier League,2627,2026-09-14 Leeds United-Newcastle,6,Nicolás González,Newcastle United,True,DM,18
ENG-Premier League,2627,2026-09-14 Leeds United-Newcastle,9,Yoane Wissa,Newcastle United,True,FW,90
ENG-Premier League,2627,2026-09-14 Leeds United-Newcastle,11,Harvey Barnes,Newcastle United,True,AM,90
ENG-Premier League,2627,2026-09-14 Leeds United-Newcastle,12,Malick Thiaw,Newcastle United,True,CB,90
ENG-Premier League,2627,2026-09-14 Leeds United-Newcastle,20,Matias Fernandez-Pardo,Newcastle United,True,AM,57
ENG-Premier League,2627,2026-09-14 Leeds United-Newcastle,23,Jacob Murphy,Newcastle United,True,AM,56
ENG-Premier League,2627,2026-09-14 Leeds United-Newcastle,37,Amar Dedić,Newcastle United,True,RB,57
ENG-Premier League,2627,2026-09-14 Leeds United-Newcastle,67,Lewis Miley,Newcastle United,True,DM,79
ENG-Premier League,2627,2026-09-14 Leeds United-Newcastle,1,Nick Pope,Newcastle United,False,,0
ENG-Premier League,2627,2026-09-14 Leeds United-Newcastle,2,Tino Livramento,Newcastle United,False,"DF,MF",33
ENG-Premier League,2627,2026-09-14 Leeds United-Newcastle,5,Fabian Schär,Newcastle United,False,,0
ENG-Premier League,2627,2026-09-14 Leeds United-Newcastle,8,Aladji Bamba,Newcastle United,False,MF,11
ENG-Premier League,2627,2026-09-14 Leeds United-Newcastle,14,Sean Steur,Newcastle United,False,MF,72
ENG-Premier League,2627,2026-09-14 Leeds United-Newcastle,17,Bazoumana Touré,Newcastle United,False,MF,34
ENG-Premier League,2627,2026-09-14 Leeds United-Newcastle,28,Joe Willock,Newcastle United,False,MF,33
ENG-Premier League,2627,2026-09-14 Leeds United-Newcastle,41,Jacob Ramsey,Newcastle United,False,,0
ENG-Premier League,2627,2026-09-14 Leeds United-Newcastle,76,Mason Miley,Newcastle United,False,,0
ENG-Premier League,2627,2026-09-18 Brentford-Chelsea,1,Caoimhín Kelleher,Brentford,True,GK,90
ENG-Premier League,2627,2026-09-18 Brentford-Chelsea,6,Yehor Yarmoliuk,Brentford,True,DM,68
ENG-Premier League,2627,2026-09-18 Brentford-Chelsea,7,Kevin Schade,Brentford,True,AM,90
ENG-Premier League,2627,2026-09-18 Brentford-Chelsea,9,Igor Thiago,Brentford,True,FW,90
ENG-Premier League,2627,2026-09-18 Brentford-Chelsea,19,Jaidon Anthony,Brentford,True,AM,80
ENG-Premier League,2627,2026-09-18 Brentford-Chelsea,20,Kristoffer Ajer,Brentford,True,CB,90
ENG-Premier League,2627,2026-09-18 Brentford-Chelsea,23,Keane Lewis-Potter,Brentford,True,LB,80
ENG-Premier League,2627,2026-09-18 Brentford-Chelsea,24,Mikkel Damsgaard,Brentford,True,AM,86
ENG-Premier League,2627,2026-09-18 Brentford-Chelsea,27,Vitaly Janelt,Brentford,True,DM,90
ENG-Premier League,2627,2026-09-18 Brentford-Chelsea,33,Michael Kayode,Brentford,True,RB,68
ENG-Premier League,2627,2026-09-18 Brentford-Chelsea,44,Jannik Schuster,Brentford,True,CB,90
ENG-Premier League,2627,2026-09-18 Brentford-Chelsea,31,Ellery Balcombe,Brentford,False,,0
ENG-Premier League,2627,2026-09-18 Brentford-Chelsea,2,Aaron Hickey,Brentford,False,"DF,MF",22
ENG-Premier League,2627,2026-09-18 Brentford-Chelsea,3,Rico Henry,Brentford,False,,0
ENG-Premier League,2627,2026-09-18 Brentford-Chelsea,11,Dango Ouattara,Brentford,False,"FW,MF",10
ENG-Premier League,2627,2026-09-18 Brentford-Chelsea,13,Callum Wilson,Brentford,False,,0
ENG-Premier League,2627,2026-09-18 Brentford-Chelsea,14,Fabio Carvalho,Brentford,False,"FW,MF",4
ENG-Premier League,2627,2026-09-18 Brentford-Chelsea,18,Mamadou Sangare,Brentford,False,MF,22
ENG-Premier League,2627,2026-09-18 Brentford-Chelsea,25,El Hadji Malick Diouf,Brentford,False,"DF,MF",10
ENG-Premier League,2627,2026-09-18 Brentford-Chelsea,48,Benjamin Fredrick,Brentford,False,,0
ENG-Premier League,2627,2026-09-18 Brentford-Chelsea,1,Emiliano Martínez,Chelsea,True,GK,90
ENG-Premier League,2627,2026-09-18 Brentford-Chelsea,3,Wesley Fofana,Chelsea,True,CB,70
ENG-Premier League,2627,2026-09-18 Brentford-Chelsea,4,Valentín Barco,Chelsea,True,DM,86
ENG-Premier League,2627,2026-09-18 Brentford-Chelsea,5,Maxence Lacroix,Chelsea,True,CB,90
ENG-Premier League,2627,2026-09-18 Brentford-Chelsea,6,Levi Colwill,Chelsea,True,CB,90
ENG-Premier League,2627,2026-09-18 Brentford-Chelsea,7,Pedro Neto,Chelsea,True,DM,86
ENG-Premier League,2627,2026-09-18 Brentford-Chelsea,10,Cole Palmer,Chelsea,True,AM,90
ENG-Premier League,2627,2026-09-18 Brentford-Chelsea,14,Jordan Henderson,Chelsea,True,DM,90
ENG-Premier League,2627,2026-09-18 Brentford-Chelsea,17,Morgan Rogers,Chelsea,True,AM,90
ENG-Premier League,2627,2026-09-18 Brentford-Chelsea,18,Danny Welbeck,Chelsea,True,FW,70
ENG-Premier League,2627,2026-09-18 Brentford-Chelsea,29,Pep Chavarría,Chelsea,True,DM,90
ENG-Premier League,2627,2026-09-18 Brentford-Chelsea,39,Mike Penders,Chelsea,False,,0
ENG-Premier League,2627,2026-09-18 Brentford-Chelsea,11,Jamie Gittens,Chelsea,False,,0
ENG-Premier League,2627,2026-09-18 Brentford-Chelsea,21,Jorrel Hato,Chelsea,False,,0
ENG-Premier League,2627,2026-09-18 Brentford-Chelsea,23,Geovany Quenda,Chelsea,False,MF,20
ENG-Premier League,2627,2026-09-18 Brentford-Chelsea,27,Malo Gusto,Chelsea,False,,0
ENG-Premier League,2627,2026-09-18 Brentford-Chelsea,32,Mahdi Jazuli,Chelsea,False,MF,4
ENG-Premier League,2627,2026-09-18 Brentford-Chelsea,34,Joshua Acheampong,Chelsea,False,DF,20
ENG-Premier League,2627,2026-09-18 Brentford-Chelsea,41,Estêvão Willian,Chelsea,False,MF,4
ENG-Premier League,2627,2026-09-18 Brentford-Chelsea,45,Roméo Lavia,Chelsea,False,,0
ENG-Premier League,2627,2026-09-19 Brighton-Arsenal,1,Bart Verbruggen,Brighton & Hove Albion,True,GK,90
ENG-Premier League,2627,2026-09-19 Brighton-Arsenal,4,Pascal Struijk,Brighton & Hove Albion,True,CB,85
ENG-Premier League,2627,2026-09-19 Brighton-Arsenal,13,Pascal Groß,Brighton & Hove Albion,True,DM,90
ENG-Premier League,2627,2026-09-19 Brighton-Arsenal,14,Chema,Brighton & Hove Albion,True,DM,84
ENG-Premier League,2627,2026-09-19 Brighton-Arsenal,19,Charalampos Kostoulas,Brighton & Hove Albion,True,FW,75
ENG-Premier League,2627,2026-09-19 Brighton-Arsenal,21,Olivier Boscagli,Brighton & Hove Albion,True,LB,90
ENG-Premier League,2627,2026-09-19 Brighton-Arsenal,24,Ferdi Kadioglu,Brighton & Hove Albion,True,RB,75
ENG-Premier League,2627,2026-09-19 Brighton-Arsenal,25,Diego Gómez,Brighton & Hove Albion,True,AM,85
ENG-Premier League,2627,2026-09-19 Brighton-Arsenal,26,Yasin Ayari,Brighton & Hove Albion,True,AM,90
ENG-Premier League,2627,2026-09-19 Brighton-Arsenal,29,Maxim De Cuyper,Brighton & Hove Albion,True,AM,90
ENG-Premier League,2627,2026-09-19 Brighton-Arsenal,44,Luka Vušković,Brighton & Hove Albion,True,CB,90
ENG-Premier League,2627,2026-09-19 Brighton-Arsenal,23,Jason Steele,Brighton & Hove Albion,False,,0
ENG-Premier League,2627,2026-09-19 Brighton-Arsenal,3,Jaouen Hadjam,Brighton & Hove Albion,False,,0
ENG-Premier League,2627,2026-09-19 Brighton-Arsenal,10,Georginio Rutter,Brighton & Hove Albion,False,"FW,MF",15
ENG-Premier League,2627,2026-09-19 Brighton-Arsenal,12,Promise David,Brighton & Hove Albion,False,,0
ENG-Premier League,2627,2026-09-19 Brighton-Arsenal,15,Ibrahim Osman,Brighton & Hove Albion,False,,0
ENG-Premier League,2627,2026-09-19 Brighton-Arsenal,20,Costinha,Brighton & Hove Albion,False,"DF,MF",15
ENG-Premier League,2627,2026-09-19 Brighton-Arsenal,30,Michael Svoboda,Brighton & Hove Albion,False,DF,5
ENG-Premier League,2627,2026-09-19 Brighton-Arsenal,33,Matt O'Riley,Brighton & Hove Albion,False,MF,5
ENG-Premier League,2627,2026-09-19 Brighton-Arsenal,35,Malick Yalcouye,Brighton & Hove Albion,False,MF,6
ENG-Premier League,2627,2026-09-19 Brighton-Arsenal,1,David Raya,Arsenal,True,GK,90
ENG-Premier League,2627,2026-09-19 Brighton-Arsenal,6,Gabriel Magalhães,Arsenal,True,CB,90
ENG-Premier League,2627,2026-09-19 Brighton-Arsenal,7,Bukayo Saka,Arsenal,True,AM,80
ENG-Premier League,2627,2026-09-19 Brighton-Arsenal,8,Martin Ødegaard,Arsenal,True,AM,72
ENG-Premier League,2627,2026-09-19 Brighton-Arsenal,12,Jurriën Timber,Arsenal,True,RB,59
ENG-Premier League,2627,2026-09-19 Brighton-Arsenal,15,Ezri Konsa,Arsenal,True,CB,90
ENG-Premier League,2627,2026-09-19 Brighton-Arsenal,17,Christos Tzolis,Arsenal,True,AM,72
ENG-Premier League,2627,2026-09-19 Brighton-Arsenal,29,Kai Havertz,Arsenal,True,FW,90
ENG-Premier League,2627,2026-09-19 Brighton-Arsenal,33,Riccardo Calafiori,Arsenal,True,LB,90
ENG-Premier League,2627,2026-09-19 Brighton-Arsenal,39,Bruno Guimarães,Arsenal,True,DM,59
ENG-Premier League,2627,2026-09-19 Brighton-Arsenal,41,Declan Rice,Arsenal,True,DM,90
ENG-Premier League,2627,2026-09-19 Brighton-Arsenal,13,Kepa Arrizabalaga,Arsenal,False,,0
ENG-Premier League,2627,2026-09-19 Brighton-Arsenal,5,Piero Hincapié,Arsenal,False,,0
ENG-Premier League,2627,2026-09-19 Brighton-Arsenal,10,Eberechi Eze,Arsenal,False,"FW,MF",18
ENG-Premier League,2627,2026-09-19 Brighton-Arsenal,14,Viktor Gyökeres,Arsenal,False,"FW,MF",18
ENG-Premier League,2627,2026-09-19 Brighton-Arsenal,20,Noni Madueke,Arsenal,False,,0
ENG-Premier League,2627,2026-09-19 Brighton-Arsenal,23,Mikel Merino,Arsenal,False,MF,31
ENG-Premier League,2627,2026-09-19 Brighton-Arsenal,36,Martín Zubimendi,Arsenal,False,MF,31
ENG-Premier League,2627,2026-09-19 Brighton-Arsenal,49,Myles Lewis-Skelly,Arsenal,False,,0
ENG-Premier League,2627,2026-09-19 Brighton-Arsenal,56,Max Dowman,Arsenal,False,MF,10
ENG-Premier League,2627,2026-09-19 Everton-Ipswich Town,1,Jordan Pickford,Everton,True,GK,90
ENG-Premier League,2627,2026-09-19 Everton-Ipswich Town,2,Ainsley Maitland-Niles,Everton,True,RB,89
ENG-Premier League,2627,2026-09-19 Everton-Ipswich Town,4,Jarrad Branthwaite,Everton,True,CB,90
ENG-Premier League,2627,2026-09-19 Everton-Ipswich Town,6,James Tarkowski,Everton,True,CB,90
ENG-Premier League,2627,2026-09-19 Everton-Ipswich Town,8,Kiernan Dewsbury-Hall,Everton,True,AM,89
ENG-Premier League,2627,2026-09-19 Everton-Ipswich Town,10,Jack Grealish,Everton,True,AM,78
ENG-Premier League,2627,2026-09-19 Everton-Ipswich Town,11,Thierno Barry,Everton,True,FW,90
ENG-Premier League,2627,2026-09-19 Everton-Ipswich Town,16,Vitaliy Mykolenko,Everton,True,LB,90
ENG-Premier League,2627,2026-09-19 Everton-Ipswich Town,22,Brennan Johnson,Everton,True,AM,65
ENG-Premier League,2627,2026-09-19 Everton-Ipswich Town,37,James Garner,Everton,True,DM,90
ENG-Premier League,2627,2026-09-19 Everton-Ipswich Town,45,Harrison Armstrong,Everton,True,DM,90
ENG-Premier League,2627,2026-09-19 Everton-Ipswich Town,12,Mark Travers,Everton,False,,0
ENG-Premier League,2627,2026-09-19 Everton-Ipswich Town,31,Tom King,Everton,False,,0
ENG-Premier League,2627,2026-09-19 Everton-Ipswich Town,5,Michael Keane,Everton,False,,0
ENG-Premier League,2627,2026-09-19 Everton-Ipswich Town,15,Jake O'Brien,Everton,False,DF,1
ENG-Premier League,2627,2026-09-19 Everton-Ipswich Town,19,Tyrique George,Everton,False,FW,12
ENG-Premier League,2627,2026-09-19 Everton-Ipswich Town,20,Tyler Dibling,Everton,False,MF,25
ENG-Premier League,2627,2026-09-19 Everton-Ipswich Town,24,Carlos Alcaraz,Everton,False,,0
ENG-Premier League,2627,2026-09-19 Everton-Ipswich Town,30,Hayden Hackney,Everton,False,MF,1
ENG-Premier League,2627,2026-09-19 Everton-Ipswich Town,58,Braiden Graham,Everton,False,,0
ENG-Premier League,2627,2026-09-19 Everton-Ipswich Town,28,Christian Walton,Ipswich Town,True,GK,90
ENG-Premier League,2627,2026-09-19 Everton-Ipswich Town,3,Leif Davis,Ipswich Town,True,LB,90
ENG-Premier League,2627,2026-09-19 Everton-Ipswich Town,6,Issa Diop,Ipswich Town,True,CB,90
ENG-Premier League,2627,2026-09-19 Everton-Ipswich Town,7,Abdul Fatawu Issahaku,Ipswich Town,True,AM,66
ENG-Premier League,2627,2026-09-19 Everton-Ipswich Town,10,Julio Enciso,Ipswich Town,True,AM,73
ENG-Premier League,2627,2026-09-19 Everton-Ipswich Town,19,Emersonn,Ipswich Town,True,FW,80
ENG-Premier League,2627,2026-09-19 Everton-Ipswich Town,23,Saša Lukić,Ipswich Town,True,DM,72
ENG-Premier League,2627,2026-09-19 Everton-Ipswich Town,25,Exequiel Palacios,Ipswich Town,True,DM,80
ENG-Premier League,2627,2026-09-19 Everton-Ipswich Town,26,Dara O'Shea,Ipswich Town,True,CB,90
ENG-Premier League,2627,2026-09-19 Everton-Ipswich Town,42,Abdoul Ouattara,Ipswich Town,True,RB,90
ENG-Premier League,2627,2026-09-19 Everton-Ipswich Town,47,Jack Clarke,Ipswich Town,True,AM,65
ENG-Premier League,2627,2026-09-19 Everton-Ipswich Town,37,Kjell Scherpen,Ipswich Town,False,,0
ENG-Premier League,2627,2026-09-19 Everton-Ipswich Town,2,Darnell Furlong,Ipswich Town,False,,0
ENG-Premier League,2627,2026-09-19 Everton-Ipswich Town,9,Zian Flemming,Ipswich Town,False,"FW,MF",10
ENG-Premier League,2627,2026-09-19 Everton-Ipswich Town,11,Jaden Philogene Bidace,Ipswich Town,False,"FW,MF",25
ENG-Premier League,2627,2026-09-19 Everton-Ipswich Town,12,Florentino Luís,Ipswich Town,False,MF,18
ENG-Premier League,2627,2026-09-19 Everton-Ipswich Town,24,Jacob Greaves,Ipswich Town,False,,0
ENG-Premier League,2627,2026-09-19 Everton-Ipswich Town,29,Chuba Akpom,Ipswich Town,False,"FW,MF",10
ENG-Premier League,2627,2026-09-19 Everton-Ipswich Town,32,Marcelino Núñez,Ipswich Town,False,,0
ENG-Premier League,2627,2026-09-19 Everton-Ipswich Town,38,Daizen Maeda,Ipswich Town,False,"FW,MF",17
ENG-Premier League,2627,2026-09-19 Newcastle-Hull City,21,Lukáš Horníček,Newcastle United,True,GK,90
ENG-Premier League,2627,2026-09-19 Newcastle-Hull City,3,Lewis Hall,Newcastle United,True,LB,90
ENG-Premier League,2627,2026-09-19 Newcastle-Hull City,4,Sven Botman,Newcastle United,True,CB,90
ENG-Premier League,2627,2026-09-19 Newcastle-Hull City,9,Yoane Wissa,Newcastle United,True,AM,90
ENG-Premier League,2627,2026-09-19 Newcastle-Hull City,11,Harvey Barnes,Newcastle United,True,AM,90
ENG-Premier League,2627,2026-09-19 Newcastle-Hull City,12,Malick Thiaw,Newcastle United,True,CB,90
ENG-Premier League,2627,2026-09-19 Newcastle-Hull City,14,Sean Steur,Newcastle United,True,DM,65
ENG-Premier League,2627,2026-09-19 Newcastle-Hull City,20,Matias Fernandez-Pardo,Newcastle United,True,FW,73
ENG-Premier League,2627,2026-09-19 Newcastle-Hull City,23,Jacob Murphy,Newcastle United,True,AM,90
ENG-Premier League,2627,2026-09-19 Newcastle-Hull City,28,Joe Willock,Newcastle United,True,DM,86
ENG-Premier League,2627,2026-09-19 Newcastle-Hull City,67,Lewis Miley,Newcastle United,True,RB,90
ENG-Premier League,2627,2026-09-19 Newcastle-Hull City,1,Nick Pope,Newcastle United,False,,0
ENG-Premier League,2627,2026-09-19 Newcastle-Hull City,5,Fabian Schär,Newcastle United,False,DF,25
ENG-Premier League,2627,2026-09-19 Newcastle-Hull City,8,Aladji Bamba,Newcastle United,False,MF,4
ENG-Premier League,2627,2026-09-19 Newcastle-Hull City,17,Bazoumana Touré,Newcastle United,False,MF,17
ENG-Premier League,2627,2026-09-19 Newcastle-Hull City,44,Kyran Thompson,Newcastle United,False,,0
ENG-Premier League,2627,2026-09-19 Newcastle-Hull City,48,Miodrag Pivas,Newcastle United,False,,0
ENG-Premier League,2627,2026-09-19 Newcastle-Hull City,49,Vakhtang Salia,Newcastle United,False,,0
ENG-Premier League,2627,2026-09-19 Newcastle-Hull City,76,Mason Miley,Newcastle United,False,,0
ENG-Premier League,2627,2026-09-19 Newcastle-Hull City,77,Michael Mills,Newcastle United,False,,0
ENG-Premier League,2627,2026-09-19 Newcastle-Hull City,19,Kostas Tzolakis,Hull City,True,GK,90
ENG-Premier League,2627,2026-09-19 Newcastle-Hull City,2,Lewie Coyle,Hull City,True,RB,90
ENG-Premier League,2627,2026-09-19 Newcastle-Hull City,3,Ryan Giles,Hull City,True,LB,90
ENG-Premier League,2627,2026-09-19 Newcastle-Hull City,6,Semi Ajayi,Hull City,True,CB,90
ENG-Premier League,2627,2026-09-19 Newcastle-Hull City,7,Sorba Thomas,Hull City,True,LM,62
ENG-Premier League,2627,2026-09-19 Newcastle-Hull City,9,Oliver McBurnie,Hull City,True,FW,90
ENG-Premier League,2627,2026-09-19 Newcastle-Hull City,10,Bachir Belloumi,Hull City,True,RM,82
ENG-Premier League,2627,2026-09-19 Newcastle-Hull City,15,John Egan,Hull City,True,CB,77
ENG-Premier League,2627,2026-09-19 Newcastle-Hull City,22,Lucas Herrington,Hull City,True,CB,90
ENG-Premier League,2627,2026-09-19 Newcastle-Hull City,25,Matt Crooks,Hull City,True,CM,45
ENG-Premier League,2627,2026-09-19 Newcastle-Hull City,27,Regan Slater,Hull City,True,CM,77
ENG-Premier League,2627,2026-09-19 Newcastle-Hull City,12,Dillon Phillips,Hull City,False,,0
ENG-Premier League,2627,2026-09-19 Newcastle-Hull City,11,Joe Gelhardt,Hull City,False,"FW,MF",8
ENG-Premier League,2627,2026-09-19 Newcastle-Hull City,14,Jens Hjertø-Dahl,Hull City,False,,0
ENG-Premier League,2627,2026-09-19 Newcastle-Hull City,17,Paddy McNair,Hull City,False,,0
ENG-Premier League,2627,2026-09-19 Newcastle-Hull City,21,Elliot Stroud,Hull City,False,,0
ENG-Premier League,2627,2026-09-19 Newcastle-Hull City,29,Lucas Gourna-Douath,Hull City,False,MF,13
ENG-Premier League,2627,2026-09-19 Newcastle-Hull City,42,Tim Iroegbunam,Hull City,False,MF,45
ENG-Premier League,2627,2026-09-19 Newcastle-Hull City,47,Robinio Vaz,Hull City,False,FW,13
ENG-Premier League,2627,2026-09-19 Newcastle-Hull City,50,Mohamed Ali Cho,Hull City,False,"FW,MF",28
ENG-Premier League,2627,2026-09-19 Nottingham-Coventry City,26,Matz Sels,Nottingham Forest,True,GK,90
ENG-Premier League,2627,2026-09-19 Nottingham-Coventry City,2,Ousmane Diomande,Nottingham Forest,True,CB,72
ENG-Premier League,2627,2026-09-19 Nottingham-Coventry City,3,Neco Williams,Nottingham Forest,True,DM,90
ENG-Premier League,2627,2026-09-19 Nottingham-Coventry City,5,Murillo,Nottingham Forest,True,CB,90
ENG-Premier League,2627,2026-09-19 Nottingham-Coventry City,10,Morgan Gibbs-White,Nottingham Forest,True,AM,90
ENG-Premier League,2627,2026-09-19 Nottingham-Coventry City,14,Dan Ndoye,Nottingham Forest,True,AM,58
ENG-Premier League,2627,2026-09-19 Nottingham-Coventry City,19,Liam Delap,Nottingham Forest,True,FW,90
ENG-Premier League,2627,2026-09-19 Nottingham-Coventry City,21,Xaver Schlager,Nottingham Forest,True,DM,90
ENG-Premier League,2627,2026-09-19 Nottingham-Coventry City,23,Jair Cunha,Nottingham Forest,True,CB,90
ENG-Premier League,2627,2026-09-19 Nottingham-Coventry City,24,James Mcatee,Nottingham Forest,True,DM,82
ENG-Premier League,2627,2026-09-19 Nottingham-Coventry City,27,Daniel Muñoz,Nottingham Forest,True,DM,82
ENG-Premier League,2627,2026-09-19 Nottingham-Coventry City,12,John,Nottingham Forest,False,,0
ENG-Premier League,2627,2026-09-19 Nottingham-Coventry City,6,Ibrahim Sangaré,Nottingham Forest,False,MF,8
ENG-Premier League,2627,2026-09-19 Nottingham-Coventry City,7,Callum Hudson-Odoi,Nottingham Forest,False,,0
ENG-Premier League,2627,2026-09-19 Nottingham-Coventry City,8,Nicolás Domínguez,Nottingham Forest,False,,0
ENG-Premier League,2627,2026-09-19 Nottingham-Coventry City,9,Chris Wood,Nottingham Forest,False,FW,18
ENG-Premier League,2627,2026-09-19 Nottingham-Coventry City,11,Igor Jesus,Nottingham Forest,False,FW,32
ENG-Premier League,2627,2026-09-19 Nottingham-Coventry City,22,Ryan Yates,Nottingham Forest,False,,0
ENG-Premier League,2627,2026-09-19 Nottingham-Coventry City,25,Luca Netz,Nottingham Forest,False,"DF,MF",8
ENG-Premier League,2627,2026-09-19 Nottingham-Coventry City,34,Ola Aina,Nottingham Forest,False,,0
ENG-Premier League,2627,2026-09-19 Nottingham-Coventry City,19,Carl Rushworth,Coventry City,True,GK,90
ENG-Premier League,2627,2026-09-19 Nottingham-Coventry City,2,Ethan Pinnock,Coventry City,True,CB,90
ENG-Premier League,2627,2026-09-19 Nottingham-Coventry City,3,Jay Dasilva,Coventry City,True,DM,90
ENG-Premier League,2627,2026-09-19 Nottingham-Coventry City,4,Bobby Thomas,Coventry City,True,CB,90
ENG-Premier League,2627,2026-09-19 Nottingham-Coventry City,5,Jack Rudoni,Coventry City,True,AM,73
ENG-Premier League,2627,2026-09-19 Nottingham-Coventry City,6,Matt Grimes,Coventry City,True,DM,90
ENG-Premier League,2627,2026-09-19 Nottingham-Coventry City,8,Caleb Yirenkyi,Coventry City,True,DM,89
ENG-Premier League,2627,2026-09-19 Nottingham-Coventry City,10,Ephron Mason-Clark,Coventry City,True,AM,45
ENG-Premier League,2627,2026-09-19 Nottingham-Coventry City,12,Stephen Mfuni,Coventry City,True,CB,90
ENG-Premier League,2627,2026-09-19 Nottingham-Coventry City,16,Frank Onyeka,Coventry City,True,DM,90
ENG-Premier League,2627,2026-09-19 Nottingham-Coventry City,23,Brandon Thomas-Asante,Coventry City,True,FW,90
ENG-Premier League,2627,2026-09-19 Nottingham-Coventry City,25,Daniel Bentley,Coventry City,False,,0
ENG-Premier League,2627,2026-09-19 Nottingham-Coventry City,7,Tatsuhiro Sakamoto,Coventry City,False,,0
ENG-Premier League,2627,2026-09-19 Nottingham-Coventry City,9,Ellis Simms,Coventry City,False,FW,17
ENG-Premier League,2627,2026-09-19 Nottingham-Coventry City,17,Loum Tchaouna,Coventry City,False,"FW,MF",45
ENG-Premier League,2627,2026-09-19 Nottingham-Coventry City,22,Joël Latibeaudière,Coventry City,False,"DF,MF",1
ENG-Premier League,2627,2026-09-19 Nottingham-Coventry City,29,Victor Torp,Coventry City,False,,0
ENG-Premier League,2627,2026-09-19 Nottingham-Coventry City,34,Yann Gboho,Coventry City,False,,0
ENG-Premier League,2627,2026-09-19 Nottingham-Coventry City,38,Gustavo Hamer,Coventry City,False,,0
ENG-Premier League,2627,2026-09-19 Nottingham-Coventry City,49,Sidiki Cherif,Coventry City,False,,0
ENG-Premier League,2627,2026-09-19 Tottenham-Aston Villa,31,Antonín Kinský,Tottenham Hotspur,True,GK,90
ENG-Premier League,2627,2026-09-19 Tottenham-Aston Villa,3,Andy Robertson,Tottenham Hotspur,True,LB,90
ENG-Premier League,2627,2026-09-19 Tottenham-Aston Villa,6,Jan Paul van Hecke,Tottenham Hotspur,True,CB,90
ENG-Premier League,2627,2026-09-19 Tottenham-Aston Villa,16,Sandro Tonali,Tottenham Hotspur,True,DM,83
ENG-Premier League,2627,2026-09-19 Tottenham-Aston Villa,17,Sávio,Tottenham Hotspur,True,AM,90
ENG-Premier League,2627,2026-09-19 Tottenham-Aston Villa,18,Mateus Fernandes,Tottenham Hotspur,True,AM,45
ENG-Premier League,2627,2026-09-19 Tottenham-Aston Villa,19,Dominic Solanke,Tottenham Hotspur,True,FW,65
ENG-Premier League,2627,2026-09-19 Tottenham-Aston Villa,22,Omar Marmoush,Tottenham Hotspur,True,AM,90
ENG-Premier League,2627,2026-09-19 Tottenham-Aston Villa,23,Pedro Porro,Tottenham Hotspur,True,RB,18
ENG-Premier League,2627,2026-09-19 Tottenham-Aston Villa,30,Rodrigo Bentancur,Tottenham Hotspur,True,DM,83
ENG-Premier League,2627,2026-09-19 Tottenham-Aston Villa,37,Micky van de Ven,Tottenham Hotspur,True,CB,90
ENG-Premier League,2627,2026-09-19 Tottenham-Aston Villa,39,Martin Dúbravka,Tottenham Hotspur,False,,0
ENG-Premier League,2627,2026-09-19 Tottenham-Aston Villa,4,Tosin Adarabioyo,Tottenham Hotspur,False,,0
ENG-Premier League,2627,2026-09-19 Tottenham-Aston Villa,5,Marcos Senesi,Tottenham Hotspur,False,,0
ENG-Premier League,2627,2026-09-19 Tottenham-Aston Villa,8,Conor Gallagher,Tottenham Hotspur,False,MF,7
ENG-Premier League,2627,2026-09-19 Tottenham-Aston Villa,10,James Maddison,Tottenham Hotspur,False,"FW,MF",25
ENG-Premier League,2627,2026-09-19 Tottenham-Aston Villa,13,Destiny Udogie,Tottenham Hotspur,False,,0
ENG-Premier League,2627,2026-09-19 Tottenham-Aston Villa,14,Archie Gray,Tottenham Hotspur,False,"DF,MF",72
ENG-Premier League,2627,2026-09-19 Tottenham-Aston Villa,15,Lucas Bergvall,Tottenham Hotspur,False,MF,7
ENG-Premier League,2627,2026-09-19 Tottenham-Aston Villa,20,Mohammed Kudus,Tottenham Hotspur,False,"FW,MF",45
ENG-Premier League,2627,2026-09-19 Tottenham-Aston Villa,1,Zion Suzuki,Aston Villa,True,GK,90
ENG-Premier League,2627,2026-09-19 Tottenham-Aston Villa,3,Victor Lindelöf,Aston Villa,True,CB,90
ENG-Premier League,2627,2026-09-19 Tottenham-Aston Villa,5,Tyrone Mings,Aston Villa,True,CB,90
ENG-Premier League,2627,2026-09-19 Tottenham-Aston Villa,7,John McGinn,Aston Villa,True,AM,83
ENG-Premier League,2627,2026-09-19 Tottenham-Aston Villa,8,Boubacar Kamara,Aston Villa,True,DM,83
ENG-Premier League,2627,2026-09-19 Tottenham-Aston Villa,10,Emi Buendía,Aston Villa,True,AM,90
ENG-Premier League,2627,2026-09-19 Tottenham-Aston Villa,11,Nicolas Jackson,Aston Villa,True,FW,87
ENG-Premier League,2627,2026-09-19 Tottenham-Aston Villa,13,Matteo Ruggeri,Aston Villa,True,LB,90
ENG-Premier League,2627,2026-09-19 Tottenham-Aston Villa,29,Aaron Wan-Bissaka,Aston Villa,True,RB,45
ENG-Premier League,2627,2026-09-19 Tottenham-Aston Villa,35,João Gomes,Aston Villa,True,DM,90
ENG-Premier League,2627,2026-09-19 Tottenham-Aston Villa,44,Johan Manzambi,Aston Villa,True,AM,71
ENG-Premier League,2627,2026-09-19 Tottenham-Aston Villa,42,James Wright,Aston Villa,False,,0
ENG-Premier League,2627,2026-09-19 Tottenham-Aston Villa,2,Matty Cash,Aston Villa,False,"DF,MF",45
ENG-Premier League,2627,2026-09-19 Tottenham-Aston Villa,4,Taylor Harwood-Bellis,Aston Villa,False,,0
ENG-Premier League,2627,2026-09-19 Tottenham-Aston Villa,6,Ross Barkley,Aston Villa,False,MF,7
ENG-Premier League,2627,2026-09-19 Tottenham-Aston Villa,17,Alejandro Garnacho,Aston Villa,False,,0
ENG-Premier League,2627,2026-09-19 Tottenham-Aston Villa,18,Tammy Abraham,Aston Villa,False,FW,3
ENG-Premier League,2627,2026-09-19 Tottenham-Aston Villa,19,Ibrahim Mbaye,Aston Villa,False,FW,7
ENG-Premier League,2627,2026-09-19 Tottenham-Aston Villa,26,Lamare Bogarde,Aston Villa,False,,0
ENG-Premier League,2627,2026-09-19 Tottenham-Aston Villa,53,George Hemmings,Aston Villa,False,MF,19
ENG-Premier League,2627,2026-09-20 Bournemouth-Liverpool,1,Đorđe Petrović,Bournemouth,True,GK,90
ENG-Premier League,2627,2026-09-20 Bournemouth-Liverpool,3,Adrien Truffert,Bournemouth,True,LB,90
ENG-Premier League,2627,2026-09-20 Bournemouth-Liverpool,5,James Hill,Bournemouth,True,CB,90
ENG-Premier League,2627,2026-09-20 Bournemouth-Liverpool,8,Alex Scott,Bournemouth,True,DM,90
ENG-Premier League,2627,2026-09-20 Bournemouth-Liverpool,9,Evanilson,Bournemouth,True,FW,90
ENG-Premier League,2627,2026-09-20 Bournemouth-Liverpool,10,Ryan Christie,Bournemouth,True,AM,74
ENG-Premier League,2627,2026-09-20 Bournemouth-Liverpool,12,Tyler Adams,Bournemouth,True,DM,87
ENG-Premier League,2627,2026-09-20 Bournemouth-Liverpool,14,António Silva,Bournemouth,True,CB,90
ENG-Premier League,2627,2026-09-20 Bournemouth-Liverpool,15,Adam Smith,Bournemouth,True,RB,74
ENG-Premier League,2627,2026-09-20 Bournemouth-Liverpool,16,Marcus Tavernier,Bournemouth,True,AM,74
ENG-Premier League,2627,2026-09-20 Bournemouth-Liverpool,37,Rayan,Bournemouth,True,AM,87
ENG-Premier League,2627,2026-09-20 Bournemouth-Liverpool,20,Michele Di Gregorio,Bournemouth,False,,0
ENG-Premier League,2627,2026-09-20 Bournemouth-Liverpool,4,Lewis Cook,Bournemouth,False,MF,16
ENG-Premier League,2627,2026-09-20 Bournemouth-Liverpool,6,Julio Soler,Bournemouth,False,,0
ENG-Premier League,2627,2026-09-20 Bournemouth-Liverpool,7,David Brooks,Bournemouth,False,"FW,MF",16
ENG-Premier League,2627,2026-09-20 Bournemouth-Liverpool,11,Ben Gannon-Doak,Bournemouth,False,MF,3
ENG-Premier League,2627,2026-09-20 Bournemouth-Liverpool,18,Bafodé Diakité,Bournemouth,False,,0
ENG-Premier League,2627,2026-09-20 Bournemouth-Liverpool,24,Juanlu Sánchez,Bournemouth,False,,0
ENG-Premier League,2627,2026-09-20 Bournemouth-Liverpool,27,Alex Tóth,Bournemouth,False,MF,3
ENG-Premier League,2627,2026-09-20 Bournemouth-Liverpool,29,Daniel Jebbison,Bournemouth,False,FW,16
ENG-Premier League,2627,2026-09-20 Bournemouth-Liverpool,1,Alisson,Liverpool,True,GK,90
ENG-Premier League,2627,2026-09-20 Bournemouth-Liverpool,4,Virgil van Dijk,Liverpool,True,CB,90
ENG-Premier League,2627,2026-09-20 Bournemouth-Liverpool,5,Jérémy Jacquet,Liverpool,True,CB,90
ENG-Premier League,2627,2026-09-20 Bournemouth-Liverpool,6,Milos Kerkez,Liverpool,True,LB,90
ENG-Premier League,2627,2026-09-20 Bournemouth-Liverpool,7,Florian Wirtz,Liverpool,True,AM,70
ENG-Premier League,2627,2026-09-20 Bournemouth-Liverpool,8,Dominik Szoboszlai,Liverpool,True,DM,80
ENG-Premier League,2627,2026-09-20 Bournemouth-Liverpool,9,Alexander Isak,Liverpool,True,FW,80
ENG-Premier League,2627,2026-09-20 Bournemouth-Liverpool,10,Alexis Mac Allister,Liverpool,True,DM,90
ENG-Premier League,2627,2026-09-20 Bournemouth-Liverpool,18,Cody Gakpo,Liverpool,True,AM,90
ENG-Premier League,2627,2026-09-20 Bournemouth-Liverpool,29,Bradley Barcola,Liverpool,True,AM,71
ENG-Premier League,2627,2026-09-20 Bournemouth-Liverpool,33,Ronald Araújo,Liverpool,True,RB,90
ENG-Premier League,2627,2026-09-20 Bournemouth-Liverpool,25,Giorgi Mamardashvili,Liverpool,False,,0
ENG-Premier League,2627,2026-09-20 Bournemouth-Liverpool,2,Joe Gomez,Liverpool,False,,0
ENG-Premier League,2627,2026-09-20 Bournemouth-Liverpool,21,Kostas Tsimikas,Liverpool,False,,0
ENG-Premier League,2627,2026-09-20 Bournemouth-Liverpool,23,Víctor Muñoz,Liverpool,False,MF,19
ENG-Premier League,2627,2026-09-20 Bournemouth-Liverpool,30,Jeremie Frimpong,Liverpool,False,,0
ENG-Premier League,2627,2026-09-20 Bournemouth-Liverpool,38,Ryan Gravenberch,Liverpool,False,MF,10
ENG-Premier League,2627,2026-09-20 Bournemouth-Liverpool,42,Trey Nyoni,Liverpool,False,MF,20
ENG-Premier League,2627,2026-09-20 Bournemouth-Liverpool,67,Lewis Koumas,Liverpool,False,"FW,MF",10
ENG-Premier League,2627,2026-09-20 Bournemouth-Liverpool,73,Rio Ngumoha,Liverpool,False,,0
ENG-Premier League,2627,2026-09-20 Fulham-Manchester Utd,1,Bernd Leno,Fulham,True,GK,90
ENG-Premier League,2627,2026-09-20 Fulham-Manchester Utd,3,Calvin Bassey,Fulham,True,CB,90
ENG-Premier League,2627,2026-09-20 Fulham-Manchester Utd,7,Gonzalo García,Fulham,True,FW,79
ENG-Premier League,2627,2026-09-20 Fulham-Manchester Utd,14,Oscar Bobb,Fulham,True,AM,70
ENG-Premier League,2627,2026-09-20 Fulham-Manchester Utd,16,Sander Berge,Fulham,True,DM,76
ENG-Premier League,2627,2026-09-20 Fulham-Manchester Utd,17,Alex Iwobi,Fulham,True,AM,70
ENG-Premier League,2627,2026-09-20 Fulham-Manchester Utd,19,Shea Charles,Fulham,True,DM,90
ENG-Premier League,2627,2026-09-20 Fulham-Manchester Utd,21,Timothy Castagne,Fulham,True,RB,90
ENG-Premier League,2627,2026-09-20 Fulham-Manchester Utd,22,David Affengruber,Fulham,True,CB,90
ENG-Premier League,2627,2026-09-20 Fulham-Manchester Utd,24,Joshua King,Fulham,True,AM,79
ENG-Premier League,2627,2026-09-20 Fulham-Manchester Utd,33,Antonee Robinson,Fulham,True,LB,90
ENG-Premier League,2627,2026-09-20 Fulham-Manchester Utd,23,Benjamin Lecomte,Fulham,False,,0
ENG-Premier League,2627,2026-09-20 Fulham-Manchester Utd,5,Joachim Andersen,Fulham,False,DF,11
ENG-Premier League,2627,2026-09-20 Fulham-Manchester Utd,8,César Palacios,Fulham,False,MF,20
ENG-Premier League,2627,2026-09-20 Fulham-Manchester Utd,9,Rodrigo Muniz,Fulham,False,FW,11
ENG-Premier League,2627,2026-09-20 Fulham-Manchester Utd,11,Kevin,Fulham,False,MF,20
ENG-Premier League,2627,2026-09-20 Fulham-Manchester Utd,15,Hugo Larsson,Fulham,False,MF,14
ENG-Premier League,2627,2026-09-20 Fulham-Manchester Utd,20,Manuel Ángel,Fulham,False,,0
ENG-Premier League,2627,2026-09-20 Fulham-Manchester Utd,30,Ryan Sessegnon,Fulham,False,,0
ENG-Premier League,2627,2026-09-20 Fulham-Manchester Utd,32,Emile Smith Rowe,Fulham,False,,0
ENG-Premier League,2627,2026-09-20 Fulham-Manchester Utd,1,Senne Lammens,Manchester United,True,GK,90
ENG-Premier League,2627,2026-09-20 Fulham-Manchester Utd,2,Diogo Dalot,Manchester United,True,RB,90
ENG-Premier League,2627,2026-09-20 Fulham-Manchester Utd,5,Harry Maguire,Manchester United,True,CB,90
ENG-Premier League,2627,2026-09-20 Fulham-Manchester Utd,6,Lisandro Martínez,Manchester United,True,CB,90
ENG-Premier League,2627,2026-09-20 Fulham-Manchester Utd,8,Bruno Fernandes,Manchester United,True,AM,90
ENG-Premier League,2627,2026-09-20 Fulham-Manchester Utd,9,Marcus Rashford,Manchester United,True,AM,76
ENG-Premier League,2627,2026-09-20 Fulham-Manchester Utd,10,Matheus Cunha,Manchester United,True,FW,90
ENG-Premier League,2627,2026-09-20 Fulham-Manchester Utd,18,Youri Tielemans,Manchester United,True,DM,90
ENG-Premier League,2627,2026-09-20 Fulham-Manchester Utd,19,Bryan Mbeumo,Manchester United,True,AM,90
ENG-Premier League,2627,2026-09-20 Fulham-Manchester Utd,23,Luke Shaw,Manchester United,True,LB,83
ENG-Premier League,2627,2026-09-20 Fulham-Manchester Utd,37,Kobbie Mainoo,Manchester United,True,DM,79
ENG-Premier League,2627,2026-09-20 Fulham-Manchester Utd,12,Karl Darlow,Manchester United,False,,0
ENG-Premier League,2627,2026-09-20 Fulham-Manchester Utd,3,Noussair Mazraoui,Manchester United,False,,0
ENG-Premier League,2627,2026-09-20 Fulham-Manchester Utd,7,Mason Mount,Manchester United,False,MF,11
ENG-Premier League,2627,2026-09-20 Fulham-Manchester Utd,11,Joshua Zirkzee,Manchester United,False,FW,14
ENG-Premier League,2627,2026-09-20 Fulham-Manchester Utd,13,Patrick Dorgu,Manchester United,False,"DF,MF",7
ENG-Premier League,2627,2026-09-20 Fulham-Manchester Utd,15,Leny Yoro,Manchester United,False,,0
ENG-Premier League,2627,2026-09-20 Fulham-Manchester Utd,17,Andrey Santos,Manchester United,False,,0
ENG-Premier League,2627,2026-09-20 Fulham-Manchester Utd,20,Carlos Baleba,Manchester United,False,,0
ENG-Premier League,2627,2026-09-20 Fulham-Manchester Utd,31,Shea Lacey,Manchester United,False,,0
ENG-Premier League,2627,2026-09-20 Leeds United-Crystal Palace,1,James Trafford,Leeds United,True,GK,90
ENG-Premier League,2627,2026-09-20 Leeds United-Crystal Palace,2,Jayden Bogle,Leeds United,True,DM,66
ENG-Premier League,2627,2026-09-20 Leeds United-Crystal Palace,3,Gabriel Gudmundsson,Leeds United,True,DM,89
ENG-Premier League,2627,2026-09-20 Leeds United-Crystal Palace,4,Ethan Ampadu,Leeds United,True,DM,90
ENG-Premier League,2627,2026-09-20 Leeds United-Crystal Palace,5,Tarik Muharemovic,Leeds United,True,CB,90
ENG-Premier League,2627,2026-09-20 Leeds United-Crystal Palace,9,Dominic Calvert-Lewin,Leeds United,True,FW,90
ENG-Premier League,2627,2026-09-20 Leeds United-Crystal Palace,18,Anton Stach,Leeds United,True,AM,90
ENG-Premier League,2627,2026-09-20 Leeds United-Crystal Palace,19,Noah Okafor,Leeds United,True,AM,75
ENG-Premier League,2627,2026-09-20 Leeds United-Crystal Palace,22,Ao Tanaka,Leeds United,True,DM,67
ENG-Premier League,2627,2026-09-20 Leeds United-Crystal Palace,24,James Justin,Leeds United,True,CB,90
ENG-Premier League,2627,2026-09-20 Leeds United-Crystal Palace,30,Nico Elvedi,Leeds United,True,CB,90
ENG-Premier League,2627,2026-09-20 Leeds United-Crystal Palace,16,Michael Zetterer,Leeds United,False,,0
ENG-Premier League,2627,2026-09-20 Leeds United-Crystal Palace,7,Daniel James,Leeds United,False,"FW,MF",24
ENG-Premier League,2627,2026-09-20 Leeds United-Crystal Palace,8,Sean Longstaff,Leeds United,False,,0
ENG-Premier League,2627,2026-09-20 Leeds United-Crystal Palace,11,Brenden Aaronson,Leeds United,False,"FW,MF",23
ENG-Premier League,2627,2026-09-20 Leeds United-Crystal Palace,14,Lukas Nmecha,Leeds United,False,FW,15
ENG-Premier League,2627,2026-09-20 Leeds United-Crystal Palace,15,Jaka Bijol,Leeds United,False,,0
ENG-Premier League,2627,2026-09-20 Leeds United-Crystal Palace,23,Jean Mattéo Bahoya,Leeds United,False,MF,1
ENG-Premier League,2627,2026-09-20 Leeds United-Crystal Palace,26,Melvin Bard,Leeds United,False,,0
ENG-Premier League,2627,2026-09-20 Leeds United-Crystal Palace,44,Ilia Gruev,Leeds United,False,,0
ENG-Premier League,2627,2026-09-20 Leeds United-Crystal Palace,44,Walter Benítez,Crystal Palace,True,GK,90
ENG-Premier League,2627,2026-09-20 Leeds United-Crystal Palace,3,Tyrick Mitchell,Crystal Palace,True,DM,90
ENG-Premier League,2627,2026-09-20 Leeds United-Crystal Palace,6,Jaydee Canvot,Crystal Palace,True,CB,90
ENG-Premier League,2627,2026-09-20 Leeds United-Crystal Palace,10,Yéremy Pino,Crystal Palace,True,AM,81
ENG-Premier League,2627,2026-09-20 Leeds United-Crystal Palace,17,Takehiro Tomiyasu,Crystal Palace,True,CB,45
ENG-Premier League,2627,2026-09-20 Leeds United-Crystal Palace,18,Daichi Kamada,Crystal Palace,True,AM,90
ENG-Premier League,2627,2026-09-20 Leeds United-Crystal Palace,20,Adam Wharton,Crystal Palace,True,DM,90
ENG-Premier League,2627,2026-09-20 Leeds United-Crystal Palace,22,Jørgen Strand Larsen,Crystal Palace,True,FW,81
ENG-Premier League,2627,2026-09-20 Leeds United-Crystal Palace,23,Quinten Timber,Crystal Palace,True,DM,90
ENG-Premier League,2627,2026-09-20 Leeds United-Crystal Palace,25,Anan Khalaili,Crystal Palace,True,DM,90
ENG-Premier League,2627,2026-09-20 Leeds United-Crystal Palace,26,Chris Richards,Crystal Palace,True,CB,90
ENG-Premier League,2627,2026-09-20 Leeds United-Crystal Palace,31,Remi Matthews,Crystal Palace,False,,0
ENG-Premier League,2627,2026-09-20 Leeds United-Crystal Palace,7,Ismaila Sarr,Crystal Palace,False,"FW,MF",9
ENG-Premier League,2627,2026-09-20 Leeds United-Crystal Palace,8,Jefferson Lerma,Crystal Palace,False,"DF,MF",45
ENG-Premier League,2627,2026-09-20 Leeds United-Crystal Palace,9,Eddie Nketiah,Crystal Palace,False,FW,9
ENG-Premier League,2627,2026-09-20 Leeds United-Crystal Palace,11,Dwight McNeil,Crystal Palace,False,,0
ENG-Premier League,2627,2026-09-20 Leeds United-Crystal Palace,24,Darío Osorio,Crystal Palace,False,,0
ENG-Premier League,2627,2026-09-20 Leeds United-Crystal Palace,28,Cheick Doucouré,Crystal Palace,False,,0
ENG-Premier League,2627,2026-09-20 Leeds United-Crystal Palace,30,Óscar Mingueza,Crystal Palace,False,,0
ENG-Premier League,2627,2026-09-20 Leeds United-Crystal Palace,33,Ben Chilwell,Crystal Palace,False,,0
ENG-Premier League,2627,2026-09-20 Manchester City-Sunderland,1,Gianluigi Donnarumma,Manchester City,True,GK,90
ENG-Premier League,2627,2026-09-20 Manchester City-Sunderland,3,Rúben Dias,Manchester City,True,CB,90
ENG-Premier League,2627,2026-09-20 Manchester City-Sunderland,5,Elliot Anderson,Manchester City,True,DM,90
ENG-Premier League,2627,2026-09-20 Manchester City-Sunderland,6,Marc Guéhi,Manchester City,True,CB,90
ENG-Premier League,2627,2026-09-20 Manchester City-Sunderland,7,Iliman Ndiaye,Manchester City,True,AM,74
ENG-Premier League,2627,2026-09-20 Manchester City-Sunderland,9,Erling Haaland,Manchester City,True,FW,90
ENG-Premier League,2627,2026-09-20 Manchester City-Sunderland,10,Rayan Cherki,Manchester City,True,AM,84
ENG-Premier League,2627,2026-09-20 Manchester City-Sunderland,17,Enzo Fernández,Manchester City,True,DM,90
ENG-Premier League,2627,2026-09-20 Manchester City-Sunderland,24,Joško Gvardiol,Manchester City,True,LB,90
ENG-Premier League,2627,2026-09-20 Manchester City-Sunderland,27,Matheus Nunes,Manchester City,True,RB,90
ENG-Premier League,2627,2026-09-20 Manchester City-Sunderland,42,Antoine Semenyo,Manchester City,True,AM,90
ENG-Premier League,2627,2026-09-20 Manchester City-Sunderland,28,Gerónimo Rulli,Manchester City,False,,0
ENG-Premier League,2627,2026-09-20 Manchester City-Sunderland,8,Mateo Kovačić,Manchester City,False,,0
ENG-Premier League,2627,2026-09-20 Manchester City-Sunderland,11,Jeremy Doku,Manchester City,False,"FW,MF",16
ENG-Premier League,2627,2026-09-20 Manchester City-Sunderland,21,Rayan Aït-Nouri,Manchester City,False,,0
ENG-Premier League,2627,2026-09-20 Manchester City-Sunderland,32,Ayyoub Bouaddi,Manchester City,False,,0
ENG-Premier League,2627,2026-09-20 Manchester City-Sunderland,33,Nico O'Reilly,Manchester City,False,"DF,MF",6
ENG-Premier League,2627,2026-09-20 Manchester City-Sunderland,37,Allan,Manchester City,False,,0
ENG-Premier League,2627,2026-09-20 Manchester City-Sunderland,45,Abdukodir Khusanov,Manchester City,False,,0
ENG-Premier League,2627,2026-09-20 Manchester City-Sunderland,82,Rico Lewis,Manchester City,False,,0
ENG-Premier League,2627,2026-09-20 Manchester City-Sunderland,22,Robin Roefs,Sunderland,True,GK,90
ENG-Premier League,2627,2026-09-20 Manchester City-Sunderland,4,Kevin Danso,Sunderland,True,CB,90
ENG-Premier League,2627,2026-09-20 Manchester City-Sunderland,5,Daniel Ballard,Sunderland,True,CB,90
ENG-Premier League,2627,2026-09-20 Manchester City-Sunderland,6,Dayann Methalie,Sunderland,True,LB,90
ENG-Premier League,2627,2026-09-20 Manchester City-Sunderland,9,Brian Brobbey,Sunderland,True,FW,90
ENG-Premier League,2627,2026-09-20 Manchester City-Sunderland,10,Nilson Angulo,Sunderland,True,AM,59
ENG-Premier League,2627,2026-09-20 Manchester City-Sunderland,12,Thomas Meunier,Sunderland,True,AM,78
ENG-Premier League,2627,2026-09-20 Manchester City-Sunderland,20,Nordi Mukiele,Sunderland,True,RB,90
ENG-Premier League,2627,2026-09-20 Manchester City-Sunderland,27,Noah Sadiki,Sunderland,True,DM,67
ENG-Premier League,2627,2026-09-20 Manchester City-Sunderland,28,Enzo Le Fée,Sunderland,True,AM,90
ENG-Premier League,2627,2026-09-20 Manchester City-Sunderland,34,Granit Xhaka,Sunderland,True,DM,90
ENG-Premier League,2627,2026-09-20 Manchester City-Sunderland,31,Melker Ellborg,Sunderland,False,,0
ENG-Premier League,2627,2026-09-20 Manchester City-Sunderland,7,Chemsdine Talbi,Sunderland,False,,0
ENG-Premier League,2627,2026-09-20 Manchester City-Sunderland,11,Chris Rigg,Sunderland,False,,0
ENG-Premier League,2627,2026-09-20 Manchester City-Sunderland,13,Luke O'Nien,Sunderland,False,,0
ENG-Premier League,2627,2026-09-20 Manchester City-Sunderland,15,Omar Alderete,Sunderland,False,,0
ENG-Premier League,2627,2026-09-20 Manchester City-Sunderland,18,Wilson Isidor,Sunderland,False,"FW,MF",23
ENG-Premier League,2627,2026-09-20 Manchester City-Sunderland,29,Jules Ahoka,Sunderland,False,,0
ENG-Premier League,2627,2026-09-20 Manchester City-Sunderland,32,Trai Hume,Sunderland,False,"DF,MF",12
ENG-Premier League,2627,2026-09-20 Manchester City-Sunderland,39,Malick Fofana,Sunderland,False,"FW,MF",31
