league,season,game,team,player,jersey_number,nation,pos,age,min,Performance,Performance,Performance,Performance,Performance,Performance,Performance,Performance,Performance,Performance,Performance,Performance,Performance,Performance,Performance,Performance,Performance,game_id
,,,,,,,,,,Gls,Ast,PK,PKatt,Sh,SoT,CrdY,CrdR,Fls,Fld,Off,Crs,TklW,Int,OG,PKwon,PKcon,
ENG-Premier League,2627,2026-08-21 Arsenal-Coventry City,Arsenal,Ben White,4,ENG,RB,28-317,90,0,1,0,0,1,0,0,0,1,0,1,3,1,1,0,,,3085a362
ENG-Premier League,2627,2026-08-21 Arsenal-Coventry City,Arsenal,Bukayo Saka,7,ENG,AM,24-350,67,1,0,0,0,3,1,0,0,0,1,1,5,1,0,0,,,3085a362
ENG-Premier League,2627,2026-08-21 Arsenal-Coventry City,Arsenal,Christos Tzolis,17,GRE,AM,24-203,75,0,0,0,0,4,2,0,0,0,2,1,3,1,0,0,,,3085a362
ENG-Premier League,2627,2026-08-21 Arsenal-Coventry City,Arsenal,Cristhian Mosquera,3,ESP,CB,22-055,90,0,0,0,0,0,0,0,0,1,0,0,0,0,1,0,,,3085a362
ENG-Premier League,2627,2026-08-21 Arsenal-Coventry City,Arsenal,David Raya,1,ESP,GK,30-340,90,0,0,0,0,0,0,0,0,0,0,0,0,0,0,0,,,3085a362
ENG-Premier League,2627,2026-08-21 Arsenal-Coventry City,Arsenal,Declan Rice,41,ENG,DM,27-219,67,0,0,0,0,2,0,0,0,2,0,0,4,0,1,0,,,3085a362
ENG-Premier League,2627,2026-08-21 Arsenal-Coventry City,Arsenal,Eberechi Eze,10,ENG,"FW,MF",28-053,15,0,0,0,0,1,0,0,0,0,2,0,0,0,0,0,,,3085a362
ENG-Premier League,2627,2026-08-21 Arsenal-Coventry City,Arsenal,Gabriel Magalhães,6,BRA,CB,28-245,90,0,0,0,0,1,0,1,0,2,2,0,0,0,1,0,,,3085a362
ENG-Premier League,2627,2026-08-21 Arsenal-Coventry City,Arsenal,Kai Havertz,29,GER,FW,27-071,90,1,0,0,0,1,1,0,0,2,2,2,0,0,1,0,,,3085a362
ENG-Premier League,2627,2026-08-21 Arsenal-Coventry City,Arsenal,Martin Ødegaard,8,NOR,AM,27-247,75,1,0,0,0,3,1,0,0,0,1,0,2,2,0,0,,,3085a362
ENG-Premier League,2627,2026-08-21 Arsenal-Coventry City,Arsenal,Martín Zubimendi,36,ESP,MF,27-200,23,0,0,0,0,0,0,0,0,0,0,0,0,0,0,0,,,3085a362
ENG-Premier League,2627,2026-08-21 Arsenal-Coventry City,Arsenal,Mikel Merino,23,ESP,MF,30-060,15,0,0,0,0,2,1,0,0,1,0,0,0,0,0,0,,,3085a362
ENG-Premier League,2627,2026-08-21 Arsenal-Coventry City,Arsenal,Myles Lewis-Skelly,49,ENG,DM,19-329,90,0,0,0,0,1,0,0,0,1,3,0,0,0,0,0,,,3085a362
ENG-Premier League,2627,2026-08-21 Arsenal-Coventry City,Arsenal,Noni Madueke,20,ENG,"FW,MF",24-164,23,0,0,0,0,0,0,0,0,0,0,0,1,0,0,0,,,3085a362
ENG-Premier League,2627,2026-08-21 Arsenal-Coventry City,Arsenal,Piero Hincapié,5,ECU,DF,24-224,9,0,0,0,0,0,0,0,0,0,0,0,1,0,0,0,,,3085a362
ENG-Premier League,2627,2026-08-21 Arsenal-Coventry City,Arsenal,Riccardo Calafiori,33,ITA,LB,24-094,81,0,1,0,0,1,0,0,0,0,0,0,0,1,0,0,,,3085a362
ENG-Premier League,2627,2026-08-21 Arsenal-Coventry City,Coventry City,Aurèle Amenda,24,SUI,CB,23-021,90,0,0,0,0,0,0,0,0,1,0,0,0,0,0,0,,,3085a362
ENG-Premier League,2627,2026-08-21 Arsenal-Coventry City,Coventry City,Bobby Thomas,4,ENG,CB,25-203,90,0,0,0,0,1,0,0,0,2,1,0,0,1,0,0,,,3085a362
ENG-Premier League,2627,2026-08-21 Arsenal-Coventry City,Coventry City,Brandon Thomas-Asante,23,GHA,LW,27-235,69,0,0,0,0,0,0,0,0,0,2,0,1,0,4,0,,,3085a362
ENG-Premier League,2627,2026-08-21 Arsenal-Coventry City,Coventry City,Caleb Yirenkyi,8,GHA,AM,20-218,61,0,0,0,0,0,0,1,0,2,0,0,0,0,0,0,,,3085a362
ENG-Premier League,2627,2026-08-21 Arsenal-Coventry City,Coventry City,Carl Rushworth,19,ENG,GK,25-050,90,0,0,0,0,0,0,0,0,0,0,0,0,0,0,0,,,3085a362
ENG-Premier League,2627,2026-08-21 Arsenal-Coventry City,Coventry City,Ellis Simms,9,ENG,FW,25-228,69,0,0,0,0,0,0,0,0,2,1,0,0,0,0,0,,,3085a362
ENG-Premier League,2627,2026-08-21 Arsenal-Coventry City,Coventry City,Frank Onyeka,16,NGA,AM,28-232,90,0,0,0,0,0,0,0,0,3,1,0,0,1,3,0,,,3085a362
ENG-Premier League,2627,2026-08-21 Arsenal-Coventry City,Coventry City,Gustavo Hamer,38,NED,MF,29-058,9,0,0,0,0,0,0,0,0,0,0,0,0,0,0,0,,,3085a362
ENG-Premier League,2627,2026-08-21 Arsenal-Coventry City,Coventry City,Jack Rudoni,5,ENG,MF,26-087,21,0,0,0,0,1,1,0,0,0,0,0,0,0,0,0,,,3085a362
ENG-Premier League,2627,2026-08-21 Arsenal-Coventry City,Coventry City,Jay Dasilva,3,WAL,LB,28-121,90,0,0,0,0,0,0,0,0,0,0,0,2,0,0,0,,,3085a362
ENG-Premier League,2627,2026-08-21 Arsenal-Coventry City,Coventry City,Loum Tchaouna,18,FRA,RW,22-347,81,0,0,0,0,2,0,0,0,1,2,0,2,0,0,0,,,3085a362
ENG-Premier League,2627,2026-08-21 Arsenal-Coventry City,Coventry City,Matt Grimes,6,ENG,DM,31-037,90,0,0,0,0,0,0,0,0,0,2,0,3,0,0,0,,,3085a362
ENG-Premier League,2627,2026-08-21 Arsenal-Coventry City,Coventry City,Milan van Ewijk,27,NED,RB,25-347,90,0,0,0,0,0,0,0,0,2,0,0,0,0,1,0,,,3085a362
ENG-Premier League,2627,2026-08-21 Arsenal-Coventry City,Coventry City,Taiwo Awoniyi,14,NGA,FW,29-009,21,0,0,0,0,0,0,0,0,0,1,0,0,0,0,0,,,3085a362
ENG-Premier League,2627,2026-08-21 Arsenal-Coventry City,Coventry City,Victor Torp,29,DEN,MF,27-022,29,0,0,0,0,0,0,0,0,0,0,0,2,0,1,0,,,3085a362
ENG-Premier League,2627,2026-08-22 Brentford-Tottenham,Brentford,Aaron Hickey,2,SCO,"DF,MF",24-073,15,0,0,0,0,0,0,0,0,2,1,0,0,0,0,0,,,01f07042
ENG-Premier League,2627,2026-08-22 Brentford-Tottenham,Brentford,Callum Wilson,13,ENG,FW,34-176,8,0,0,0,0,1,0,0,0,0,0,0,0,0,0,0,,,01f07042
ENG-Premier League,2627,2026-08-22 Brentford-Tottenham,Brentford,Caoimhín Kelleher,1,IRL,GK,27-272,90,0,0,0,0,0,0,0,0,0,0,0,0,0,0,0,,,01f07042
ENG-Premier League,2627,2026-08-22 Brentford-Tottenham,Brentford,Dango Ouattara,11,BFA,AM,24-192,66,0,0,0,0,2,0,0,0,3,2,1,1,0,2,0,,,01f07042
ENG-Premier League,2627,2026-08-22 Brentford-Tottenham,Brentford,Igor Thiago,9,BRA,FW,25-057,82,0,0,0,1,2,0,0,0,0,0,0,0,0,0,0,,,01f07042
ENG-Premier League,2627,2026-08-22 Brentford-Tottenham,Brentford,Jaidon Anthony,19,ENG,"FW,MF",26-264,24,0,0,0,0,1,0,0,0,1,0,1,2,1,0,0,,,01f07042
ENG-Premier League,2627,2026-08-22 Brentford-Tottenham,Brentford,Keane Lewis-Potter,23,ENG,LB,25-181,90,1,0,0,0,2,1,0,0,1,0,0,4,0,2,0,,,01f07042
ENG-Premier League,2627,2026-08-22 Brentford-Tottenham,Brentford,Kevin Schade,7,GER,AM,24-268,90,0,0,0,0,5,2,0,0,0,2,0,0,3,1,0,,,01f07042
ENG-Premier League,2627,2026-08-22 Brentford-Tottenham,Brentford,Kristoffer Ajer,20,NOR,CB,28-127,90,0,0,0,0,1,1,0,0,1,1,0,0,1,2,0,,,01f07042
ENG-Premier League,2627,2026-08-22 Brentford-Tottenham,Brentford,Mamadou Sangare,18,MLI,DM,24-057,75,0,1,0,0,1,1,0,0,1,3,0,1,0,2,0,,,01f07042
ENG-Premier League,2627,2026-08-22 Brentford-Tottenham,Brentford,Mathias Jensen,8,DEN,AM,30-233,66,0,0,0,0,2,1,0,0,3,0,0,5,1,0,0,,,01f07042
ENG-Premier League,2627,2026-08-22 Brentford-Tottenham,Brentford,Michael Kayode,33,ITA,RB,22-043,75,1,0,0,0,4,1,0,0,0,3,0,0,0,1,0,,,01f07042
ENG-Premier League,2627,2026-08-22 Brentford-Tottenham,Brentford,Mikkel Damsgaard,24,DEN,"FW,MF",26-050,15,0,0,0,0,0,0,0,0,0,0,0,2,0,0,0,,,01f07042
ENG-Premier League,2627,2026-08-22 Brentford-Tottenham,Brentford,Nathan Collins,22,IRL,CB,25-114,90,0,0,0,0,2,0,0,0,0,0,1,0,0,0,0,,,01f07042
ENG-Premier League,2627,2026-08-22 Brentford-Tottenham,Brentford,Vitaly Janelt,27,GER,DM,28-104,90,1,0,0,0,2,1,1,0,4,1,0,5,3,4,0,,,01f07042
ENG-Premier League,2627,2026-08-22 Brentford-Tottenham,Brentford,Yehor Yarmoliuk,6,UKR,MF,22-174,24,0,0,0,0,1,0,0,0,1,1,0,1,2,1,0,,,01f07042
ENG-Premier League,2627,2026-08-22 Brentford-Tottenham,Tottenham Hotspur,Andy Robertson,3,SCO,LB,32-164,90,0,0,0,0,0,0,0,0,0,2,0,5,2,2,0,,,01f07042
ENG-Premier League,2627,2026-08-22 Brentford-Tottenham,Tottenham Hotspur,Antonín Kinský,31,CZE,GK,23-162,90,0,0,0,0,0,0,0,0,0,0,0,0,0,0,0,,,01f07042
ENG-Premier League,2627,2026-08-22 Brentford-Tottenham,Tottenham Hotspur,Archie Gray,14,ENG,RB,20-163,85,0,0,0,0,0,0,0,0,0,2,0,0,1,1,0,,,01f07042
ENG-Premier League,2627,2026-08-22 Brentford-Tottenham,Tottenham Hotspur,Conor Gallagher,8,ENG,AM,26-197,45,0,0,0,0,1,0,1,0,1,1,0,0,1,0,0,,,01f07042
ENG-Premier League,2627,2026-08-22 Brentford-Tottenham,Tottenham Hotspur,Destiny Udogie,13,ITA,"DF,MF",23-267,5,0,0,0,0,0,0,0,0,1,1,0,2,0,0,0,,,01f07042
ENG-Premier League,2627,2026-08-22 Brentford-Tottenham,Tottenham Hotspur,Dominic Solanke,19,ENG,FW,28-342,23,0,0,0,0,1,0,0,0,0,1,1,0,0,0,0,,,01f07042
ENG-Premier League,2627,2026-08-22 Brentford-Tottenham,Tottenham Hotspur,James Maddison,10,ENG,"FW,MF",29-272,23,0,0,0,0,0,0,0,0,0,2,0,1,0,0,0,,,01f07042
ENG-Premier League,2627,2026-08-22 Brentford-Tottenham,Tottenham Hotspur,Jan Paul van Hecke,6,NED,CB,26-075,90,0,0,0,0,0,0,0,0,1,1,0,0,0,0,0,,,01f07042
ENG-Premier League,2627,2026-08-22 Brentford-Tottenham,Tottenham Hotspur,Lucas Bergvall,15,SWE,DM,20-201,45,0,0,0,0,0,0,0,0,0,0,0,1,0,0,0,,,01f07042
ENG-Premier League,2627,2026-08-22 Brentford-Tottenham,Tottenham Hotspur,Marcos Senesi,5,ARG,CB,29-104,90,0,0,0,0,0,0,0,0,2,3,1,0,4,2,0,,,01f07042
ENG-Premier League,2627,2026-08-22 Brentford-Tottenham,Tottenham Hotspur,Mateus Fernandes,18,POR,MF,22-043,45,0,0,0,0,0,0,0,0,1,0,0,0,1,0,0,,,01f07042
ENG-Premier League,2627,2026-08-22 Brentford-Tottenham,Tottenham Hotspur,Mathys Tel,11,FRA,AM,21-117,90,0,0,0,0,2,0,0,0,2,0,0,2,0,0,0,,,01f07042
ENG-Premier League,2627,2026-08-22 Brentford-Tottenham,Tottenham Hotspur,Mikey Moore,47,ENG,AM,19-011,67,0,0,0,0,3,3,0,0,0,1,0,1,0,0,0,,,01f07042
ENG-Premier League,2627,2026-08-22 Brentford-Tottenham,Tottenham Hotspur,Richarlison,9,BRA,FW,29-104,67,0,0,0,0,0,0,0,0,2,1,0,0,0,0,0,,,01f07042
ENG-Premier League,2627,2026-08-22 Brentford-Tottenham,Tottenham Hotspur,Rodrigo Bentancur,30,URU,MF,29-058,45,0,0,0,0,0,0,0,0,3,0,0,0,2,1,0,,,01f07042
ENG-Premier League,2627,2026-08-22 Brentford-Tottenham,Tottenham Hotspur,Sandro Tonali,16,ITA,DM,26-106,90,0,0,0,0,2,1,0,0,1,1,0,2,1,0,0,,,01f07042
ENG-Premier League,2627,2026-08-22 Everton-Crystal Palace,Crystal Palace,Adam Wharton,20,ENG,DM,22-197,90,0,0,0,0,0,0,0,0,0,2,0,0,0,3,0,,,cbc27eaf
ENG-Premier League,2627,2026-08-22 Everton-Crystal Palace,Crystal Palace,Anan Khalaili,25,ISR,MF,21-353,36,0,0,0,0,0,0,0,0,1,0,0,2,2,1,0,,,cbc27eaf
ENG-Premier League,2627,2026-08-22 Everton-Crystal Palace,Crystal Palace,Chadi Riad,4,MAR,CB,23-066,71,0,0,0,0,0,0,0,0,2,0,0,0,1,1,0,,,cbc27eaf
ENG-Premier League,2627,2026-08-22 Everton-Crystal Palace,Crystal Palace,Chris Richards,26,USA,CB,26-147,90,0,0,0,0,0,0,0,0,0,0,0,0,2,2,0,,,cbc27eaf
ENG-Premier League,2627,2026-08-22 Everton-Crystal Palace,Crystal Palace,Daichi Kamada,18,JPN,DM,30-017,90,0,0,0,0,0,0,1,0,1,2,0,4,3,1,0,,,cbc27eaf
ENG-Premier League,2627,2026-08-22 Everton-Crystal Palace,Crystal Palace,Daniel Muñoz,2,COL,DM,30-088,54,0,0,0,0,2,1,0,0,1,0,0,0,1,1,0,,,cbc27eaf
ENG-Premier League,2627,2026-08-22 Everton-Crystal Palace,Crystal Palace,Dean Henderson,1,ENG,GK,29-163,90,0,0,0,0,0,0,0,0,0,0,0,0,0,0,0,,,cbc27eaf
ENG-Premier League,2627,2026-08-22 Everton-Crystal Palace,Crystal Palace,Dwight McNeil,11,ENG,AM,26-273,62,0,0,0,0,1,0,0,0,0,0,0,0,0,0,0,,,cbc27eaf
ENG-Premier League,2627,2026-08-22 Everton-Crystal Palace,Crystal Palace,Eddie Nketiah,9,ENG,AM,27-084,54,0,0,0,0,1,1,0,0,0,0,0,0,1,0,0,,,cbc27eaf
ENG-Premier League,2627,2026-08-22 Everton-Crystal Palace,Crystal Palace,Evann Guessand,29,CIV,"FW,MF",25-052,28,0,0,0,0,1,1,0,0,2,0,0,1,0,0,0,,,cbc27eaf
ENG-Premier League,2627,2026-08-22 Everton-Crystal Palace,Crystal Palace,Jaydee Canvot,6,FRA,CB,20-024,90,0,0,0,0,1,0,0,0,0,0,0,0,3,0,0,,,cbc27eaf
ENG-Premier League,2627,2026-08-22 Everton-Crystal Palace,Crystal Palace,Jean-Philippe Mateta,14,FRA,FW,29-055,62,0,0,0,0,2,0,0,0,2,0,0,0,0,0,0,,,cbc27eaf
ENG-Premier League,2627,2026-08-22 Everton-Crystal Palace,Crystal Palace,Jørgen Strand Larsen,22,NOR,FW,26-197,28,0,0,0,0,1,1,0,0,2,0,0,0,0,0,0,,,cbc27eaf
ENG-Premier League,2627,2026-08-22 Everton-Crystal Palace,Crystal Palace,Takehiro Tomiyasu,17,JPN,DF,27-290,19,0,0,0,0,0,0,0,0,1,1,0,0,0,1,0,,,cbc27eaf
ENG-Premier League,2627,2026-08-22 Everton-Crystal Palace,Crystal Palace,Tyrick Mitchell,3,ENG,DM,26-355,90,0,0,0,0,0,0,0,0,2,0,0,4,2,0,0,,,cbc27eaf
ENG-Premier League,2627,2026-08-22 Everton-Crystal Palace,Crystal Palace,Yéremy Pino,10,ESP,"FW,MF",23-306,36,0,0,0,0,2,0,0,0,1,0,0,2,1,0,0,,,cbc27eaf
ENG-Premier League,2627,2026-08-22 Everton-Crystal Palace,Everton,Beto,9,GNB,FW,28-203,12,0,0,0,0,1,0,0,0,0,0,0,0,0,0,0,,,cbc27eaf
ENG-Premier League,2627,2026-08-22 Everton-Crystal Palace,Everton,Brennan Johnson,22,WAL,"FW,MF",25-091,7,0,0,0,0,0,0,0,0,1,1,0,0,0,0,0,,,cbc27eaf
ENG-Premier League,2627,2026-08-22 Everton-Crystal Palace,Everton,Carlos Alcaraz,24,ARG,MF,23-265,1,0,0,0,0,1,1,0,0,0,0,0,0,1,0,0,,,cbc27eaf
ENG-Premier League,2627,2026-08-22 Everton-Crystal Palace,Everton,Harrison Armstrong,45,ENG,DM,19-215,90,0,1,0,0,0,0,0,0,3,2,0,0,1,2,0,,,cbc27eaf
ENG-Premier League,2627,2026-08-22 Everton-Crystal Palace,Everton,Hayden Hackney,30,ENG,DM,24-057,78,0,0,0,0,1,0,0,0,1,3,0,2,1,1,0,,,cbc27eaf
ENG-Premier League,2627,2026-08-22 Everton-Crystal Palace,Everton,Iliman Ndiaye,10,SEN,AM,26-169,90,0,1,0,0,2,2,0,0,0,1,0,2,1,0,0,,,cbc27eaf
ENG-Premier League,2627,2026-08-22 Everton-Crystal Palace,Everton,James Garner,37,ENG,MF,25-162,12,0,0,0,0,0,0,0,0,0,0,0,0,1,0,0,,,cbc27eaf
ENG-Premier League,2627,2026-08-22 Everton-Crystal Palace,Everton,James Tarkowski,6,ENG,CB,33-276,90,0,0,0,0,1,0,0,0,0,2,0,0,1,3,0,,,cbc27eaf
ENG-Premier League,2627,2026-08-22 Everton-Crystal Palace,Everton,Jarrad Branthwaite,4,ENG,CB,24-056,90,0,0,0,0,0,0,0,0,0,0,1,0,1,1,0,,,cbc27eaf
ENG-Premier League,2627,2026-08-22 Everton-Crystal Palace,Everton,Jordan Pickford,1,ENG,GK,32-168,90,0,0,0,0,0,0,0,0,0,0,0,0,0,0,0,,,cbc27eaf
ENG-Premier League,2627,2026-08-22 Everton-Crystal Palace,Everton,Kiernan Dewsbury-Hall,8,ENG,AM,27-350,89,1,0,0,0,3,1,0,0,0,2,0,6,1,0,0,,,cbc27eaf
ENG-Premier League,2627,2026-08-22 Everton-Crystal Palace,Everton,Merlin Röhl,34,GER,RB,24-048,90,0,0,0,0,0,0,0,0,0,0,0,2,1,1,0,,,cbc27eaf
ENG-Premier League,2627,2026-08-22 Everton-Crystal Palace,Everton,Thierno Barry,11,FRA,FW,23-305,78,1,0,0,0,2,1,0,0,0,1,0,1,1,0,0,,,cbc27eaf
ENG-Premier League,2627,2026-08-22 Everton-Crystal Palace,Everton,Tyrique George,19,ENG,AM,20-199,83,0,0,0,0,5,0,0,0,0,0,1,1,0,2,0,,,cbc27eaf
ENG-Premier League,2627,2026-08-22 Everton-Crystal Palace,Everton,Vitaliy Mykolenko,16,UKR,LB,27-085,90,0,0,0,0,0,0,0,0,0,2,0,0,0,0,0,,,cbc27eaf
ENG-Premier League,2627,2026-08-22 Hull City-Manchester Utd,Hull City,Bachir Belloumi,10,ALG,RM,24-082,90,0,0,0,0,2,0,0,0,2,1,0,1,1,1,0,,,69e3855f
ENG-Premier League,2627,2026-08-22 Hull City-Manchester Utd,Hull City,Cody Drameh,18,ENG,"DF,MF",24-257,21,0,0,0,0,1,0,0,0,0,0,0,0,1,1,0,,,69e3855f
ENG-Premier League,2627,2026-08-22 Hull City-Manchester Utd,Hull City,Elliot Stroud,21,SWE,LM,24-061,70,0,0,0,0,0,0,0,0,0,0,0,2,2,1,0,,,69e3855f
ENG-Premier League,2627,2026-08-22 Hull City-Manchester Utd,Hull City,John Egan,15,IRL,CB,33-306,90,0,0,0,0,0,0,0,0,0,0,0,0,0,0,0,,,69e3855f
ENG-Premier League,2627,2026-08-22 Hull City-Manchester Utd,Hull City,Kostas Tzolakis,19,GRE,GK,23-287,90,0,0,0,0,0,0,0,0,0,2,0,0,0,0,0,,,69e3855f
ENG-Premier League,2627,2026-08-22 Hull City-Manchester Utd,Hull City,Lewie Coyle,2,ENG,RB,30-311,69,0,0,0,0,0,0,0,0,1,2,0,2,1,0,0,,,69e3855f
ENG-Premier League,2627,2026-08-22 Hull City-Manchester Utd,Hull City,Liam Millar,7,CAN,"FW,MF",26-329,20,0,0,0,0,0,0,1,0,1,1,0,0,1,0,0,,,69e3855f
ENG-Premier League,2627,2026-08-22 Hull City-Manchester Utd,Hull City,Lucas Herrington,22,AUS,DF,18-351,27,0,0,0,0,0,0,0,0,0,0,0,0,0,0,0,,,69e3855f
ENG-Premier League,2627,2026-08-22 Hull City-Manchester Utd,Hull City,Matt Crooks,25,ENG,CM,32-214,90,0,0,0,0,0,0,1,0,2,1,0,0,3,0,0,,,69e3855f
ENG-Premier League,2627,2026-08-22 Hull City-Manchester Utd,Hull City,Matt Targett,23,ENG,"DF,MF",30-338,6,0,0,0,0,0,0,0,0,0,0,0,0,0,0,0,,,69e3855f
ENG-Premier League,2627,2026-08-22 Hull City-Manchester Utd,Hull City,Nobel Mendy,32,SEN,CB,21-353,63,1,0,0,0,1,1,0,0,1,0,0,0,0,0,0,,,69e3855f
ENG-Premier League,2627,2026-08-22 Hull City-Manchester Utd,Hull City,Oliver McBurnie,9,SCO,FW,30-079,90,0,0,0,0,2,2,0,0,1,2,0,0,0,0,0,,,69e3855f
ENG-Premier League,2627,2026-08-22 Hull City-Manchester Utd,Hull City,Paddy McNair,17,NIR,"DF,MF",31-117,27,0,0,0,0,0,0,0,0,0,0,0,0,0,0,0,,,69e3855f
ENG-Premier League,2627,2026-08-22 Hull City-Manchester Utd,Hull City,Regan Slater,27,ENG,CM,26-345,90,0,1,0,0,0,0,0,0,2,0,0,2,1,0,0,,,69e3855f
ENG-Premier League,2627,2026-08-22 Hull City-Manchester Utd,Hull City,Ryan Giles,3,ENG,LB,26-208,84,0,0,0,0,1,0,0,0,0,0,0,8,1,1,0,,,69e3855f
ENG-Premier League,2627,2026-08-22 Hull City-Manchester Utd,Hull City,Semi Ajayi,6,NGA,CB,32-286,63,1,0,0,0,1,1,0,0,0,0,0,0,0,2,0,,,69e3855f
ENG-Premier League,2627,2026-08-22 Hull City-Manchester Utd,Manchester United,Andrey Santos,17,BRA,DM,22-111,66,0,0,0,0,0,0,0,0,1,2,0,0,1,0,0,,,69e3855f
ENG-Premier League,2627,2026-08-22 Hull City-Manchester Utd,Manchester United,Ayden Heaven,26,ENG,CB,19-334,90,0,0,0,0,2,0,0,0,1,2,0,0,0,0,0,,,69e3855f
ENG-Premier League,2627,2026-08-22 Hull City-Manchester Utd,Manchester United,Benjamin Šeško,30,SVN,FW,23-083,24,0,0,0,0,1,0,0,0,1,0,0,0,0,0,0,,,69e3855f
ENG-Premier League,2627,2026-08-22 Hull City-Manchester Utd,Manchester United,Bruno Fernandes,8,POR,AM,31-348,90,0,0,0,0,3,1,0,0,0,0,0,6,0,0,0,,,69e3855f
ENG-Premier League,2627,2026-08-22 Hull City-Manchester Utd,Manchester United,Bryan Mbeumo,19,CMR,AM,27-015,90,0,0,0,0,4,2,0,0,0,0,1,10,0,0,0,,,69e3855f
ENG-Premier League,2627,2026-08-22 Hull City-Manchester Utd,Manchester United,Diogo Dalot,2,POR,"DF,MF",27-157,11,0,0,0,0,0,0,0,0,0,0,0,0,1,1,0,,,69e3855f
ENG-Premier League,2627,2026-08-22 Hull City-Manchester Utd,Manchester United,Harry Maguire,5,ENG,CB,33-170,90,0,0,0,0,2,1,0,0,0,0,0,2,0,0,0,,,69e3855f
ENG-Premier League,2627,2026-08-22 Hull City-Manchester Utd,Manchester United,Kobbie Mainoo,37,ENG,MF,21-125,24,0,0,0,0,1,0,0,0,0,0,0,1,0,0,0,,,69e3855f
ENG-Premier League,2627,2026-08-22 Hull City-Manchester Utd,Manchester United,Luke Shaw,23,ENG,LB,31-041,90,0,0,0,0,0,0,0,0,0,0,0,7,1,1,0,,,69e3855f
ENG-Premier League,2627,2026-08-22 Hull City-Manchester Utd,Manchester United,Marcus Rashford,9,ENG,"FW,MF",28-295,45,0,0,0,0,0,0,0,0,0,1,1,3,0,0,0,,,69e3855f
ENG-Premier League,2627,2026-08-22 Hull City-Manchester Utd,Manchester United,Matheus Cunha,10,BRA,FW,27-087,79,0,0,0,0,3,1,0,0,0,1,0,3,0,0,0,,,69e3855f
ENG-Premier League,2627,2026-08-22 Hull City-Manchester Utd,Manchester United,Noussair Mazraoui,3,MAR,RB,28-281,79,0,0,0,0,1,0,0,0,1,0,0,5,1,0,0,,,69e3855f
ENG-Premier League,2627,2026-08-22 Hull City-Manchester Utd,Manchester United,Patrick Dorgu,13,DEN,AM,21-300,45,0,0,0,0,3,0,1,0,4,0,1,0,0,0,0,,,69e3855f
ENG-Premier League,2627,2026-08-22 Hull City-Manchester Utd,Manchester United,Senne Lammens,1,BEL,GK,24-046,90,0,0,0,0,0,0,0,0,0,0,0,0,0,0,0,,,69e3855f
ENG-Premier League,2627,2026-08-22 Hull City-Manchester Utd,Manchester United,Shea Lacey,31,ENG,FW,19-130,11,0,0,0,0,0,0,0,0,0,0,0,1,0,0,0,,,69e3855f
ENG-Premier League,2627,2026-08-22 Hull City-Manchester Utd,Manchester United,Youri Tielemans,18,BEL,DM,29-107,66,0,0,0,0,1,0,0,0,1,3,0,1,0,0,0,,,69e3855f
ENG-Premier League,2627,2026-08-22 Ipswich Town-Sunderland,Ipswich Town,Abdoul Ouattara,42,FRA,MF,20-304,11,0,0,0,0,0,0,0,0,0,0,0,0,0,0,0,,,2d0f0fb4
ENG-Premier League,2627,2026-08-22 Ipswich Town-Sunderland,Ipswich Town,Abdul Fatawu Issahaku,7,GHA,AM,22-167,65,0,0,0,0,0,0,0,0,1,3,0,6,2,1,0,,,2d0f0fb4
ENG-Premier League,2627,2026-08-22 Ipswich Town-Sunderland,Ipswich Town,Chuba Akpom,29,ENG,"FW,MF",30-317,25,0,0,0,0,0,0,0,0,1,1,0,0,0,0,0,,,2d0f0fb4
ENG-Premier League,2627,2026-08-22 Ipswich Town-Sunderland,Ipswich Town,Daizen Maeda,38,JPN,AM,28-306,79,0,0,0,0,1,0,0,0,2,0,0,2,3,0,0,,,2d0f0fb4
ENG-Premier League,2627,2026-08-22 Ipswich Town-Sunderland,Ipswich Town,Dara O'Shea,26,IRL,RB,27-171,90,0,0,0,0,0,0,0,0,0,2,0,1,1,1,0,,,2d0f0fb4
ENG-Premier League,2627,2026-08-22 Ipswich Town-Sunderland,Ipswich Town,Emersonn,19,BRA,FW,22-037,65,1,0,0,0,3,2,0,0,0,1,0,1,1,0,0,,,2d0f0fb4
ENG-Premier League,2627,2026-08-22 Ipswich Town-Sunderland,Ipswich Town,Issa Diop,6,MAR,CB,29-225,90,0,0,0,0,0,0,0,0,2,0,0,0,1,2,0,,,2d0f0fb4
ENG-Premier League,2627,2026-08-22 Ipswich Town-Sunderland,Ipswich Town,Jack Clarke,47,ENG,"FW,MF",25-272,20,1,0,0,0,2,1,0,0,0,0,0,0,1,0,0,,,2d0f0fb4
ENG-Premier League,2627,2026-08-22 Ipswich Town-Sunderland,Ipswich Town,Jacob Greaves,24,ENG,CB,25-344,90,0,0,0,0,0,0,0,0,1,2,0,0,2,0,0,,,2d0f0fb4
ENG-Premier League,2627,2026-08-22 Ipswich Town-Sunderland,Ipswich Town,Julio Enciso,10,PAR,AM,22-211,70,0,1,0,0,3,0,0,0,1,2,1,0,1,0,0,,,2d0f0fb4
ENG-Premier League,2627,2026-08-22 Ipswich Town-Sunderland,Ipswich Town,Kasey McAteer,20,IRL,MF,24-273,25,0,0,0,0,0,0,0,0,1,0,0,0,1,0,0,,,2d0f0fb4
ENG-Premier League,2627,2026-08-22 Ipswich Town-Sunderland,Ipswich Town,Kjell Scherpen,37,NED,GK,26-211,90,0,0,0,0,0,0,0,0,0,1,0,0,0,0,0,,,2d0f0fb4
ENG-Premier League,2627,2026-08-22 Ipswich Town-Sunderland,Ipswich Town,Leif Davis,3,ENG,LB,26-234,90,0,0,0,0,0,0,0,0,0,1,0,2,0,1,0,,,2d0f0fb4
ENG-Premier League,2627,2026-08-22 Ipswich Town-Sunderland,Ipswich Town,Marcelino Núñez,32,CHI,DM,26-174,79,0,0,0,0,1,0,0,0,1,0,0,0,1,1,0,,,2d0f0fb4
ENG-Premier League,2627,2026-08-22 Ipswich Town-Sunderland,Ipswich Town,Saša Lukić,23,SRB,DM,30-009,90,0,1,0,0,0,0,0,0,1,0,0,2,1,1,0,,,2d0f0fb4
ENG-Premier League,2627,2026-08-22 Ipswich Town-Sunderland,Ipswich Town,Sindre Egeli,8,NOR,"FW,MF",20-062,11,0,0,0,0,0,0,0,0,1,1,0,0,0,0,0,,,2d0f0fb4
ENG-Premier League,2627,2026-08-22 Ipswich Town-Sunderland,Sunderland,Brian Brobbey,9,NED,FW,24-202,66,0,0,0,0,2,1,0,0,2,0,2,0,0,0,0,,,2d0f0fb4
ENG-Premier League,2627,2026-08-22 Ipswich Town-Sunderland,Sunderland,Chemsdine Talbi,7,MAR,MF,21-105,32,0,0,0,0,0,0,0,0,1,0,1,3,0,0,0,,,2d0f0fb4
ENG-Premier League,2627,2026-08-22 Ipswich Town-Sunderland,Sunderland,Chris Rigg,11,ENG,MF,19-065,11,0,0,0,0,0,0,0,0,0,0,0,0,0,0,0,,,2d0f0fb4
ENG-Premier League,2627,2026-08-22 Ipswich Town-Sunderland,Sunderland,Daniel Ballard,5,NIR,CB,26-334,90,0,0,0,0,0,0,1,0,2,1,0,0,1,0,0,,,2d0f0fb4
ENG-Premier League,2627,2026-08-22 Ipswich Town-Sunderland,Sunderland,Enzo Le Fée,28,FRA,AM,26-200,79,0,0,0,0,0,0,0,0,0,1,1,2,1,0,0,,,2d0f0fb4
ENG-Premier League,2627,2026-08-22 Ipswich Town-Sunderland,Sunderland,Granit Xhaka,34,SUI,DM,33-329,90,0,0,0,0,0,0,0,0,1,4,0,6,1,2,0,,,2d0f0fb4
ENG-Premier League,2627,2026-08-22 Ipswich Town-Sunderland,Sunderland,Habib Diarra,19,SEN,MF,22-231,11,0,0,0,0,1,0,0,0,0,0,0,0,0,0,0,,,2d0f0fb4
ENG-Premier League,2627,2026-08-22 Ipswich Town-Sunderland,Sunderland,Luke O'Nien,13,ENG,CB,31-274,66,0,0,0,0,1,0,1,0,2,0,0,2,0,0,0,,,2d0f0fb4
ENG-Premier League,2627,2026-08-22 Ipswich Town-Sunderland,Sunderland,Nilson Angulo,10,ECU,AM,23-064,58,1,0,0,0,2,1,1,0,0,1,0,2,1,1,0,,,2d0f0fb4
ENG-Premier League,2627,2026-08-22 Ipswich Town-Sunderland,Sunderland,Noah Sadiki,27,COD,DM,21-248,90,0,0,0,0,1,1,0,0,1,3,0,1,0,0,0,,,2d0f0fb4
ENG-Premier League,2627,2026-08-22 Ipswich Town-Sunderland,Sunderland,Omar Alderete,15,PAR,DF,29-239,24,0,0,0,0,0,0,0,0,0,0,0,0,0,0,0,,,2d0f0fb4
ENG-Premier League,2627,2026-08-22 Ipswich Town-Sunderland,Sunderland,Reinildo Mandava,17,MOZ,LB,32-213,90,0,0,0,0,0,0,0,0,2,1,0,2,1,3,0,,,2d0f0fb4
ENG-Premier League,2627,2026-08-22 Ipswich Town-Sunderland,Sunderland,Robin Roefs,22,NED,GK,23-217,90,0,0,0,0,0,0,0,0,0,1,0,0,0,0,0,,,2d0f0fb4
ENG-Premier League,2627,2026-08-22 Ipswich Town-Sunderland,Sunderland,Thomas Meunier,12,BEL,RB,34-344,90,0,0,0,0,2,1,0,0,1,0,0,4,1,2,0,,,2d0f0fb4
ENG-Premier League,2627,2026-08-22 Ipswich Town-Sunderland,Sunderland,Trai Hume,32,NIR,AM,24-157,79,0,0,0,0,2,0,0,0,2,0,0,1,2,1,0,,,2d0f0fb4
ENG-Premier League,2627,2026-08-22 Ipswich Town-Sunderland,Sunderland,Wilson Isidor,18,HAI,"FW,MF",25-360,24,0,0,0,0,0,0,0,0,0,0,0,0,0,0,0,,,2d0f0fb4
ENG-Premier League,2627,2026-08-22 Nottingham-Leeds United,Leeds United,Anton Stach,18,GER,DM,27-280,90,1,0,0,0,3,1,0,0,2,4,0,1,2,4,0,,,b6600c62
ENG-Premier League,2627,2026-08-22 Nottingham-Leeds United,Leeds United,Brenden Aaronson,11,USA,AM,25-304,81,0,0,0,0,1,1,0,0,0,2,0,0,1,0,0,,,b6600c62
ENG-Premier League,2627,2026-08-22 Nottingham-Leeds United,Leeds United,Dominic Calvert-Lewin,9,ENG,FW,29-159,90,0,0,0,0,3,0,1,0,2,0,2,0,0,0,0,,,b6600c62
ENG-Premier League,2627,2026-08-22 Nottingham-Leeds United,Leeds United,Ethan Ampadu,4,WAL,DM,25-342,90,0,0,0,0,0,0,0,0,2,2,0,0,1,2,0,,,b6600c62
ENG-Premier League,2627,2026-08-22 Nottingham-Leeds United,Leeds United,Harry Wilson,10,WAL,AM,29-153,65,0,0,0,0,0,0,0,0,1,0,1,3,1,0,0,,,b6600c62
ENG-Premier League,2627,2026-08-22 Nottingham-Leeds United,Leeds United,Jaka Bijol,15,SVN,CB,27-198,90,0,0,0,0,2,0,0,0,1,1,0,1,1,2,0,,,b6600c62
ENG-Premier League,2627,2026-08-22 Nottingham-Leeds United,Leeds United,James Justin,24,ENG,DM,28-180,90,0,0,0,0,0,0,0,0,1,2,0,1,3,1,0,,,b6600c62
ENG-Premier League,2627,2026-08-22 Nottingham-Leeds United,Leeds United,James Trafford,1,ENG,GK,23-316,90,0,0,0,0,0,0,0,0,0,0,0,0,0,0,0,,,b6600c62
ENG-Premier League,2627,2026-08-22 Nottingham-Leeds United,Leeds United,Jayden Bogle,2,ENG,DM,26-026,90,0,0,0,0,0,0,0,0,1,3,0,0,1,1,0,,,b6600c62
ENG-Premier League,2627,2026-08-22 Nottingham-Leeds United,Leeds United,Joe Rodon,6,WAL,CB,28-304,90,0,0,0,0,1,0,0,0,2,1,0,1,0,2,0,,,b6600c62
ENG-Premier League,2627,2026-08-22 Nottingham-Leeds United,Leeds United,Noah Okafor,19,SUI,"FW,MF",26-090,25,0,0,0,0,0,0,0,0,1,0,0,1,2,1,0,,,b6600c62
ENG-Premier League,2627,2026-08-22 Nottingham-Leeds United,Leeds United,Sean Longstaff,8,ENG,MF,28-296,9,0,0,0,0,0,0,0,0,0,0,0,0,0,0,0,,,b6600c62
ENG-Premier League,2627,2026-08-22 Nottingham-Leeds United,Leeds United,Tarik Muharemovic,5,BIH,CB,23-175,90,0,0,0,0,1,1,0,0,1,0,0,0,0,2,0,,,b6600c62
ENG-Premier League,2627,2026-08-22 Nottingham-Leeds United,Nottingham Forest,Arnaud Kalimuendo,15,FRA,FW,24-214,1,0,0,0,0,0,0,0,0,0,0,0,0,0,0,0,,,b6600c62
ENG-Premier League,2627,2026-08-22 Nottingham-Leeds United,Nottingham Forest,Chris Wood,9,NZL,FW,34-258,29,0,0,0,0,1,0,0,0,0,1,0,0,0,0,0,,,b6600c62
ENG-Premier League,2627,2026-08-22 Nottingham-Leeds United,Nottingham Forest,Dan Ndoye,14,SUI,AM,25-301,61,0,0,0,0,0,0,0,0,2,1,0,0,0,0,0,,,b6600c62
ENG-Premier League,2627,2026-08-22 Nottingham-Leeds United,Nottingham Forest,Ibrahim Sangaré,6,CIV,DM,28-263,90,0,0,0,0,1,0,0,0,2,1,0,0,0,0,0,,,b6600c62
ENG-Premier League,2627,2026-08-22 Nottingham-Leeds United,Nottingham Forest,Igor Jesus,11,BRA,FW,25-178,90,0,0,0,0,3,1,0,0,1,3,1,0,0,0,0,,,b6600c62
ENG-Premier League,2627,2026-08-22 Nottingham-Leeds United,Nottingham Forest,Jair Cunha,23,BRA,CB,21-168,90,0,0,0,0,0,0,1,0,2,2,0,1,0,1,0,,,b6600c62
ENG-Premier League,2627,2026-08-22 Nottingham-Leeds United,Nottingham Forest,James Mcatee,24,ENG,DM,23-308,73,0,0,0,0,0,0,0,0,0,2,0,5,1,0,0,,,b6600c62
ENG-Premier League,2627,2026-08-22 Nottingham-Leeds United,Nottingham Forest,Luca Netz,25,GER,"DF,MF",23-099,17,0,0,0,0,0,0,0,0,1,0,0,0,0,0,0,,,b6600c62
ENG-Premier League,2627,2026-08-22 Nottingham-Leeds United,Nottingham Forest,Matz Sels,26,BEL,GK,34-177,90,0,0,0,0,0,0,0,0,0,0,0,0,0,0,0,,,b6600c62
ENG-Premier League,2627,2026-08-22 Nottingham-Leeds United,Nottingham Forest,Morgan Gibbs-White,10,ENG,AM,26-207,90,0,0,0,0,3,0,0,0,1,2,1,4,0,1,0,,,b6600c62
ENG-Premier League,2627,2026-08-22 Nottingham-Leeds United,Nottingham Forest,Murillo,5,BRA,CB,24-049,89,0,0,0,0,0,0,0,0,1,0,0,0,1,0,0,,,b6600c62
ENG-Premier League,2627,2026-08-22 Nottingham-Leeds United,Nottingham Forest,Neco Williams,3,WAL,DM,25-131,90,0,0,0,0,0,0,0,0,1,1,1,5,3,0,0,,,b6600c62
ENG-Premier League,2627,2026-08-22 Nottingham-Leeds United,Nottingham Forest,Nikola Milenković,31,SRB,CB,28-314,90,0,0,0,0,2,0,0,0,3,1,0,0,0,0,0,,,b6600c62
ENG-Premier League,2627,2026-08-22 Nottingham-Leeds United,Nottingham Forest,Ola Aina,34,NGA,DM,29-318,73,0,0,0,0,2,1,1,0,1,0,0,4,0,0,0,,,b6600c62
ENG-Premier League,2627,2026-08-22 Nottingham-Leeds United,Nottingham Forest,Xaver Schlager,21,AUT,MF,28-328,17,0,0,0,0,0,0,0,0,0,0,0,1,0,0,0,,,b6600c62
ENG-Premier League,2627,2026-08-23 Brighton-Aston Villa,Aston Villa,Alejandro Garnacho,17,ARG,MF,22-053,5,0,0,0,0,0,0,0,0,0,0,1,0,0,0,0,,,cc39f2ef
ENG-Premier League,2627,2026-08-23 Brighton-Aston Villa,Aston Villa,Alysson,47,BRA,MF,20-110,9,0,0,0,0,0,0,0,0,0,0,0,0,1,0,0,,,cc39f2ef
ENG-Premier League,2627,2026-08-23 Brighton-Aston Villa,Aston Villa,Boubacar Kamara,8,FRA,DM,26-273,90,0,0,0,0,0,0,0,0,2,1,0,0,1,1,0,,,cc39f2ef
ENG-Premier League,2627,2026-08-23 Brighton-Aston Villa,Aston Villa,Emi Buendía,10,ARG,FW,29-241,85,0,0,0,0,3,0,0,0,2,2,1,1,0,2,0,,,cc39f2ef
ENG-Premier League,2627,2026-08-23 Brighton-Aston Villa,Aston Villa,George Hemmings,53,ENG,AM,19-172,90,0,0,0,0,0,0,0,0,0,0,0,0,2,0,0,,,cc39f2ef
ENG-Premier League,2627,2026-08-23 Brighton-Aston Villa,Aston Villa,Ian Maatsen,22,NED,LB,24-166,81,0,0,0,0,1,0,0,0,0,0,0,1,0,2,0,,,cc39f2ef
ENG-Premier League,2627,2026-08-23 Brighton-Aston Villa,Aston Villa,John McGinn,7,SCO,AM,31-309,81,0,0,0,0,1,0,1,0,1,4,0,2,0,1,0,,,cc39f2ef
ENG-Premier League,2627,2026-08-23 Brighton-Aston Villa,Aston Villa,João Gomes,35,BRA,DM,25-192,39,0,0,0,0,0,0,1,1,1,1,0,0,2,0,0,,,cc39f2ef
ENG-Premier League,2627,2026-08-23 Brighton-Aston Villa,Aston Villa,Lamare Bogarde,26,NED,"DF,MF",22-230,17,0,0,0,0,0,0,0,0,0,0,0,0,0,0,0,,,cc39f2ef
ENG-Premier League,2627,2026-08-23 Brighton-Aston Villa,Aston Villa,Marco Bizot,40,NED,GK,35-166,90,0,0,0,0,0,0,0,0,0,0,0,0,0,0,0,,,cc39f2ef
ENG-Premier League,2627,2026-08-23 Brighton-Aston Villa,Aston Villa,Matteo Ruggeri,13,ITA,"DF,MF",24-043,9,0,0,0,0,0,0,0,0,0,0,0,0,0,0,0,,,cc39f2ef
ENG-Premier League,2627,2026-08-23 Brighton-Aston Villa,Aston Villa,Matty Cash,2,POL,RB,29-016,90,0,0,0,0,0,0,1,0,2,2,0,0,2,1,0,,,cc39f2ef
ENG-Premier League,2627,2026-08-23 Brighton-Aston Villa,Aston Villa,Pau Torres,14,ESP,CB,29-219,73,0,0,0,0,0,0,0,0,1,0,0,0,0,1,0,,,cc39f2ef
ENG-Premier League,2627,2026-08-23 Brighton-Aston Villa,Aston Villa,Ross Barkley,6,ENG,AM,32-261,73,0,0,0,0,1,0,0,0,0,2,0,0,0,0,0,,,cc39f2ef
ENG-Premier League,2627,2026-08-23 Brighton-Aston Villa,Aston Villa,Tyrone Mings,5,ENG,DF,33-163,17,0,0,0,0,0,0,0,0,0,0,0,0,1,0,0,,,cc39f2ef
ENG-Premier League,2627,2026-08-23 Brighton-Aston Villa,Aston Villa,Victor Lindelöf,3,SWE,CB,32-037,90,0,0,0,0,0,0,0,0,0,0,0,0,0,0,1,,,cc39f2ef
ENG-Premier League,2627,2026-08-23 Brighton-Aston Villa,Brighton & Hove Albion,Bart Verbruggen,1,NED,GK,24-005,90,0,0,0,0,0,0,0,0,0,0,0,0,0,0,0,,,cc39f2ef
ENG-Premier League,2627,2026-08-23 Brighton-Aston Villa,Brighton & Hove Albion,Charalampos Kostoulas,19,GRE,FW,19-085,27,0,0,0,0,2,0,0,0,0,0,1,0,0,0,0,,,cc39f2ef
ENG-Premier League,2627,2026-08-23 Brighton-Aston Villa,Brighton & Hove Albion,Costinha,20,POR,"DF,MF",26-150,27,0,0,0,0,2,1,0,0,0,0,0,0,1,1,0,,,cc39f2ef
ENG-Premier League,2627,2026-08-23 Brighton-Aston Villa,Brighton & Hove Albion,Diego Gómez,25,PAR,AM,23-149,85,0,1,0,0,3,2,0,0,0,0,2,2,2,1,0,,,cc39f2ef
ENG-Premier League,2627,2026-08-23 Brighton-Aston Villa,Brighton & Hove Albion,Georginio Rutter,10,FRA,FW,24-125,90,0,1,0,0,2,0,0,0,0,0,2,0,2,0,0,,,cc39f2ef
ENG-Premier League,2627,2026-08-23 Brighton-Aston Villa,Brighton & Hove Albion,Ibrahim Osman,15,GHA,"FW,MF",21-267,13,0,0,0,0,0,0,0,0,0,2,0,1,0,0,0,,,cc39f2ef
ENG-Premier League,2627,2026-08-23 Brighton-Aston Villa,Brighton & Hove Albion,Jack Hinshelwood,8,ENG,AM,21-134,63,2,0,0,0,3,2,0,0,0,2,0,0,2,0,0,,,cc39f2ef
ENG-Premier League,2627,2026-08-23 Brighton-Aston Villa,Brighton & Hove Albion,Lewis Dunk,5,ENG,CB,34-275,90,0,0,0,0,0,0,0,0,2,0,0,1,1,2,0,,,cc39f2ef
ENG-Premier League,2627,2026-08-23 Brighton-Aston Villa,Brighton & Hove Albion,Luka Vušković,44,CRO,CB,19-180,90,0,0,0,0,2,0,0,0,1,0,0,0,0,0,0,,,cc39f2ef
ENG-Premier League,2627,2026-08-23 Brighton-Aston Villa,Brighton & Hove Albion,Malick Yalcouye,35,CIV,MF,20-278,5,0,0,0,0,0,0,0,0,0,0,0,0,0,0,0,,,cc39f2ef
ENG-Premier League,2627,2026-08-23 Brighton-Aston Villa,Brighton & Hove Albion,Mats Wieffer,27,NED,RB,26-280,77,0,0,0,0,1,0,0,0,1,2,0,1,1,3,0,,,cc39f2ef
ENG-Premier League,2627,2026-08-23 Brighton-Aston Villa,Brighton & Hove Albion,Maxim De Cuyper,29,BEL,AM,25-244,77,1,0,0,0,4,1,0,0,4,0,1,5,3,1,0,,,cc39f2ef
ENG-Premier League,2627,2026-08-23 Brighton-Aston Villa,Brighton & Hove Albion,Olivier Boscagli,21,FRA,LB,28-278,90,0,0,0,0,0,0,0,0,0,1,0,3,1,2,0,,,cc39f2ef
ENG-Premier League,2627,2026-08-23 Brighton-Aston Villa,Brighton & Hove Albion,Pascal Groß,13,GER,DM,35-069,90,0,0,0,0,0,0,1,0,1,0,0,10,1,0,0,,,cc39f2ef
ENG-Premier League,2627,2026-08-23 Brighton-Aston Villa,Brighton & Hove Albion,Yasin Ayari,26,SWE,DM,22-321,63,0,0,0,0,2,0,1,0,2,1,0,0,0,0,0,,,cc39f2ef
ENG-Premier League,2627,2026-08-23 Brighton-Aston Villa,Brighton & Hove Albion,Zadok Yohanna,36,NGA,FW,19-055,13,0,0,0,0,0,0,0,0,1,0,0,0,0,0,0,,,cc39f2ef
ENG-Premier League,2627,2026-08-23 Manchester City-Bournemouth,Bournemouth,Adam Smith,15,ENG,RB,35-116,90,0,0,0,0,0,0,0,0,1,3,0,1,1,2,0,,,029e3234
ENG-Premier League,2627,2026-08-23 Manchester City-Bournemouth,Bournemouth,Adrien Truffert,3,FRA,LB,24-276,90,0,0,0,0,0,0,0,0,4,0,0,0,0,0,0,,,029e3234
ENG-Premier League,2627,2026-08-23 Manchester City-Bournemouth,Bournemouth,Alex Scott,8,ENG,DM,23-002,90,0,0,0,0,0,0,0,0,0,1,0,2,2,1,0,,,029e3234
ENG-Premier League,2627,2026-08-23 Manchester City-Bournemouth,Bournemouth,Alex Tóth,27,HUN,MF,20-304,16,0,0,0,0,0,0,0,0,0,0,0,0,1,0,0,,,029e3234
ENG-Premier League,2627,2026-08-23 Manchester City-Bournemouth,Bournemouth,António Silva,14,POR,CB,22-297,90,0,0,0,0,0,0,1,0,0,0,0,0,0,0,0,,,029e3234
ENG-Premier League,2627,2026-08-23 Manchester City-Bournemouth,Bournemouth,Ben Gannon-Doak,11,SCO,MF,20-285,2,0,0,0,0,0,0,0,0,0,0,0,1,0,0,0,,,029e3234
ENG-Premier League,2627,2026-08-23 Manchester City-Bournemouth,Bournemouth,Daniel Jebbison,29,CAN,FW,23-010,16,0,0,0,0,1,1,0,0,0,1,0,0,0,0,0,,,029e3234
ENG-Premier League,2627,2026-08-23 Manchester City-Bournemouth,Bournemouth,Evanilson,9,BRA,FW,26-321,74,0,1,0,0,0,0,1,0,2,1,0,0,0,3,0,,,029e3234
ENG-Premier League,2627,2026-08-23 Manchester City-Bournemouth,Bournemouth,James Hill,5,ENG,CB,24-225,90,0,0,0,0,0,0,0,0,2,0,1,0,0,0,0,,,029e3234
ENG-Premier League,2627,2026-08-23 Manchester City-Bournemouth,Bournemouth,Justin Kluivert,19,NED,AM,27-110,74,0,0,0,0,1,1,0,0,1,1,0,1,2,1,0,,,029e3234
ENG-Premier League,2627,2026-08-23 Manchester City-Bournemouth,Bournemouth,Lewis Cook,4,ENG,DM,29-201,74,0,0,0,0,0,0,0,0,0,0,0,0,0,2,0,,,029e3234
ENG-Premier League,2627,2026-08-23 Manchester City-Bournemouth,Bournemouth,Marcus Tavernier,16,ENG,AM,27-154,90,1,0,0,0,2,1,0,0,1,3,0,3,1,0,0,,,029e3234
ENG-Premier League,2627,2026-08-23 Manchester City-Bournemouth,Bournemouth,Rayan,37,BRA,AM,20-020,88,0,0,0,0,1,1,0,0,0,0,0,0,0,1,0,,,029e3234
ENG-Premier League,2627,2026-08-23 Manchester City-Bournemouth,Bournemouth,Tyler Adams,12,USA,MF,27-190,16,0,0,0,0,0,0,0,0,0,0,0,0,0,2,0,,,029e3234
ENG-Premier League,2627,2026-08-23 Manchester City-Bournemouth,Bournemouth,Đorđe Petrović,1,SRB,GK,26-319,90,0,0,0,0,0,0,0,0,0,0,0,0,0,0,0,,,029e3234
ENG-Premier League,2627,2026-08-23 Manchester City-Bournemouth,Manchester City,Abdukodir Khusanov,45,UZB,CB,22-175,90,0,0,0,0,0,0,0,0,0,0,0,0,2,1,0,,,029e3234
ENG-Premier League,2627,2026-08-23 Manchester City-Bournemouth,Manchester City,Antoine Semenyo,42,GHA,AM,26-228,90,0,0,0,0,1,1,0,0,2,2,2,1,1,0,0,,,029e3234
ENG-Premier League,2627,2026-08-23 Manchester City-Bournemouth,Manchester City,Elliot Anderson,5,ENG,DM,23-290,62,0,0,0,0,0,0,0,0,3,2,0,3,0,2,0,,,029e3234
ENG-Premier League,2627,2026-08-23 Manchester City-Bournemouth,Manchester City,Erling Haaland,9,NOR,FW,26-033,90,0,0,0,0,5,2,0,0,0,0,0,0,0,0,0,,,029e3234
ENG-Premier League,2627,2026-08-23 Manchester City-Bournemouth,Manchester City,Gianluigi Donnarumma,1,ITA,GK,27-179,90,0,0,0,0,0,0,0,0,0,0,0,0,0,0,0,,,029e3234
ENG-Premier League,2627,2026-08-23 Manchester City-Bournemouth,Manchester City,Jack Grealish,18,ENG,"FW,MF",30-347,9,0,0,0,0,0,0,0,0,1,0,0,0,0,0,0,,,029e3234
ENG-Premier League,2627,2026-08-23 Manchester City-Bournemouth,Manchester City,Joško Gvardiol,24,CRO,LB,24-212,90,1,0,0,0,1,1,0,0,0,0,0,1,1,2,0,,,029e3234
ENG-Premier League,2627,2026-08-23 Manchester City-Bournemouth,Manchester City,Marc Guéhi,6,ENG,DM,26-041,90,1,0,0,0,2,1,0,0,1,2,0,0,3,0,0,,,029e3234
ENG-Premier League,2627,2026-08-23 Manchester City-Bournemouth,Manchester City,Mateo Kovačić,8,CRO,MF,32-109,28,0,0,0,0,0,0,0,0,0,0,0,0,0,0,0,,,029e3234
ENG-Premier League,2627,2026-08-23 Manchester City-Bournemouth,Manchester City,Matheus Nunes,27,POR,"DF,MF",27-361,34,0,0,0,0,0,0,0,0,0,1,0,2,0,0,0,,,029e3234
ENG-Premier League,2627,2026-08-23 Manchester City-Bournemouth,Manchester City,Nico O'Reilly,33,ENG,AM,21-155,62,0,0,0,0,1,0,0,0,1,0,0,4,0,0,0,,,029e3234
ENG-Premier League,2627,2026-08-23 Manchester City-Bournemouth,Manchester City,Phil Foden,47,ENG,AM,26-087,81,0,0,0,0,2,0,1,0,2,2,0,8,1,0,0,,,029e3234
ENG-Premier League,2627,2026-08-23 Manchester City-Bournemouth,Manchester City,Rayan Cherki,10,FRA,"FW,MF",23-006,28,0,2,0,0,0,0,0,0,0,0,0,3,0,0,0,,,029e3234
ENG-Premier League,2627,2026-08-23 Manchester City-Bournemouth,Manchester City,Rico Lewis,82,ENG,RB,21-275,56,0,0,0,0,1,1,0,0,1,2,0,2,0,2,0,,,029e3234
ENG-Premier League,2627,2026-08-23 Manchester City-Bournemouth,Manchester City,Rúben Dias,3,POR,CB,29-101,90,0,0,0,0,0,0,0,0,0,0,0,0,0,0,0,,,029e3234
ENG-Premier League,2627,2026-08-23 Newcastle-Liverpool,Liverpool,Alexander Isak,9,SWE,FW,26-336,90,0,0,0,0,4,2,0,0,0,2,0,0,0,0,0,,,a02c581c
ENG-Premier League,2627,2026-08-23 Newcastle-Liverpool,Liverpool,Alexis Mac Allister,10,ARG,MF,27-242,28,0,0,0,0,0,0,0,0,0,2,0,0,2,0,0,,,a02c581c
ENG-Premier League,2627,2026-08-23 Newcastle-Liverpool,Liverpool,Alisson,1,BRA,GK,33-325,90,0,0,0,0,0,0,0,0,0,0,0,0,0,0,0,,,a02c581c
ENG-Premier League,2627,2026-08-23 Newcastle-Liverpool,Liverpool,Cody Gakpo,18,NED,AM,27-108,90,1,0,0,0,6,1,0,0,4,3,1,3,3,3,0,,,a02c581c
ENG-Premier League,2627,2026-08-23 Newcastle-Liverpool,Liverpool,Dominik Szoboszlai,8,HUN,DM,25-302,90,1,0,1,1,3,1,0,0,2,1,0,10,0,1,0,,,a02c581c
ENG-Premier League,2627,2026-08-23 Newcastle-Liverpool,Liverpool,Florian Wirtz,7,GER,AM,23-112,62,0,0,0,0,3,1,0,0,0,1,0,1,0,0,0,,,a02c581c
ENG-Premier League,2627,2026-08-23 Newcastle-Liverpool,Liverpool,Jeremie Frimpong,30,NED,RB,25-256,90,0,0,0,0,1,0,1,0,2,0,0,5,0,0,0,,,a02c581c
ENG-Premier League,2627,2026-08-23 Newcastle-Liverpool,Liverpool,Jérémy Jacquet,5,FRA,CB,21-041,69,0,0,0,0,0,0,0,0,1,1,0,0,1,1,0,,,a02c581c
ENG-Premier League,2627,2026-08-23 Newcastle-Liverpool,Liverpool,Lewis Koumas,67,WAL,MF,20-338,13,0,0,0,0,1,0,0,0,0,0,0,0,0,0,0,,,a02c581c
ENG-Premier League,2627,2026-08-23 Newcastle-Liverpool,Liverpool,Milos Kerkez,6,HUN,LB,22-289,90,0,0,0,0,2,1,1,0,3,1,0,2,1,1,0,,,a02c581c
ENG-Premier League,2627,2026-08-23 Newcastle-Liverpool,Liverpool,Rio Ngumoha,73,ENG,AM,17-359,62,0,0,0,0,1,0,0,0,1,1,0,2,1,0,0,,,a02c581c
ENG-Premier League,2627,2026-08-23 Newcastle-Liverpool,Liverpool,Ronald Araújo,33,URU,DF,27-169,21,0,0,0,0,0,0,0,0,1,0,0,0,0,0,0,,,a02c581c
ENG-Premier League,2627,2026-08-23 Newcastle-Liverpool,Liverpool,Ryan Gravenberch,38,NED,DM,24-099,77,0,1,0,0,2,0,0,0,1,3,0,0,0,2,0,,,a02c581c
ENG-Premier League,2627,2026-08-23 Newcastle-Liverpool,Liverpool,Virgil van Dijk,4,NED,CB,35-046,90,0,0,0,0,2,1,1,0,0,0,0,0,1,0,0,,,a02c581c
ENG-Premier League,2627,2026-08-23 Newcastle-Liverpool,Liverpool,Víctor Muñoz,23,ESP,MF,23-041,28,0,0,0,0,2,0,0,0,0,1,0,4,0,0,0,,,a02c581c
ENG-Premier League,2627,2026-08-23 Newcastle-Liverpool,Newcastle United,Aladji Bamba,8,FRA,MF,20-040,15,0,0,0,0,0,0,0,0,0,0,0,0,1,0,0,,,a02c581c
ENG-Premier League,2627,2026-08-23 Newcastle-Liverpool,Newcastle United,Amar Dedić,37,BIH,RB,24-005,90,0,0,0,0,1,0,0,0,3,2,0,0,0,0,0,,,a02c581c
ENG-Premier League,2627,2026-08-23 Newcastle-Liverpool,Newcastle United,Anthony Elanga,19,SWE,AM,24-118,75,1,0,0,0,2,2,0,0,1,3,0,1,0,0,0,,,a02c581c
ENG-Premier League,2627,2026-08-23 Newcastle-Liverpool,Newcastle United,Fabian Schär,5,SUI,DF,34-246,1,0,0,0,0,0,0,0,0,0,0,0,0,0,0,0,,,a02c581c
ENG-Premier League,2627,2026-08-23 Newcastle-Liverpool,Newcastle United,Harvey Barnes,11,ENG,AM,28-257,90,0,0,0,0,1,0,0,0,1,3,0,0,1,0,0,,,a02c581c
ENG-Premier League,2627,2026-08-23 Newcastle-Liverpool,Newcastle United,Jacob Murphy,23,ENG,"DF,FW",31-180,15,0,0,0,0,0,0,1,0,1,0,0,1,0,0,0,,,a02c581c
ENG-Premier League,2627,2026-08-23 Newcastle-Liverpool,Newcastle United,Jacob Ramsey,41,ENG,MF,25-087,35,0,0,0,0,1,0,1,0,1,0,0,0,1,1,0,,,a02c581c
ENG-Premier League,2627,2026-08-23 Newcastle-Liverpool,Newcastle United,Joe Willock,28,ENG,MF,27-003,35,1,0,0,0,1,1,0,0,2,0,0,2,1,0,0,,,a02c581c
ENG-Premier League,2627,2026-08-23 Newcastle-Liverpool,Newcastle United,Lewis Hall,3,ENG,LB,21-349,90,0,0,0,0,0,0,0,0,2,0,0,4,3,2,0,,,a02c581c
ENG-Premier League,2627,2026-08-23 Newcastle-Liverpool,Newcastle United,Lewis Miley,67,ENG,DM,20-114,75,0,0,0,0,1,0,1,0,1,1,0,0,0,1,0,,,a02c581c
ENG-Premier League,2627,2026-08-23 Newcastle-Liverpool,Newcastle United,Lukáš Horníček,21,CZE,GK,24-041,90,0,0,0,0,0,0,1,0,0,0,0,0,0,0,0,,,a02c581c
ENG-Premier League,2627,2026-08-23 Newcastle-Liverpool,Newcastle United,Malick Thiaw,12,GER,CB,25-015,90,0,0,0,0,0,0,0,0,1,0,0,0,0,0,0,,,a02c581c
ENG-Premier League,2627,2026-08-23 Newcastle-Liverpool,Newcastle United,Sean Steur,14,NED,DM,18-224,55,0,0,0,0,0,0,0,0,0,0,0,0,0,0,0,,,a02c581c
ENG-Premier League,2627,2026-08-23 Newcastle-Liverpool,Newcastle United,Sven Botman,4,NED,CB,26-223,90,0,0,0,0,0,0,0,0,0,1,0,0,0,0,0,,,a02c581c
ENG-Premier League,2627,2026-08-23 Newcastle-Liverpool,Newcastle United,William Osula,10,DEN,FW,23-019,55,0,1,0,0,2,0,0,0,0,0,0,0,1,0,0,,,a02c581c
ENG-Premier League,2627,2026-08-23 Newcastle-Liverpool,Newcastle United,Yoane Wissa,9,COD,AM,29-354,89,0,1,0,0,4,1,1,0,3,4,2,0,0,0,0,,,a02c581c
ENG-Premier League,2627,2026-08-24 Fulham-Chelsea,Chelsea,Cole Palmer,10,ENG,AM,24-110,82,1,1,0,0,5,2,0,0,0,3,1,2,1,0,0,,,98138a1e
ENG-Premier League,2627,2026-08-24 Fulham-Chelsea,Chelsea,Enzo Fernández,8,ARG,MF,25-219,26,0,0,0,0,0,0,0,0,0,1,0,0,0,0,0,,,98138a1e
ENG-Premier League,2627,2026-08-24 Fulham-Chelsea,Chelsea,Estêvão Willian,41,BRA,MF,19-122,8,0,0,0,0,0,0,0,0,0,0,0,0,0,0,0,,,98138a1e
ENG-Premier League,2627,2026-08-24 Fulham-Chelsea,Chelsea,Geovany Quenda,23,POR,MF,19-116,9,0,0,0,0,0,0,0,0,0,0,1,0,0,0,0,,,98138a1e
ENG-Premier League,2627,2026-08-24 Fulham-Chelsea,Chelsea,Jorrel Hato,21,NED,DM,20-170,64,0,0,0,0,1,0,0,0,0,2,0,0,0,0,0,,,98138a1e
ENG-Premier League,2627,2026-08-24 Fulham-Chelsea,Chelsea,Joshua Acheampong,34,ENG,CB,20-111,90,0,0,0,0,0,0,0,0,0,1,1,1,4,1,0,,,98138a1e
ENG-Premier League,2627,2026-08-24 Fulham-Chelsea,Chelsea,João Pedro,9,BRA,FW,24-332,90,1,1,0,0,4,1,0,0,1,1,0,0,0,0,0,,,98138a1e
ENG-Premier League,2627,2026-08-24 Fulham-Chelsea,Chelsea,Levi Colwill,6,ENG,CB,23-179,90,0,0,0,0,1,0,1,0,1,1,0,0,2,0,0,,,98138a1e
ENG-Premier League,2627,2026-08-24 Fulham-Chelsea,Chelsea,Malo Gusto,27,FRA,DM,23-097,75,0,0,0,0,0,0,0,0,1,0,0,3,1,1,0,,,98138a1e
ENG-Premier League,2627,2026-08-24 Fulham-Chelsea,Chelsea,Maxence Lacroix,5,FRA,CB,26-140,90,0,1,0,0,0,0,0,0,1,1,0,0,3,2,0,,,98138a1e
ENG-Premier League,2627,2026-08-24 Fulham-Chelsea,Chelsea,Morgan Rogers,17,ENG,AM,24-029,81,1,0,0,0,3,1,0,0,1,1,0,1,1,0,0,,,98138a1e
ENG-Premier League,2627,2026-08-24 Fulham-Chelsea,Chelsea,Pedro Neto,7,POR,"FW,MF",26-168,15,0,0,0,0,1,0,0,0,0,0,0,1,1,0,0,,,98138a1e
ENG-Premier League,2627,2026-08-24 Fulham-Chelsea,Chelsea,Pep Chavarría,29,ESP,"DF,MF",28-136,26,0,0,0,0,0,0,0,0,0,0,0,0,0,0,0,,,98138a1e
ENG-Premier League,2627,2026-08-24 Fulham-Chelsea,Chelsea,Reece James,24,ENG,DM,26-259,90,0,0,0,0,2,1,1,0,1,0,0,3,0,2,0,,,98138a1e
ENG-Premier League,2627,2026-08-24 Fulham-Chelsea,Chelsea,Robert Sánchez,1,ESP,GK,28-279,90,0,0,0,0,0,0,0,0,0,0,0,0,0,0,0,,,98138a1e
ENG-Premier League,2627,2026-08-24 Fulham-Chelsea,Chelsea,Roméo Lavia,45,BEL,DM,22-230,64,0,0,0,0,1,1,1,0,1,0,0,0,2,1,0,,,98138a1e
ENG-Premier League,2627,2026-08-24 Fulham-Chelsea,Fulham,Alex Iwobi,17,NGA,DM,30-113,90,0,0,0,0,0,0,0,0,0,0,0,2,1,3,0,,,98138a1e
ENG-Premier League,2627,2026-08-24 Fulham-Chelsea,Fulham,Antonee Robinson,33,USA,LB,29-016,81,0,0,0,0,1,0,0,0,0,0,0,3,3,1,0,,,98138a1e
ENG-Premier League,2627,2026-08-24 Fulham-Chelsea,Fulham,Bernd Leno,1,GER,GK,34-173,90,0,0,0,0,0,0,0,0,0,0,0,0,0,0,0,,,98138a1e
ENG-Premier League,2627,2026-08-24 Fulham-Chelsea,Fulham,Calvin Bassey,3,NGA,CB,26-236,90,0,0,0,0,1,0,1,0,1,1,0,0,1,0,0,,,98138a1e
ENG-Premier League,2627,2026-08-24 Fulham-Chelsea,Fulham,César Palacios,8,ESP,AM,21-286,72,0,0,0,0,2,0,0,0,2,0,0,0,1,0,0,,,98138a1e
ENG-Premier League,2627,2026-08-24 Fulham-Chelsea,Fulham,Gonzalo García,7,ESP,FW,22-153,90,1,0,0,0,3,1,0,0,2,2,0,0,0,0,0,,,98138a1e
ENG-Premier League,2627,2026-08-24 Fulham-Chelsea,Fulham,Jorge Cuenca,4,ESP,CB,26-280,90,0,0,0,0,0,0,0,0,0,0,0,0,1,1,0,,,98138a1e
ENG-Premier League,2627,2026-08-24 Fulham-Chelsea,Fulham,Joshua King,24,ENG,AM,19-233,90,1,0,0,0,3,2,0,0,2,1,0,2,2,0,0,,,98138a1e
ENG-Premier League,2627,2026-08-24 Fulham-Chelsea,Fulham,Kevin,11,BRA,MF,23-232,18,0,0,0,0,0,0,0,0,2,0,0,2,0,0,0,,,98138a1e
ENG-Premier League,2627,2026-08-24 Fulham-Chelsea,Fulham,Oscar Bobb,14,NOR,AM,23-043,66,0,0,0,0,0,0,0,0,1,1,0,3,1,1,0,,,98138a1e
ENG-Premier League,2627,2026-08-24 Fulham-Chelsea,Fulham,Rodrigo Muniz,9,BRA,FW,25-112,9,0,0,0,0,1,1,0,0,0,0,0,0,0,0,0,,,98138a1e
ENG-Premier League,2627,2026-08-24 Fulham-Chelsea,Fulham,Ryan Sessegnon,30,ENG,"DF,FW",26-098,18,0,0,0,0,1,1,0,0,0,0,0,2,0,1,0,,,98138a1e
ENG-Premier League,2627,2026-08-24 Fulham-Chelsea,Fulham,Sander Berge,16,NOR,DM,28-191,72,0,0,0,0,1,0,0,0,0,0,0,1,0,0,0,,,98138a1e
ENG-Premier League,2627,2026-08-24 Fulham-Chelsea,Fulham,Shea Charles,19,NIR,"DF,MF",22-292,24,0,0,0,0,0,0,0,0,0,0,0,0,1,0,0,,,98138a1e
ENG-Premier League,2627,2026-08-24 Fulham-Chelsea,Fulham,Timothy Castagne,21,BEL,RB,30-262,90,0,1,0,0,1,1,1,0,2,2,0,2,1,1,0,,,98138a1e
ENG-Premier League,2627,2026-08-28 Crystal Palace-Manchester City,Crystal Palace,Adam Wharton,20,ENG,DM,22-203,90,0,0,0,0,0,0,0,0,0,2,0,1,3,1,0,,,5b62d64d
ENG-Premier League,2627,2026-08-28 Crystal Palace-Manchester City,Crystal Palace,Anan Khalaili,25,ISR,DM,21-359,74,0,0,0,0,1,0,1,0,1,1,0,5,7,2,0,,,5b62d64d
ENG-Premier League,2627,2026-08-28 Crystal Palace-Manchester City,Crystal Palace,Axel Disasi,5,FRA,DF,28-170,16,0,0,0,0,0,0,0,0,1,0,0,0,0,0,0,,,5b62d64d
ENG-Premier League,2627,2026-08-28 Crystal Palace-Manchester City,Crystal Palace,Chris Richards,26,USA,CB,26-153,90,0,0,0,0,1,1,0,0,0,0,0,0,1,2,0,,,5b62d64d
ENG-Premier League,2627,2026-08-28 Crystal Palace-Manchester City,Crystal Palace,Daichi Kamada,18,JPN,DM,30-023,90,0,0,0,0,1,0,0,0,0,1,0,0,4,1,0,,,5b62d64d
ENG-Premier League,2627,2026-08-28 Crystal Palace-Manchester City,Crystal Palace,Dean Henderson,1,ENG,GK,29-169,90,0,0,0,0,0,0,0,0,0,0,0,0,0,0,0,,,5b62d64d
ENG-Premier League,2627,2026-08-28 Crystal Palace-Manchester City,Crystal Palace,Dwight McNeil,11,ENG,MF,26-279,23,0,0,0,0,0,0,0,0,1,0,0,0,0,1,0,,,5b62d64d
ENG-Premier League,2627,2026-08-28 Crystal Palace-Manchester City,Crystal Palace,Eddie Nketiah,9,ENG,AM,27-090,67,0,0,0,0,2,0,0,0,1,1,0,0,2,1,0,,,5b62d64d
ENG-Premier League,2627,2026-08-28 Crystal Palace-Manchester City,Crystal Palace,Evann Guessand,29,CIV,"FW,MF",25-058,28,0,0,0,0,0,0,0,0,0,0,0,0,0,0,0,,,5b62d64d
ENG-Premier League,2627,2026-08-28 Crystal Palace-Manchester City,Crystal Palace,Jaydee Canvot,6,FRA,CB,20-030,90,0,0,0,0,0,0,0,0,0,1,0,0,1,1,0,,,5b62d64d
ENG-Premier League,2627,2026-08-28 Crystal Palace-Manchester City,Crystal Palace,Jørgen Strand Larsen,22,NOR,FW,26-203,62,0,0,0,0,1,0,0,0,1,1,0,0,1,0,0,,,5b62d64d
ENG-Premier League,2627,2026-08-28 Crystal Palace-Manchester City,Crystal Palace,Takehiro Tomiyasu,17,JPN,CB,27-296,74,0,0,0,0,0,0,0,0,0,0,0,4,0,3,0,,,5b62d64d
ENG-Premier League,2627,2026-08-28 Crystal Palace-Manchester City,Crystal Palace,Tyrick Mitchell,3,ENG,DM,26-361,90,0,0,0,0,2,0,0,0,0,0,0,1,0,1,0,,,5b62d64d
ENG-Premier League,2627,2026-08-28 Crystal Palace-Manchester City,Crystal Palace,Yéremy Pino,10,ESP,AM,23-312,67,0,0,0,0,1,0,0,0,2,3,2,7,1,1,0,,,5b62d64d
ENG-Premier League,2627,2026-08-28 Crystal Palace-Manchester City,Crystal Palace,Zavier Gozo,12,USA,MF,19-159,23,0,0,0,0,0,0,0,0,1,0,1,0,1,0,0,,,5b62d64d
ENG-Premier League,2627,2026-08-28 Crystal Palace-Manchester City,Crystal Palace,Óscar Mingueza,30,ESP,"DF,MF",27-107,16,0,0,0,0,0,0,0,0,0,0,0,0,1,0,0,,,5b62d64d
ENG-Premier League,2627,2026-08-28 Crystal Palace-Manchester City,Manchester City,Abdukodir Khusanov,45,UZB,RB,22-180,88,0,0,0,0,0,0,0,0,0,0,0,2,3,1,0,,,5b62d64d
ENG-Premier League,2627,2026-08-28 Crystal Palace-Manchester City,Manchester City,Antoine Semenyo,42,GHA,AM,26-233,90,0,1,0,0,2,1,0,0,1,2,0,4,0,0,0,,,5b62d64d
ENG-Premier League,2627,2026-08-28 Crystal Palace-Manchester City,Manchester City,Ayyoub Bouaddi,32,MAR,MF,18-330,9,0,0,0,0,0,0,0,0,0,0,0,0,0,1,0,,,5b62d64d
ENG-Premier League,2627,2026-08-28 Crystal Palace-Manchester City,Manchester City,Elliot Anderson,5,ENG,DM,23-295,81,0,0,0,0,2,1,1,0,1,1,0,1,4,3,0,,,5b62d64d
ENG-Premier League,2627,2026-08-28 Crystal Palace-Manchester City,Manchester City,Erling Haaland,9,NOR,FW,26-038,90,2,0,0,0,5,3,0,0,0,1,0,0,0,0,0,,,5b62d64d
ENG-Premier League,2627,2026-08-28 Crystal Palace-Manchester City,Manchester City,Gianluigi Donnarumma,1,ITA,GK,27-184,90,0,0,0,0,0,0,0,0,0,0,0,0,0,0,1,,,5b62d64d
ENG-Premier League,2627,2026-08-28 Crystal Palace-Manchester City,Manchester City,Joško Gvardiol,24,CRO,LB,24-217,74,0,1,0,0,0,0,0,0,2,0,0,1,0,0,0,,,5b62d64d
ENG-Premier League,2627,2026-08-28 Crystal Palace-Manchester City,Manchester City,Kaden Braithwaite,61,ENG,DF,18-201,2,0,0,0,0,0,0,0,0,0,0,0,0,0,0,0,,,5b62d64d
ENG-Premier League,2627,2026-08-28 Crystal Palace-Manchester City,Manchester City,Marc Guéhi,6,ENG,CB,26-046,90,0,0,0,0,0,0,0,0,1,1,0,0,1,3,0,,,5b62d64d
ENG-Premier League,2627,2026-08-28 Crystal Palace-Manchester City,Manchester City,Mateo Kovačić,8,CRO,MF,32-114,16,0,0,0,0,0,0,0,0,0,0,0,0,0,0,0,,,5b62d64d
ENG-Premier League,2627,2026-08-28 Crystal Palace-Manchester City,Manchester City,Nico O'Reilly,33,ENG,DM,21-160,88,0,0,0,0,1,0,0,0,1,0,0,0,1,0,0,,,5b62d64d
ENG-Premier League,2627,2026-08-28 Crystal Palace-Manchester City,Manchester City,Phil Foden,47,ENG,AM,26-092,90,0,2,0,0,3,0,0,0,1,2,0,4,1,0,0,,,5b62d64d
ENG-Premier League,2627,2026-08-28 Crystal Palace-Manchester City,Manchester City,Rayan Cherki,10,FRA,AM,23-011,81,2,0,0,0,3,3,1,0,4,0,0,3,0,0,0,,,5b62d64d
ENG-Premier League,2627,2026-08-28 Crystal Palace-Manchester City,Manchester City,Ryan Mcaidoo,56,ENG,FW,18-065,9,0,0,0,0,1,0,0,0,0,0,0,0,0,0,0,,,5b62d64d
ENG-Premier League,2627,2026-08-28 Crystal Palace-Manchester City,Manchester City,Rúben Dias,3,POR,CB,29-106,90,0,0,0,0,1,1,0,0,0,1,0,0,1,1,0,,,5b62d64d
ENG-Premier League,2627,2026-08-28 Crystal Palace-Manchester City,Manchester City,Vitor Reis,22,BRA,DF,20-228,2,0,0,0,0,0,0,0,0,0,0,0,0,0,0,0,,,5b62d64d
ENG-Premier League,2627,2026-08-29 Bournemouth-Everton,Bournemouth,Adam Smith,15,ENG,RB,35-122,90,0,0,0,0,0,0,1,0,1,0,0,1,0,1,0,,,aa96770b
ENG-Premier League,2627,2026-08-29 Bournemouth-Everton,Bournemouth,Adrien Truffert,3,FRA,LB,24-282,90,0,0,0,0,0,0,0,0,0,2,0,5,1,2,0,,,aa96770b
ENG-Premier League,2627,2026-08-29 Bournemouth-Everton,Bournemouth,Alex Scott,8,ENG,DM,23-008,86,1,0,0,0,2,1,1,0,2,3,0,6,2,1,0,,,aa96770b
ENG-Premier League,2627,2026-08-29 Bournemouth-Everton,Bournemouth,António Silva,14,POR,CB,22-303,90,0,0,0,0,1,0,0,0,1,0,0,0,2,2,0,,,aa96770b
ENG-Premier League,2627,2026-08-29 Bournemouth-Everton,Bournemouth,David Brooks,7,WAL,"FW,MF",29-052,10,0,0,0,0,0,0,0,0,1,1,0,0,0,0,0,,,aa96770b
ENG-Premier League,2627,2026-08-29 Bournemouth-Everton,Bournemouth,Evanilson,9,BRA,FW,26-327,80,0,1,0,0,3,0,0,0,3,4,0,0,0,0,0,,,aa96770b
ENG-Premier League,2627,2026-08-29 Bournemouth-Everton,Bournemouth,James Hill,5,ENG,CB,24-231,90,0,0,0,0,0,0,0,0,1,1,0,0,2,3,0,,,aa96770b
ENG-Premier League,2627,2026-08-29 Bournemouth-Everton,Bournemouth,Justin Kluivert,19,NED,AM,27-116,80,0,0,0,0,4,2,0,0,1,1,0,2,0,0,0,,,aa96770b
ENG-Premier League,2627,2026-08-29 Bournemouth-Everton,Bournemouth,Lewis Cook,4,ENG,DM,29-207,68,0,0,0,0,0,0,0,0,0,0,0,0,0,0,0,,,aa96770b
ENG-Premier League,2627,2026-08-29 Bournemouth-Everton,Bournemouth,Marcus Tavernier,16,ENG,AM,27-160,90,0,0,0,0,2,0,1,0,0,1,0,8,2,0,0,,,aa96770b
ENG-Premier League,2627,2026-08-29 Bournemouth-Everton,Bournemouth,Rayan,37,BRA,AM,20-026,90,0,0,0,0,5,2,0,0,0,0,0,0,0,0,0,,,aa96770b
ENG-Premier League,2627,2026-08-29 Bournemouth-Everton,Bournemouth,Ryan Christie,10,SCO,"FW,MF",31-188,4,0,0,0,0,0,0,0,0,0,0,0,0,1,0,0,,,aa96770b
ENG-Premier League,2627,2026-08-29 Bournemouth-Everton,Bournemouth,Tyler Adams,12,USA,MF,27-196,22,0,0,0,0,0,0,0,0,0,0,0,0,0,0,0,,,aa96770b
ENG-Premier League,2627,2026-08-29 Bournemouth-Everton,Bournemouth,Álvaro Rodríguez,30,URU,FW,22-046,10,0,0,0,0,0,0,0,0,1,1,0,0,0,0,0,,,aa96770b
ENG-Premier League,2627,2026-08-29 Bournemouth-Everton,Bournemouth,Đorđe Petrović,1,SRB,GK,26-325,90,0,0,0,0,0,0,0,0,0,0,0,0,0,0,0,,,aa96770b
ENG-Premier League,2627,2026-08-29 Bournemouth-Everton,Everton,Beto,9,GNB,FW,28-210,21,0,0,0,0,1,0,0,0,0,0,0,1,0,0,0,,,aa96770b
ENG-Premier League,2627,2026-08-29 Bournemouth-Everton,Everton,Brennan Johnson,22,WAL,"FW,MF",25-098,29,0,0,0,0,0,0,0,0,1,0,1,0,0,0,0,,,aa96770b
ENG-Premier League,2627,2026-08-29 Bournemouth-Everton,Everton,Carlos Alcaraz,24,ARG,MF,23-272,5,0,0,0,0,1,0,1,0,1,0,0,0,0,0,0,,,aa96770b
ENG-Premier League,2627,2026-08-29 Bournemouth-Everton,Everton,Harrison Armstrong,45,ENG,DM,19-222,85,0,0,0,0,0,0,0,0,2,0,0,1,2,2,0,,,aa96770b
ENG-Premier League,2627,2026-08-29 Bournemouth-Everton,Everton,Hayden Hackney,30,ENG,MF,24-064,29,0,0,0,0,0,0,0,0,0,0,0,2,0,0,0,,,aa96770b
ENG-Premier League,2627,2026-08-29 Bournemouth-Everton,Everton,Iliman Ndiaye,10,SEN,AM,26-176,90,0,0,0,0,2,1,0,0,2,0,0,0,0,2,0,,,aa96770b
ENG-Premier League,2627,2026-08-29 Bournemouth-Everton,Everton,James Garner,37,ENG,DM,25-169,61,0,0,0,0,0,0,1,0,2,0,0,4,3,0,0,,,aa96770b
ENG-Premier League,2627,2026-08-29 Bournemouth-Everton,Everton,James Tarkowski,6,ENG,CB,33-283,90,1,0,0,0,1,1,0,0,1,3,0,0,0,3,0,,,aa96770b
ENG-Premier League,2627,2026-08-29 Bournemouth-Everton,Everton,Jarrad Branthwaite,4,ENG,CB,24-063,90,0,0,0,0,1,1,0,0,1,0,0,0,1,2,0,,,aa96770b
ENG-Premier League,2627,2026-08-29 Bournemouth-Everton,Everton,Jordan Pickford,1,ENG,GK,32-175,90,0,0,0,0,0,0,0,0,0,3,0,0,0,0,0,,,aa96770b
ENG-Premier League,2627,2026-08-29 Bournemouth-Everton,Everton,Kiernan Dewsbury-Hall,8,ENG,AM,27-357,90,0,0,0,0,2,1,0,0,1,1,0,3,2,0,0,,,aa96770b
ENG-Premier League,2627,2026-08-29 Bournemouth-Everton,Everton,Merlin Röhl,34,GER,RB,24-055,85,0,0,0,0,0,0,0,0,1,1,0,3,3,0,0,,,aa96770b
ENG-Premier League,2627,2026-08-29 Bournemouth-Everton,Everton,Thierno Barry,11,FRA,FW,23-312,69,0,0,0,0,3,2,0,0,0,1,0,0,0,0,0,,,aa96770b
ENG-Premier League,2627,2026-08-29 Bournemouth-Everton,Everton,Tim Iroegbunam,42,ENG,MF,23-060,5,0,0,0,0,0,0,0,0,1,0,0,0,0,0,0,,,aa96770b
ENG-Premier League,2627,2026-08-29 Bournemouth-Everton,Everton,Tyrique George,19,ENG,AM,20-206,61,0,0,0,0,2,1,0,0,0,1,0,3,1,0,0,,,aa96770b
ENG-Premier League,2627,2026-08-29 Bournemouth-Everton,Everton,Vitaliy Mykolenko,16,UKR,LB,27-092,90,0,0,0,0,0,0,0,0,1,0,0,3,0,1,0,,,aa96770b
ENG-Premier League,2627,2026-08-29 Coventry City-Hull City,Coventry City,Aurèle Amenda,24,SUI,CB,23-029,90,0,0,0,0,1,0,1,0,2,0,0,0,0,0,0,,,2efaf8c6
ENG-Premier League,2627,2026-08-29 Coventry City-Hull City,Coventry City,Bobby Thomas,4,ENG,CB,25-211,77,0,0,0,0,0,0,0,0,1,3,0,1,0,0,0,,,2efaf8c6
ENG-Premier League,2627,2026-08-29 Coventry City-Hull City,Coventry City,Brandon Thomas-Asante,23,GHA,"FW,MF",27-243,32,0,0,0,0,0,0,0,0,0,1,0,1,0,0,0,,,2efaf8c6
ENG-Premier League,2627,2026-08-29 Coventry City-Hull City,Coventry City,Caleb Yirenkyi,8,GHA,DM,20-226,70,0,0,0,0,1,0,0,0,1,2,0,1,0,0,0,,,2efaf8c6
ENG-Premier League,2627,2026-08-29 Coventry City-Hull City,Coventry City,Carl Rushworth,19,ENG,GK,25-058,90,0,0,0,0,0,0,0,0,0,0,0,0,0,0,0,,,2efaf8c6
ENG-Premier League,2627,2026-08-29 Coventry City-Hull City,Coventry City,Ephron Mason-Clark,10,JAM,AM,27-004,58,0,0,0,0,0,0,0,0,2,2,1,6,0,0,0,,,2efaf8c6
ENG-Premier League,2627,2026-08-29 Coventry City-Hull City,Coventry City,Ethan Pinnock,2,JAM,DF,33-092,13,0,0,0,0,0,0,0,0,0,0,0,0,0,0,0,,,2efaf8c6
ENG-Premier League,2627,2026-08-29 Coventry City-Hull City,Coventry City,Gustavo Hamer,38,NED,MF,29-066,20,0,0,0,0,0,0,0,0,1,0,0,1,0,0,0,,,2efaf8c6
ENG-Premier League,2627,2026-08-29 Coventry City-Hull City,Coventry City,Jack Rudoni,5,ENG,AM,26-095,70,0,0,0,0,1,0,0,0,1,0,0,1,0,1,0,,,2efaf8c6
ENG-Premier League,2627,2026-08-29 Coventry City-Hull City,Coventry City,Jay Dasilva,3,WAL,LB,28-129,90,0,0,0,0,1,1,0,0,1,0,0,3,2,1,0,,,2efaf8c6
ENG-Premier League,2627,2026-08-29 Coventry City-Hull City,Coventry City,Loum Tchaouna,18,FRA,AM,22-355,58,0,0,0,0,1,0,0,0,0,0,0,5,1,0,0,,,2efaf8c6
ENG-Premier League,2627,2026-08-29 Coventry City-Hull City,Coventry City,Matt Grimes,6,ENG,DM,31-045,90,0,0,0,0,1,0,0,0,0,0,0,7,0,0,0,,,2efaf8c6
ENG-Premier League,2627,2026-08-29 Coventry City-Hull City,Coventry City,Milan van Ewijk,27,NED,RB,25-355,90,0,0,0,0,0,0,0,0,0,0,0,3,1,0,0,,,2efaf8c6
ENG-Premier League,2627,2026-08-29 Coventry City-Hull City,Coventry City,Taiwo Awoniyi,14,NGA,FW,29-017,90,0,0,0,0,4,2,0,0,1,0,2,0,0,0,0,,,2efaf8c6
ENG-Premier League,2627,2026-08-29 Coventry City-Hull City,Coventry City,Tatsuhiro Sakamoto,7,JPN,"FW,MF",29-311,32,0,0,0,0,1,0,0,0,0,0,0,3,2,0,0,,,2efaf8c6
ENG-Premier League,2627,2026-08-29 Coventry City-Hull City,Coventry City,Victor Torp,29,DEN,MF,27-030,20,0,0,0,0,0,0,0,0,1,0,0,2,0,0,0,,,2efaf8c6
ENG-Premier League,2627,2026-08-29 Coventry City-Hull City,Hull City,Bachir Belloumi,10,ALG,RM,24-089,82,0,1,0,0,1,0,0,0,1,0,0,3,2,2,0,,,2efaf8c6
ENG-Premier League,2627,2026-08-29 Coventry City-Hull City,Hull City,Cody Drameh,18,ENG,"DF,MF",24-264,45,0,0,0,0,0,0,0,0,1,1,0,0,0,1,0,,,2efaf8c6
ENG-Premier League,2627,2026-08-29 Coventry City-Hull City,Hull City,Elliot Stroud,21,SWE,LM,24-068,58,0,0,0,0,1,0,1,0,2,0,0,1,0,1,0,,,2efaf8c6
ENG-Premier League,2627,2026-08-29 Coventry City-Hull City,Hull City,Hidemasa Morita,5,JPN,CM,31-111,45,0,0,0,0,0,0,0,0,0,0,0,1,0,0,0,,,2efaf8c6
ENG-Premier League,2627,2026-08-29 Coventry City-Hull City,Hull City,John Egan,15,IRL,CB,33-313,90,0,0,0,0,0,0,0,0,0,1,0,0,1,2,0,,,2efaf8c6
ENG-Premier League,2627,2026-08-29 Coventry City-Hull City,Hull City,Kostas Tzolakis,19,GRE,GK,23-294,90,0,0,0,0,0,0,0,0,0,1,0,0,0,0,0,,,2efaf8c6
ENG-Premier League,2627,2026-08-29 Coventry City-Hull City,Hull City,Lewie Coyle,2,ENG,RB,30-318,45,0,0,0,0,0,0,1,0,1,2,0,0,0,1,0,,,2efaf8c6
ENG-Premier League,2627,2026-08-29 Coventry City-Hull City,Hull City,Liam Millar,7,CAN,"FW,MF",26-336,32,1,0,0,0,3,1,0,0,0,0,0,0,0,0,0,,,2efaf8c6
ENG-Premier League,2627,2026-08-29 Coventry City-Hull City,Hull City,Lucas Gourna-Douath,29,FRA,MF,23-024,45,0,0,0,0,0,0,0,0,0,1,0,0,1,0,0,,,2efaf8c6
ENG-Premier League,2627,2026-08-29 Coventry City-Hull City,Hull City,Lucas Herrington,22,AUS,DF,18-358,32,0,0,0,0,0,0,0,0,0,0,0,0,0,0,0,,,2efaf8c6
ENG-Premier League,2627,2026-08-29 Coventry City-Hull City,Hull City,Mohamed Ali Cho,50,FRA,"FW,MF",22-222,8,0,0,0,0,0,0,0,0,0,0,0,0,0,0,0,,,2efaf8c6
ENG-Premier League,2627,2026-08-29 Coventry City-Hull City,Hull City,Nobel Mendy,32,SEN,CB,21-360,58,0,0,0,0,1,1,0,0,0,0,0,0,1,0,0,,,2efaf8c6
ENG-Premier League,2627,2026-08-29 Coventry City-Hull City,Hull City,Oliver McBurnie,9,SCO,FW,30-086,90,0,0,0,0,0,0,1,0,2,3,0,0,0,0,0,,,2efaf8c6
ENG-Premier League,2627,2026-08-29 Coventry City-Hull City,Hull City,Regan Slater,27,ENG,CM,26-352,90,0,0,0,0,0,0,1,0,1,1,0,0,1,0,0,,,2efaf8c6
ENG-Premier League,2627,2026-08-29 Coventry City-Hull City,Hull City,Ryan Giles,3,ENG,LB,26-215,90,0,0,0,0,0,0,0,0,0,0,0,5,1,0,0,,,2efaf8c6
ENG-Premier League,2627,2026-08-29 Coventry City-Hull City,Hull City,Semi Ajayi,6,NGA,CB,32-293,90,0,0,0,0,0,0,0,0,0,1,0,1,1,0,0,,,2efaf8c6
ENG-Premier League,2627,2026-08-29 Liverpool-Nottingham,Liverpool,Alexander Isak,9,SWE,FW,26-342,90,1,0,0,0,3,1,0,0,1,0,1,0,0,0,0,,,d4340a69
ENG-Premier League,2627,2026-08-29 Liverpool-Nottingham,Liverpool,Alexis Mac Allister,10,ARG,DM,27-248,76,0,0,0,0,0,0,0,0,3,1,0,0,0,0,0,,,d4340a69
ENG-Premier League,2627,2026-08-29 Liverpool-Nottingham,Liverpool,Alisson,1,BRA,GK,33-331,90,0,0,0,0,0,0,1,0,1,0,0,0,0,0,0,,,d4340a69
ENG-Premier League,2627,2026-08-29 Liverpool-Nottingham,Liverpool,Cody Gakpo,18,NED,AM,27-114,70,0,1,0,0,0,0,0,0,0,0,1,5,0,1,0,,,d4340a69
ENG-Premier League,2627,2026-08-29 Liverpool-Nottingham,Liverpool,Dominik Szoboszlai,8,HUN,DM,25-308,90,0,0,0,0,3,0,0,0,1,1,0,10,3,1,0,,,d4340a69
ENG-Premier League,2627,2026-08-29 Liverpool-Nottingham,Liverpool,Florian Wirtz,7,GER,AM,23-118,90,0,1,0,0,2,1,1,0,1,0,0,1,2,0,0,,,d4340a69
ENG-Premier League,2627,2026-08-29 Liverpool-Nottingham,Liverpool,Jeremie Frimpong,30,NED,RB,25-262,70,0,0,0,0,0,0,0,0,0,1,1,4,1,0,0,,,d4340a69
ENG-Premier League,2627,2026-08-29 Liverpool-Nottingham,Liverpool,Jérémy Jacquet,5,FRA,CB,21-047,76,0,0,0,0,0,0,0,0,0,2,0,0,1,3,0,,,d4340a69
ENG-Premier League,2627,2026-08-29 Liverpool-Nottingham,Liverpool,Kostas Tsimikas,21,GRE,DF,30-109,20,0,0,0,0,1,1,0,0,1,0,0,1,0,0,0,,,d4340a69
ENG-Premier League,2627,2026-08-29 Liverpool-Nottingham,Liverpool,Milos Kerkez,6,HUN,LB,22-295,70,0,0,0,0,0,0,0,0,0,1,0,2,1,1,0,,,d4340a69
ENG-Premier League,2627,2026-08-29 Liverpool-Nottingham,Liverpool,Rio Ngumoha,73,ENG,MF,18-000,20,0,0,0,0,0,0,0,0,0,0,0,3,0,0,0,,,d4340a69
ENG-Premier League,2627,2026-08-29 Liverpool-Nottingham,Liverpool,Ronald Araújo,33,URU,DF,27-175,14,0,0,0,0,0,0,1,0,1,0,0,0,0,0,0,,,d4340a69
ENG-Premier League,2627,2026-08-29 Liverpool-Nottingham,Liverpool,Ryan Gravenberch,38,NED,MF,24-105,20,0,0,0,0,0,0,0,0,0,1,0,0,1,0,0,,,d4340a69
ENG-Premier League,2627,2026-08-29 Liverpool-Nottingham,Liverpool,Trey Nyoni,42,ENG,MF,19-060,14,0,0,0,0,0,0,0,0,0,0,0,0,0,1,0,,,d4340a69
ENG-Premier League,2627,2026-08-29 Liverpool-Nottingham,Liverpool,Virgil van Dijk,4,NED,CB,35-052,90,0,0,0,0,0,0,0,0,0,0,0,0,0,1,0,,,d4340a69
ENG-Premier League,2627,2026-08-29 Liverpool-Nottingham,Liverpool,Víctor Muñoz,23,ESP,AM,23-047,90,1,0,0,0,4,1,1,0,4,3,0,4,0,3,0,,,d4340a69
ENG-Premier League,2627,2026-08-29 Liverpool-Nottingham,Nottingham Forest,Callum Hudson-Odoi,7,ENG,"FW,MF",25-295,1,0,0,0,0,0,0,0,0,1,0,0,0,0,0,0,,,d4340a69
ENG-Premier League,2627,2026-08-29 Liverpool-Nottingham,Nottingham Forest,Dan Ndoye,14,SUI,AM,25-308,65,1,0,0,0,3,1,0,0,1,1,0,0,0,1,0,,,d4340a69
ENG-Premier League,2627,2026-08-29 Liverpool-Nottingham,Nottingham Forest,Igor Jesus,11,BRA,FW,25-185,89,0,0,0,0,3,1,1,0,4,1,0,0,1,0,0,,,d4340a69
ENG-Premier League,2627,2026-08-29 Liverpool-Nottingham,Nottingham Forest,Jair Cunha,23,BRA,CB,21-175,90,0,0,0,0,0,0,0,0,0,3,0,0,1,0,0,,,d4340a69
ENG-Premier League,2627,2026-08-29 Liverpool-Nottingham,Nottingham Forest,James Mcatee,24,ENG,DM,23-315,89,0,0,0,0,0,0,0,0,0,2,0,2,1,0,0,,,d4340a69
ENG-Premier League,2627,2026-08-29 Liverpool-Nottingham,Nottingham Forest,Liam Delap,19,ENG,FW,23-202,25,0,0,0,0,1,0,0,0,0,0,0,0,0,0,0,,,d4340a69
ENG-Premier League,2627,2026-08-29 Liverpool-Nottingham,Nottingham Forest,Luca Netz,25,GER,"DF,MF",23-106,5,0,0,0,0,0,0,0,0,0,0,0,0,1,0,0,,,d4340a69
ENG-Premier League,2627,2026-08-29 Liverpool-Nottingham,Nottingham Forest,Matz Sels,26,BEL,GK,34-184,90,0,0,0,0,0,0,0,0,0,0,0,0,0,0,0,,,d4340a69
ENG-Premier League,2627,2026-08-29 Liverpool-Nottingham,Nottingham Forest,Morgan Gibbs-White,10,ENG,AM,26-214,90,1,1,1,1,1,1,0,0,1,1,0,0,1,0,0,,,d4340a69
ENG-Premier League,2627,2026-08-29 Liverpool-Nottingham,Nottingham Forest,Murillo,5,BRA,CB,24-056,90,0,0,0,0,1,0,0,0,0,1,0,0,0,1,0,,,d4340a69
ENG-Premier League,2627,2026-08-29 Liverpool-Nottingham,Nottingham Forest,Neco Williams,3,WAL,DM,25-138,90,0,0,0,0,1,0,0,0,0,1,0,3,4,0,0,,,d4340a69
ENG-Premier League,2627,2026-08-29 Liverpool-Nottingham,Nottingham Forest,Nicolás Domínguez,8,ARG,MF,28-062,1,0,0,0,0,0,0,0,0,0,0,0,0,0,0,0,,,d4340a69
ENG-Premier League,2627,2026-08-29 Liverpool-Nottingham,Nottingham Forest,Nikola Milenković,31,SRB,CB,28-321,90,0,0,0,0,0,0,0,0,1,0,0,0,1,3,0,,,d4340a69
ENG-Premier League,2627,2026-08-29 Liverpool-Nottingham,Nottingham Forest,Ola Aina,34,NGA,DM,29-325,85,0,0,0,0,0,0,1,0,2,2,0,2,1,1,0,,,d4340a69
ENG-Premier League,2627,2026-08-29 Liverpool-Nottingham,Nottingham Forest,Xaver Schlager,21,AUT,DM,28-335,90,0,0,0,0,2,0,0,0,0,1,0,0,2,0,0,,,d4340a69
ENG-Premier League,2627,2026-08-29 Tottenham-Newcastle,Newcastle United,Amar Dedić,37,BIH,RB,24-011,90,0,1,0,0,0,0,0,0,0,1,0,2,1,0,0,,,10027be4
ENG-Premier League,2627,2026-08-29 Tottenham-Newcastle,Newcastle United,Anthony Elanga,19,SWE,AM,24-124,81,1,0,0,0,2,1,0,0,1,1,0,4,1,0,0,,,10027be4
ENG-Premier League,2627,2026-08-29 Tottenham-Newcastle,Newcastle United,Bazoumana Touré,17,CIV,MF,20-180,1,0,0,0,0,0,0,0,0,0,0,0,0,0,0,0,,,10027be4
ENG-Premier League,2627,2026-08-29 Tottenham-Newcastle,Newcastle United,Harvey Barnes,11,ENG,AM,28-263,89,0,0,0,0,1,0,0,0,1,1,0,3,0,0,0,,,10027be4
ENG-Premier League,2627,2026-08-29 Tottenham-Newcastle,Newcastle United,Jacob Murphy,23,ENG,"DF,FW",31-186,9,0,0,0,0,0,0,0,0,0,0,0,0,0,0,0,,,10027be4
ENG-Premier League,2627,2026-08-29 Tottenham-Newcastle,Newcastle United,Jacob Ramsey,41,ENG,MF,25-093,9,0,0,0,0,0,0,0,0,0,0,0,0,0,0,0,,,10027be4
ENG-Premier League,2627,2026-08-29 Tottenham-Newcastle,Newcastle United,Joe Willock,28,ENG,AM,27-009,70,0,0,0,0,3,0,0,0,3,0,0,0,0,0,0,,,10027be4
ENG-Premier League,2627,2026-08-29 Tottenham-Newcastle,Newcastle United,Lewis Hall,3,ENG,LB,21-355,90,0,0,0,0,1,0,0,0,1,2,0,4,1,1,0,,,10027be4
ENG-Premier League,2627,2026-08-29 Tottenham-Newcastle,Newcastle United,Lewis Miley,67,ENG,DM,20-120,90,0,0,0,0,0,0,0,0,0,1,0,0,1,1,0,,,10027be4
ENG-Premier League,2627,2026-08-29 Tottenham-Newcastle,Newcastle United,Lukáš Horníček,21,CZE,GK,24-047,90,0,0,0,0,0,0,0,0,0,0,0,0,0,0,0,,,10027be4
ENG-Premier League,2627,2026-08-29 Tottenham-Newcastle,Newcastle United,Malick Thiaw,12,GER,CB,25-021,90,0,0,0,0,0,0,0,0,1,3,0,0,0,0,0,,,10027be4
ENG-Premier League,2627,2026-08-29 Tottenham-Newcastle,Newcastle United,Nick Woltemade,27,GER,"FW,MF",24-196,20,0,1,0,0,1,0,0,0,0,2,1,0,0,0,0,,,10027be4
ENG-Premier League,2627,2026-08-29 Tottenham-Newcastle,Newcastle United,Nicolás González,6,ESP,DM,24-238,70,0,0,0,0,0,0,1,0,2,0,0,1,0,1,0,,,10027be4
ENG-Premier League,2627,2026-08-29 Tottenham-Newcastle,Newcastle United,Sean Steur,14,NED,MF,18-230,20,0,0,0,0,0,0,0,0,0,0,0,0,0,0,0,,,10027be4
ENG-Premier League,2627,2026-08-29 Tottenham-Newcastle,Newcastle United,Sven Botman,4,NED,CB,26-229,90,0,0,0,0,1,0,1,0,0,0,0,0,0,0,0,,,10027be4
ENG-Premier League,2627,2026-08-29 Tottenham-Newcastle,Newcastle United,Yoane Wissa,9,COD,FW,29-360,81,1,0,0,0,2,1,0,0,0,4,0,0,0,0,0,,,10027be4
ENG-Premier League,2627,2026-08-29 Tottenham-Newcastle,Tottenham Hotspur,Andy Robertson,3,SCO,LB,32-171,67,0,0,0,0,1,1,0,0,0,0,0,3,0,0,0,,,10027be4
ENG-Premier League,2627,2026-08-29 Tottenham-Newcastle,Tottenham Hotspur,Antonín Kinský,31,CZE,GK,23-169,90,0,0,0,0,0,0,0,0,0,0,0,0,0,0,0,,,10027be4
ENG-Premier League,2627,2026-08-29 Tottenham-Newcastle,Tottenham Hotspur,Archie Gray,14,ENG,RB,20-170,67,0,0,0,0,0,0,0,0,1,2,0,2,0,1,0,,,10027be4
ENG-Premier League,2627,2026-08-29 Tottenham-Newcastle,Tottenham Hotspur,Destiny Udogie,13,ITA,"DF,MF",23-274,23,0,0,0,0,0,0,0,0,0,0,0,0,1,0,0,,,10027be4
ENG-Premier League,2627,2026-08-29 Tottenham-Newcastle,Tottenham Hotspur,Dominic Solanke,19,ENG,FW,28-349,16,0,0,0,0,1,1,0,0,0,1,0,0,0,0,0,,,10027be4
ENG-Premier League,2627,2026-08-29 Tottenham-Newcastle,Tottenham Hotspur,Jan Paul van Hecke,6,NED,CB,26-082,90,0,0,0,0,1,1,0,0,2,0,0,0,2,1,0,,,10027be4
ENG-Premier League,2627,2026-08-29 Tottenham-Newcastle,Tottenham Hotspur,Mateus Fernandes,18,POR,AM,22-050,90,0,0,0,0,1,0,0,0,3,0,0,7,1,0,0,,,10027be4
ENG-Premier League,2627,2026-08-29 Tottenham-Newcastle,Tottenham Hotspur,Mathys Tel,11,FRA,AM,21-124,67,0,0,0,0,3,1,0,0,0,0,0,2,1,0,0,,,10027be4
ENG-Premier League,2627,2026-08-29 Tottenham-Newcastle,Tottenham Hotspur,Micky van de Ven,37,NED,CB,25-132,90,0,0,0,0,0,0,1,0,2,1,0,0,1,1,0,,,10027be4
ENG-Premier League,2627,2026-08-29 Tottenham-Newcastle,Tottenham Hotspur,Mikey Moore,47,ENG,MF,19-018,23,0,0,0,0,1,0,0,0,0,0,1,1,0,0,0,,,10027be4
ENG-Premier League,2627,2026-08-29 Tottenham-Newcastle,Tottenham Hotspur,Mohammed Kudus,20,GHA,"FW,MF",26-027,23,0,0,0,0,1,0,0,0,0,0,0,5,0,0,0,,,10027be4
ENG-Premier League,2627,2026-08-29 Tottenham-Newcastle,Tottenham Hotspur,Omar Marmoush,22,EGY,FW,27-203,90,0,0,0,0,3,1,0,0,3,1,0,0,1,0,0,,,10027be4
ENG-Premier League,2627,2026-08-29 Tottenham-Newcastle,Tottenham Hotspur,Pedro Porro,23,ESP,AM,26-350,90,0,0,0,0,4,1,0,0,1,2,0,4,0,0,0,,,10027be4
ENG-Premier League,2627,2026-08-29 Tottenham-Newcastle,Tottenham Hotspur,Rodrigo Bentancur,30,URU,DM,29-065,90,0,0,0,0,0,0,0,0,3,0,0,1,2,1,0,,,10027be4
ENG-Premier League,2627,2026-08-29 Tottenham-Newcastle,Tottenham Hotspur,Sandro Tonali,16,ITA,DM,26-113,74,0,0,0,0,1,0,0,0,0,2,1,0,0,1,0,,,10027be4
ENG-Premier League,2627,2026-08-30 Chelsea-Brighton,Brighton & Hove Albion,Bart Verbruggen,1,NED,GK,24-012,90,0,0,0,0,0,0,0,0,0,0,0,0,0,0,0,,,a50cd1e7
ENG-Premier League,2627,2026-08-30 Chelsea-Brighton,Brighton & Hove Albion,Charalampos Kostoulas,19,GRE,FW,19-092,79,0,0,0,0,1,1,0,0,1,0,0,1,0,0,0,,,a50cd1e7
ENG-Premier League,2627,2026-08-30 Chelsea-Brighton,Brighton & Hove Albion,Costinha,20,POR,"DF,MF",26-157,11,0,0,0,0,0,0,1,0,1,0,0,0,0,0,0,,,a50cd1e7
ENG-Premier League,2627,2026-08-30 Chelsea-Brighton,Brighton & Hove Albion,Diego Gómez,25,PAR,AM,23-156,90,0,0,0,0,5,1,0,0,2,0,0,2,2,1,0,,,a50cd1e7
ENG-Premier League,2627,2026-08-30 Chelsea-Brighton,Brighton & Hove Albion,Ferdi Kadioglu,24,TUR,LB,26-327,90,0,0,0,0,1,0,0,0,0,1,0,1,0,0,0,,,a50cd1e7
ENG-Premier League,2627,2026-08-30 Chelsea-Brighton,Brighton & Hove Albion,Ibrahim Osman,15,GHA,"FW,MF",21-274,17,0,0,0,0,0,0,0,0,0,0,0,2,1,0,0,,,a50cd1e7
ENG-Premier League,2627,2026-08-30 Chelsea-Brighton,Brighton & Hove Albion,Lewis Dunk,5,ENG,CB,34-282,90,0,0,0,0,0,0,1,0,1,2,0,1,1,0,0,,,a50cd1e7
ENG-Premier League,2627,2026-08-30 Chelsea-Brighton,Brighton & Hove Albion,Luka Vušković,44,CRO,CB,19-187,90,0,0,0,0,2,0,0,0,1,0,0,0,1,0,0,,,a50cd1e7
ENG-Premier League,2627,2026-08-30 Chelsea-Brighton,Brighton & Hove Albion,Malick Yalcouye,35,CIV,AM,20-285,73,1,0,0,0,2,2,0,0,0,0,0,2,1,0,0,,,a50cd1e7
ENG-Premier League,2627,2026-08-30 Chelsea-Brighton,Brighton & Hove Albion,Mats Wieffer,27,NED,RB,26-287,79,0,0,0,0,1,0,0,0,0,1,0,4,0,2,0,,,a50cd1e7
ENG-Premier League,2627,2026-08-30 Chelsea-Brighton,Brighton & Hove Albion,Maxim De Cuyper,29,BEL,AM,25-251,90,0,0,0,0,1,0,0,0,0,0,0,8,0,1,0,,,a50cd1e7
ENG-Premier League,2627,2026-08-30 Chelsea-Brighton,Brighton & Hove Albion,Olivier Boscagli,21,FRA,DM,28-285,90,0,0,0,0,1,1,1,0,4,2,0,2,0,1,0,,,a50cd1e7
ENG-Premier League,2627,2026-08-30 Chelsea-Brighton,Brighton & Hove Albion,Pascal Groß,13,GER,DM,35-076,90,1,0,0,0,1,1,0,0,2,0,0,8,1,0,0,,,a50cd1e7
ENG-Premier League,2627,2026-08-30 Chelsea-Brighton,Brighton & Hove Albion,Promise David,12,CAN,FW,25-058,11,0,0,0,0,0,0,0,0,0,0,0,0,0,0,0,,,a50cd1e7
ENG-Premier League,2627,2026-08-30 Chelsea-Brighton,Chelsea,Cole Palmer,10,ENG,AM,24-116,90,1,0,0,0,4,1,0,0,1,0,0,1,0,1,0,,,a50cd1e7
ENG-Premier League,2627,2026-08-30 Chelsea-Brighton,Chelsea,Emiliano Martínez,26,ARG,GK,33-362,90,0,0,0,0,0,0,0,0,0,2,0,0,0,0,0,,,a50cd1e7
ENG-Premier League,2627,2026-08-30 Chelsea-Brighton,Chelsea,Jorrel Hato,21,NED,DM,20-176,90,0,1,0,0,0,0,0,0,0,0,0,0,1,1,0,,,a50cd1e7
ENG-Premier League,2627,2026-08-30 Chelsea-Brighton,Chelsea,Joshua Acheampong,34,ENG,DF,20-117,23,0,0,0,0,0,0,0,0,0,0,0,0,0,0,0,,,a50cd1e7
ENG-Premier League,2627,2026-08-30 Chelsea-Brighton,Chelsea,João Pedro,9,BRA,FW,24-338,90,1,1,0,0,5,2,0,0,1,4,0,0,1,0,1,,,a50cd1e7
ENG-Premier League,2627,2026-08-30 Chelsea-Brighton,Chelsea,Levi Colwill,6,ENG,CB,23-185,71,0,0,0,0,0,0,0,0,0,0,0,0,1,2,0,,,a50cd1e7
ENG-Premier League,2627,2026-08-30 Chelsea-Brighton,Chelsea,Malo Gusto,27,FRA,DM,23-103,90,0,0,0,0,0,0,0,0,0,0,0,3,1,1,0,,,a50cd1e7
ENG-Premier League,2627,2026-08-30 Chelsea-Brighton,Chelsea,Maxence Lacroix,5,FRA,CB,26-146,90,0,0,0,0,1,0,0,0,0,0,0,0,1,0,0,,,a50cd1e7
ENG-Premier League,2627,2026-08-30 Chelsea-Brighton,Chelsea,Moisés Caicedo,25,ECU,MF,24-301,14,0,0,0,0,0,0,0,0,0,0,0,0,0,0,0,,,a50cd1e7
ENG-Premier League,2627,2026-08-30 Chelsea-Brighton,Chelsea,Morgan Rogers,17,ENG,AM,24-035,90,0,1,0,0,3,0,0,0,2,2,0,2,1,0,0,,,a50cd1e7
ENG-Premier League,2627,2026-08-30 Chelsea-Brighton,Chelsea,Pedro Neto,7,POR,DM,26-174,67,1,0,0,0,2,2,0,0,1,1,0,2,0,1,0,,,a50cd1e7
ENG-Premier League,2627,2026-08-30 Chelsea-Brighton,Chelsea,Pep Chavarría,29,ESP,"DF,MF",28-142,19,0,0,0,0,0,0,0,0,0,0,0,0,1,0,0,,,a50cd1e7
ENG-Premier League,2627,2026-08-30 Chelsea-Brighton,Chelsea,Reece James,24,ENG,"DF,MF",26-265,23,0,0,0,0,0,0,0,0,0,0,0,1,0,0,0,,,a50cd1e7
ENG-Premier League,2627,2026-08-30 Chelsea-Brighton,Chelsea,Roméo Lavia,45,BEL,DM,22-236,67,1,0,0,0,1,1,0,0,0,2,0,0,1,1,0,,,a50cd1e7
ENG-Premier League,2627,2026-08-30 Chelsea-Brighton,Chelsea,Valentín Barco,4,ARG,"DF,MF",22-038,9,0,0,0,0,1,0,0,0,1,0,0,0,0,1,0,,,a50cd1e7
ENG-Premier League,2627,2026-08-30 Chelsea-Brighton,Chelsea,Wesley Fofana,3,FRA,CB,25-256,67,0,0,0,0,0,0,1,0,0,0,0,0,0,1,0,,,a50cd1e7
ENG-Premier League,2627,2026-08-30 Leeds United-Brentford,Brentford,Aaron Hickey,2,SCO,"DF,MF",24-081,3,0,0,0,0,0,0,0,0,0,0,0,1,1,0,0,,,b6f0dcde
ENG-Premier League,2627,2026-08-30 Leeds United-Brentford,Brentford,Callum Wilson,13,ENG,FW,34-184,3,0,0,0,0,1,0,0,0,0,0,0,0,0,0,0,,,b6f0dcde
ENG-Premier League,2627,2026-08-30 Leeds United-Brentford,Brentford,Caoimhín Kelleher,1,IRL,GK,27-280,90,0,0,0,0,0,0,0,0,0,0,0,0,0,0,0,,,b6f0dcde
ENG-Premier League,2627,2026-08-30 Leeds United-Brentford,Brentford,Dango Ouattara,11,BFA,"FW,MF",24-200,30,0,0,0,0,1,0,0,0,0,0,0,3,1,0,0,,,b6f0dcde
ENG-Premier League,2627,2026-08-30 Leeds United-Brentford,Brentford,Igor Thiago,9,BRA,FW,25-065,90,0,0,0,0,5,2,0,0,1,0,0,2,0,0,0,,,b6f0dcde
ENG-Premier League,2627,2026-08-30 Leeds United-Brentford,Brentford,Jaidon Anthony,19,ENG,AM,26-272,60,0,0,0,0,2,0,1,0,2,0,0,2,0,0,0,,,b6f0dcde
ENG-Premier League,2627,2026-08-30 Leeds United-Brentford,Brentford,Keane Lewis-Potter,23,ENG,LB,25-189,87,0,1,0,0,1,0,0,0,1,0,0,6,2,0,0,,,b6f0dcde
ENG-Premier League,2627,2026-08-30 Leeds United-Brentford,Brentford,Kevin Schade,7,GER,AM,24-276,87,1,0,0,0,3,1,0,0,1,2,0,0,2,0,0,,,b6f0dcde
ENG-Premier League,2627,2026-08-30 Leeds United-Brentford,Brentford,Kristoffer Ajer,20,NOR,CB,28-135,90,0,0,0,0,0,0,1,0,1,0,0,0,0,0,0,,,b6f0dcde
ENG-Premier League,2627,2026-08-30 Leeds United-Brentford,Brentford,Mamadou Sangare,18,MLI,DM,24-065,90,0,0,0,0,3,0,0,0,2,0,0,1,3,4,0,,,b6f0dcde
ENG-Premier League,2627,2026-08-30 Leeds United-Brentford,Brentford,Michael Kayode,33,ITA,RB,22-051,87,0,0,0,0,1,0,0,0,2,1,0,4,1,1,0,,,b6f0dcde
ENG-Premier League,2627,2026-08-30 Leeds United-Brentford,Brentford,Mikkel Damsgaard,24,DEN,AM,26-058,68,0,0,0,0,2,1,0,0,0,0,0,6,1,0,0,,,b6f0dcde
ENG-Premier League,2627,2026-08-30 Leeds United-Brentford,Brentford,Nathan Collins,22,IRL,CB,25-122,90,0,0,0,0,3,1,1,0,2,2,0,0,2,2,0,,,b6f0dcde
ENG-Premier League,2627,2026-08-30 Leeds United-Brentford,Brentford,Rico Henry,3,JAM,"DF,MF",29-053,3,0,0,0,0,0,0,0,0,0,0,0,0,0,0,0,,,b6f0dcde
ENG-Premier League,2627,2026-08-30 Leeds United-Brentford,Brentford,Vitaly Janelt,27,GER,DM,28-112,90,0,0,0,0,0,0,1,0,1,0,0,4,1,4,0,,,b6f0dcde
ENG-Premier League,2627,2026-08-30 Leeds United-Brentford,Brentford,Yehor Yarmoliuk,6,UKR,MF,22-182,22,0,0,0,0,0,0,0,0,0,0,0,1,0,0,0,,,b6f0dcde
ENG-Premier League,2627,2026-08-30 Leeds United-Brentford,Leeds United,Anton Stach,18,GER,DM,27-288,90,0,0,0,0,1,0,0,0,0,2,0,7,0,2,0,,,b6f0dcde
ENG-Premier League,2627,2026-08-30 Leeds United-Brentford,Leeds United,Ao Tanaka,22,JPN,MF,27-354,45,0,0,0,0,0,0,0,0,0,0,0,0,0,0,0,,,b6f0dcde
ENG-Premier League,2627,2026-08-30 Leeds United-Brentford,Leeds United,Brenden Aaronson,11,USA,AM,25-312,45,0,0,0,0,0,0,0,0,0,1,0,0,1,0,0,,,b6f0dcde
ENG-Premier League,2627,2026-08-30 Leeds United-Brentford,Leeds United,Daniel James,7,WAL,"FW,MF",28-293,23,0,0,0,0,4,0,0,0,0,0,0,2,0,0,0,,,b6f0dcde
ENG-Premier League,2627,2026-08-30 Leeds United-Brentford,Leeds United,Dominic Calvert-Lewin,9,ENG,FW,29-167,90,1,0,0,0,1,1,0,0,2,1,1,0,0,0,0,,,b6f0dcde
ENG-Premier League,2627,2026-08-30 Leeds United-Brentford,Leeds United,Ethan Ampadu,4,WAL,DM,25-350,90,0,0,0,0,1,0,0,0,1,0,0,1,0,2,0,,,b6f0dcde
ENG-Premier League,2627,2026-08-30 Leeds United-Brentford,Leeds United,Harry Wilson,10,WAL,"FW,MF",29-161,45,0,0,0,0,1,0,0,0,0,1,0,3,0,2,0,,,b6f0dcde
ENG-Premier League,2627,2026-08-30 Leeds United-Brentford,Leeds United,Jaka Bijol,15,SVN,CB,27-206,45,0,0,0,0,0,0,0,0,0,0,0,0,0,1,0,,,b6f0dcde
ENG-Premier League,2627,2026-08-30 Leeds United-Brentford,Leeds United,James Justin,24,ENG,DM,28-188,90,0,0,0,0,1,1,0,0,0,0,0,2,2,1,0,,,b6f0dcde
ENG-Premier League,2627,2026-08-30 Leeds United-Brentford,Leeds United,James Trafford,1,ENG,GK,23-324,90,0,0,0,0,0,0,0,0,0,0,0,0,0,0,0,,,b6f0dcde
ENG-Premier League,2627,2026-08-30 Leeds United-Brentford,Leeds United,Jayden Bogle,2,ENG,DM,26-034,67,0,0,0,0,0,0,0,0,1,2,0,3,1,0,0,,,b6f0dcde
ENG-Premier League,2627,2026-08-30 Leeds United-Brentford,Leeds United,Joe Rodon,6,WAL,CB,28-312,33,0,0,0,0,0,0,0,0,1,1,0,0,0,0,0,,,b6f0dcde
ENG-Premier League,2627,2026-08-30 Leeds United-Brentford,Leeds United,Lukas Nmecha,14,GER,FW,27-259,22,0,1,0,0,1,0,0,0,0,1,0,2,0,0,0,,,b6f0dcde
ENG-Premier League,2627,2026-08-30 Leeds United-Brentford,Leeds United,Nico Elvedi,30,SUI,DF,29-334,57,0,0,0,0,0,0,0,0,0,2,0,0,0,1,0,,,b6f0dcde
ENG-Premier League,2627,2026-08-30 Leeds United-Brentford,Leeds United,Noah Okafor,19,SUI,AM,26-098,68,0,0,0,0,2,0,0,0,0,1,0,4,1,0,0,,,b6f0dcde
ENG-Premier League,2627,2026-08-30 Leeds United-Brentford,Leeds United,Tarik Muharemovic,5,BIH,CB,23-183,90,0,0,0,0,0,0,0,0,0,1,1,1,1,2,0,,,b6f0dcde
ENG-Premier League,2627,2026-08-30 Manchester Utd-Ipswich Town,Ipswich Town,Abdoul Ouattara,42,FRA,DF,20-312,18,0,0,0,0,0,0,0,0,0,0,0,0,0,0,0,,,fb31b175
ENG-Premier League,2627,2026-08-30 Manchester Utd-Ipswich Town,Ipswich Town,Abdul Fatawu Issahaku,7,GHA,AM,22-175,82,0,1,0,0,0,0,1,0,1,0,1,4,1,0,0,,,fb31b175
ENG-Premier League,2627,2026-08-30 Manchester Utd-Ipswich Town,Ipswich Town,Chuba Akpom,29,ENG,"FW,MF",30-325,45,1,0,0,0,1,1,0,0,0,1,0,0,0,0,0,,,fb31b175
ENG-Premier League,2627,2026-08-30 Manchester Utd-Ipswich Town,Ipswich Town,Daizen Maeda,38,JPN,AM,28-314,72,0,0,0,0,1,1,0,0,1,0,0,0,1,0,0,,,fb31b175
ENG-Premier League,2627,2026-08-30 Manchester Utd-Ipswich Town,Ipswich Town,Dara O'Shea,26,IRL,RB,27-179,90,0,0,0,0,1,0,0,0,3,0,0,1,0,0,0,,,fb31b175
ENG-Premier League,2627,2026-08-30 Manchester Utd-Ipswich Town,Ipswich Town,Darnell Furlong,2,ENG,"DF,MF",30-303,18,0,0,0,0,0,0,0,0,0,0,0,0,0,1,0,,,fb31b175
ENG-Premier League,2627,2026-08-30 Manchester Utd-Ipswich Town,Ipswich Town,Emersonn,19,BRA,FW,22-045,45,0,0,0,0,0,0,0,0,1,1,0,0,0,0,0,,,fb31b175
ENG-Premier League,2627,2026-08-30 Manchester Utd-Ipswich Town,Ipswich Town,Exequiel Palacios,25,ARG,"DF,MF",27-329,29,0,0,0,0,0,0,0,0,1,1,0,0,1,2,0,,,fb31b175
ENG-Premier League,2627,2026-08-30 Manchester Utd-Ipswich Town,Ipswich Town,Issa Diop,6,MAR,CB,29-233,90,0,0,0,0,0,0,0,0,1,0,0,0,0,1,0,,,fb31b175
ENG-Premier League,2627,2026-08-30 Manchester Utd-Ipswich Town,Ipswich Town,Jacob Greaves,24,ENG,CB,25-352,90,0,0,0,0,0,0,1,0,1,2,0,0,1,0,1,,,fb31b175
ENG-Premier League,2627,2026-08-30 Manchester Utd-Ipswich Town,Ipswich Town,Julio Enciso,10,PAR,AM,22-219,90,0,1,0,0,3,1,0,0,0,2,0,0,1,0,0,,,fb31b175
ENG-Premier League,2627,2026-08-30 Manchester Utd-Ipswich Town,Ipswich Town,Kasey McAteer,20,IRL,MF,24-281,8,0,0,0,0,0,0,0,0,0,0,0,0,0,0,0,,,fb31b175
ENG-Premier League,2627,2026-08-30 Manchester Utd-Ipswich Town,Ipswich Town,Kjell Scherpen,37,NED,GK,26-219,90,0,0,0,0,0,0,0,0,0,0,0,0,0,0,0,,,fb31b175
ENG-Premier League,2627,2026-08-30 Manchester Utd-Ipswich Town,Ipswich Town,Leif Davis,3,ENG,LB,26-242,90,1,0,0,0,2,2,0,0,0,0,0,1,0,1,0,,,fb31b175
ENG-Premier League,2627,2026-08-30 Manchester Utd-Ipswich Town,Ipswich Town,Marcelino Núñez,32,CHI,DM,26-182,61,0,0,0,0,0,0,0,0,0,0,0,1,0,0,0,,,fb31b175
ENG-Premier League,2627,2026-08-30 Manchester Utd-Ipswich Town,Ipswich Town,Saša Lukić,23,SRB,DM,30-017,72,0,0,0,0,1,0,1,0,3,0,0,2,2,1,0,,,fb31b175
ENG-Premier League,2627,2026-08-30 Manchester Utd-Ipswich Town,Manchester United,Andrey Santos,17,BRA,MF,22-119,11,0,0,0,0,0,0,0,0,1,0,0,0,0,0,0,,,fb31b175
ENG-Premier League,2627,2026-08-30 Manchester Utd-Ipswich Town,Manchester United,Benjamin Šeško,30,SVN,FW,23-091,11,0,0,0,0,0,0,0,0,0,0,0,1,0,0,0,,,fb31b175
ENG-Premier League,2627,2026-08-30 Manchester Utd-Ipswich Town,Manchester United,Bruno Fernandes,8,POR,AM,31-356,90,3,1,1,1,8,3,0,0,1,0,0,8,1,1,0,,,fb31b175
ENG-Premier League,2627,2026-08-30 Manchester Utd-Ipswich Town,Manchester United,Bryan Mbeumo,19,CMR,AM,27-023,90,1,0,0,0,5,1,1,0,1,1,0,5,2,0,0,,,fb31b175
ENG-Premier League,2627,2026-08-30 Manchester Utd-Ipswich Town,Manchester United,Diogo Dalot,2,POR,RB,27-165,73,0,0,0,0,4,1,0,0,0,0,0,5,0,1,0,,,fb31b175
ENG-Premier League,2627,2026-08-30 Manchester Utd-Ipswich Town,Manchester United,Harry Maguire,5,ENG,CB,33-178,90,0,0,0,0,1,0,0,0,2,1,0,0,0,3,0,,,fb31b175
ENG-Premier League,2627,2026-08-30 Manchester Utd-Ipswich Town,Manchester United,Kobbie Mainoo,37,ENG,DM,21-133,79,0,0,0,0,3,0,0,0,0,2,0,0,2,2,0,,,fb31b175
ENG-Premier League,2627,2026-08-30 Manchester Utd-Ipswich Town,Manchester United,Leny Yoro,15,FRA,DF,20-290,17,0,0,0,0,0,0,0,0,1,0,0,0,0,2,0,,,fb31b175
ENG-Premier League,2627,2026-08-30 Manchester Utd-Ipswich Town,Manchester United,Lisandro Martínez,6,ARG,CB,28-224,90,0,0,0,0,1,0,0,0,0,0,0,0,0,0,0,,,fb31b175
ENG-Premier League,2627,2026-08-30 Manchester Utd-Ipswich Town,Manchester United,Luke Shaw,23,ENG,LB,31-049,72,0,0,0,0,0,0,0,0,0,1,0,0,2,2,0,,,fb31b175
ENG-Premier League,2627,2026-08-30 Manchester Utd-Ipswich Town,Manchester United,Marcus Rashford,9,ENG,AM,28-303,79,0,0,0,0,4,2,0,0,0,2,0,3,1,0,0,,,fb31b175
ENG-Premier League,2627,2026-08-30 Manchester Utd-Ipswich Town,Manchester United,Matheus Cunha,10,BRA,FW,27-095,79,0,1,0,0,2,1,0,0,1,2,0,1,0,0,0,,,fb31b175
ENG-Premier League,2627,2026-08-30 Manchester Utd-Ipswich Town,Manchester United,Noussair Mazraoui,3,MAR,"DF,MF",28-289,18,0,0,0,0,0,0,0,0,0,0,0,0,0,0,0,,,fb31b175
ENG-Premier League,2627,2026-08-30 Manchester Utd-Ipswich Town,Manchester United,Patrick Dorgu,13,DEN,"DF,MF",21-308,11,0,0,0,0,2,1,0,0,0,0,0,0,1,0,0,,,fb31b175
ENG-Premier League,2627,2026-08-30 Manchester Utd-Ipswich Town,Manchester United,Senne Lammens,1,BEL,GK,24-054,90,0,0,0,0,0,0,0,0,0,0,0,0,0,0,0,,,fb31b175
ENG-Premier League,2627,2026-08-30 Manchester Utd-Ipswich Town,Manchester United,Youri Tielemans,18,BEL,DM,29-115,90,0,0,0,0,3,2,0,0,0,3,0,0,1,2,0,,,fb31b175
ENG-Premier League,2627,2026-08-30 Sunderland-Fulham,Fulham,Alex Iwobi,17,NGA,DM,30-119,90,0,0,0,0,1,0,0,0,1,1,0,3,1,0,0,,,a90f3aae
ENG-Premier League,2627,2026-08-30 Sunderland-Fulham,Fulham,Antonee Robinson,33,USA,LB,29-022,90,0,0,0,0,0,0,0,0,0,1,0,4,2,0,0,,,a90f3aae
ENG-Premier League,2627,2026-08-30 Sunderland-Fulham,Fulham,Bernd Leno,1,GER,GK,34-179,90,0,0,0,0,0,0,0,0,0,0,0,0,0,0,0,,,a90f3aae
ENG-Premier League,2627,2026-08-30 Sunderland-Fulham,Fulham,Calvin Bassey,3,NGA,CB,26-242,90,0,0,0,0,0,0,0,0,0,2,0,0,0,2,0,,,a90f3aae
ENG-Premier League,2627,2026-08-30 Sunderland-Fulham,Fulham,César Palacios,8,ESP,AM,21-292,75,0,0,0,0,1,0,1,0,2,0,0,1,0,1,0,,,a90f3aae
ENG-Premier League,2627,2026-08-30 Sunderland-Fulham,Fulham,Emile Smith Rowe,32,ENG,MF,26-033,15,0,0,0,0,1,0,0,0,0,0,0,0,0,0,0,,,a90f3aae
ENG-Premier League,2627,2026-08-30 Sunderland-Fulham,Fulham,Gonzalo García,7,ESP,FW,22-159,90,0,0,0,0,3,0,0,0,2,0,0,1,0,0,0,,,a90f3aae
ENG-Premier League,2627,2026-08-30 Sunderland-Fulham,Fulham,Joachim Andersen,5,DEN,CB,30-091,90,0,0,0,0,0,0,1,0,3,1,0,0,0,1,0,,,a90f3aae
ENG-Premier League,2627,2026-08-30 Sunderland-Fulham,Fulham,Joshua King,24,ENG,AM,19-239,90,0,0,0,0,2,0,0,0,1,0,0,1,0,0,0,,,a90f3aae
ENG-Premier League,2627,2026-08-30 Sunderland-Fulham,Fulham,Kevin,11,BRA,MF,23-238,8,0,0,0,0,0,0,0,0,1,0,0,0,0,0,0,,,a90f3aae
ENG-Premier League,2627,2026-08-30 Sunderland-Fulham,Fulham,Oscar Bobb,14,NOR,AM,23-049,67,0,0,0,0,0,0,0,0,1,2,0,1,0,1,0,,,a90f3aae
ENG-Premier League,2627,2026-08-30 Sunderland-Fulham,Fulham,Ryan Sessegnon,30,ENG,"DF,FW",26-104,23,0,0,0,0,1,0,0,0,0,0,0,5,0,0,0,,,a90f3aae
ENG-Premier League,2627,2026-08-30 Sunderland-Fulham,Fulham,Sander Berge,16,NOR,DM,28-197,82,0,0,0,0,0,0,0,0,1,0,0,0,0,0,0,,,a90f3aae
ENG-Premier League,2627,2026-08-30 Sunderland-Fulham,Fulham,Shea Charles,19,NIR,"DF,MF",22-298,23,0,0,0,0,2,0,0,0,0,0,0,1,0,1,0,,,a90f3aae
ENG-Premier League,2627,2026-08-30 Sunderland-Fulham,Fulham,Timothy Castagne,21,BEL,RB,30-268,67,0,0,0,0,0,0,0,0,3,2,1,1,1,1,0,,,a90f3aae
ENG-Premier League,2627,2026-08-30 Sunderland-Fulham,Sunderland,Brian Brobbey,9,NED,FW,24-210,64,0,0,0,0,1,0,0,0,1,1,1,0,0,0,0,,,a90f3aae
ENG-Premier League,2627,2026-08-30 Sunderland-Fulham,Sunderland,Chris Rigg,11,ENG,MF,19-073,8,0,0,0,0,0,0,0,0,0,0,0,0,0,0,0,,,a90f3aae
ENG-Premier League,2627,2026-08-30 Sunderland-Fulham,Sunderland,Daniel Ballard,5,NIR,CB,26-342,90,0,0,0,0,1,0,0,0,1,1,0,0,0,1,0,,,a90f3aae
ENG-Premier League,2627,2026-08-30 Sunderland-Fulham,Sunderland,Enzo Le Fée,28,FRA,AM,26-208,89,0,0,0,0,4,1,0,0,1,2,0,2,1,1,0,,,a90f3aae
ENG-Premier League,2627,2026-08-30 Sunderland-Fulham,Sunderland,Granit Xhaka,34,SUI,DM,33-337,90,0,0,0,0,0,0,0,0,0,3,0,5,0,0,0,,,a90f3aae
ENG-Premier League,2627,2026-08-30 Sunderland-Fulham,Sunderland,Habib Diarra,19,SEN,MF,22-239,18,0,1,0,0,0,0,0,0,1,0,0,0,0,0,0,,,a90f3aae
ENG-Premier League,2627,2026-08-30 Sunderland-Fulham,Sunderland,Nilson Angulo,10,ECU,AM,23-072,64,0,0,0,0,0,0,0,0,2,3,0,2,0,0,0,,,a90f3aae
ENG-Premier League,2627,2026-08-30 Sunderland-Fulham,Sunderland,Noah Sadiki,27,COD,DM,21-256,90,0,0,0,0,1,0,0,0,0,1,0,1,3,2,0,,,a90f3aae
ENG-Premier League,2627,2026-08-30 Sunderland-Fulham,Sunderland,Nordi Mukiele,20,FRA,CB,28-302,90,0,0,0,0,0,0,0,0,0,0,0,1,0,1,0,,,a90f3aae
ENG-Premier League,2627,2026-08-30 Sunderland-Fulham,Sunderland,Reinildo Mandava,17,MOZ,LB,32-221,90,0,0,0,0,0,0,0,0,3,1,0,1,1,1,0,,,a90f3aae
ENG-Premier League,2627,2026-08-30 Sunderland-Fulham,Sunderland,Robin Roefs,22,NED,GK,23-225,90,0,0,0,0,0,0,0,0,0,0,0,0,0,0,0,,,a90f3aae
ENG-Premier League,2627,2026-08-30 Sunderland-Fulham,Sunderland,Romaine Mundle,14,ENG,MF,23-128,1,0,0,0,0,1,1,0,0,0,0,0,0,0,0,0,,,a90f3aae
ENG-Premier League,2627,2026-08-30 Sunderland-Fulham,Sunderland,Thomas Meunier,12,BEL,RB,34-352,90,0,0,0,0,1,1,0,0,0,0,0,3,0,1,0,,,a90f3aae
ENG-Premier League,2627,2026-08-30 Sunderland-Fulham,Sunderland,Trai Hume,32,NIR,AM,24-165,90,0,0,0,0,0,0,0,0,1,0,0,3,2,0,0,,,a90f3aae
ENG-Premier League,2627,2026-08-30 Sunderland-Fulham,Sunderland,Wilson Isidor,18,HAI,"FW,MF",26-003,26,1,0,0,0,3,1,0,0,0,2,0,0,0,0,0,,,a90f3aae
ENG-Premier League,2627,2026-08-31 Aston Villa-Arsenal,Arsenal,Ben White,4,ENG,RB,28-327,90,0,0,0,0,0,0,0,0,0,1,0,3,1,1,0,,,e95b1641
ENG-Premier League,2627,2026-08-31 Aston Villa-Arsenal,Arsenal,Bruno Guimarães,39,BRA,MF,28-288,20,0,0,0,0,0,0,0,0,0,0,0,0,0,0,0,,,e95b1641
ENG-Premier League,2627,2026-08-31 Aston Villa-Arsenal,Arsenal,Bukayo Saka,7,ENG,AM,24-360,90,1,0,0,0,2,1,0,0,0,6,1,4,2,2,0,,,e95b1641
ENG-Premier League,2627,2026-08-31 Aston Villa-Arsenal,Arsenal,Christos Tzolis,17,GRE,AM,24-213,45,0,0,0,0,0,0,1,0,1,1,0,3,0,0,0,,,e95b1641
ENG-Premier League,2627,2026-08-31 Aston Villa-Arsenal,Arsenal,Cristhian Mosquera,3,ESP,CB,22-065,78,0,0,0,0,0,0,0,0,0,0,0,0,0,1,0,,,e95b1641
ENG-Premier League,2627,2026-08-31 Aston Villa-Arsenal,Arsenal,David Raya,1,ESP,GK,30-350,90,0,0,0,0,0,0,0,0,0,0,0,0,0,0,0,,,e95b1641
ENG-Premier League,2627,2026-08-31 Aston Villa-Arsenal,Arsenal,Declan Rice,41,ENG,DM,27-229,84,0,0,0,0,0,0,0,0,0,0,1,4,2,1,0,,,e95b1641
ENG-Premier League,2627,2026-08-31 Aston Villa-Arsenal,Arsenal,Eberechi Eze,10,ENG,"FW,MF",28-063,45,0,0,0,0,0,0,0,0,0,1,0,0,0,0,0,,,e95b1641
ENG-Premier League,2627,2026-08-31 Aston Villa-Arsenal,Arsenal,Ezri Konsa,15,ENG,"DF,FW",28-312,12,0,0,0,0,0,0,0,0,0,0,0,0,0,0,0,,,e95b1641
ENG-Premier League,2627,2026-08-31 Aston Villa-Arsenal,Arsenal,Gabriel Magalhães,6,BRA,CB,28-255,90,0,0,0,0,1,0,0,0,1,0,0,0,0,2,0,,,e95b1641
ENG-Premier League,2627,2026-08-31 Aston Villa-Arsenal,Arsenal,Kai Havertz,29,GER,FW,27-081,90,0,0,0,0,1,1,0,0,1,2,5,0,0,0,0,,,e95b1641
ENG-Premier League,2627,2026-08-31 Aston Villa-Arsenal,Arsenal,Martin Ødegaard,8,NOR,AM,27-257,70,0,0,0,0,1,0,0,0,0,0,0,1,1,0,0,,,e95b1641
ENG-Premier League,2627,2026-08-31 Aston Villa-Arsenal,Arsenal,Martín Zubimendi,36,ESP,MF,27-210,6,0,0,0,0,0,0,0,0,0,0,0,0,1,0,0,,,e95b1641
ENG-Premier League,2627,2026-08-31 Aston Villa-Arsenal,Arsenal,Mikel Merino,23,ESP,MF,30-070,20,0,0,0,0,0,0,0,0,2,2,0,0,0,0,0,,,e95b1641
ENG-Premier League,2627,2026-08-31 Aston Villa-Arsenal,Arsenal,Myles Lewis-Skelly,49,ENG,DM,19-339,70,0,0,0,0,1,0,0,0,0,2,0,0,0,1,0,,,e95b1641
ENG-Premier League,2627,2026-08-31 Aston Villa-Arsenal,Arsenal,Riccardo Calafiori,33,ITA,LB,24-104,90,0,1,0,0,1,0,0,0,1,1,1,1,0,1,0,,,e95b1641
ENG-Premier League,2627,2026-08-31 Aston Villa-Arsenal,Aston Villa,Aaron Wan-Bissaka,29,COD,"DF,MF",28-278,13,0,0,0,0,0,0,0,0,1,0,0,0,1,0,0,,,e95b1641
ENG-Premier League,2627,2026-08-31 Aston Villa-Arsenal,Aston Villa,Alejandro Garnacho,17,ARG,MF,22-061,13,0,0,0,0,0,0,0,0,0,0,0,0,0,0,0,,,e95b1641
ENG-Premier League,2627,2026-08-31 Aston Villa-Arsenal,Aston Villa,Alysson,47,BRA,MF,20-118,20,0,0,0,0,0,0,1,0,0,0,0,0,1,0,0,,,e95b1641
ENG-Premier League,2627,2026-08-31 Aston Villa-Arsenal,Aston Villa,Boubacar Kamara,8,FRA,DM,26-281,90,0,0,0,0,0,0,0,0,3,0,0,1,1,0,0,,,e95b1641
ENG-Premier League,2627,2026-08-31 Aston Villa-Arsenal,Aston Villa,Emi Buendía,10,ARG,AM,29-249,90,0,0,0,0,1,0,0,0,0,1,0,3,0,0,0,,,e95b1641
ENG-Premier League,2627,2026-08-31 Aston Villa-Arsenal,Aston Villa,George Hemmings,53,ENG,AM,19-180,70,0,0,0,0,0,0,0,0,2,0,0,1,0,0,0,,,e95b1641
ENG-Premier League,2627,2026-08-31 Aston Villa-Arsenal,Aston Villa,Ian Maatsen,22,NED,LB,24-174,90,0,0,0,0,2,0,1,0,5,0,0,0,1,2,0,,,e95b1641
ENG-Premier League,2627,2026-08-31 Aston Villa-Arsenal,Aston Villa,John McGinn,7,SCO,AM,31-317,90,0,0,0,0,2,0,1,0,3,2,0,4,1,1,0,,,e95b1641
ENG-Premier League,2627,2026-08-31 Aston Villa-Arsenal,Aston Villa,Matty Cash,2,POL,RB,29-024,77,0,0,0,0,1,0,0,0,2,2,0,0,3,0,0,,,e95b1641
ENG-Premier League,2627,2026-08-31 Aston Villa-Arsenal,Aston Villa,Nicolas Jackson,11,SEN,FW,25-072,70,0,0,0,0,0,0,0,0,0,0,0,1,0,0,0,,,e95b1641
ENG-Premier League,2627,2026-08-31 Aston Villa-Arsenal,Aston Villa,Pau Torres,14,ESP,CB,29-227,90,0,0,0,0,0,0,0,0,1,0,0,1,0,0,0,,,e95b1641
ENG-Premier League,2627,2026-08-31 Aston Villa-Arsenal,Aston Villa,Ross Barkley,6,ENG,DM,32-269,77,0,0,0,0,1,0,0,0,0,1,0,0,3,0,0,,,e95b1641
ENG-Premier League,2627,2026-08-31 Aston Villa-Arsenal,Aston Villa,Tammy Abraham,18,ENG,FW,28-333,20,0,0,0,0,0,0,0,0,0,0,0,0,0,0,0,,,e95b1641
ENG-Premier League,2627,2026-08-31 Aston Villa-Arsenal,Aston Villa,Victor Lindelöf,3,SWE,CB,32-045,90,0,0,0,0,0,0,0,0,0,0,0,0,0,0,0,,,e95b1641
ENG-Premier League,2627,2026-08-31 Aston Villa-Arsenal,Aston Villa,Zion Suzuki,1,JPN,GK,24-010,90,0,0,0,0,0,0,0,0,0,0,0,0,0,0,0,,,e95b1641
ENG-Premier League,2627,2026-09-04 Ipswich Town-Liverpool,Ipswich Town,Abdoul Ouattara,42,FRA,DF,20-317,13,0,0,0,0,0,0,0,0,0,0,0,0,0,0,0,,,368c66a8
ENG-Premier League,2627,2026-09-04 Ipswich Town-Liverpool,Ipswich Town,Abdul Fatawu Issahaku,7,GHA,AM,22-180,78,0,0,0,0,2,0,0,0,1,2,0,6,2,1,0,,,368c66a8
ENG-Premier League,2627,2026-09-04 Ipswich Town-Liverpool,Ipswich Town,Daizen Maeda,38,JPN,AM,28-319,65,0,0,0,0,1,1,0,0,1,0,0,1,1,0,0,,,368c66a8
ENG-Premier League,2627,2026-09-04 Ipswich Town-Liverpool,Ipswich Town,Dara O'Shea,26,IRL,RB,27-184,90,0,0,0,0,0,0,0,0,0,1,0,1,1,1,0,,,368c66a8
ENG-Premier League,2627,2026-09-04 Ipswich Town-Liverpool,Ipswich Town,Emersonn,19,BRA,FW,22-050,65,0,0,0,0,1,0,0,0,0,2,2,0,1,0,0,,,368c66a8
ENG-Premier League,2627,2026-09-04 Ipswich Town-Liverpool,Ipswich Town,Exequiel Palacios,25,ARG,DM,27-334,77,0,0,0,0,0,0,0,0,1,4,0,0,2,2,0,,,368c66a8
ENG-Premier League,2627,2026-09-04 Ipswich Town-Liverpool,Ipswich Town,Issa Diop,6,MAR,CB,29-238,90,0,0,0,0,0,0,0,0,0,0,0,0,2,1,0,,,368c66a8
ENG-Premier League,2627,2026-09-04 Ipswich Town-Liverpool,Ipswich Town,Jack Clarke,47,ENG,"FW,MF",25-285,25,0,0,0,0,1,0,0,0,1,0,0,0,0,1,0,,,368c66a8
ENG-Premier League,2627,2026-09-04 Ipswich Town-Liverpool,Ipswich Town,Jacob Greaves,24,ENG,CB,25-357,90,0,0,0,0,0,0,0,0,0,1,1,0,0,0,0,,,368c66a8
ENG-Premier League,2627,2026-09-04 Ipswich Town-Liverpool,Ipswich Town,Julio Enciso,10,PAR,AM,22-224,90,0,0,0,0,6,2,1,0,0,2,0,0,0,2,0,,,368c66a8
ENG-Premier League,2627,2026-09-04 Ipswich Town-Liverpool,Ipswich Town,Kasey McAteer,20,IRL,MF,24-286,12,0,0,0,0,1,1,0,0,0,0,0,0,0,0,0,,,368c66a8
ENG-Premier League,2627,2026-09-04 Ipswich Town-Liverpool,Ipswich Town,Kjell Scherpen,37,NED,GK,26-224,90,0,0,0,0,0,0,0,0,0,0,0,0,0,0,0,,,368c66a8
ENG-Premier League,2627,2026-09-04 Ipswich Town-Liverpool,Ipswich Town,Leif Davis,3,ENG,LB,26-247,90,0,0,0,0,1,0,0,0,0,0,1,4,1,0,0,,,368c66a8
ENG-Premier League,2627,2026-09-04 Ipswich Town-Liverpool,Ipswich Town,Saša Lukić,23,SRB,DM,30-022,90,0,0,0,0,0,0,0,0,1,1,0,3,0,1,0,,,368c66a8
ENG-Premier League,2627,2026-09-04 Ipswich Town-Liverpool,Ipswich Town,Zian Flemming,9,NED,"FW,MF",28-034,25,0,0,0,0,1,1,0,0,1,0,1,0,0,0,0,,,368c66a8
ENG-Premier League,2627,2026-09-04 Ipswich Town-Liverpool,Liverpool,Alexander Isak,9,SWE,FW,26-348,63,2,0,0,0,2,2,0,0,0,0,1,0,0,0,0,,,368c66a8
ENG-Premier League,2627,2026-09-04 Ipswich Town-Liverpool,Liverpool,Alexis Mac Allister,10,ARG,DM,27-254,83,0,0,0,0,2,1,1,0,1,0,0,0,2,1,0,,,368c66a8
ENG-Premier League,2627,2026-09-04 Ipswich Town-Liverpool,Liverpool,Alisson,1,BRA,GK,33-337,90,0,0,0,0,0,0,0,0,0,0,0,0,0,0,0,,,368c66a8
ENG-Premier League,2627,2026-09-04 Ipswich Town-Liverpool,Liverpool,Bradley Barcola,29,FRA,"FW,MF",24-002,27,0,0,0,0,0,0,0,0,0,0,0,0,0,0,0,,,368c66a8
ENG-Premier League,2627,2026-09-04 Ipswich Town-Liverpool,Liverpool,Cody Gakpo,18,NED,AM,27-120,90,0,2,0,0,1,0,0,0,0,2,2,0,3,1,0,,,368c66a8
ENG-Premier League,2627,2026-09-04 Ipswich Town-Liverpool,Liverpool,Dominik Szoboszlai,8,HUN,DM,25-314,90,0,0,0,0,3,3,0,0,1,0,1,4,0,1,0,,,368c66a8
ENG-Premier League,2627,2026-09-04 Ipswich Town-Liverpool,Liverpool,Florian Wirtz,7,GER,AM,23-124,89,0,0,0,0,2,1,0,0,5,1,0,1,0,0,0,,,368c66a8
ENG-Premier League,2627,2026-09-04 Ipswich Town-Liverpool,Liverpool,Jérémy Jacquet,5,FRA,CB,21-053,90,0,0,0,0,0,0,1,0,2,1,0,0,2,1,0,,,368c66a8
ENG-Premier League,2627,2026-09-04 Ipswich Town-Liverpool,Liverpool,Lewis Koumas,67,WAL,"FW,MF",20-350,1,0,0,0,0,0,0,0,0,0,0,0,0,0,0,0,,,368c66a8
ENG-Premier League,2627,2026-09-04 Ipswich Town-Liverpool,Liverpool,Milos Kerkez,6,HUN,LB,22-301,90,0,0,0,0,0,0,1,0,2,1,0,4,1,0,0,,,368c66a8
ENG-Premier League,2627,2026-09-04 Ipswich Town-Liverpool,Liverpool,Ronald Araújo,33,URU,RB,27-181,90,0,0,0,0,0,0,0,0,0,0,0,2,0,0,0,,,368c66a8
ENG-Premier League,2627,2026-09-04 Ipswich Town-Liverpool,Liverpool,Ryan Gravenberch,38,NED,MF,24-111,27,0,0,0,0,0,0,0,0,1,0,0,0,0,0,0,,,368c66a8
ENG-Premier League,2627,2026-09-04 Ipswich Town-Liverpool,Liverpool,Trey Nyoni,42,ENG,MF,19-066,7,0,0,0,0,0,0,0,0,0,0,0,0,0,0,0,,,368c66a8
ENG-Premier League,2627,2026-09-04 Ipswich Town-Liverpool,Liverpool,Virgil van Dijk,4,NED,CB,35-058,90,0,0,0,0,0,0,0,0,0,0,0,0,3,1,0,,,368c66a8
ENG-Premier League,2627,2026-09-04 Ipswich Town-Liverpool,Liverpool,Víctor Muñoz,23,ESP,AM,23-053,63,0,0,0,0,0,0,0,0,1,1,0,0,0,0,0,,,368c66a8
ENG-Premier League,2627,2026-09-05 Brentford-Sunderland,Brentford,Aaron Hickey,2,SCO,"DF,MF",24-087,45,0,0,0,0,0,0,0,0,0,0,0,1,0,2,0,,,c201fd2f
ENG-Premier League,2627,2026-09-05 Brentford-Sunderland,Brentford,Callum Wilson,13,ENG,FW,34-190,5,0,0,0,0,0,0,0,0,1,0,0,0,0,0,0,,,c201fd2f
ENG-Premier League,2627,2026-09-05 Brentford-Sunderland,Brentford,Caoimhín Kelleher,1,IRL,GK,27-286,90,0,0,0,0,0,0,0,0,0,0,0,0,0,0,0,,,c201fd2f
ENG-Premier League,2627,2026-09-05 Brentford-Sunderland,Brentford,Dango Ouattara,11,BFA,AM,24-206,45,0,0,0,0,0,0,0,0,1,0,0,0,0,1,0,,,c201fd2f
ENG-Premier League,2627,2026-09-05 Brentford-Sunderland,Brentford,Igor Thiago,9,BRA,FW,25-071,90,0,0,0,0,2,1,0,0,0,0,0,0,1,0,0,,,c201fd2f
ENG-Premier League,2627,2026-09-05 Brentford-Sunderland,Brentford,Jaidon Anthony,19,ENG,"FW,MF",26-278,45,0,0,0,0,1,0,0,0,1,0,0,3,0,0,0,,,c201fd2f
ENG-Premier League,2627,2026-09-05 Brentford-Sunderland,Brentford,Jannik Schuster,44,AUT,DF,20-112,74,0,0,0,0,1,0,0,0,1,0,0,0,0,0,0,,,c201fd2f
ENG-Premier League,2627,2026-09-05 Brentford-Sunderland,Brentford,Keane Lewis-Potter,23,ENG,LB,25-195,90,0,0,0,0,3,0,0,0,4,0,0,8,0,0,0,,,c201fd2f
ENG-Premier League,2627,2026-09-05 Brentford-Sunderland,Brentford,Kevin Schade,7,GER,AM,24-282,90,0,0,0,0,0,0,0,0,0,2,0,0,0,0,0,,,c201fd2f
ENG-Premier League,2627,2026-09-05 Brentford-Sunderland,Brentford,Kristoffer Ajer,20,NOR,CB,28-141,90,0,0,0,0,0,0,0,0,1,2,0,0,0,1,0,,,c201fd2f
ENG-Premier League,2627,2026-09-05 Brentford-Sunderland,Brentford,Mamadou Sangare,18,MLI,DM,24-071,45,0,0,0,0,2,0,1,0,3,1,0,0,1,1,0,,,c201fd2f
ENG-Premier League,2627,2026-09-05 Brentford-Sunderland,Brentford,Michael Kayode,33,ITA,RB,22-057,45,0,0,0,0,1,0,0,0,2,0,0,1,0,1,0,,,c201fd2f
ENG-Premier League,2627,2026-09-05 Brentford-Sunderland,Brentford,Mikkel Damsgaard,24,DEN,AM,26-064,85,0,0,0,0,0,0,0,0,0,3,0,6,0,0,0,,,c201fd2f
ENG-Premier League,2627,2026-09-05 Brentford-Sunderland,Brentford,Nathan Collins,22,IRL,CB,25-128,16,0,0,0,0,0,0,0,0,0,1,0,0,0,0,0,,,c201fd2f
ENG-Premier League,2627,2026-09-05 Brentford-Sunderland,Brentford,Vitaly Janelt,27,GER,DM,28-118,90,1,0,0,0,1,1,1,0,3,0,0,0,3,2,0,,,c201fd2f
ENG-Premier League,2627,2026-09-05 Brentford-Sunderland,Brentford,Yehor Yarmoliuk,6,UKR,MF,22-188,45,0,0,0,0,1,0,1,0,2,0,0,0,1,0,0,,,c201fd2f
ENG-Premier League,2627,2026-09-05 Brentford-Sunderland,Sunderland,Brian Brobbey,9,NED,FW,24-216,90,0,0,0,0,3,0,0,0,1,1,1,0,0,0,0,,,c201fd2f
ENG-Premier League,2627,2026-09-05 Brentford-Sunderland,Sunderland,Daniel Ballard,5,NIR,CB,26-348,90,0,0,0,0,1,0,0,0,0,2,0,0,1,0,0,,,c201fd2f
ENG-Premier League,2627,2026-09-05 Brentford-Sunderland,Sunderland,Enzo Le Fée,28,FRA,AM,26-214,90,1,0,1,1,3,1,0,0,0,2,0,2,2,0,0,,,c201fd2f
ENG-Premier League,2627,2026-09-05 Brentford-Sunderland,Sunderland,Granit Xhaka,34,SUI,DM,33-343,90,0,0,0,0,1,0,1,0,0,1,0,8,2,1,0,,,c201fd2f
ENG-Premier League,2627,2026-09-05 Brentford-Sunderland,Sunderland,Kevin Danso,4,AUT,CB,27-351,90,0,0,0,0,0,0,0,0,1,1,1,0,1,0,0,,,c201fd2f
ENG-Premier League,2627,2026-09-05 Brentford-Sunderland,Sunderland,Malick Fofana,39,BEL,"FW,MF",21-158,17,0,0,0,0,0,0,0,0,1,0,0,1,0,0,0,,,c201fd2f
ENG-Premier League,2627,2026-09-05 Brentford-Sunderland,Sunderland,Nilson Angulo,10,ECU,AM,23-078,63,0,0,0,0,0,0,0,0,0,2,0,2,1,0,0,,,c201fd2f
ENG-Premier League,2627,2026-09-05 Brentford-Sunderland,Sunderland,Noah Sadiki,27,COD,DM,21-262,73,0,0,0,0,3,2,1,0,1,2,0,0,0,0,0,,,c201fd2f
ENG-Premier League,2627,2026-09-05 Brentford-Sunderland,Sunderland,Nordi Mukiele,20,FRA,RB,28-308,90,0,0,0,0,0,0,0,0,1,1,1,1,4,0,0,,,c201fd2f
ENG-Premier League,2627,2026-09-05 Brentford-Sunderland,Sunderland,Reinildo Mandava,17,MOZ,LB,32-227,90,0,0,0,0,0,0,0,0,0,1,0,0,2,3,0,,,c201fd2f
ENG-Premier League,2627,2026-09-05 Brentford-Sunderland,Sunderland,Robin Roefs,22,NED,GK,23-231,90,0,0,0,0,0,0,0,0,0,1,0,0,0,0,0,,,c201fd2f
ENG-Premier League,2627,2026-09-05 Brentford-Sunderland,Sunderland,Thomas Meunier,12,BEL,AM,34-358,63,0,0,0,0,1,1,0,0,1,0,0,0,0,1,0,,,c201fd2f
ENG-Premier League,2627,2026-09-05 Brentford-Sunderland,Sunderland,Trai Hume,32,NIR,"DF,MF",24-171,27,0,0,0,0,0,0,0,0,1,2,0,1,2,0,0,,,c201fd2f
ENG-Premier League,2627,2026-09-05 Brentford-Sunderland,Sunderland,Wilson Isidor,18,HAI,"FW,MF",26-009,27,0,0,0,0,2,1,0,0,2,3,0,0,0,0,0,,,c201fd2f
ENG-Premier League,2627,2026-09-05 Brighton-Leeds United,Brighton & Hove Albion,Bart Verbruggen,1,NED,GK,24-018,90,0,0,0,0,0,0,0,0,0,1,0,0,0,0,0,,,f2afd8c7
ENG-Premier League,2627,2026-09-05 Brighton-Leeds United,Brighton & Hove Albion,Charalampos Kostoulas,19,GRE,FW,19-098,90,0,0,0,0,3,1,0,0,1,2,1,1,0,0,0,,,f2afd8c7
ENG-Premier League,2627,2026-09-05 Brighton-Leeds United,Brighton & Hove Albion,Costinha,20,POR,"DF,MF",26-163,13,0,0,0,0,0,0,0,0,1,2,0,1,0,0,0,,,f2afd8c7
ENG-Premier League,2627,2026-09-05 Brighton-Leeds United,Brighton & Hove Albion,Diego Gómez,25,PAR,AM,23-162,90,0,0,0,0,4,1,0,0,2,0,0,4,2,1,0,,,f2afd8c7
ENG-Premier League,2627,2026-09-05 Brighton-Leeds United,Brighton & Hove Albion,Ferdi Kadioglu,24,TUR,RB,26-333,77,0,0,0,0,2,1,0,0,1,1,0,2,1,1,0,,,f2afd8c7
ENG-Premier League,2627,2026-09-05 Brighton-Leeds United,Brighton & Hove Albion,Lewis Dunk,5,ENG,CB,34-288,90,0,0,0,0,0,0,0,0,1,0,0,0,0,0,0,,,f2afd8c7
ENG-Premier League,2627,2026-09-05 Brighton-Leeds United,Brighton & Hove Albion,Luka Vušković,44,CRO,CB,19-193,90,1,0,0,0,2,1,0,0,1,2,0,2,1,1,0,,,f2afd8c7
ENG-Premier League,2627,2026-09-05 Brighton-Leeds United,Brighton & Hove Albion,Malick Yalcouye,35,CIV,AM,20-291,90,0,0,0,0,1,0,0,0,0,3,0,2,0,0,0,,,f2afd8c7
ENG-Premier League,2627,2026-09-05 Brighton-Leeds United,Brighton & Hove Albion,Maxim De Cuyper,29,BEL,AM,25-257,77,0,1,0,0,0,0,1,0,1,1,2,8,0,0,0,,,f2afd8c7
ENG-Premier League,2627,2026-09-05 Brighton-Leeds United,Brighton & Hove Albion,Olivier Boscagli,21,FRA,LB,28-291,89,0,0,0,0,0,0,0,0,1,2,0,8,0,0,0,,,f2afd8c7
ENG-Premier League,2627,2026-09-05 Brighton-Leeds United,Brighton & Hove Albion,Pascal Groß,13,GER,DM,35-082,90,0,0,0,0,5,0,1,0,2,0,0,7,0,2,0,,,f2afd8c7
ENG-Premier League,2627,2026-09-05 Brighton-Leeds United,Brighton & Hove Albion,Pascal Struijk,4,NED,DF,27-025,1,0,0,0,0,0,0,0,0,0,0,0,0,0,0,0,,,f2afd8c7
ENG-Premier League,2627,2026-09-05 Brighton-Leeds United,Brighton & Hove Albion,Promise David,12,CAN,FW,25-064,13,0,0,0,0,1,0,1,0,2,0,1,0,0,0,0,,,f2afd8c7
ENG-Premier League,2627,2026-09-05 Brighton-Leeds United,Brighton & Hove Albion,Yasin Ayari,26,SWE,DM,22-334,90,0,0,0,0,2,1,0,0,0,1,0,0,0,0,0,,,f2afd8c7
ENG-Premier League,2627,2026-09-05 Brighton-Leeds United,Leeds United,Anton Stach,18,GER,CM,27-294,90,0,0,0,0,1,1,0,0,3,1,0,7,1,0,0,,,f2afd8c7
ENG-Premier League,2627,2026-09-05 Brighton-Leeds United,Leeds United,Ao Tanaka,22,JPN,CM,27-360,72,0,1,0,0,2,0,0,0,1,1,1,0,1,0,0,,,f2afd8c7
ENG-Premier League,2627,2026-09-05 Brighton-Leeds United,Leeds United,Brenden Aaronson,11,USA,"FW,MF",25-318,29,0,0,0,0,0,0,0,0,0,2,0,0,0,0,0,,,f2afd8c7
ENG-Premier League,2627,2026-09-05 Brighton-Leeds United,Leeds United,Dominic Calvert-Lewin,9,ENG,FW,29-173,72,0,0,0,0,2,2,1,0,3,2,1,0,0,0,0,,,f2afd8c7
ENG-Premier League,2627,2026-09-05 Brighton-Leeds United,Leeds United,Ethan Ampadu,4,WAL,CM,25-356,90,0,0,0,0,0,0,0,0,1,0,0,1,3,2,0,,,f2afd8c7
ENG-Premier League,2627,2026-09-05 Brighton-Leeds United,Leeds United,Gabriel Gudmundsson,3,SWE,LM,27-129,90,0,0,0,0,0,0,0,0,1,2,0,2,1,0,0,,,f2afd8c7
ENG-Premier League,2627,2026-09-05 Brighton-Leeds United,Leeds United,Harry Wilson,10,WAL,"FW,MF",29-167,18,0,0,0,0,0,0,1,0,2,0,0,1,0,0,0,,,f2afd8c7
ENG-Premier League,2627,2026-09-05 Brighton-Leeds United,Leeds United,Jaka Bijol,15,SVN,"DF,MF",27-212,30,0,0,0,0,0,0,0,0,0,0,0,0,1,0,0,,,f2afd8c7
ENG-Premier League,2627,2026-09-05 Brighton-Leeds United,Leeds United,James Justin,24,ENG,CB,28-194,90,0,0,0,0,2,1,0,0,2,1,0,2,2,2,0,,,f2afd8c7
ENG-Premier League,2627,2026-09-05 Brighton-Leeds United,Leeds United,James Trafford,1,ENG,GK,23-330,90,0,0,0,0,0,0,0,0,0,0,0,0,0,0,0,,,f2afd8c7
ENG-Premier League,2627,2026-09-05 Brighton-Leeds United,Leeds United,Jayden Bogle,2,ENG,RM,26-040,60,1,0,0,0,1,1,1,0,1,1,0,0,0,1,0,,,f2afd8c7
ENG-Premier League,2627,2026-09-05 Brighton-Leeds United,Leeds United,Lukas Nmecha,14,GER,FW,27-265,18,0,0,0,0,2,0,0,0,0,0,0,0,0,0,0,,,f2afd8c7
ENG-Premier League,2627,2026-09-05 Brighton-Leeds United,Leeds United,Nico Elvedi,30,SUI,CB,29-340,90,0,0,0,0,0,0,0,0,1,0,0,0,0,1,0,,,f2afd8c7
ENG-Premier League,2627,2026-09-05 Brighton-Leeds United,Leeds United,Noah Okafor,19,SUI,FW,26-104,61,0,0,0,0,0,0,0,0,1,1,0,0,0,0,0,,,f2afd8c7
ENG-Premier League,2627,2026-09-05 Brighton-Leeds United,Leeds United,Tarik Muharemovic,5,BIH,CB,23-189,90,0,0,0,0,0,0,0,0,0,2,0,0,0,2,0,,,f2afd8c7
ENG-Premier League,2627,2026-09-05 Fulham-Crystal Palace,Crystal Palace,Adam Wharton,20,ENG,DM,22-211,90,0,0,0,0,0,0,0,0,0,2,0,0,0,1,0,,,3809f875
ENG-Premier League,2627,2026-09-05 Fulham-Crystal Palace,Crystal Palace,Anan Khalaili,25,ISR,DM,22-002,90,0,0,0,0,2,0,0,0,0,0,0,0,2,2,0,,,3809f875
ENG-Premier League,2627,2026-09-05 Fulham-Crystal Palace,Crystal Palace,Axel Disasi,5,FRA,CB,28-178,90,0,0,0,0,0,0,0,0,0,0,0,0,3,4,0,,,3809f875
ENG-Premier League,2627,2026-09-05 Fulham-Crystal Palace,Crystal Palace,Ben Chilwell,33,ENG,"DF,MF",29-258,17,1,0,0,0,1,1,0,0,0,0,0,1,0,0,0,,,3809f875
ENG-Premier League,2627,2026-09-05 Fulham-Crystal Palace,Crystal Palace,Chris Richards,26,USA,CB,26-161,90,0,0,0,0,1,1,0,0,1,0,0,0,1,0,0,,,3809f875
ENG-Premier League,2627,2026-09-05 Fulham-Crystal Palace,Crystal Palace,Daichi Kamada,18,JPN,AM,30-031,88,0,1,0,0,0,0,0,0,0,1,3,0,0,0,0,,,3809f875
ENG-Premier League,2627,2026-09-05 Fulham-Crystal Palace,Crystal Palace,Darío Osorio,24,CHI,"FW,MF",22-224,2,0,0,0,0,0,0,0,0,0,0,1,0,0,0,0,,,3809f875
ENG-Premier League,2627,2026-09-05 Fulham-Crystal Palace,Crystal Palace,Dean Henderson,1,ENG,GK,29-177,90,0,0,0,0,0,0,0,0,0,0,0,0,0,0,0,,,3809f875
ENG-Premier League,2627,2026-09-05 Fulham-Crystal Palace,Crystal Palace,Eddie Nketiah,9,ENG,FW,27-098,45,0,1,0,0,1,1,0,0,1,0,1,0,1,0,0,,,3809f875
ENG-Premier League,2627,2026-09-05 Fulham-Crystal Palace,Crystal Palace,Jaydee Canvot,6,FRA,CB,20-038,90,0,0,0,0,0,0,0,0,0,0,1,0,2,3,0,,,3809f875
ENG-Premier League,2627,2026-09-05 Fulham-Crystal Palace,Crystal Palace,Jørgen Strand Larsen,22,NOR,FW,26-211,45,0,0,0,0,0,0,0,0,1,0,0,0,0,0,0,,,3809f875
ENG-Premier League,2627,2026-09-05 Fulham-Crystal Palace,Crystal Palace,Quinten Timber,23,NED,DM,25-080,73,0,0,0,0,1,0,0,0,2,2,0,0,1,1,0,,,3809f875
ENG-Premier League,2627,2026-09-05 Fulham-Crystal Palace,Crystal Palace,Tyrick Mitchell,3,ENG,DM,27-004,73,2,0,0,0,3,2,0,0,0,0,0,3,1,1,0,,,3809f875
ENG-Premier League,2627,2026-09-05 Fulham-Crystal Palace,Crystal Palace,Will Hughes,19,ENG,MF,31-141,17,0,0,0,0,0,0,0,0,0,0,0,0,0,0,0,,,3809f875
ENG-Premier League,2627,2026-09-05 Fulham-Crystal Palace,Crystal Palace,Yéremy Pino,10,ESP,AM,23-320,88,0,0,0,0,1,0,0,0,1,1,0,3,0,0,0,,,3809f875
ENG-Premier League,2627,2026-09-05 Fulham-Crystal Palace,Crystal Palace,Óscar Mingueza,30,ESP,"DF,MF",27-115,2,0,0,0,0,0,0,0,0,1,0,0,0,1,0,0,,,3809f875
ENG-Premier League,2627,2026-09-05 Fulham-Crystal Palace,Fulham,Alex Iwobi,17,NGA,DM,30-125,82,0,0,0,0,1,0,0,0,1,1,0,3,0,0,0,,,3809f875
ENG-Premier League,2627,2026-09-05 Fulham-Crystal Palace,Fulham,Antonee Robinson,33,USA,LB,29-028,78,0,0,0,0,2,0,0,0,0,1,0,3,2,0,0,,,3809f875
ENG-Premier League,2627,2026-09-05 Fulham-Crystal Palace,Fulham,Bernd Leno,1,GER,GK,34-185,90,0,0,0,0,0,0,0,0,0,0,0,0,0,0,0,,,3809f875
ENG-Premier League,2627,2026-09-05 Fulham-Crystal Palace,Fulham,Calvin Bassey,3,NGA,CB,26-248,90,0,0,0,0,0,0,0,0,1,2,0,0,0,0,0,,,3809f875
ENG-Premier League,2627,2026-09-05 Fulham-Crystal Palace,Fulham,César Palacios,8,ESP,AM,21-298,60,1,0,0,0,5,2,0,0,1,0,0,0,0,0,0,,,3809f875
ENG-Premier League,2627,2026-09-05 Fulham-Crystal Palace,Fulham,Emile Smith Rowe,32,ENG,MF,26-039,12,0,0,0,0,0,0,0,0,0,0,0,0,0,0,0,,,3809f875
ENG-Premier League,2627,2026-09-05 Fulham-Crystal Palace,Fulham,Gonzalo García,7,ESP,FW,22-165,90,0,0,0,0,5,0,0,0,1,1,1,2,1,1,0,,,3809f875
ENG-Premier League,2627,2026-09-05 Fulham-Crystal Palace,Fulham,Hugo Larsson,15,SWE,MF,22-070,12,0,0,0,0,1,0,0,0,0,0,0,0,0,0,0,,,3809f875
ENG-Premier League,2627,2026-09-05 Fulham-Crystal Palace,Fulham,Joachim Andersen,5,DEN,CB,30-097,90,0,0,0,0,0,0,0,0,0,1,0,0,1,1,0,,,3809f875
ENG-Premier League,2627,2026-09-05 Fulham-Crystal Palace,Fulham,Joshua King,24,ENG,AM,19-245,90,1,0,0,0,2,1,0,0,0,1,0,1,1,1,0,,,3809f875
ENG-Premier League,2627,2026-09-05 Fulham-Crystal Palace,Fulham,Oscar Bobb,14,NOR,AM,23-055,78,0,0,0,0,3,1,0,0,0,0,0,4,0,0,0,,,3809f875
ENG-Premier League,2627,2026-09-05 Fulham-Crystal Palace,Fulham,Rodrigo Muniz,9,BRA,FW,25-124,8,0,0,0,0,2,1,0,0,0,0,0,0,0,0,0,,,3809f875
ENG-Premier League,2627,2026-09-05 Fulham-Crystal Palace,Fulham,Ryan Sessegnon,30,ENG,"DF,FW",26-110,12,0,0,0,0,1,0,0,0,0,0,0,1,0,1,0,,,3809f875
ENG-Premier League,2627,2026-09-05 Fulham-Crystal Palace,Fulham,Sander Berge,16,NOR,MF,28-203,30,0,0,0,0,0,0,0,0,0,0,0,0,0,0,0,,,3809f875
ENG-Premier League,2627,2026-09-05 Fulham-Crystal Palace,Fulham,Shea Charles,19,NIR,DM,22-304,78,0,0,0,0,0,0,0,0,0,0,0,0,0,3,0,,,3809f875
ENG-Premier League,2627,2026-09-05 Fulham-Crystal Palace,Fulham,Timothy Castagne,21,BEL,RB,30-274,90,0,0,0,0,3,1,0,0,2,0,0,2,1,2,0,,,3809f875
ENG-Premier League,2627,2026-09-05 Hull City-Aston Villa,Aston Villa,Aaron Wan-Bissaka,29,COD,"DF,MF",28-283,6,0,0,0,0,0,0,0,0,0,0,0,0,0,0,0,,,6816748a
ENG-Premier League,2627,2026-09-05 Hull City-Aston Villa,Aston Villa,Alejandro Garnacho,17,ARG,MF,22-066,16,0,0,0,0,0,0,0,0,0,0,0,0,0,0,0,,,6816748a
ENG-Premier League,2627,2026-09-05 Hull City-Aston Villa,Aston Villa,Alysson,47,BRA,MF,20-123,16,0,0,0,0,0,0,0,0,0,0,0,0,0,0,0,,,6816748a
ENG-Premier League,2627,2026-09-05 Hull City-Aston Villa,Aston Villa,Boubacar Kamara,8,FRA,DM,26-286,90,0,0,0,0,0,0,0,0,1,3,0,0,1,1,0,,,6816748a
ENG-Premier League,2627,2026-09-05 Hull City-Aston Villa,Aston Villa,Emi Buendía,10,ARG,AM,29-254,74,0,0,0,0,2,0,0,0,0,1,0,1,0,0,0,,,6816748a
ENG-Premier League,2627,2026-09-05 Hull City-Aston Villa,Aston Villa,George Hemmings,53,ENG,AM,19-185,74,0,0,0,0,1,1,0,0,2,0,1,1,0,0,0,,,6816748a
ENG-Premier League,2627,2026-09-05 Hull City-Aston Villa,Aston Villa,Ian Maatsen,22,NED,LB,24-179,74,0,0,0,0,0,0,0,0,0,0,0,2,1,1,0,,,6816748a
ENG-Premier League,2627,2026-09-05 Hull City-Aston Villa,Aston Villa,John McGinn,7,SCO,AM,31-322,90,0,0,0,0,1,0,0,0,1,2,0,4,0,1,0,,,6816748a
ENG-Premier League,2627,2026-09-05 Hull City-Aston Villa,Aston Villa,Matteo Ruggeri,13,ITA,"DF,MF",24-056,16,0,0,0,0,0,0,0,0,0,0,0,2,0,1,0,,,6816748a
ENG-Premier League,2627,2026-09-05 Hull City-Aston Villa,Aston Villa,Matty Cash,2,POL,RB,29-029,84,0,0,0,0,0,0,0,0,1,1,0,1,0,0,0,,,6816748a
ENG-Premier League,2627,2026-09-05 Hull City-Aston Villa,Aston Villa,Nicolas Jackson,11,SEN,FW,25-077,84,0,0,0,0,2,0,0,0,0,1,1,1,0,0,0,,,6816748a
ENG-Premier League,2627,2026-09-05 Hull City-Aston Villa,Aston Villa,Ross Barkley,6,ENG,DM,32-274,90,0,0,0,0,4,0,0,0,0,0,0,0,0,0,0,,,6816748a
ENG-Premier League,2627,2026-09-05 Hull City-Aston Villa,Aston Villa,Tammy Abraham,18,ENG,FW,28-338,6,0,0,0,0,0,0,0,0,0,0,0,0,0,0,0,,,6816748a
ENG-Premier League,2627,2026-09-05 Hull City-Aston Villa,Aston Villa,Tyrone Mings,5,ENG,CB,33-176,90,0,0,0,0,3,0,0,0,0,1,0,0,1,0,0,,,6816748a
ENG-Premier League,2627,2026-09-05 Hull City-Aston Villa,Aston Villa,Victor Lindelöf,3,SWE,CB,32-050,90,0,0,0,0,0,0,0,0,0,0,0,0,0,0,0,,,6816748a
ENG-Premier League,2627,2026-09-05 Hull City-Aston Villa,Aston Villa,Zion Suzuki,1,JPN,GK,24-015,90,0,0,0,0,0,0,0,0,0,1,0,0,0,0,0,,,6816748a
ENG-Premier League,2627,2026-09-05 Hull City-Aston Villa,Hull City,Bachir Belloumi,10,ALG,RM,24-096,81,0,0,0,0,2,1,0,0,0,0,1,1,2,6,0,,,6816748a
ENG-Premier League,2627,2026-09-05 Hull City-Aston Villa,Hull City,Brooke Norton-Cuffy,18,ENG,"DF,MF",22-236,27,0,0,0,0,0,0,0,0,0,0,0,2,0,0,0,,,6816748a
ENG-Premier League,2627,2026-09-05 Hull City-Aston Villa,Hull City,Elliot Stroud,21,SWE,LM,24-075,62,0,0,0,0,1,0,0,0,2,0,0,1,0,0,0,,,6816748a
ENG-Premier League,2627,2026-09-05 Hull City-Aston Villa,Hull City,Jens Hjertø-Dahl,14,NOR,MF,20-309,9,0,0,0,0,0,0,0,0,0,1,0,0,0,0,0,,,6816748a
ENG-Premier League,2627,2026-09-05 Hull City-Aston Villa,Hull City,John Egan,15,IRL,CB,33-320,90,0,0,0,0,0,0,0,0,1,0,0,0,0,2,0,,,6816748a
ENG-Premier League,2627,2026-09-05 Hull City-Aston Villa,Hull City,Kostas Tzolakis,19,GRE,GK,23-301,90,0,0,0,0,0,0,0,0,0,1,0,0,0,0,0,,,6816748a
ENG-Premier League,2627,2026-09-05 Hull City-Aston Villa,Hull City,Lewie Coyle,2,ENG,RB,30-325,63,0,0,0,0,0,0,0,0,0,0,0,3,0,0,0,,,6816748a
ENG-Premier League,2627,2026-09-05 Hull City-Aston Villa,Hull City,Lucas Gourna-Douath,29,FRA,CM,23-031,81,0,0,0,0,0,0,1,0,1,0,0,0,0,2,0,,,6816748a
ENG-Premier League,2627,2026-09-05 Hull City-Aston Villa,Hull City,Lucas Herrington,22,AUS,DF,19-000,20,0,0,0,0,0,0,0,0,1,0,0,0,0,0,0,,,6816748a
ENG-Premier League,2627,2026-09-05 Hull City-Aston Villa,Hull City,Mohamed Ali Cho,50,FRA,"FW,MF",22-229,9,0,0,0,0,1,1,0,0,0,0,0,0,0,0,0,,,6816748a
ENG-Premier League,2627,2026-09-05 Hull City-Aston Villa,Hull City,Nobel Mendy,32,SEN,CB,22-002,70,0,0,0,0,2,1,0,0,2,0,1,1,2,2,0,,,6816748a
ENG-Premier League,2627,2026-09-05 Hull City-Aston Villa,Hull City,Oliver McBurnie,9,SCO,FW,30-093,90,0,0,0,0,3,0,0,0,1,1,0,0,0,0,0,,,6816748a
ENG-Premier League,2627,2026-09-05 Hull City-Aston Villa,Hull City,Regan Slater,27,ENG,CM,26-359,90,0,0,0,0,2,1,0,0,1,1,0,2,0,2,0,,,6816748a
ENG-Premier League,2627,2026-09-05 Hull City-Aston Villa,Hull City,Ryan Giles,3,ENG,LB,26-222,90,0,0,0,0,0,0,0,0,0,0,0,8,1,1,0,,,6816748a
ENG-Premier League,2627,2026-09-05 Hull City-Aston Villa,Hull City,Semi Ajayi,6,NGA,CB,32-300,90,0,0,0,0,0,0,1,0,1,0,0,1,1,1,0,,,6816748a
ENG-Premier League,2627,2026-09-05 Hull City-Aston Villa,Hull City,Sorba Thomas,7,WAL,"FW,MF",27-014,28,0,0,0,0,0,0,0,0,0,0,0,2,0,0,0,,,6816748a
ENG-Premier League,2627,2026-09-05 Manchester City-Coventry City,Coventry City,Aurèle Amenda,24,SUI,CB,23-036,90,0,0,0,0,0,0,0,0,2,0,0,0,1,1,0,,,e49890d8
ENG-Premier League,2627,2026-09-05 Manchester City-Coventry City,Coventry City,Bobby Thomas,4,ENG,CB,25-218,90,0,0,0,0,5,0,0,0,0,1,1,0,1,4,0,,,e49890d8
ENG-Premier League,2627,2026-09-05 Manchester City-Coventry City,Coventry City,Brandon Thomas-Asante,23,GHA,"FW,MF",27-250,20,0,0,0,0,0,0,0,0,0,2,0,0,0,1,0,,,e49890d8
ENG-Premier League,2627,2026-09-05 Manchester City-Coventry City,Coventry City,Caleb Yirenkyi,8,GHA,MF,20-233,28,0,0,0,0,0,0,0,0,1,1,0,1,0,2,0,,,e49890d8
ENG-Premier League,2627,2026-09-05 Manchester City-Coventry City,Coventry City,Carl Rushworth,19,ENG,GK,25-065,90,0,0,0,0,0,0,0,0,0,0,0,0,0,0,0,,,e49890d8
ENG-Premier League,2627,2026-09-05 Manchester City-Coventry City,Coventry City,Ellis Simms,9,ENG,FW,25-243,20,0,0,0,0,1,1,0,0,0,0,0,0,0,0,0,,,e49890d8
ENG-Premier League,2627,2026-09-05 Manchester City-Coventry City,Coventry City,Ephron Mason-Clark,10,JAM,AM,27-011,70,0,0,0,0,0,0,0,0,3,1,1,1,0,0,0,,,e49890d8
ENG-Premier League,2627,2026-09-05 Manchester City-Coventry City,Coventry City,Ethan Pinnock,2,JAM,CB,33-099,90,0,0,0,0,1,0,1,0,1,0,0,0,1,2,0,,,e49890d8
ENG-Premier League,2627,2026-09-05 Manchester City-Coventry City,Coventry City,Frank Onyeka,16,NGA,DM,28-247,62,0,0,0,0,0,0,0,0,1,0,0,0,0,0,0,,,e49890d8
ENG-Premier League,2627,2026-09-05 Manchester City-Coventry City,Coventry City,Gustavo Hamer,38,NED,MF,29-073,6,0,0,0,0,0,0,0,0,2,0,0,0,0,0,0,,,e49890d8
ENG-Premier League,2627,2026-09-05 Manchester City-Coventry City,Coventry City,Jack Rudoni,5,ENG,AM,26-102,62,0,0,0,0,1,1,0,0,2,1,0,2,1,1,0,,,e49890d8
ENG-Premier League,2627,2026-09-05 Manchester City-Coventry City,Coventry City,Jay Dasilva,3,WAL,DM,28-136,84,0,0,0,0,0,0,0,0,0,0,0,3,2,1,0,,,e49890d8
ENG-Premier League,2627,2026-09-05 Manchester City-Coventry City,Coventry City,Loum Tchaouna,18,FRA,"FW,MF",22-362,28,0,0,0,0,2,1,0,0,0,0,0,5,0,0,0,,,e49890d8
ENG-Premier League,2627,2026-09-05 Manchester City-Coventry City,Coventry City,Matt Grimes,6,ENG,DM,31-052,90,0,0,0,0,1,0,0,0,2,0,0,2,2,1,0,,,e49890d8
ENG-Premier League,2627,2026-09-05 Manchester City-Coventry City,Coventry City,Milan van Ewijk,27,NED,DM,25-362,90,0,0,0,0,0,0,1,0,2,0,0,1,2,4,0,,,e49890d8
ENG-Premier League,2627,2026-09-05 Manchester City-Coventry City,Coventry City,Taiwo Awoniyi,14,NGA,FW,29-024,70,0,0,0,0,1,0,0,0,1,1,0,0,0,1,0,,,e49890d8
ENG-Premier League,2627,2026-09-05 Manchester City-Coventry City,Manchester City,Abdukodir Khusanov,45,UZB,RB,22-188,90,0,0,0,0,0,0,1,0,2,1,0,0,0,1,0,,,e49890d8
ENG-Premier League,2627,2026-09-05 Manchester City-Coventry City,Manchester City,Antoine Semenyo,42,GHA,AM,26-241,90,0,1,0,0,2,0,0,0,1,0,3,3,1,0,0,,,e49890d8
ENG-Premier League,2627,2026-09-05 Manchester City-Coventry City,Manchester City,Ayyoub Bouaddi,32,MAR,MF,18-338,15,0,0,0,0,0,0,0,0,0,0,0,0,0,0,0,,,e49890d8
ENG-Premier League,2627,2026-09-05 Manchester City-Coventry City,Manchester City,Elliot Anderson,5,ENG,DM,23-303,90,0,0,0,0,1,0,0,0,0,3,0,4,1,2,0,,,e49890d8
ENG-Premier League,2627,2026-09-05 Manchester City-Coventry City,Manchester City,Enzo Fernández,17,ARG,DM,25-231,75,0,0,0,0,2,0,0,0,0,2,1,3,1,0,0,,,e49890d8
ENG-Premier League,2627,2026-09-05 Manchester City-Coventry City,Manchester City,Erling Haaland,9,NOR,FW,26-046,90,1,0,0,0,4,3,0,0,1,1,1,0,0,0,0,,,e49890d8
ENG-Premier League,2627,2026-09-05 Manchester City-Coventry City,Manchester City,Gianluigi Donnarumma,1,ITA,GK,27-192,90,0,0,0,0,0,0,0,0,0,0,0,0,0,0,0,,,e49890d8
ENG-Premier League,2627,2026-09-05 Manchester City-Coventry City,Manchester City,Iliman Ndiaye,7,SEN,AM,26-183,86,0,0,0,0,1,0,0,0,0,2,0,4,1,0,0,,,e49890d8
ENG-Premier League,2627,2026-09-05 Manchester City-Coventry City,Manchester City,Joško Gvardiol,24,CRO,LB,24-225,90,0,0,0,0,1,0,0,0,1,3,0,0,2,1,0,,,e49890d8
ENG-Premier League,2627,2026-09-05 Manchester City-Coventry City,Manchester City,Marc Guéhi,6,ENG,CB,26-054,90,0,0,0,0,0,0,0,0,0,1,0,0,0,1,0,,,e49890d8
ENG-Premier League,2627,2026-09-05 Manchester City-Coventry City,Manchester City,Phil Foden,47,ENG,"FW,MF",26-100,25,0,0,0,0,1,1,0,0,1,1,0,0,0,0,0,,,e49890d8
ENG-Premier League,2627,2026-09-05 Manchester City-Coventry City,Manchester City,Rayan Cherki,10,FRA,AM,23-019,65,0,0,0,0,3,0,0,0,0,2,0,4,0,0,0,,,e49890d8
ENG-Premier League,2627,2026-09-05 Manchester City-Coventry City,Manchester City,Ryan Mcaidoo,56,ENG,FW,18-073,4,0,0,0,0,0,0,0,0,0,1,0,1,0,0,0,,,e49890d8
ENG-Premier League,2627,2026-09-05 Manchester City-Coventry City,Manchester City,Rúben Dias,3,POR,CB,29-114,90,0,0,0,0,0,0,0,0,1,0,0,0,0,0,0,,,e49890d8
ENG-Premier League,2627,2026-09-05 Newcastle-Bournemouth,Bournemouth,Adam Smith,15,ENG,RB,35-129,90,0,0,0,0,1,0,1,0,2,2,0,1,1,1,0,,,198be7a7
ENG-Premier League,2627,2026-09-05 Newcastle-Bournemouth,Bournemouth,Adrien Truffert,3,FRA,LB,24-289,90,0,0,0,0,1,0,1,0,3,0,0,6,0,2,0,,,198be7a7
ENG-Premier League,2627,2026-09-05 Newcastle-Bournemouth,Bournemouth,Alex Scott,8,ENG,DM,23-015,89,0,0,0,0,2,0,0,0,1,5,0,0,0,3,0,,,198be7a7
ENG-Premier League,2627,2026-09-05 Newcastle-Bournemouth,Bournemouth,António Silva,14,POR,CB,22-310,90,0,0,0,0,1,1,0,0,1,1,0,0,1,0,0,,,198be7a7
ENG-Premier League,2627,2026-09-05 Newcastle-Bournemouth,Bournemouth,Ben Gannon-Doak,11,SCO,MF,20-298,2,0,0,0,0,1,0,0,0,0,0,0,0,0,0,0,,,198be7a7
ENG-Premier League,2627,2026-09-05 Newcastle-Bournemouth,Bournemouth,Daniel Jebbison,29,CAN,FW,23-023,2,0,0,0,0,0,0,0,0,0,1,0,0,0,0,0,,,198be7a7
ENG-Premier League,2627,2026-09-05 Newcastle-Bournemouth,Bournemouth,David Brooks,7,WAL,"FW,MF",29-059,15,0,0,0,0,0,0,0,0,1,0,0,0,0,0,0,,,198be7a7
ENG-Premier League,2627,2026-09-05 Newcastle-Bournemouth,Bournemouth,Evanilson,9,BRA,FW,26-334,90,0,0,0,0,3,0,0,0,0,1,1,0,0,0,0,,,198be7a7
ENG-Premier League,2627,2026-09-05 Newcastle-Bournemouth,Bournemouth,James Hill,5,ENG,CB,24-238,90,0,0,0,0,0,0,0,0,1,0,0,0,0,1,0,,,198be7a7
ENG-Premier League,2627,2026-09-05 Newcastle-Bournemouth,Bournemouth,Justin Kluivert,19,NED,AM,27-123,75,0,0,0,0,2,0,1,0,3,3,0,1,1,0,0,,,198be7a7
ENG-Premier League,2627,2026-09-05 Newcastle-Bournemouth,Bournemouth,Lewis Cook,4,ENG,MF,29-214,15,0,0,0,0,0,0,0,0,1,0,0,0,0,1,0,,,198be7a7
ENG-Premier League,2627,2026-09-05 Newcastle-Bournemouth,Bournemouth,Marcus Tavernier,16,ENG,AM,27-167,88,1,0,0,0,5,4,0,0,0,3,0,1,0,0,0,,,198be7a7
ENG-Premier League,2627,2026-09-05 Newcastle-Bournemouth,Bournemouth,Rayan,37,BRA,AM,20-033,88,0,0,0,0,1,0,0,0,1,0,0,3,1,0,0,,,198be7a7
ENG-Premier League,2627,2026-09-05 Newcastle-Bournemouth,Bournemouth,Ryan Christie,10,SCO,"FW,MF",31-195,1,0,0,0,0,0,0,0,0,0,0,0,0,0,0,0,,,198be7a7
ENG-Premier League,2627,2026-09-05 Newcastle-Bournemouth,Bournemouth,Tyler Adams,12,USA,DM,27-203,75,0,0,0,0,0,0,0,0,3,3,0,0,1,0,0,,,198be7a7
ENG-Premier League,2627,2026-09-05 Newcastle-Bournemouth,Bournemouth,Đorđe Petrović,1,SRB,GK,26-332,90,0,0,0,0,0,0,0,0,0,0,0,0,0,0,0,,,198be7a7
ENG-Premier League,2627,2026-09-05 Newcastle-Bournemouth,Newcastle United,Amar Dedić,37,BIH,RB,24-018,90,0,0,0,0,2,0,0,0,3,1,0,2,0,1,0,,,198be7a7
ENG-Premier League,2627,2026-09-05 Newcastle-Bournemouth,Newcastle United,Anthony Elanga,19,SWE,AM,24-131,76,0,0,0,0,0,0,1,0,1,0,0,1,0,0,0,,,198be7a7
ENG-Premier League,2627,2026-09-05 Newcastle-Bournemouth,Newcastle United,Harvey Barnes,11,ENG,AM,28-270,90,1,0,0,0,2,1,0,0,2,4,0,3,0,2,0,,,198be7a7
ENG-Premier League,2627,2026-09-05 Newcastle-Bournemouth,Newcastle United,Jacob Murphy,23,ENG,"DF,FW",31-193,14,0,0,0,0,0,0,0,0,0,2,0,1,0,0,0,,,198be7a7
ENG-Premier League,2627,2026-09-05 Newcastle-Bournemouth,Newcastle United,Jacob Ramsey,41,ENG,MF,25-100,28,1,0,0,0,1,1,0,0,2,0,0,0,0,0,0,,,198be7a7
ENG-Premier League,2627,2026-09-05 Newcastle-Bournemouth,Newcastle United,Joe Willock,28,ENG,AM,27-016,62,0,0,0,0,2,0,0,0,0,2,1,0,1,0,0,,,198be7a7
ENG-Premier League,2627,2026-09-05 Newcastle-Bournemouth,Newcastle United,Lewis Hall,3,ENG,LB,21-362,89,0,1,0,0,1,0,0,0,0,1,0,2,1,2,0,,,198be7a7
ENG-Premier League,2627,2026-09-05 Newcastle-Bournemouth,Newcastle United,Lewis Miley,67,ENG,DM,20-127,62,0,0,0,0,0,0,0,0,1,0,0,0,0,0,0,,,198be7a7
ENG-Premier League,2627,2026-09-05 Newcastle-Bournemouth,Newcastle United,Lukáš Horníček,21,CZE,GK,24-054,90,0,0,0,0,0,0,0,0,0,0,0,0,0,0,0,,,198be7a7
ENG-Premier League,2627,2026-09-05 Newcastle-Bournemouth,Newcastle United,Malick Thiaw,12,GER,CB,25-028,90,0,0,0,0,0,0,0,0,1,0,0,0,0,0,1,,,198be7a7
ENG-Premier League,2627,2026-09-05 Newcastle-Bournemouth,Newcastle United,Matias Fernandez-Pardo,20,BEL,"FW,MF",21-214,28,0,0,0,0,0,0,0,0,1,1,0,1,0,0,0,,,198be7a7
ENG-Premier League,2627,2026-09-05 Newcastle-Bournemouth,Newcastle United,Nicolás González,6,ESP,DM,24-245,76,0,0,0,0,0,0,0,0,6,3,0,0,0,0,0,,,198be7a7
ENG-Premier League,2627,2026-09-05 Newcastle-Bournemouth,Newcastle United,Sean Steur,14,NED,MF,18-237,14,0,0,0,0,0,0,0,0,0,0,0,0,0,0,0,,,198be7a7
ENG-Premier League,2627,2026-09-05 Newcastle-Bournemouth,Newcastle United,Sven Botman,4,NED,CB,26-236,90,0,0,0,0,0,0,0,0,0,0,0,0,0,1,0,,,198be7a7
ENG-Premier League,2627,2026-09-05 Newcastle-Bournemouth,Newcastle United,Tino Livramento,2,ENG,"DF,MF",23-297,1,0,0,0,0,0,0,0,0,0,0,0,0,0,0,0,,,198be7a7
ENG-Premier League,2627,2026-09-05 Newcastle-Bournemouth,Newcastle United,Yoane Wissa,9,COD,FW,30-002,90,0,0,0,0,0,0,1,0,2,3,0,1,0,0,0,,,198be7a7
ENG-Premier League,2627,2026-09-05 Nottingham-Tottenham,Nottingham Forest,Chris Wood,9,NZL,FW,34-272,17,0,0,0,0,0,0,0,0,0,0,0,0,0,0,0,,,184a826e
ENG-Premier League,2627,2026-09-05 Nottingham-Tottenham,Nottingham Forest,Dan Ndoye,14,SUI,AM,25-315,58,0,0,0,0,0,0,0,0,2,2,0,0,0,0,0,,,184a826e
ENG-Premier League,2627,2026-09-05 Nottingham-Tottenham,Nottingham Forest,Daniel Muñoz,27,COL,"DF,MF",30-102,32,0,0,0,0,1,0,0,0,1,1,0,2,1,0,0,,,184a826e
ENG-Premier League,2627,2026-09-05 Nottingham-Tottenham,Nottingham Forest,Igor Jesus,11,BRA,FW,25-192,32,0,0,0,0,0,0,0,0,1,1,0,0,0,0,0,,,184a826e
ENG-Premier League,2627,2026-09-05 Nottingham-Tottenham,Nottingham Forest,Jair Cunha,23,BRA,CB,21-182,90,0,0,0,0,1,0,0,0,1,1,0,0,0,2,0,,,184a826e
ENG-Premier League,2627,2026-09-05 Nottingham-Tottenham,Nottingham Forest,James Mcatee,24,ENG,DM,23-322,90,0,0,0,0,3,1,1,0,4,2,0,3,3,0,0,,,184a826e
ENG-Premier League,2627,2026-09-05 Nottingham-Tottenham,Nottingham Forest,Liam Delap,19,ENG,FW,23-209,73,0,0,0,0,1,0,0,0,2,1,1,0,0,0,0,,,184a826e
ENG-Premier League,2627,2026-09-05 Nottingham-Tottenham,Nottingham Forest,Matz Sels,26,BEL,GK,34-191,90,0,0,0,0,0,0,0,0,0,0,0,0,0,0,0,,,184a826e
ENG-Premier League,2627,2026-09-05 Nottingham-Tottenham,Nottingham Forest,Morgan Gibbs-White,10,ENG,AM,26-221,90,0,0,0,0,3,1,0,0,1,0,1,8,0,0,0,,,184a826e
ENG-Premier League,2627,2026-09-05 Nottingham-Tottenham,Nottingham Forest,Murillo,5,BRA,CB,24-063,89,0,0,0,0,2,0,0,0,3,0,0,0,3,1,0,,,184a826e
ENG-Premier League,2627,2026-09-05 Nottingham-Tottenham,Nottingham Forest,Neco Williams,3,WAL,DM,25-145,90,0,0,0,0,0,0,0,0,4,4,0,4,2,0,0,,,184a826e
ENG-Premier League,2627,2026-09-05 Nottingham-Tottenham,Nottingham Forest,Nikola Milenković,31,SRB,CB,28-328,90,0,0,0,0,0,0,1,0,1,1,0,0,1,0,0,,,184a826e
ENG-Premier League,2627,2026-09-05 Nottingham-Tottenham,Nottingham Forest,Ola Aina,34,NGA,DM,29-332,58,0,0,0,0,0,0,0,0,1,1,0,2,2,1,0,,,184a826e
ENG-Premier League,2627,2026-09-05 Nottingham-Tottenham,Nottingham Forest,Ousmane Diomande,2,CIV,DF,22-275,1,0,0,0,0,0,0,0,0,0,0,0,0,0,0,0,,,184a826e
ENG-Premier League,2627,2026-09-05 Nottingham-Tottenham,Nottingham Forest,Xaver Schlager,21,AUT,DM,28-342,90,0,0,0,0,1,0,0,0,1,0,0,0,3,2,0,,,184a826e
ENG-Premier League,2627,2026-09-05 Nottingham-Tottenham,Tottenham Hotspur,Andy Robertson,3,SCO,"DF,MF",32-178,30,0,0,0,0,0,0,0,0,0,0,0,2,0,0,0,,,184a826e
ENG-Premier League,2627,2026-09-05 Nottingham-Tottenham,Tottenham Hotspur,Antonín Kinský,31,CZE,GK,23-176,90,0,0,0,0,0,0,0,0,0,1,0,0,0,0,0,,,184a826e
ENG-Premier League,2627,2026-09-05 Nottingham-Tottenham,Tottenham Hotspur,Conor Gallagher,8,ENG,AM,26-211,83,0,0,0,0,0,0,0,0,0,5,0,2,2,1,0,,,184a826e
ENG-Premier League,2627,2026-09-05 Nottingham-Tottenham,Tottenham Hotspur,Destiny Udogie,13,ITA,LB,23-281,60,0,0,0,0,0,0,1,0,2,2,0,0,0,1,0,,,184a826e
ENG-Premier League,2627,2026-09-05 Nottingham-Tottenham,Tottenham Hotspur,Dominic Solanke,19,ENG,FW,28-356,7,0,0,0,0,1,0,0,0,0,0,0,0,0,0,0,,,184a826e
ENG-Premier League,2627,2026-09-05 Nottingham-Tottenham,Tottenham Hotspur,Jan Paul van Hecke,6,NED,CB,26-089,90,0,0,0,0,2,0,0,0,1,3,0,0,1,0,0,,,184a826e
ENG-Premier League,2627,2026-09-05 Nottingham-Tottenham,Tottenham Hotspur,Mateus Fernandes,18,POR,MF,22-057,7,0,0,0,0,0,0,1,0,1,0,0,0,0,0,0,,,184a826e
ENG-Premier League,2627,2026-09-05 Nottingham-Tottenham,Tottenham Hotspur,Mathys Tel,11,FRA,AM,21-131,73,0,0,0,0,0,0,0,0,2,1,0,7,0,0,0,,,184a826e
ENG-Premier League,2627,2026-09-05 Nottingham-Tottenham,Tottenham Hotspur,Micky van de Ven,37,NED,CB,25-139,90,0,0,0,0,2,0,0,0,0,1,0,0,3,0,0,,,184a826e
ENG-Premier League,2627,2026-09-05 Nottingham-Tottenham,Tottenham Hotspur,Mohammed Kudus,20,GHA,"FW,MF",26-034,30,0,0,0,0,0,0,0,0,1,3,0,4,0,0,0,,,184a826e
ENG-Premier League,2627,2026-09-05 Nottingham-Tottenham,Tottenham Hotspur,Mykhailo Mudryk,27,UKR,MF,25-243,17,0,0,0,0,0,0,0,0,1,1,0,1,0,0,0,,,184a826e
ENG-Premier League,2627,2026-09-05 Nottingham-Tottenham,Tottenham Hotspur,Omar Marmoush,22,EGY,FW,27-210,83,0,0,0,0,2,0,0,0,3,1,0,0,0,0,0,,,184a826e
ENG-Premier League,2627,2026-09-05 Nottingham-Tottenham,Tottenham Hotspur,Pedro Porro,23,ESP,RB,26-357,90,0,0,0,0,2,0,0,0,0,1,0,5,1,1,0,,,184a826e
ENG-Premier League,2627,2026-09-05 Nottingham-Tottenham,Tottenham Hotspur,Rodrigo Bentancur,30,URU,DM,29-072,90,0,0,0,0,1,0,0,0,2,0,0,0,1,2,0,,,184a826e
ENG-Premier League,2627,2026-09-05 Nottingham-Tottenham,Tottenham Hotspur,Sandro Tonali,16,ITA,DM,26-120,90,0,0,0,0,0,0,0,0,0,1,1,1,0,1,0,,,184a826e
ENG-Premier League,2627,2026-09-05 Nottingham-Tottenham,Tottenham Hotspur,Sávio,17,BRA,AM,22-148,60,0,0,0,0,1,0,0,0,1,1,0,2,0,0,0,,,184a826e
ENG-Premier League,2627,2026-09-06 Arsenal-Chelsea,Arsenal,Ben White,4,ENG,RB,28-333,90,0,0,0,0,0,0,0,0,0,2,0,4,1,0,0,,,a99c87a3
ENG-Premier League,2627,2026-09-06 Arsenal-Chelsea,Arsenal,Bukayo Saka,7,ENG,AM,25-001,89,0,0,0,0,4,3,0,0,1,3,1,3,1,1,0,,,a99c87a3
ENG-Premier League,2627,2026-09-06 Arsenal-Chelsea,Arsenal,Christos Tzolis,17,GRE,AM,24-219,90,0,1,0,0,0,0,1,0,0,3,0,2,1,1,0,,,a99c87a3
ENG-Premier League,2627,2026-09-06 Arsenal-Chelsea,Arsenal,David Raya,1,ESP,GK,30-356,90,0,0,0,0,0,0,0,0,0,0,0,0,0,0,0,,,a99c87a3
ENG-Premier League,2627,2026-09-06 Arsenal-Chelsea,Arsenal,Declan Rice,41,ENG,DM,27-235,90,0,1,0,0,1,0,0,0,1,0,0,3,0,1,0,,,a99c87a3
ENG-Premier League,2627,2026-09-06 Arsenal-Chelsea,Arsenal,Ezri Konsa,15,ENG,CB,28-318,90,0,0,0,0,0,0,0,0,1,2,1,0,2,1,0,,,a99c87a3
ENG-Premier League,2627,2026-09-06 Arsenal-Chelsea,Arsenal,Gabriel Magalhães,6,BRA,CB,28-261,90,0,0,0,0,2,2,0,0,0,0,0,1,0,1,0,,,a99c87a3
ENG-Premier League,2627,2026-09-06 Arsenal-Chelsea,Arsenal,Kai Havertz,29,GER,FW,27-087,77,1,0,0,0,3,2,0,0,0,2,1,1,0,1,0,,,a99c87a3
ENG-Premier League,2627,2026-09-06 Arsenal-Chelsea,Arsenal,Martin Ødegaard,8,NOR,AM,27-263,77,1,0,0,0,2,1,0,0,0,3,0,2,0,0,0,,,a99c87a3
ENG-Premier League,2627,2026-09-06 Arsenal-Chelsea,Arsenal,Martín Zubimendi,36,ESP,MF,27-216,24,0,0,0,0,1,0,0,0,3,0,0,0,0,3,0,,,a99c87a3
ENG-Premier League,2627,2026-09-06 Arsenal-Chelsea,Arsenal,Mikel Merino,23,ESP,MF,30-076,13,0,0,0,0,0,0,1,0,0,0,0,0,0,0,0,,,a99c87a3
ENG-Premier League,2627,2026-09-06 Arsenal-Chelsea,Arsenal,Myles Lewis-Skelly,49,ENG,DM,19-345,66,0,0,0,0,1,0,0,0,5,1,0,0,0,0,0,,,a99c87a3
ENG-Premier League,2627,2026-09-06 Arsenal-Chelsea,Arsenal,Noni Madueke,20,ENG,"FW,MF",24-180,1,0,0,0,0,0,0,0,0,0,0,0,0,0,0,0,,,a99c87a3
ENG-Premier League,2627,2026-09-06 Arsenal-Chelsea,Arsenal,Piero Hincapié,5,ECU,DF,24-240,24,0,0,0,0,0,0,0,0,0,0,0,0,0,0,0,,,a99c87a3
ENG-Premier League,2627,2026-09-06 Arsenal-Chelsea,Arsenal,Riccardo Calafiori,33,ITA,LB,24-110,66,0,0,0,0,2,1,0,0,1,0,0,0,0,0,0,,,a99c87a3
ENG-Premier League,2627,2026-09-06 Arsenal-Chelsea,Arsenal,Viktor Gyökeres,14,SWE,"FW,MF",28-094,13,0,0,0,0,0,0,0,0,1,0,0,0,0,0,0,,,a99c87a3
ENG-Premier League,2627,2026-09-06 Arsenal-Chelsea,Chelsea,Cole Palmer,10,ENG,AM,24-123,90,0,0,0,0,3,2,1,0,2,1,0,0,0,0,0,,,a99c87a3
ENG-Premier League,2627,2026-09-06 Arsenal-Chelsea,Chelsea,Danny Welbeck,18,ENG,"FW,MF",35-284,4,0,0,0,0,0,0,0,0,0,0,0,0,0,0,0,,,a99c87a3
ENG-Premier League,2627,2026-09-06 Arsenal-Chelsea,Chelsea,Emiliano Martínez,1,ARG,GK,34-004,90,0,0,0,0,0,0,0,0,0,0,0,0,0,0,0,,,a99c87a3
ENG-Premier League,2627,2026-09-06 Arsenal-Chelsea,Chelsea,Estêvão Willian,41,BRA,MF,19-135,10,0,0,0,0,1,1,0,0,0,0,0,0,0,0,0,,,a99c87a3
ENG-Premier League,2627,2026-09-06 Arsenal-Chelsea,Chelsea,Jorrel Hato,21,NED,DM,20-183,59,0,1,0,0,0,0,0,0,1,0,0,0,0,0,0,,,a99c87a3
ENG-Premier League,2627,2026-09-06 Arsenal-Chelsea,Chelsea,Joshua Acheampong,34,ENG,CB,20-124,90,0,0,0,0,0,0,0,0,1,0,0,0,0,0,0,,,a99c87a3
ENG-Premier League,2627,2026-09-06 Arsenal-Chelsea,Chelsea,João Pedro,9,BRA,FW,24-345,90,0,0,0,0,1,0,1,0,2,6,0,1,0,0,0,,,a99c87a3
ENG-Premier League,2627,2026-09-06 Arsenal-Chelsea,Chelsea,Malo Gusto,27,FRA,"DF,MF",23-110,31,0,0,0,0,1,0,0,0,0,0,0,3,1,0,0,,,a99c87a3
ENG-Premier League,2627,2026-09-06 Arsenal-Chelsea,Chelsea,Maxence Lacroix,5,FRA,CB,26-153,90,0,0,0,0,0,0,1,0,1,0,0,0,1,1,0,,,a99c87a3
ENG-Premier League,2627,2026-09-06 Arsenal-Chelsea,Chelsea,Morgan Rogers,17,ENG,AM,24-042,86,1,0,0,0,3,1,1,0,2,0,0,0,0,0,0,,,a99c87a3
ENG-Premier League,2627,2026-09-06 Arsenal-Chelsea,Chelsea,Pedro Neto,7,POR,DM,26-181,80,0,0,0,0,1,0,0,0,1,0,0,5,1,2,0,,,a99c87a3
ENG-Premier League,2627,2026-09-06 Arsenal-Chelsea,Chelsea,Pep Chavarría,29,ESP,"DF,MF",28-149,31,0,0,0,0,0,0,0,0,1,0,0,1,0,1,0,,,a99c87a3
ENG-Premier League,2627,2026-09-06 Arsenal-Chelsea,Chelsea,Reece James,24,ENG,DM,26-272,90,0,0,0,0,3,1,0,0,2,1,0,4,0,1,0,,,a99c87a3
ENG-Premier League,2627,2026-09-06 Arsenal-Chelsea,Chelsea,Roméo Lavia,45,BEL,DM,22-243,59,0,0,0,0,0,0,0,0,0,3,0,0,0,1,0,,,a99c87a3
ENG-Premier League,2627,2026-09-06 Arsenal-Chelsea,Chelsea,Wesley Fofana,3,FRA,CB,25-263,90,0,0,0,0,0,0,0,0,3,2,0,0,3,2,0,,,a99c87a3
ENG-Premier League,2627,2026-09-06 Everton-Manchester Utd,Everton,Ainsley Maitland-Niles,2,ENG,"DF,FW",29-008,14,1,0,0,0,1,1,0,0,0,0,0,0,0,0,0,,,b07da8ea
ENG-Premier League,2627,2026-09-06 Everton-Manchester Utd,Everton,Brennan Johnson,22,WAL,AM,25-106,65,0,0,0,0,1,0,1,0,2,0,2,1,0,2,0,,,b07da8ea
ENG-Premier League,2627,2026-09-06 Everton-Manchester Utd,Everton,Harrison Armstrong,45,ENG,DM,19-230,90,0,0,0,0,2,0,1,0,1,0,0,0,1,0,0,,,b07da8ea
ENG-Premier League,2627,2026-09-06 Everton-Manchester Utd,Everton,Hayden Hackney,30,ENG,MF,24-072,16,0,1,0,0,1,0,0,0,0,0,0,2,0,0,0,,,b07da8ea
ENG-Premier League,2627,2026-09-06 Everton-Manchester Utd,Everton,Jack Grealish,10,ENG,"FW,MF",30-361,25,0,0,0,0,1,0,0,0,0,1,0,0,1,0,0,,,b07da8ea
ENG-Premier League,2627,2026-09-06 Everton-Manchester Utd,Everton,James Garner,37,ENG,DM,25-177,76,0,0,0,0,0,0,0,0,1,1,0,3,1,1,0,,,b07da8ea
ENG-Premier League,2627,2026-09-06 Everton-Manchester Utd,Everton,James Tarkowski,6,ENG,CB,33-291,90,0,0,0,0,1,0,0,0,0,0,0,1,3,4,0,,,b07da8ea
ENG-Premier League,2627,2026-09-06 Everton-Manchester Utd,Everton,Jarrad Branthwaite,4,ENG,CB,24-071,90,0,0,0,0,2,2,0,0,0,0,0,0,0,2,0,,,b07da8ea
ENG-Premier League,2627,2026-09-06 Everton-Manchester Utd,Everton,Jordan Pickford,1,ENG,GK,32-183,90,0,0,0,0,0,0,0,0,0,0,0,0,0,0,0,,,b07da8ea
ENG-Premier League,2627,2026-09-06 Everton-Manchester Utd,Everton,Kiernan Dewsbury-Hall,8,ENG,AM,28-000,90,0,0,0,0,4,2,0,0,0,0,0,5,1,0,0,,,b07da8ea
ENG-Premier League,2627,2026-09-06 Everton-Manchester Utd,Everton,Merlin Röhl,34,GER,RB,24-063,74,0,0,0,0,0,0,1,0,2,3,0,2,0,0,0,,,b07da8ea
ENG-Premier League,2627,2026-09-06 Everton-Manchester Utd,Everton,Thierno Barry,11,FRA,FW,23-320,90,0,0,0,0,4,0,0,0,0,2,0,1,0,0,0,,,b07da8ea
ENG-Premier League,2627,2026-09-06 Everton-Manchester Utd,Everton,Tyrique George,19,ENG,AM,20-214,90,1,0,0,0,1,1,0,0,1,3,1,2,0,1,0,,,b07da8ea
ENG-Premier League,2627,2026-09-06 Everton-Manchester Utd,Everton,Vitaliy Mykolenko,16,UKR,LB,27-100,90,0,0,0,0,0,0,0,0,0,1,0,4,1,2,0,,,b07da8ea
ENG-Premier League,2627,2026-09-06 Everton-Manchester Utd,Manchester United,Andrey Santos,17,BRA,MF,22-126,7,0,0,0,0,0,0,0,0,0,0,0,0,0,0,0,,,b07da8ea
ENG-Premier League,2627,2026-09-06 Everton-Manchester Utd,Manchester United,Benjamin Šeško,30,SVN,FW,23-098,21,1,0,0,0,2,1,0,0,0,0,0,0,0,0,0,,,b07da8ea
ENG-Premier League,2627,2026-09-06 Everton-Manchester Utd,Manchester United,Bruno Fernandes,8,POR,AM,31-363,90,0,0,0,0,4,0,0,0,1,1,0,5,0,0,0,,,b07da8ea
ENG-Premier League,2627,2026-09-06 Everton-Manchester Utd,Manchester United,Bryan Mbeumo,19,CMR,AM,27-030,90,1,0,0,0,2,1,0,0,2,1,0,1,0,3,0,,,b07da8ea
ENG-Premier League,2627,2026-09-06 Everton-Manchester Utd,Manchester United,Diogo Dalot,2,POR,RB,27-172,83,0,0,0,0,1,0,1,0,3,0,0,0,2,1,0,,,b07da8ea
ENG-Premier League,2627,2026-09-06 Everton-Manchester Utd,Manchester United,Harry Maguire,5,ENG,CB,33-185,90,0,0,0,0,0,0,1,0,2,0,0,0,0,1,0,,,b07da8ea
ENG-Premier League,2627,2026-09-06 Everton-Manchester Utd,Manchester United,Kobbie Mainoo,37,ENG,DM,21-140,83,0,1,0,0,0,0,0,0,0,2,0,0,1,1,0,,,b07da8ea
ENG-Premier League,2627,2026-09-06 Everton-Manchester Utd,Manchester United,Leny Yoro,15,FRA,DF,20-297,7,0,0,0,0,0,0,0,0,0,0,0,0,1,0,0,,,b07da8ea
ENG-Premier League,2627,2026-09-06 Everton-Manchester Utd,Manchester United,Lisandro Martínez,6,ARG,CB,28-231,90,0,0,0,0,0,0,0,0,0,0,0,0,0,1,0,,,b07da8ea
ENG-Premier League,2627,2026-09-06 Everton-Manchester Utd,Manchester United,Luke Shaw,23,ENG,LB,31-056,89,0,1,0,0,1,0,1,0,2,0,0,3,1,1,0,,,b07da8ea
ENG-Premier League,2627,2026-09-06 Everton-Manchester Utd,Manchester United,Marcus Rashford,9,ENG,AM,28-310,69,0,0,0,0,0,0,0,0,1,2,1,2,0,0,0,,,b07da8ea
ENG-Premier League,2627,2026-09-06 Everton-Manchester Utd,Manchester United,Matheus Cunha,10,BRA,FW,27-102,69,0,0,0,0,2,0,0,0,0,1,0,0,2,0,0,,,b07da8ea
ENG-Premier League,2627,2026-09-06 Everton-Manchester Utd,Manchester United,Noussair Mazraoui,3,MAR,"DF,MF",28-296,1,0,0,0,0,0,0,0,0,0,0,0,0,0,0,0,,,b07da8ea
ENG-Premier League,2627,2026-09-06 Everton-Manchester Utd,Manchester United,Patrick Dorgu,13,DEN,"DF,MF",21-315,21,0,0,0,0,0,0,0,0,0,0,0,0,0,0,0,,,b07da8ea
ENG-Premier League,2627,2026-09-06 Everton-Manchester Utd,Manchester United,Senne Lammens,1,BEL,GK,24-061,90,0,0,0,0,0,0,0,0,0,0,0,0,0,0,0,,,b07da8ea
ENG-Premier League,2627,2026-09-06 Everton-Manchester Utd,Manchester United,Youri Tielemans,18,BEL,DM,29-122,90,0,0,0,0,2,1,0,0,0,0,0,0,0,1,0,,,b07da8ea
ENG-Premier League,2627,2026-09-12 Aston Villa-Nottingham,Aston Villa,Aaron Wan-Bissaka,29,COD,RB,28-290,90,0,0,0,0,0,0,0,0,0,1,0,1,2,5,0,,,2044821e
ENG-Premier League,2627,2026-09-12 Aston Villa-Nottingham,Aston Villa,Alysson,47,BRA,MF,20-130,45,1,0,0,0,1,1,0,0,1,1,0,0,0,0,0,,,2044821e
ENG-Premier League,2627,2026-09-12 Aston Villa-Nottingham,Aston Villa,Boubacar Kamara,8,FRA,DM,26-293,90,0,0,0,0,0,0,0,0,1,3,0,0,2,0,0,,,2044821e
ENG-Premier League,2627,2026-09-12 Aston Villa-Nottingham,Aston Villa,Emi Buendía,10,ARG,AM,29-261,62,0,0,0,0,0,0,0,0,1,2,0,3,0,0,0,,,2044821e
ENG-Premier League,2627,2026-09-12 Aston Villa-Nottingham,Aston Villa,George Hemmings,53,ENG,AM,19-192,45,0,0,0,0,0,0,0,0,1,0,0,0,0,0,0,,,2044821e
ENG-Premier League,2627,2026-09-12 Aston Villa-Nottingham,Aston Villa,Ian Maatsen,22,NED,LB,24-186,90,0,0,0,0,2,1,0,0,0,0,0,3,0,1,0,,,2044821e
ENG-Premier League,2627,2026-09-12 Aston Villa-Nottingham,Aston Villa,Ibrahim Mbaye,19,SEN,FW,18-231,28,0,0,0,0,1,1,0,0,1,0,0,1,0,0,0,,,2044821e
ENG-Premier League,2627,2026-09-12 Aston Villa-Nottingham,Aston Villa,Johan Manzambi,44,SUI,MF,20-333,28,0,0,0,0,0,0,0,0,0,0,0,0,0,0,0,,,2044821e
ENG-Premier League,2627,2026-09-12 Aston Villa-Nottingham,Aston Villa,John McGinn,7,SCO,AM,31-329,90,0,1,0,0,0,0,0,0,0,5,0,7,1,1,0,,,2044821e
ENG-Premier League,2627,2026-09-12 Aston Villa-Nottingham,Aston Villa,Nicolas Jackson,11,SEN,FW,25-084,45,0,0,0,0,0,0,1,0,1,0,0,0,0,0,0,,,2044821e
ENG-Premier League,2627,2026-09-12 Aston Villa-Nottingham,Aston Villa,Pau Torres,14,ESP,CB,29-239,24,0,0,0,0,0,0,0,0,0,1,0,0,0,0,0,,,2044821e
ENG-Premier League,2627,2026-09-12 Aston Villa-Nottingham,Aston Villa,Ross Barkley,6,ENG,DM,32-281,62,0,0,0,0,1,1,0,0,3,1,0,0,2,0,0,,,2044821e
ENG-Premier League,2627,2026-09-12 Aston Villa-Nottingham,Aston Villa,Tammy Abraham,18,ENG,FW,28-345,45,0,0,0,0,0,0,0,0,0,0,0,0,0,0,0,,,2044821e
ENG-Premier League,2627,2026-09-12 Aston Villa-Nottingham,Aston Villa,Tyrone Mings,5,ENG,DF,33-183,66,0,0,0,0,1,0,1,0,1,1,0,0,0,0,0,,,2044821e
ENG-Premier League,2627,2026-09-12 Aston Villa-Nottingham,Aston Villa,Victor Lindelöf,3,SWE,CB,32-057,90,0,0,0,0,1,1,0,0,1,0,0,0,0,0,0,,,2044821e
ENG-Premier League,2627,2026-09-12 Aston Villa-Nottingham,Aston Villa,Zion Suzuki,1,JPN,GK,24-022,90,0,0,0,0,0,0,0,0,0,1,0,0,0,0,0,,,2044821e
ENG-Premier League,2627,2026-09-12 Aston Villa-Nottingham,Nottingham Forest,Chris Wood,9,NZL,FW,34-279,1,0,0,0,0,0,0,0,0,0,0,0,0,0,0,0,,,2044821e
ENG-Premier League,2627,2026-09-12 Aston Villa-Nottingham,Nottingham Forest,Dan Ndoye,14,SUI,AM,25-322,74,0,0,0,0,5,1,1,0,3,1,1,0,0,0,0,,,2044821e
ENG-Premier League,2627,2026-09-12 Aston Villa-Nottingham,Nottingham Forest,Daniel Muñoz,27,COL,DM,30-109,90,0,0,0,0,1,1,0,0,0,0,2,4,3,0,0,,,2044821e
ENG-Premier League,2627,2026-09-12 Aston Villa-Nottingham,Nottingham Forest,Ibrahim Sangaré,6,CIV,MF,28-284,9,0,0,0,0,1,0,0,0,0,0,0,0,0,0,0,,,2044821e
ENG-Premier League,2627,2026-09-12 Aston Villa-Nottingham,Nottingham Forest,Igor Jesus,11,BRA,FW,25-199,16,1,0,0,0,1,1,0,0,0,0,0,0,0,0,0,,,2044821e
ENG-Premier League,2627,2026-09-12 Aston Villa-Nottingham,Nottingham Forest,James Mcatee,24,ENG,DM,23-329,81,0,0,0,0,2,1,1,0,3,3,0,1,3,1,0,,,2044821e
ENG-Premier League,2627,2026-09-12 Aston Villa-Nottingham,Nottingham Forest,Liam Delap,19,ENG,FW,23-216,89,1,0,0,0,6,1,1,0,1,1,1,1,1,0,0,,,2044821e
ENG-Premier League,2627,2026-09-12 Aston Villa-Nottingham,Nottingham Forest,Matz Sels,26,BEL,GK,34-198,90,0,0,0,0,0,0,0,0,0,0,0,0,0,0,0,,,2044821e
ENG-Premier League,2627,2026-09-12 Aston Villa-Nottingham,Nottingham Forest,Morgan Gibbs-White,10,ENG,AM,26-228,90,0,1,0,0,2,1,0,0,1,2,0,5,0,0,0,,,2044821e
ENG-Premier League,2627,2026-09-12 Aston Villa-Nottingham,Nottingham Forest,Murillo,5,BRA,CB,24-070,90,0,1,0,0,0,0,1,0,5,0,0,0,2,2,0,,,2044821e
ENG-Premier League,2627,2026-09-12 Aston Villa-Nottingham,Nottingham Forest,Neco Williams,3,WAL,DM,25-152,90,0,0,0,0,2,0,0,0,0,1,0,4,1,0,0,,,2044821e
ENG-Premier League,2627,2026-09-12 Aston Villa-Nottingham,Nottingham Forest,Ola Aina,34,NGA,CB,29-339,90,0,0,0,0,0,0,0,0,1,1,0,0,1,1,0,,,2044821e
ENG-Premier League,2627,2026-09-12 Aston Villa-Nottingham,Nottingham Forest,Ousmane Diomande,2,CIV,CB,22-282,90,0,0,0,0,1,0,0,0,0,1,0,0,0,1,0,,,2044821e
ENG-Premier League,2627,2026-09-12 Aston Villa-Nottingham,Nottingham Forest,Xaver Schlager,21,AUT,DM,28-349,90,0,0,0,0,1,1,1,0,2,1,0,0,4,2,0,,,2044821e
ENG-Premier League,2627,2026-09-12 Bournemouth-Brentford,Bournemouth,Adam Smith,15,ENG,RB,35-136,90,0,0,0,0,0,0,1,0,2,1,0,1,0,0,0,,,84407529
ENG-Premier League,2627,2026-09-12 Bournemouth-Brentford,Bournemouth,Adrien Truffert,3,FRA,LB,24-296,90,0,0,0,0,2,2,0,0,1,1,1,3,4,3,0,,,84407529
ENG-Premier League,2627,2026-09-12 Bournemouth-Brentford,Bournemouth,Alex Scott,8,ENG,DM,23-022,90,0,0,0,0,1,0,0,0,0,3,0,3,1,3,0,,,84407529
ENG-Premier League,2627,2026-09-12 Bournemouth-Brentford,Bournemouth,António Silva,14,POR,CB,22-317,90,0,0,0,0,2,0,0,0,0,0,0,0,0,4,0,,,84407529
ENG-Premier League,2627,2026-09-12 Bournemouth-Brentford,Bournemouth,Ben Gannon-Doak,11,SCO,MF,20-305,9,0,0,0,0,2,0,0,0,0,0,0,2,1,0,0,,,84407529
ENG-Premier League,2627,2026-09-12 Bournemouth-Brentford,Bournemouth,David Brooks,7,WAL,"FW,MF",29-066,8,0,0,0,0,0,0,1,0,1,0,0,0,0,0,0,,,84407529
ENG-Premier League,2627,2026-09-12 Bournemouth-Brentford,Bournemouth,Evanilson,9,BRA,FW,26-341,89,0,1,0,0,0,0,0,0,2,2,2,2,0,1,0,,,84407529
ENG-Premier League,2627,2026-09-12 Bournemouth-Brentford,Bournemouth,James Hill,5,ENG,CB,24-245,90,0,0,0,0,0,0,1,0,1,2,0,0,1,2,0,,,84407529
ENG-Premier League,2627,2026-09-12 Bournemouth-Brentford,Bournemouth,Justin Kluivert,19,NED,AM,27-130,65,1,0,0,0,3,3,0,0,0,0,0,0,0,1,0,,,84407529
ENG-Premier League,2627,2026-09-12 Bournemouth-Brentford,Bournemouth,Lewis Cook,4,ENG,MF,29-221,9,0,0,0,0,0,0,1,0,1,0,0,0,0,1,0,,,84407529
ENG-Premier League,2627,2026-09-12 Bournemouth-Brentford,Bournemouth,Marcus Tavernier,16,ENG,AM,27-174,82,1,0,0,0,4,3,1,0,2,1,0,5,1,0,0,,,84407529
ENG-Premier League,2627,2026-09-12 Bournemouth-Brentford,Bournemouth,Rayan,37,BRA,AM,20-040,81,0,0,0,0,5,1,0,0,0,3,0,3,0,0,0,,,84407529
ENG-Premier League,2627,2026-09-12 Bournemouth-Brentford,Bournemouth,Ryan Christie,10,SCO,"FW,MF",31-202,25,0,0,0,0,0,0,0,0,0,0,0,0,0,3,0,,,84407529
ENG-Premier League,2627,2026-09-12 Bournemouth-Brentford,Bournemouth,Tyler Adams,12,USA,DM,27-210,81,0,0,0,0,1,1,0,0,0,0,0,1,0,3,0,,,84407529
ENG-Premier League,2627,2026-09-12 Bournemouth-Brentford,Bournemouth,Álvaro Rodríguez,30,URU,FW,22-060,1,0,0,0,0,0,0,0,0,0,0,0,0,0,0,0,,,84407529
ENG-Premier League,2627,2026-09-12 Bournemouth-Brentford,Bournemouth,Đorđe Petrović,1,SRB,GK,26-339,90,0,0,0,0,0,0,0,0,0,0,0,0,0,0,0,,,84407529
ENG-Premier League,2627,2026-09-12 Bournemouth-Brentford,Brentford,Aaron Hickey,2,SCO,RB,24-094,70,0,0,0,0,1,0,0,0,1,3,0,1,1,0,0,,,84407529
ENG-Premier League,2627,2026-09-12 Bournemouth-Brentford,Brentford,Caoimhín Kelleher,1,IRL,GK,27-293,90,0,0,0,0,0,0,0,0,0,0,0,0,0,0,0,,,84407529
ENG-Premier League,2627,2026-09-12 Bournemouth-Brentford,Brentford,Dango Ouattara,11,BFA,"FW,MF",24-213,31,0,0,0,0,1,0,0,0,1,1,0,0,0,0,0,,,84407529
ENG-Premier League,2627,2026-09-12 Bournemouth-Brentford,Brentford,El Hadji Malick Diouf,25,SEN,"DF,MF",21-258,31,0,0,0,0,0,0,0,0,0,1,0,2,0,0,0,,,84407529
ENG-Premier League,2627,2026-09-12 Bournemouth-Brentford,Brentford,Igor Thiago,9,BRA,FW,25-078,90,0,0,0,0,1,0,1,0,2,2,0,0,0,0,0,,,84407529
ENG-Premier League,2627,2026-09-12 Bournemouth-Brentford,Brentford,Jaidon Anthony,19,ENG,AM,26-285,59,0,0,0,0,0,0,0,0,1,0,0,1,2,0,0,,,84407529
ENG-Premier League,2627,2026-09-12 Bournemouth-Brentford,Brentford,Jannik Schuster,44,AUT,CB,20-119,90,0,0,0,0,0,0,0,0,2,1,0,0,1,0,0,,,84407529
ENG-Premier League,2627,2026-09-12 Bournemouth-Brentford,Brentford,Keane Lewis-Potter,23,ENG,LB,25-202,59,0,0,0,0,1,0,0,0,2,1,1,1,0,0,0,,,84407529
ENG-Premier League,2627,2026-09-12 Bournemouth-Brentford,Brentford,Kevin Schade,7,GER,AM,24-289,90,2,0,0,0,2,2,0,0,0,1,0,1,0,0,0,,,84407529
ENG-Premier League,2627,2026-09-12 Bournemouth-Brentford,Brentford,Kristoffer Ajer,20,NOR,CB,28-148,90,0,0,0,0,1,0,0,0,1,0,0,0,0,1,0,,,84407529
ENG-Premier League,2627,2026-09-12 Bournemouth-Brentford,Brentford,Mamadou Sangare,18,MLI,DM,24-078,90,0,0,0,0,0,0,0,0,2,0,0,0,3,0,0,,,84407529
ENG-Premier League,2627,2026-09-12 Bournemouth-Brentford,Brentford,Michael Kayode,33,ITA,DF,22-064,20,0,0,0,0,0,0,0,0,0,0,0,2,0,1,0,,,84407529
ENG-Premier League,2627,2026-09-12 Bournemouth-Brentford,Brentford,Mikkel Damsgaard,24,DEN,"FW,MF",26-071,31,0,0,0,0,1,0,0,0,0,0,0,2,0,1,0,,,84407529
ENG-Premier League,2627,2026-09-12 Bournemouth-Brentford,Brentford,Vitaly Janelt,27,GER,DM,28-125,90,0,0,0,0,0,0,0,0,1,0,0,1,3,6,0,,,84407529
ENG-Premier League,2627,2026-09-12 Bournemouth-Brentford,Brentford,Yehor Yarmoliuk,6,UKR,AM,22-195,59,0,1,0,0,0,0,0,0,0,0,0,2,0,1,0,,,84407529
ENG-Premier League,2627,2026-09-12 Chelsea-Hull City,Chelsea,Cole Palmer,10,ENG,AM,24-129,90,0,1,0,0,3,0,0,0,0,1,0,1,0,0,0,,,7cb24bd4
ENG-Premier League,2627,2026-09-12 Chelsea-Hull City,Chelsea,Danny Welbeck,18,ENG,"FW,MF",35-290,13,0,0,0,0,0,0,0,0,0,0,0,0,0,0,0,,,7cb24bd4
ENG-Premier League,2627,2026-09-12 Chelsea-Hull City,Chelsea,Emiliano Martínez,1,ARG,GK,34-010,90,0,0,0,0,0,0,0,0,0,0,0,0,0,0,0,,,7cb24bd4
ENG-Premier League,2627,2026-09-12 Chelsea-Hull City,Chelsea,Estêvão Willian,41,BRA,MF,19-141,5,0,0,0,0,1,1,0,0,0,1,0,1,0,0,0,,,7cb24bd4
ENG-Premier League,2627,2026-09-12 Chelsea-Hull City,Chelsea,Jorrel Hato,21,NED,LB,20-189,45,0,0,0,0,0,0,0,0,0,0,1,0,0,1,0,,,7cb24bd4
ENG-Premier League,2627,2026-09-12 Chelsea-Hull City,Chelsea,João Pedro,9,BRA,FW,24-351,90,1,1,0,0,1,1,0,0,1,1,0,2,0,0,0,,,7cb24bd4
ENG-Premier League,2627,2026-09-12 Chelsea-Hull City,Chelsea,Levi Colwill,6,ENG,CB,23-198,90,0,0,0,0,0,0,0,0,1,0,0,0,0,0,0,,,7cb24bd4
ENG-Premier League,2627,2026-09-12 Chelsea-Hull City,Chelsea,Malo Gusto,27,FRA,RB,23-116,77,0,0,0,0,1,0,0,0,0,0,0,3,0,2,0,,,7cb24bd4
ENG-Premier League,2627,2026-09-12 Chelsea-Hull City,Chelsea,Maxence Lacroix,5,FRA,DF,26-159,5,0,0,0,0,0,0,0,0,1,0,0,0,0,2,0,,,7cb24bd4
ENG-Premier League,2627,2026-09-12 Chelsea-Hull City,Chelsea,Morgan Rogers,17,ENG,AM,24-048,90,1,0,0,0,2,2,0,0,0,3,0,0,0,0,0,,,7cb24bd4
ENG-Premier League,2627,2026-09-12 Chelsea-Hull City,Chelsea,Pedro Neto,7,POR,AM,26-187,85,0,0,0,0,1,1,0,0,1,0,0,9,0,2,0,,,7cb24bd4
ENG-Premier League,2627,2026-09-12 Chelsea-Hull City,Chelsea,Pep Chavarría,29,ESP,"DF,MF",28-155,45,0,0,0,0,0,0,0,0,0,1,0,2,0,0,0,,,7cb24bd4
ENG-Premier League,2627,2026-09-12 Chelsea-Hull City,Chelsea,Reece James,24,ENG,DM,26-278,90,0,0,0,0,3,2,0,0,0,1,0,7,1,0,0,,,7cb24bd4
ENG-Premier League,2627,2026-09-12 Chelsea-Hull City,Chelsea,Roméo Lavia,45,BEL,DM,22-249,68,0,0,0,0,0,0,0,0,1,0,0,0,1,3,0,,,7cb24bd4
ENG-Premier League,2627,2026-09-12 Chelsea-Hull City,Chelsea,Valentín Barco,4,ARG,"DF,MF",22-051,22,0,0,0,0,0,0,1,0,1,2,0,2,0,1,0,,,7cb24bd4
ENG-Premier League,2627,2026-09-12 Chelsea-Hull City,Chelsea,Wesley Fofana,3,FRA,CB,25-269,85,0,0,0,0,0,0,0,0,1,2,0,1,1,2,0,,,7cb24bd4
ENG-Premier League,2627,2026-09-12 Chelsea-Hull City,Hull City,Bachir Belloumi,10,ALG,RM,24-103,59,2,0,0,0,3,2,0,0,1,0,0,1,0,0,0,,,7cb24bd4
ENG-Premier League,2627,2026-09-12 Chelsea-Hull City,Hull City,Brooke Norton-Cuffy,18,ENG,"DF,MF",22-243,9,0,0,0,0,1,0,1,0,1,0,0,0,0,0,0,,,7cb24bd4
ENG-Premier League,2627,2026-09-12 Chelsea-Hull City,Hull City,Elliot Stroud,21,SWE,LM,24-082,59,0,0,0,0,1,0,0,0,2,0,0,0,1,0,0,,,7cb24bd4
ENG-Premier League,2627,2026-09-12 Chelsea-Hull City,Hull City,John Egan,15,IRL,CB,33-327,90,0,0,0,0,1,0,1,0,2,0,0,0,1,2,0,,,7cb24bd4
ENG-Premier League,2627,2026-09-12 Chelsea-Hull City,Hull City,Kostas Tzolakis,19,GRE,GK,23-308,90,0,0,0,0,0,0,0,0,0,1,0,0,0,1,0,,,7cb24bd4
ENG-Premier League,2627,2026-09-12 Chelsea-Hull City,Hull City,Lewie Coyle,2,ENG,RB,30-332,81,0,0,0,0,1,0,0,0,0,0,0,0,1,0,0,,,7cb24bd4
ENG-Premier League,2627,2026-09-12 Chelsea-Hull City,Hull City,Lucas Herrington,22,AUS,DF,19-007,32,0,0,0,0,0,0,0,0,0,0,0,0,0,1,0,,,7cb24bd4
ENG-Premier League,2627,2026-09-12 Chelsea-Hull City,Hull City,Matt Crooks,25,ENG,CM,32-235,68,0,0,0,0,0,0,1,0,3,0,0,0,0,0,0,,,7cb24bd4
ENG-Premier League,2627,2026-09-12 Chelsea-Hull City,Hull City,Mohamed Ali Cho,50,FRA,"FW,MF",22-236,31,0,0,0,0,2,1,0,0,0,0,0,2,0,0,0,,,7cb24bd4
ENG-Premier League,2627,2026-09-12 Chelsea-Hull City,Hull City,Nobel Mendy,32,SEN,CB,22-009,58,0,0,0,0,0,0,0,0,0,1,0,0,0,1,0,,,7cb24bd4
ENG-Premier League,2627,2026-09-12 Chelsea-Hull City,Hull City,Oliver McBurnie,9,SCO,FW,30-100,81,0,1,0,0,1,1,1,0,1,3,0,0,1,0,0,,,7cb24bd4
ENG-Premier League,2627,2026-09-12 Chelsea-Hull City,Hull City,Regan Slater,27,ENG,CM,27-001,90,0,0,0,0,1,1,0,0,0,0,0,2,3,1,0,,,7cb24bd4
ENG-Premier League,2627,2026-09-12 Chelsea-Hull City,Hull City,Robinio Vaz,47,FRA,FW,19-207,9,0,0,0,0,0,0,0,0,1,1,0,0,0,0,0,,,7cb24bd4
ENG-Premier League,2627,2026-09-12 Chelsea-Hull City,Hull City,Ryan Giles,3,ENG,LB,26-229,90,0,1,0,0,0,0,0,0,0,1,0,7,1,1,0,,,7cb24bd4
ENG-Premier League,2627,2026-09-12 Chelsea-Hull City,Hull City,Semi Ajayi,6,NGA,CB,32-307,90,0,0,0,0,1,0,0,0,0,0,0,0,0,1,0,,,7cb24bd4
ENG-Premier League,2627,2026-09-12 Chelsea-Hull City,Hull City,Sorba Thomas,7,WAL,"FW,MF",27-021,31,0,0,0,0,1,0,0,0,0,0,1,1,0,0,0,,,7cb24bd4
ENG-Premier League,2627,2026-09-12 Chelsea-Hull City,Hull City,Tim Iroegbunam,42,ENG,MF,23-074,22,0,0,0,0,0,0,1,0,1,0,0,0,1,1,0,,,7cb24bd4
ENG-Premier League,2627,2026-09-12 Crystal Palace-Ipswich Town,Crystal Palace,Adam Wharton,20,ENG,DM,22-218,76,0,0,0,0,1,0,0,0,0,2,0,5,1,0,0,,,12560a85
ENG-Premier League,2627,2026-09-12 Crystal Palace-Ipswich Town,Crystal Palace,Anan Khalaili,25,ISR,DM,22-009,90,1,0,0,0,4,1,0,0,1,0,0,4,0,0,0,,,12560a85
ENG-Premier League,2627,2026-09-12 Crystal Palace-Ipswich Town,Crystal Palace,Axel Disasi,5,FRA,CB,28-185,33,0,0,0,0,0,0,0,1,2,0,0,0,0,2,0,,,12560a85
ENG-Premier League,2627,2026-09-12 Crystal Palace-Ipswich Town,Crystal Palace,Ben Chilwell,33,ENG,"DF,MF",29-265,14,0,0,0,0,1,0,0,0,0,2,0,0,0,0,0,,,12560a85
ENG-Premier League,2627,2026-09-12 Crystal Palace-Ipswich Town,Crystal Palace,Chris Richards,26,USA,CB,26-168,90,0,0,0,0,0,0,1,0,1,0,0,1,1,3,0,,,12560a85
ENG-Premier League,2627,2026-09-12 Crystal Palace-Ipswich Town,Crystal Palace,Daichi Kamada,18,JPN,AM,30-038,83,0,2,0,0,0,0,0,0,0,2,0,1,1,0,0,,,12560a85
ENG-Premier League,2627,2026-09-12 Crystal Palace-Ipswich Town,Crystal Palace,Honest Ahanor,21,ITA,CB,18-201,90,0,0,0,0,0,0,0,0,2,5,0,1,2,1,0,,,12560a85
ENG-Premier League,2627,2026-09-12 Crystal Palace-Ipswich Town,Crystal Palace,Jefferson Lerma,8,COL,"DF,MF",31-322,7,0,0,0,0,0,0,0,0,0,0,0,0,0,0,0,,,12560a85
ENG-Premier League,2627,2026-09-12 Crystal Palace-Ipswich Town,Crystal Palace,Jørgen Strand Larsen,22,NOR,FW,26-218,83,1,0,0,0,3,2,0,0,0,1,0,0,1,0,0,,,12560a85
ENG-Premier League,2627,2026-09-12 Crystal Palace-Ipswich Town,Crystal Palace,Quinten Timber,23,NED,DM,25-087,90,0,0,0,0,2,1,0,0,0,2,0,1,4,0,0,,,12560a85
ENG-Premier League,2627,2026-09-12 Crystal Palace-Ipswich Town,Crystal Palace,Takehiro Tomiyasu,17,JPN,DF,27-311,54,0,0,0,0,0,0,0,0,0,1,0,0,1,1,0,,,12560a85
ENG-Premier League,2627,2026-09-12 Crystal Palace-Ipswich Town,Crystal Palace,Tyrick Mitchell,3,ENG,DM,27-011,76,0,0,0,0,0,0,0,0,0,0,0,2,0,0,0,,,12560a85
ENG-Premier League,2627,2026-09-12 Crystal Palace-Ipswich Town,Crystal Palace,Walter Benítez,44,ARG,GK,33-236,90,0,0,0,0,0,0,0,0,0,0,0,0,0,0,0,,,12560a85
ENG-Premier League,2627,2026-09-12 Crystal Palace-Ipswich Town,Crystal Palace,Will Hughes,19,ENG,MF,31-148,14,0,0,0,0,0,0,0,0,0,0,0,2,1,0,0,,,12560a85
ENG-Premier League,2627,2026-09-12 Crystal Palace-Ipswich Town,Crystal Palace,Yéremy Pino,10,ESP,AM,23-327,36,0,0,0,0,0,0,0,0,0,1,0,2,0,0,0,,,12560a85
ENG-Premier League,2627,2026-09-12 Crystal Palace-Ipswich Town,Crystal Palace,Zavier Gozo,12,USA,MF,19-174,7,0,0,0,0,0,0,0,0,0,0,0,1,0,0,0,,,12560a85
ENG-Premier League,2627,2026-09-12 Crystal Palace-Ipswich Town,Ipswich Town,Abdoul Ouattara,42,FRA,DF,20-325,3,0,0,0,0,0,0,0,0,0,0,0,0,1,0,0,,,12560a85
ENG-Premier League,2627,2026-09-12 Crystal Palace-Ipswich Town,Ipswich Town,Abdul Fatawu Issahaku,7,GHA,AM,22-188,61,0,0,0,0,0,0,1,0,5,1,0,7,0,0,0,,,12560a85
ENG-Premier League,2627,2026-09-12 Crystal Palace-Ipswich Town,Ipswich Town,Daizen Maeda,38,JPN,"FW,MF",28-327,28,0,0,0,0,0,0,0,0,2,0,0,0,0,0,0,,,12560a85
ENG-Premier League,2627,2026-09-12 Crystal Palace-Ipswich Town,Ipswich Town,Dara O'Shea,26,IRL,RB,27-192,90,0,0,0,0,0,0,0,0,0,0,0,4,0,1,0,,,12560a85
ENG-Premier League,2627,2026-09-12 Crystal Palace-Ipswich Town,Ipswich Town,Emersonn,19,BRA,FW,22-058,62,1,1,0,0,3,1,0,0,0,1,0,0,0,0,0,,,12560a85
ENG-Premier League,2627,2026-09-12 Crystal Palace-Ipswich Town,Ipswich Town,Exequiel Palacios,25,ARG,DM,27-342,90,0,0,0,0,0,0,0,0,2,0,0,0,1,1,0,,,12560a85
ENG-Premier League,2627,2026-09-12 Crystal Palace-Ipswich Town,Ipswich Town,Florentino Luís,12,POR,MF,27-024,14,0,0,0,0,0,0,0,0,0,0,0,1,1,1,0,,,12560a85
ENG-Premier League,2627,2026-09-12 Crystal Palace-Ipswich Town,Ipswich Town,Issa Diop,6,MAR,CB,29-246,90,0,0,0,0,0,0,0,0,1,0,0,0,1,4,0,,,12560a85
ENG-Premier League,2627,2026-09-12 Crystal Palace-Ipswich Town,Ipswich Town,Jack Clarke,47,ENG,AM,25-293,62,0,0,0,0,1,1,1,0,1,1,0,2,1,0,0,,,12560a85
ENG-Premier League,2627,2026-09-12 Crystal Palace-Ipswich Town,Ipswich Town,Jacob Greaves,24,ENG,CB,26-000,87,0,0,0,0,0,0,0,0,0,0,0,0,0,2,0,,,12560a85
ENG-Premier League,2627,2026-09-12 Crystal Palace-Ipswich Town,Ipswich Town,Jaden Philogene Bidace,11,ENG,"FW,MF",24-216,29,0,0,0,0,1,1,0,0,0,0,0,3,0,0,0,,,12560a85
ENG-Premier League,2627,2026-09-12 Crystal Palace-Ipswich Town,Ipswich Town,Julio Enciso,10,PAR,AM,22-232,90,0,0,0,0,2,0,0,0,1,2,1,1,0,0,0,,,12560a85
ENG-Premier League,2627,2026-09-12 Crystal Palace-Ipswich Town,Ipswich Town,Kjell Scherpen,37,NED,GK,26-232,90,0,0,0,0,0,0,0,0,0,0,0,0,0,0,0,,,12560a85
ENG-Premier League,2627,2026-09-12 Crystal Palace-Ipswich Town,Ipswich Town,Leif Davis,3,ENG,LB,26-255,90,1,1,0,0,2,1,0,0,0,1,0,3,0,0,0,,,12560a85
ENG-Premier League,2627,2026-09-12 Crystal Palace-Ipswich Town,Ipswich Town,Saša Lukić,23,SRB,DM,30-030,76,0,0,0,0,0,0,1,0,3,0,0,0,0,2,0,,,12560a85
ENG-Premier League,2627,2026-09-12 Crystal Palace-Ipswich Town,Ipswich Town,Zian Flemming,9,NED,"FW,MF",28-042,28,1,0,0,0,3,2,0,0,1,0,0,0,0,0,0,,,12560a85
ENG-Premier League,2627,2026-09-12 Liverpool-Fulham,Fulham,Alex Iwobi,17,NGA,AM,30-132,76,0,0,0,0,2,0,0,0,0,0,0,6,1,0,0,,,6d1ef953
ENG-Premier League,2627,2026-09-12 Liverpool-Fulham,Fulham,Antonee Robinson,33,USA,LB,29-035,90,0,0,0,0,1,0,0,0,3,0,0,5,1,1,0,,,6d1ef953
ENG-Premier League,2627,2026-09-12 Liverpool-Fulham,Fulham,Bernd Leno,1,GER,GK,34-192,90,0,0,0,0,0,0,0,0,0,0,0,0,0,0,0,,,6d1ef953
ENG-Premier League,2627,2026-09-12 Liverpool-Fulham,Fulham,Calvin Bassey,3,NGA,CB,26-255,90,0,0,0,0,1,1,0,0,0,1,0,0,1,1,0,,,6d1ef953
ENG-Premier League,2627,2026-09-12 Liverpool-Fulham,Fulham,David Affengruber,22,AUT,CB,25-177,90,0,0,0,0,0,0,0,0,1,0,0,0,0,2,0,,,6d1ef953
ENG-Premier League,2627,2026-09-12 Liverpool-Fulham,Fulham,Emile Smith Rowe,32,ENG,MF,26-046,14,0,0,0,0,0,0,0,0,0,0,0,0,0,1,0,,,6d1ef953
ENG-Premier League,2627,2026-09-12 Liverpool-Fulham,Fulham,Gonzalo García,7,ESP,FW,22-172,76,0,0,0,0,1,1,0,0,1,0,0,0,0,0,0,,,6d1ef953
ENG-Premier League,2627,2026-09-12 Liverpool-Fulham,Fulham,Hugo Larsson,15,SWE,MF,22-077,14,0,0,0,0,0,0,0,0,0,0,0,0,0,0,0,,,6d1ef953
ENG-Premier League,2627,2026-09-12 Liverpool-Fulham,Fulham,Joshua King,24,ENG,AM,19-252,76,0,0,0,0,4,2,0,0,0,3,0,0,1,0,0,,,6d1ef953
ENG-Premier League,2627,2026-09-12 Liverpool-Fulham,Fulham,Kenny Tete,2,NED,DF,30-338,28,0,0,0,0,0,0,1,0,2,0,0,0,0,0,0,,,6d1ef953
ENG-Premier League,2627,2026-09-12 Liverpool-Fulham,Fulham,Kevin,11,BRA,MF,23-251,19,0,0,0,0,1,0,0,0,0,0,0,3,1,0,0,,,6d1ef953
ENG-Premier League,2627,2026-09-12 Liverpool-Fulham,Fulham,Oscar Bobb,14,NOR,AM,23-062,62,0,0,0,0,0,0,0,0,0,2,0,3,0,2,0,,,6d1ef953
ENG-Premier League,2627,2026-09-12 Liverpool-Fulham,Fulham,Rodrigo Muniz,9,BRA,FW,25-131,14,0,0,0,0,0,0,0,0,0,1,0,0,0,0,0,,,6d1ef953
ENG-Premier League,2627,2026-09-12 Liverpool-Fulham,Fulham,Sander Berge,16,NOR,DM,28-210,90,0,0,0,0,0,0,0,0,0,0,0,0,2,1,0,,,6d1ef953
ENG-Premier League,2627,2026-09-12 Liverpool-Fulham,Fulham,Shea Charles,19,NIR,DM,22-311,90,0,0,0,0,0,0,0,0,1,3,0,0,1,3,0,,,6d1ef953
ENG-Premier League,2627,2026-09-12 Liverpool-Fulham,Fulham,Timothy Castagne,21,BEL,RB,30-281,71,0,0,0,0,0,0,0,0,0,0,1,0,2,0,0,,,6d1ef953
ENG-Premier League,2627,2026-09-12 Liverpool-Fulham,Liverpool,Alexander Isak,9,SWE,FW,26-356,90,0,0,0,0,3,1,0,0,0,1,1,0,0,0,0,,,6d1ef953
ENG-Premier League,2627,2026-09-12 Liverpool-Fulham,Liverpool,Alexis Mac Allister,10,ARG,MF,27-262,31,0,0,0,0,1,0,0,0,0,0,0,0,1,1,0,,,6d1ef953
ENG-Premier League,2627,2026-09-12 Liverpool-Fulham,Liverpool,Alisson,1,BRA,GK,33-345,90,0,0,0,0,0,0,0,0,0,0,0,0,0,0,0,,,6d1ef953
ENG-Premier League,2627,2026-09-12 Liverpool-Fulham,Liverpool,Bradley Barcola,29,FRA,AM,24-010,71,0,0,0,0,1,0,0,0,0,0,0,2,3,0,0,,,6d1ef953
ENG-Premier League,2627,2026-09-12 Liverpool-Fulham,Liverpool,Cody Gakpo,18,NED,"FW,MF",27-128,31,0,0,0,0,1,0,0,0,0,0,0,1,0,0,0,,,6d1ef953
ENG-Premier League,2627,2026-09-12 Liverpool-Fulham,Liverpool,Dominik Szoboszlai,8,HUN,DM,25-322,90,0,0,0,0,2,1,0,0,4,1,0,9,0,1,0,,,6d1ef953
ENG-Premier League,2627,2026-09-12 Liverpool-Fulham,Liverpool,Florian Wirtz,7,GER,AM,23-132,90,0,0,0,0,3,0,0,0,0,0,0,0,1,0,0,,,6d1ef953
ENG-Premier League,2627,2026-09-12 Liverpool-Fulham,Liverpool,Jeremie Frimpong,30,NED,"DF,MF",25-276,19,0,0,0,0,0,0,0,0,0,0,0,2,1,1,0,,,6d1ef953
ENG-Premier League,2627,2026-09-12 Liverpool-Fulham,Liverpool,Jérémy Jacquet,5,FRA,CB,21-061,90,0,0,0,0,0,0,0,0,1,1,0,0,1,1,0,,,6d1ef953
ENG-Premier League,2627,2026-09-12 Liverpool-Fulham,Liverpool,Kostas Tsimikas,21,GRE,LB,30-123,45,0,0,0,0,0,0,0,0,3,0,0,4,0,1,0,,,6d1ef953
ENG-Premier League,2627,2026-09-12 Liverpool-Fulham,Liverpool,Milos Kerkez,6,HUN,"DF,MF",22-309,45,0,0,0,0,0,0,0,0,0,2,0,3,0,0,0,,,6d1ef953
ENG-Premier League,2627,2026-09-12 Liverpool-Fulham,Liverpool,Rio Ngumoha,73,ENG,MF,18-014,19,0,0,0,0,1,0,0,0,1,1,0,1,0,0,0,,,6d1ef953
ENG-Premier League,2627,2026-09-12 Liverpool-Fulham,Liverpool,Ronald Araújo,33,URU,RB,27-189,71,0,0,0,0,0,0,0,0,0,0,0,3,1,1,0,,,6d1ef953
ENG-Premier League,2627,2026-09-12 Liverpool-Fulham,Liverpool,Ryan Gravenberch,38,NED,DM,24-119,59,0,0,0,0,1,0,0,0,1,0,0,0,2,1,0,,,6d1ef953
ENG-Premier League,2627,2026-09-12 Liverpool-Fulham,Liverpool,Virgil van Dijk,4,NED,CB,35-066,90,0,0,0,0,0,0,0,0,1,0,0,0,0,4,0,,,6d1ef953
ENG-Premier League,2627,2026-09-12 Liverpool-Fulham,Liverpool,Víctor Muñoz,23,ESP,AM,23-061,59,0,0,0,0,1,1,0,0,0,2,0,0,0,0,0,,,6d1ef953
ENG-Premier League,2627,2026-09-12 Sunderland-Arsenal,Arsenal,Ben White,4,ENG,RB,28-339,45,0,0,0,0,0,0,0,0,1,0,0,1,1,1,0,,,6786441d
ENG-Premier League,2627,2026-09-12 Sunderland-Arsenal,Arsenal,Bruno Guimarães,39,BRA,MF,28-300,45,1,0,0,0,2,1,0,0,0,2,0,0,1,1,0,,,6786441d
ENG-Premier League,2627,2026-09-12 Sunderland-Arsenal,Arsenal,Bukayo Saka,7,ENG,AM,25-007,90,1,0,1,1,4,3,0,0,1,4,0,1,1,0,0,,,6786441d
ENG-Premier League,2627,2026-09-12 Sunderland-Arsenal,Arsenal,Christos Tzolis,17,GRE,AM,24-225,80,0,0,0,0,0,0,0,0,1,2,0,1,1,1,0,,,6786441d
ENG-Premier League,2627,2026-09-12 Sunderland-Arsenal,Arsenal,David Raya,1,ESP,GK,30-362,90,0,0,0,0,0,0,0,0,0,2,0,0,0,0,0,,,6786441d
ENG-Premier League,2627,2026-09-12 Sunderland-Arsenal,Arsenal,Declan Rice,41,ENG,DM,27-241,80,0,1,0,0,0,0,0,0,0,0,0,1,0,0,0,,,6786441d
ENG-Premier League,2627,2026-09-12 Sunderland-Arsenal,Arsenal,Eberechi Eze,10,ENG,"FW,MF",28-075,10,0,0,0,0,0,0,0,0,0,0,0,1,0,0,0,,,6786441d
ENG-Premier League,2627,2026-09-12 Sunderland-Arsenal,Arsenal,Ezri Konsa,15,ENG,CB,28-324,90,0,0,0,0,0,0,0,0,2,2,1,0,0,2,0,,,6786441d
ENG-Premier League,2627,2026-09-12 Sunderland-Arsenal,Arsenal,Gabriel Magalhães,6,BRA,CB,28-267,90,0,0,0,0,1,0,1,0,1,2,0,0,0,2,0,,,6786441d
ENG-Premier League,2627,2026-09-12 Sunderland-Arsenal,Arsenal,Jurriën Timber,12,NED,DF,25-087,45,0,0,0,0,0,0,0,0,0,0,1,0,0,0,0,,,6786441d
ENG-Premier League,2627,2026-09-12 Sunderland-Arsenal,Arsenal,Kai Havertz,29,GER,FW,27-093,90,0,0,0,0,3,1,1,0,2,1,0,1,0,0,0,,,6786441d
ENG-Premier League,2627,2026-09-12 Sunderland-Arsenal,Arsenal,Martin Ødegaard,8,NOR,AM,27-269,84,0,0,0,0,0,0,0,0,0,2,0,1,1,1,0,,,6786441d
ENG-Premier League,2627,2026-09-12 Sunderland-Arsenal,Arsenal,Martín Zubimendi,36,ESP,MF,27-222,10,0,0,0,0,0,0,0,0,0,0,0,0,1,0,0,,,6786441d
ENG-Premier League,2627,2026-09-12 Sunderland-Arsenal,Arsenal,Mikel Merino,23,ESP,MF,30-082,6,0,0,0,0,0,0,0,0,0,0,0,0,0,0,0,,,6786441d
ENG-Premier League,2627,2026-09-12 Sunderland-Arsenal,Arsenal,Myles Lewis-Skelly,49,ENG,DM,19-351,45,0,0,0,0,0,0,0,0,2,1,0,0,0,1,0,,,6786441d
ENG-Premier League,2627,2026-09-12 Sunderland-Arsenal,Arsenal,Riccardo Calafiori,33,ITA,LB,24-116,90,0,0,0,0,1,0,0,0,1,0,0,0,1,0,0,,,6786441d
ENG-Premier League,2627,2026-09-12 Sunderland-Arsenal,Sunderland,Brian Brobbey,9,NED,FW,24-223,90,0,0,0,0,0,0,1,0,3,2,0,0,0,0,0,,,6786441d
ENG-Premier League,2627,2026-09-12 Sunderland-Arsenal,Sunderland,Daniel Ballard,5,NIR,CB,26-355,90,0,0,0,0,1,0,1,0,3,2,0,0,1,1,0,,,6786441d
ENG-Premier League,2627,2026-09-12 Sunderland-Arsenal,Sunderland,Enzo Le Fée,28,FRA,AM,26-221,90,0,0,0,1,3,1,0,0,0,1,1,3,0,0,0,,,6786441d
ENG-Premier League,2627,2026-09-12 Sunderland-Arsenal,Sunderland,Granit Xhaka,34,SUI,DM,33-350,90,0,0,0,0,0,0,1,0,3,1,0,5,1,1,0,,,6786441d
ENG-Premier League,2627,2026-09-12 Sunderland-Arsenal,Sunderland,Kevin Danso,4,AUT,CB,27-358,90,0,0,0,0,0,0,0,0,0,1,0,1,0,0,0,,,6786441d
ENG-Premier League,2627,2026-09-12 Sunderland-Arsenal,Sunderland,Malick Fofana,39,BEL,"FW,MF",21-165,15,0,0,0,0,0,0,0,0,1,0,0,3,0,0,0,,,6786441d
ENG-Premier League,2627,2026-09-12 Sunderland-Arsenal,Sunderland,Nilson Angulo,10,ECU,AM,23-085,69,0,0,0,0,0,0,0,0,1,0,0,0,1,0,0,,,6786441d
ENG-Premier League,2627,2026-09-12 Sunderland-Arsenal,Sunderland,Noah Sadiki,27,COD,DM,21-269,90,0,0,0,0,1,0,0,0,0,0,0,0,2,0,0,,,6786441d
ENG-Premier League,2627,2026-09-12 Sunderland-Arsenal,Sunderland,Nordi Mukiele,20,FRA,RB,28-315,90,0,0,0,0,4,1,1,0,3,1,0,2,2,1,0,,,6786441d
ENG-Premier League,2627,2026-09-12 Sunderland-Arsenal,Sunderland,Reinildo Mandava,17,MOZ,LB,32-234,89,0,0,0,0,0,0,2,1,3,2,0,0,0,2,0,,,6786441d
ENG-Premier League,2627,2026-09-12 Sunderland-Arsenal,Sunderland,Robin Roefs,22,NED,GK,23-238,90,0,0,0,0,0,0,0,0,0,0,0,0,0,0,0,,,6786441d
ENG-Premier League,2627,2026-09-12 Sunderland-Arsenal,Sunderland,Thomas Meunier,12,BEL,AM,35-000,75,0,0,0,0,3,1,0,0,0,0,0,1,0,0,0,,,6786441d
ENG-Premier League,2627,2026-09-12 Sunderland-Arsenal,Sunderland,Wilson Isidor,18,HAI,"FW,MF",26-016,21,0,0,0,0,0,0,0,0,1,0,1,0,0,1,0,,,6786441d
ENG-Premier League,2627,2026-09-12 Tottenham-Everton,Everton,Ainsley Maitland-Niles,2,ENG,RB,29-014,74,0,0,0,0,1,0,0,0,0,0,0,2,1,1,0,,,a22562f9
ENG-Premier League,2627,2026-09-12 Tottenham-Everton,Everton,Brennan Johnson,22,WAL,RW,25-112,74,0,0,0,0,1,0,0,0,0,0,0,5,2,1,0,,,a22562f9
ENG-Premier League,2627,2026-09-12 Tottenham-Everton,Everton,Harrison Armstrong,45,ENG,AM,19-236,90,0,0,0,0,0,0,0,0,1,0,0,0,0,0,0,,,a22562f9
ENG-Premier League,2627,2026-09-12 Tottenham-Everton,Everton,Hayden Hackney,30,ENG,MF,24-078,16,0,0,0,0,0,0,0,0,1,0,0,0,0,0,0,,,a22562f9
ENG-Premier League,2627,2026-09-12 Tottenham-Everton,Everton,Jack Grealish,10,ENG,"FW,MF",31-002,26,0,0,0,0,0,0,0,0,1,2,0,0,0,0,0,,,a22562f9
ENG-Premier League,2627,2026-09-12 Tottenham-Everton,Everton,Jake O'Brien,15,IRL,DF,25-120,16,0,0,0,0,0,0,0,0,0,0,1,0,0,0,0,,,a22562f9
ENG-Premier League,2627,2026-09-12 Tottenham-Everton,Everton,James Garner,37,ENG,DM,25-183,90,0,0,0,0,1,1,1,0,1,4,0,1,3,1,0,,,a22562f9
ENG-Premier League,2627,2026-09-12 Tottenham-Everton,Everton,James Tarkowski,6,ENG,CB,33-297,90,0,0,0,0,0,0,0,0,0,0,0,0,4,0,0,,,a22562f9
ENG-Premier League,2627,2026-09-12 Tottenham-Everton,Everton,Jarrad Branthwaite,4,ENG,CB,24-077,90,0,0,0,0,0,0,0,0,1,2,0,0,1,0,0,,,a22562f9
ENG-Premier League,2627,2026-09-12 Tottenham-Everton,Everton,Jordan Pickford,1,ENG,GK,32-189,90,0,0,0,0,0,0,0,0,0,0,0,0,0,0,0,,,a22562f9
ENG-Premier League,2627,2026-09-12 Tottenham-Everton,Everton,Kiernan Dewsbury-Hall,8,ENG,AM,28-006,90,0,0,0,0,3,1,1,0,0,3,0,4,0,1,0,,,a22562f9
ENG-Premier League,2627,2026-09-12 Tottenham-Everton,Everton,Thierno Barry,11,FRA,FW,23-326,90,0,0,0,0,5,1,0,0,2,1,0,0,0,1,0,,,a22562f9
ENG-Premier League,2627,2026-09-12 Tottenham-Everton,Everton,Tyrique George,19,ENG,LW,20-220,64,0,0,0,0,1,0,0,0,0,0,0,3,0,0,0,,,a22562f9
ENG-Premier League,2627,2026-09-12 Tottenham-Everton,Everton,Vitaliy Mykolenko,16,UKR,LB,27-106,90,0,0,0,0,0,0,0,0,1,0,0,2,7,2,0,,,a22562f9
ENG-Premier League,2627,2026-09-12 Tottenham-Everton,Tottenham Hotspur,Andy Robertson,3,SCO,LB,32-185,90,0,0,0,0,1,0,0,0,0,0,1,7,0,1,0,,,a22562f9
ENG-Premier League,2627,2026-09-12 Tottenham-Everton,Tottenham Hotspur,Antonín Kinský,31,CZE,GK,23-183,90,0,0,0,0,0,0,0,0,0,0,0,0,0,0,0,,,a22562f9
ENG-Premier League,2627,2026-09-12 Tottenham-Everton,Tottenham Hotspur,Archie Gray,14,ENG,RB,20-184,84,0,0,0,0,2,0,0,0,1,0,0,0,0,2,0,,,a22562f9
ENG-Premier League,2627,2026-09-12 Tottenham-Everton,Tottenham Hotspur,Dominic Solanke,19,ENG,FW,28-363,62,0,0,0,0,0,0,0,0,2,0,0,0,0,0,0,,,a22562f9
ENG-Premier League,2627,2026-09-12 Tottenham-Everton,Tottenham Hotspur,James Maddison,10,ENG,"FW,MF",29-293,14,0,0,0,0,0,0,0,0,0,0,0,1,0,1,0,,,a22562f9
ENG-Premier League,2627,2026-09-12 Tottenham-Everton,Tottenham Hotspur,Jan Paul van Hecke,6,NED,CB,26-096,90,0,0,0,0,1,0,0,0,2,1,0,1,2,1,0,,,a22562f9
ENG-Premier League,2627,2026-09-12 Tottenham-Everton,Tottenham Hotspur,Lucas Bergvall,15,SWE,MF,20-222,28,0,0,0,0,1,1,0,0,1,1,0,1,1,0,0,,,a22562f9
ENG-Premier League,2627,2026-09-12 Tottenham-Everton,Tottenham Hotspur,Mateus Fernandes,18,POR,AM,22-064,62,0,0,0,0,3,1,0,0,3,1,0,1,2,0,0,,,a22562f9
ENG-Premier League,2627,2026-09-12 Tottenham-Everton,Tottenham Hotspur,Mathys Tel,11,FRA,"FW,MF",21-138,28,0,0,0,0,1,0,0,0,0,0,0,1,0,0,0,,,a22562f9
ENG-Premier League,2627,2026-09-12 Tottenham-Everton,Tottenham Hotspur,Micky van de Ven,37,NED,CB,25-146,90,0,0,0,0,0,0,0,0,1,1,0,0,0,1,0,,,a22562f9
ENG-Premier League,2627,2026-09-12 Tottenham-Everton,Tottenham Hotspur,Mohammed Kudus,20,GHA,"FW,MF",26-041,28,0,0,0,0,0,0,0,0,1,1,0,3,1,0,0,,,a22562f9
ENG-Premier League,2627,2026-09-12 Tottenham-Everton,Tottenham Hotspur,Omar Marmoush,22,EGY,AM,27-217,76,0,0,0,0,1,0,0,0,1,1,1,0,0,0,0,,,a22562f9
ENG-Premier League,2627,2026-09-12 Tottenham-Everton,Tottenham Hotspur,Rodrigo Bentancur,30,URU,DM,29-079,62,0,0,0,0,0,0,0,0,0,0,0,0,2,0,0,,,a22562f9
ENG-Premier League,2627,2026-09-12 Tottenham-Everton,Tottenham Hotspur,Sandro Tonali,16,ITA,DM,26-127,90,0,0,0,0,2,0,0,0,1,0,0,1,0,1,0,,,a22562f9
ENG-Premier League,2627,2026-09-12 Tottenham-Everton,Tottenham Hotspur,Sávio,17,BRA,AM,22-155,90,0,0,0,0,2,0,0,0,1,2,0,7,0,0,0,,,a22562f9
ENG-Premier League,2627,2026-09-12 Tottenham-Everton,Tottenham Hotspur,Tosin Adarabioyo,4,ENG,DF,28-353,6,0,0,0,0,0,0,0,0,0,0,0,0,1,0,0,,,a22562f9
ENG-Premier League,2627,2026-09-13 Coventry City-Brighton,Brighton & Hove Albion,Bart Verbruggen,1,NED,GK,24-026,90,0,0,0,0,0,0,0,0,0,0,0,0,0,0,0,,,ff3c3981
ENG-Premier League,2627,2026-09-13 Coventry City-Brighton,Brighton & Hove Albion,Charalampos Kostoulas,19,GRE,FW,19-106,83,1,0,0,0,3,1,0,0,2,3,2,0,0,0,0,,,ff3c3981
ENG-Premier League,2627,2026-09-13 Coventry City-Brighton,Brighton & Hove Albion,Chema,14,ESP,MF,21-141,26,0,1,0,0,1,0,0,0,2,0,0,0,0,0,0,,,ff3c3981
ENG-Premier League,2627,2026-09-13 Coventry City-Brighton,Brighton & Hove Albion,Costinha,20,POR,"DF,MF",26-171,7,0,0,0,0,0,0,0,0,0,0,0,1,0,1,0,,,ff3c3981
ENG-Premier League,2627,2026-09-13 Coventry City-Brighton,Brighton & Hove Albion,Diego Gómez,25,PAR,AM,23-170,83,0,0,0,0,2,0,0,0,0,0,0,1,0,0,0,,,ff3c3981
ENG-Premier League,2627,2026-09-13 Coventry City-Brighton,Brighton & Hove Albion,Ferdi Kadioglu,24,TUR,RB,26-341,90,0,0,0,0,0,0,0,0,1,2,0,0,0,0,0,,,ff3c3981
ENG-Premier League,2627,2026-09-13 Coventry City-Brighton,Brighton & Hove Albion,Ibrahim Osman,15,GHA,"FW,MF",21-288,13,0,0,0,0,2,0,0,0,1,0,0,0,0,0,0,,,ff3c3981
ENG-Premier League,2627,2026-09-13 Coventry City-Brighton,Brighton & Hove Albion,Lewis Dunk,5,ENG,CB,34-296,90,1,0,0,0,1,1,0,0,0,0,0,0,0,0,0,,,ff3c3981
ENG-Premier League,2627,2026-09-13 Coventry City-Brighton,Brighton & Hove Albion,Luka Vušković,44,CRO,CB,19-201,77,0,0,0,0,2,0,0,0,0,1,0,0,1,1,0,,,ff3c3981
ENG-Premier League,2627,2026-09-13 Coventry City-Brighton,Brighton & Hove Albion,Malick Yalcouye,35,CIV,AM,20-299,64,1,0,0,0,3,2,0,0,3,0,0,1,1,0,0,,,ff3c3981
ENG-Premier League,2627,2026-09-13 Coventry City-Brighton,Brighton & Hove Albion,Matt O'Riley,33,DEN,MF,25-296,7,0,0,0,0,0,0,0,0,0,0,0,0,0,0,0,,,ff3c3981
ENG-Premier League,2627,2026-09-13 Coventry City-Brighton,Brighton & Hove Albion,Maxim De Cuyper,29,BEL,AM,25-265,90,0,1,0,0,1,0,0,0,1,1,0,1,0,0,0,,,ff3c3981
ENG-Premier League,2627,2026-09-13 Coventry City-Brighton,Brighton & Hove Albion,Olivier Boscagli,21,FRA,LB,28-299,77,0,0,0,0,1,0,0,0,3,1,0,5,1,1,0,,,ff3c3981
ENG-Premier League,2627,2026-09-13 Coventry City-Brighton,Brighton & Hove Albion,Pascal Groß,13,GER,DM,35-090,90,1,2,1,1,2,1,0,0,2,0,0,8,2,0,0,,,ff3c3981
ENG-Premier League,2627,2026-09-13 Coventry City-Brighton,Brighton & Hove Albion,Pascal Struijk,4,NED,DF,27-033,13,0,0,0,0,0,0,0,0,0,0,0,0,0,0,0,,,ff3c3981
ENG-Premier League,2627,2026-09-13 Coventry City-Brighton,Brighton & Hove Albion,Yasin Ayari,26,SWE,DM,22-342,90,1,0,0,0,4,2,0,0,0,1,0,0,1,0,0,,,ff3c3981
ENG-Premier League,2627,2026-09-13 Coventry City-Brighton,Coventry City,Aurèle Amenda,24,SUI,CB,23-044,90,0,0,0,0,0,0,0,0,1,0,0,0,0,2,0,,,ff3c3981
ENG-Premier League,2627,2026-09-13 Coventry City-Brighton,Coventry City,Bobby Thomas,4,ENG,CB,25-226,90,0,0,0,0,3,0,0,0,1,2,0,0,0,1,0,,,ff3c3981
ENG-Premier League,2627,2026-09-13 Coventry City-Brighton,Coventry City,Brandon Thomas-Asante,23,GHA,"FW,MF",27-258,18,0,0,0,0,2,2,0,0,0,0,0,0,0,0,0,,,ff3c3981
ENG-Premier League,2627,2026-09-13 Coventry City-Brighton,Coventry City,Caleb Yirenkyi,8,GHA,MF,20-241,18,0,0,0,0,0,0,0,0,0,0,0,0,0,0,0,,,ff3c3981
ENG-Premier League,2627,2026-09-13 Coventry City-Brighton,Coventry City,Carl Rushworth,19,ENG,GK,25-073,90,0,0,0,0,0,0,0,0,0,1,0,0,0,0,0,,,ff3c3981
ENG-Premier League,2627,2026-09-13 Coventry City-Brighton,Coventry City,Ephron Mason-Clark,10,JAM,AM,27-019,59,0,0,0,0,3,2,0,0,2,0,0,1,0,0,0,,,ff3c3981
ENG-Premier League,2627,2026-09-13 Coventry City-Brighton,Coventry City,Ethan Pinnock,2,JAM,CB,33-107,90,0,0,0,0,1,0,0,0,0,0,0,1,1,0,0,,,ff3c3981
ENG-Premier League,2627,2026-09-13 Coventry City-Brighton,Coventry City,Frank Onyeka,16,NGA,DM,28-255,72,0,0,0,0,1,1,0,0,2,4,0,0,0,1,0,,,ff3c3981
ENG-Premier League,2627,2026-09-13 Coventry City-Brighton,Coventry City,Jack Rudoni,5,ENG,AM,26-110,72,0,0,0,0,2,1,0,0,2,2,0,6,0,0,0,,,ff3c3981
ENG-Premier League,2627,2026-09-13 Coventry City-Brighton,Coventry City,Jay Dasilva,3,WAL,DM,28-144,90,0,0,0,0,0,0,0,0,0,0,0,1,0,0,0,,,ff3c3981
ENG-Premier League,2627,2026-09-13 Coventry City-Brighton,Coventry City,Matt Grimes,6,ENG,DM,31-060,83,0,0,0,0,1,0,0,0,0,2,0,2,0,0,0,,,ff3c3981
ENG-Premier League,2627,2026-09-13 Coventry City-Brighton,Coventry City,Milan van Ewijk,27,NED,DM,26-005,90,0,0,0,0,0,0,0,0,0,2,0,0,1,0,0,,,ff3c3981
ENG-Premier League,2627,2026-09-13 Coventry City-Brighton,Coventry City,Sidiki Cherif,49,FRA,FW,19-272,31,0,0,0,0,0,0,0,0,0,1,1,0,0,1,0,,,ff3c3981
ENG-Premier League,2627,2026-09-13 Coventry City-Brighton,Coventry City,Taiwo Awoniyi,14,NGA,FW,29-032,52,0,0,0,0,1,0,0,1,1,0,1,0,1,0,0,,,ff3c3981
ENG-Premier League,2627,2026-09-13 Coventry City-Brighton,Coventry City,Victor Torp,29,DEN,MF,27-045,7,0,0,0,0,0,0,0,0,0,0,0,1,0,0,0,,,ff3c3981
ENG-Premier League,2627,2026-09-13 Manchester Utd-Manchester City,Manchester City,Antoine Semenyo,42,GHA,AM,26-249,90,0,0,0,0,0,0,0,0,3,1,0,1,1,0,0,,,332363c1
ENG-Premier League,2627,2026-09-13 Manchester Utd-Manchester City,Manchester City,Elliot Anderson,5,ENG,DM,23-311,90,0,0,0,0,0,0,0,0,1,4,0,6,1,2,0,,,332363c1
ENG-Premier League,2627,2026-09-13 Manchester Utd-Manchester City,Manchester City,Enzo Fernández,17,ARG,DM,25-239,81,0,0,0,0,2,1,1,0,4,3,0,2,0,3,0,,,332363c1
ENG-Premier League,2627,2026-09-13 Manchester Utd-Manchester City,Manchester City,Erling Haaland,9,NOR,FW,26-054,90,1,0,0,0,2,1,0,0,0,2,0,0,0,0,0,,,332363c1
ENG-Premier League,2627,2026-09-13 Manchester Utd-Manchester City,Manchester City,Gianluigi Donnarumma,1,ITA,GK,27-200,90,0,0,0,0,0,0,0,0,0,0,0,0,0,0,0,,,332363c1
ENG-Premier League,2627,2026-09-13 Manchester Utd-Manchester City,Manchester City,Iliman Ndiaye,7,SEN,"FW,MF",26-191,45,0,0,0,0,0,0,0,0,1,5,0,2,1,1,0,,,332363c1
ENG-Premier League,2627,2026-09-13 Manchester Utd-Manchester City,Manchester City,Joško Gvardiol,24,CRO,LB,24-233,90,0,0,0,0,1,0,1,0,0,0,0,1,2,0,0,,,332363c1
ENG-Premier League,2627,2026-09-13 Manchester Utd-Manchester City,Manchester City,Marc Guéhi,6,ENG,CB,26-062,90,0,0,0,0,0,0,0,0,0,0,0,0,0,0,0,,,332363c1
ENG-Premier League,2627,2026-09-13 Manchester Utd-Manchester City,Manchester City,Matheus Nunes,27,POR,RB,28-017,90,0,0,0,0,0,0,0,0,0,0,1,1,2,2,0,,,332363c1
ENG-Premier League,2627,2026-09-13 Manchester Utd-Manchester City,Manchester City,Nico O'Reilly,33,ENG,"DF,MF",21-176,9,0,0,0,0,0,0,0,0,0,0,0,0,0,0,0,,,332363c1
ENG-Premier League,2627,2026-09-13 Manchester Utd-Manchester City,Manchester City,Phil Foden,47,ENG,AM,26-108,22,0,0,0,0,0,0,0,1,0,1,0,0,0,0,0,,,332363c1
ENG-Premier League,2627,2026-09-13 Manchester Utd-Manchester City,Manchester City,Rayan Cherki,10,FRA,AM,23-027,45,0,0,0,0,1,0,0,0,1,1,0,1,0,0,0,,,332363c1
ENG-Premier League,2627,2026-09-13 Manchester Utd-Manchester City,Manchester City,Rúben Dias,3,POR,CB,29-122,90,0,0,0,0,0,0,0,0,0,0,0,0,0,2,0,,,332363c1
ENG-Premier League,2627,2026-09-13 Manchester Utd-Manchester City,Manchester United,Benjamin Šeško,30,SVN,FW,23-105,24,0,0,0,0,1,0,0,0,0,0,0,0,0,0,0,,,332363c1
ENG-Premier League,2627,2026-09-13 Manchester Utd-Manchester City,Manchester United,Bruno Fernandes,8,POR,AM,32-005,90,0,0,0,0,1,1,0,0,1,0,0,6,1,0,0,,,332363c1
ENG-Premier League,2627,2026-09-13 Manchester Utd-Manchester City,Manchester United,Bryan Mbeumo,19,CMR,AM,27-037,90,0,0,0,0,3,1,0,0,0,2,1,3,1,0,0,,,332363c1
ENG-Premier League,2627,2026-09-13 Manchester Utd-Manchester City,Manchester United,Diogo Dalot,2,POR,RB,27-179,90,0,0,0,0,1,0,0,0,3,1,1,2,1,1,0,,,332363c1
ENG-Premier League,2627,2026-09-13 Manchester Utd-Manchester City,Manchester United,Harry Maguire,5,ENG,CB,33-192,90,0,0,0,0,2,0,1,0,3,0,0,0,1,1,0,,,332363c1
ENG-Premier League,2627,2026-09-13 Manchester Utd-Manchester City,Manchester United,Joshua Zirkzee,11,NED,FW,25-114,8,0,0,0,0,0,0,0,0,0,0,0,1,0,0,0,,,332363c1
ENG-Premier League,2627,2026-09-13 Manchester Utd-Manchester City,Manchester United,Kobbie Mainoo,37,ENG,DM,21-147,90,0,0,0,0,1,0,0,0,3,1,0,0,0,2,0,,,332363c1
ENG-Premier League,2627,2026-09-13 Manchester Utd-Manchester City,Manchester United,Lisandro Martínez,6,ARG,CB,28-238,90,0,0,0,0,1,1,0,0,2,0,0,0,3,0,0,,,332363c1
ENG-Premier League,2627,2026-09-13 Manchester Utd-Manchester City,Manchester United,Marcus Rashford,9,ENG,AM,28-317,82,0,0,0,0,3,0,0,0,1,1,1,7,0,1,0,,,332363c1
ENG-Premier League,2627,2026-09-13 Manchester Utd-Manchester City,Manchester United,Matheus Cunha,10,BRA,FW,27-109,90,0,0,0,0,3,0,0,0,1,2,0,3,0,0,0,,,332363c1
ENG-Premier League,2627,2026-09-13 Manchester Utd-Manchester City,Manchester United,Patrick Dorgu,13,DEN,LB,21-322,90,0,0,0,0,0,0,0,0,3,1,1,4,3,1,0,,,332363c1
ENG-Premier League,2627,2026-09-13 Manchester Utd-Manchester City,Manchester United,Senne Lammens,1,BEL,GK,24-068,90,0,0,0,0,0,0,0,0,0,0,0,0,0,0,0,,,332363c1
ENG-Premier League,2627,2026-09-13 Manchester Utd-Manchester City,Manchester United,Youri Tielemans,18,BEL,DM,29-129,66,0,0,0,0,0,0,0,0,0,1,0,1,1,2,0,,,332363c1
ENG-Premier League,2627,2026-09-14 Leeds United-Newcastle,Leeds United,Anton Stach,18,GER,CM,27-303,87,0,0,0,0,1,0,0,0,2,0,0,6,2,2,0,,,88d2d8f5
ENG-Premier League,2627,2026-09-14 Leeds United-Newcastle,Leeds United,Ao Tanaka,22,JPN,CM,28-004,71,0,0,0,0,1,0,0,0,0,0,0,0,1,1,0,,,88d2d8f5
ENG-Premier League,2627,2026-09-14 Leeds United-Newcastle,Leeds United,Brenden Aaronson,11,USA,"FW,MF",25-327,19,0,0,0,0,0,0,0,0,0,1,0,0,0,0,0,,,88d2d8f5
ENG-Premier League,2627,2026-09-14 Leeds United-Newcastle,Leeds United,Daniel James,7,WAL,"FW,MF",28-308,8,0,0,0,0,2,0,0,0,1,0,0,1,0,0,0,,,88d2d8f5
ENG-Premier League,2627,2026-09-14 Leeds United-Newcastle,Leeds United,Dominic Calvert-Lewin,9,ENG,FW,29-182,77,1,1,0,0,4,2,1,0,1,0,1,0,0,0,0,,,88d2d8f5
ENG-Premier League,2627,2026-09-14 Leeds United-Newcastle,Leeds United,Ethan Ampadu,4,WAL,CM,26-000,90,0,0,0,0,1,0,0,0,0,1,0,0,0,2,0,,,88d2d8f5
ENG-Premier League,2627,2026-09-14 Leeds United-Newcastle,Leeds United,Gabriel Gudmundsson,3,SWE,LM,27-138,71,0,0,0,0,0,0,0,0,1,1,0,3,1,1,0,,,88d2d8f5
ENG-Premier League,2627,2026-09-14 Leeds United-Newcastle,Leeds United,Harry Wilson,10,WAL,"FW,MF",29-176,19,0,0,0,0,0,0,0,0,0,1,1,1,0,0,0,,,88d2d8f5
ENG-Premier League,2627,2026-09-14 Leeds United-Newcastle,Leeds United,James Justin,24,ENG,CB,28-203,90,0,0,0,0,0,0,0,0,0,1,0,2,1,0,0,,,88d2d8f5
ENG-Premier League,2627,2026-09-14 Leeds United-Newcastle,Leeds United,James Trafford,1,ENG,GK,23-339,90,0,0,0,0,0,0,0,0,0,0,0,0,0,0,0,,,88d2d8f5
ENG-Premier League,2627,2026-09-14 Leeds United-Newcastle,Leeds United,Jayden Bogle,2,ENG,RM,26-049,82,1,0,0,0,3,3,0,0,2,2,0,1,2,0,0,,,88d2d8f5
ENG-Premier League,2627,2026-09-14 Leeds United-Newcastle,Leeds United,Lukas Nmecha,14,GER,FW,27-274,13,0,0,0,0,0,0,0,0,0,1,0,0,0,0,0,,,88d2d8f5
ENG-Premier League,2627,2026-09-14 Leeds United-Newcastle,Leeds United,Melvin Bard,26,FRA,"DF,MF",25-312,19,0,0,0,0,0,0,0,0,1,0,0,0,1,1,0,,,88d2d8f5
ENG-Premier League,2627,2026-09-14 Leeds United-Newcastle,Leeds United,Nico Elvedi,30,SUI,CB,29-349,90,0,0,0,0,1,0,0,0,0,0,0,0,0,0,0,,,88d2d8f5
ENG-Premier League,2627,2026-09-14 Leeds United-Newcastle,Leeds United,Noah Okafor,19,SUI,FW,26-113,71,1,0,0,0,2,1,0,0,0,2,0,2,2,0,0,,,88d2d8f5
ENG-Premier League,2627,2026-09-14 Leeds United-Newcastle,Leeds United,Sean Longstaff,8,ENG,MF,28-319,3,0,0,0,0,0,0,0,0,0,1,0,0,0,0,0,,,88d2d8f5
ENG-Premier League,2627,2026-09-14 Leeds United-Newcastle,Leeds United,Tarik Muharemovic,5,BIH,CB,23-198,90,0,1,0,0,0,0,0,0,0,2,0,0,1,2,0,,,88d2d8f5
ENG-Premier League,2627,2026-09-14 Leeds United-Newcastle,Newcastle United,Aladji Bamba,8,FRA,MF,20-062,11,0,0,0,0,0,0,0,0,1,0,0,0,1,0,0,,,88d2d8f5
ENG-Premier League,2627,2026-09-14 Leeds United-Newcastle,Newcastle United,Amar Dedić,37,BIH,RB,24-027,57,0,0,0,0,0,0,0,0,0,0,0,0,2,0,0,,,88d2d8f5
ENG-Premier League,2627,2026-09-14 Leeds United-Newcastle,Newcastle United,Bazoumana Touré,17,CIV,MF,20-196,34,1,0,0,0,1,1,0,0,1,1,2,3,0,0,0,,,88d2d8f5
ENG-Premier League,2627,2026-09-14 Leeds United-Newcastle,Newcastle United,Harvey Barnes,11,ENG,AM,28-279,90,0,0,0,0,2,2,0,0,1,1,0,1,0,1,0,,,88d2d8f5
ENG-Premier League,2627,2026-09-14 Leeds United-Newcastle,Newcastle United,Jacob Murphy,23,ENG,AM,31-202,56,0,0,0,0,0,0,1,0,1,1,0,3,0,0,0,,,88d2d8f5
ENG-Premier League,2627,2026-09-14 Leeds United-Newcastle,Newcastle United,Joe Willock,28,ENG,MF,27-025,33,0,0,0,0,2,1,0,0,0,1,0,1,1,0,0,,,88d2d8f5
ENG-Premier League,2627,2026-09-14 Leeds United-Newcastle,Newcastle United,Lewis Hall,3,ENG,LB,22-006,90,0,0,0,0,1,1,0,0,0,1,0,5,3,0,0,,,88d2d8f5
ENG-Premier League,2627,2026-09-14 Leeds United-Newcastle,Newcastle United,Lewis Miley,67,ENG,DM,20-136,79,0,0,0,0,0,0,0,0,0,0,0,1,1,1,1,,,88d2d8f5
ENG-Premier League,2627,2026-09-14 Leeds United-Newcastle,Newcastle United,Lukáš Horníček,21,CZE,GK,24-063,90,0,0,0,0,0,0,0,0,0,0,0,0,0,0,0,,,88d2d8f5
ENG-Premier League,2627,2026-09-14 Leeds United-Newcastle,Newcastle United,Malick Thiaw,12,GER,CB,25-037,90,0,0,0,0,0,0,0,0,1,0,0,0,0,1,0,,,88d2d8f5
ENG-Premier League,2627,2026-09-14 Leeds United-Newcastle,Newcastle United,Matias Fernandez-Pardo,20,BEL,AM,21-223,57,0,0,0,0,0,0,0,0,1,1,1,1,1,0,0,,,88d2d8f5
ENG-Premier League,2627,2026-09-14 Leeds United-Newcastle,Newcastle United,Nicolás González,6,ESP,DM,24-254,18,0,0,0,0,0,0,0,0,0,0,0,0,0,0,0,,,88d2d8f5
ENG-Premier League,2627,2026-09-14 Leeds United-Newcastle,Newcastle United,Sean Steur,14,NED,MF,18-246,72,0,0,0,0,0,0,0,0,1,0,0,0,2,1,0,,,88d2d8f5
ENG-Premier League,2627,2026-09-14 Leeds United-Newcastle,Newcastle United,Sven Botman,4,NED,CB,26-245,90,0,0,0,0,0,0,0,0,1,2,0,0,1,1,0,,,88d2d8f5
ENG-Premier League,2627,2026-09-14 Leeds United-Newcastle,Newcastle United,Tino Livramento,2,ENG,"DF,MF",23-306,33,0,0,0,0,0,0,1,0,1,0,0,3,2,0,0,,,88d2d8f5
ENG-Premier League,2627,2026-09-14 Leeds United-Newcastle,Newcastle United,Yoane Wissa,9,COD,FW,30-011,90,0,0,0,0,1,0,0,0,4,0,0,0,0,0,0,,,88d2d8f5
ENG-Premier League,2627,2026-09-18 Brentford-Chelsea,Brentford,Aaron Hickey,2,SCO,"DF,MF",24-100,22,0,0,0,0,0,0,0,0,0,0,0,0,0,0,0,,,9aac40d6
ENG-Premier League,2627,2026-09-18 Brentford-Chelsea,Brentford,Caoimhín Kelleher,1,IRL,GK,27-299,90,0,0,0,0,0,0,0,0,0,0,0,0,0,0,0,,,9aac40d6
ENG-Premier League,2627,2026-09-18 Brentford-Chelsea,Brentford,Dango Ouattara,11,BFA,"FW,MF",24-219,10,0,0,0,0,0,0,0,0,1,0,0,0,0,0,0,,,9aac40d6
ENG-Premier League,2627,2026-09-18 Brentford-Chelsea,Brentford,El Hadji Malick Diouf,25,SEN,"DF,MF",21-264,10,0,0,0,0,0,0,0,0,0,0,0,0,0,0,0,,,9aac40d6
ENG-Premier League,2627,2026-09-18 Brentford-Chelsea,Brentford,Fabio Carvalho,14,POR,"FW,MF",24-019,4,1,0,0,0,1,1,0,0,0,0,0,1,0,0,0,,,9aac40d6
ENG-Premier League,2627,2026-09-18 Brentford-Chelsea,Brentford,Igor Thiago,9,BRA,FW,25-084,90,1,0,0,0,3,1,1,0,4,0,0,0,1,0,0,,,9aac40d6
ENG-Premier League,2627,2026-09-18 Brentford-Chelsea,Brentford,Jaidon Anthony,19,ENG,AM,26-291,80,1,0,0,0,1,1,0,0,0,2,1,0,0,0,0,,,9aac40d6
ENG-Premier League,2627,2026-09-18 Brentford-Chelsea,Brentford,Jannik Schuster,44,AUT,CB,20-125,90,0,1,0,0,0,0,0,0,1,1,0,0,1,0,0,,,9aac40d6
ENG-Premier League,2627,2026-09-18 Brentford-Chelsea,Brentford,Keane Lewis-Potter,23,ENG,LB,25-208,80,0,0,0,0,2,1,0,0,1,1,0,5,1,2,0,,,9aac40d6
ENG-Premier League,2627,2026-09-18 Brentford-Chelsea,Brentford,Kevin Schade,7,GER,AM,24-295,90,0,0,0,0,3,1,0,0,1,1,0,0,1,0,0,,,9aac40d6
ENG-Premier League,2627,2026-09-18 Brentford-Chelsea,Brentford,Kristoffer Ajer,20,NOR,CB,28-154,90,0,0,0,0,0,0,0,0,0,0,0,0,0,3,0,,,9aac40d6
ENG-Premier League,2627,2026-09-18 Brentford-Chelsea,Brentford,Mamadou Sangare,18,MLI,MF,24-084,22,0,0,0,0,0,0,1,0,1,1,0,0,0,0,0,,,9aac40d6
ENG-Premier League,2627,2026-09-18 Brentford-Chelsea,Brentford,Michael Kayode,33,ITA,RB,22-070,68,0,0,0,0,0,0,0,0,0,0,0,0,1,1,0,,,9aac40d6
ENG-Premier League,2627,2026-09-18 Brentford-Chelsea,Brentford,Mikkel Damsgaard,24,DEN,AM,26-077,86,0,0,0,0,1,0,0,0,1,0,1,4,2,1,0,,,9aac40d6
ENG-Premier League,2627,2026-09-18 Brentford-Chelsea,Brentford,Vitaly Janelt,27,GER,DM,28-131,90,0,0,0,0,1,0,0,0,0,1,0,1,0,0,0,,,9aac40d6
ENG-Premier League,2627,2026-09-18 Brentford-Chelsea,Brentford,Yehor Yarmoliuk,6,UKR,DM,22-201,68,0,0,0,0,1,1,0,0,0,0,0,2,1,0,0,,,9aac40d6
ENG-Premier League,2627,2026-09-18 Brentford-Chelsea,Chelsea,Cole Palmer,10,ENG,AM,24-135,90,0,0,0,0,2,0,0,0,1,2,0,1,1,0,0,,,9aac40d6
ENG-Premier League,2627,2026-09-18 Brentford-Chelsea,Chelsea,Danny Welbeck,18,ENG,FW,35-296,70,0,0,0,0,0,0,0,0,1,0,1,0,1,0,0,,,9aac40d6
ENG-Premier League,2627,2026-09-18 Brentford-Chelsea,Chelsea,Emiliano Martínez,1,ARG,GK,34-016,90,0,0,0,0,0,0,0,0,0,1,0,0,0,0,0,,,9aac40d6
ENG-Premier League,2627,2026-09-18 Brentford-Chelsea,Chelsea,Estêvão Willian,41,BRA,MF,19-147,4,0,0,0,0,0,0,0,0,0,0,0,1,0,0,0,,,9aac40d6
ENG-Premier League,2627,2026-09-18 Brentford-Chelsea,Chelsea,Geovany Quenda,23,POR,MF,19-141,20,0,0,0,0,1,0,0,0,0,0,0,2,0,0,0,,,9aac40d6
ENG-Premier League,2627,2026-09-18 Brentford-Chelsea,Chelsea,Jordan Henderson,14,ENG,DM,36-093,90,0,0,0,0,0,0,0,0,0,0,0,10,1,0,0,,,9aac40d6
ENG-Premier League,2627,2026-09-18 Brentford-Chelsea,Chelsea,Joshua Acheampong,34,ENG,DF,20-136,20,0,0,0,0,0,0,0,0,1,0,0,0,1,0,0,,,9aac40d6
ENG-Premier League,2627,2026-09-18 Brentford-Chelsea,Chelsea,Levi Colwill,6,ENG,CB,23-204,90,0,0,0,0,0,0,0,0,0,0,0,0,0,2,0,,,9aac40d6
ENG-Premier League,2627,2026-09-18 Brentford-Chelsea,Chelsea,Mahdi Jazuli,32,ENG,MF,16-255,4,0,0,0,0,0,0,0,0,0,0,0,0,1,0,0,,,9aac40d6
ENG-Premier League,2627,2026-09-18 Brentford-Chelsea,Chelsea,Maxence Lacroix,5,FRA,CB,26-165,90,0,0,0,0,1,0,0,0,0,1,0,0,0,1,0,,,9aac40d6
ENG-Premier League,2627,2026-09-18 Brentford-Chelsea,Chelsea,Morgan Rogers,17,ENG,AM,24-054,90,0,0,0,0,4,1,0,0,0,1,1,4,0,0,0,,,9aac40d6
ENG-Premier League,2627,2026-09-18 Brentford-Chelsea,Chelsea,Pedro Neto,7,POR,DM,26-193,86,0,0,0,0,2,1,0,0,2,0,0,4,2,0,0,,,9aac40d6
ENG-Premier League,2627,2026-09-18 Brentford-Chelsea,Chelsea,Pep Chavarría,29,ESP,DM,28-161,90,0,0,0,0,1,0,0,0,2,1,0,5,3,2,0,,,9aac40d6
ENG-Premier League,2627,2026-09-18 Brentford-Chelsea,Chelsea,Valentín Barco,4,ARG,DM,22-057,86,0,0,0,0,1,0,0,0,0,2,0,1,3,2,0,,,9aac40d6
ENG-Premier League,2627,2026-09-18 Brentford-Chelsea,Chelsea,Wesley Fofana,3,FRA,CB,25-275,70,0,0,0,0,0,0,0,0,0,2,0,0,1,6,0,,,9aac40d6
ENG-Premier League,2627,2026-09-19 Brighton-Arsenal,Arsenal,Bruno Guimarães,39,BRA,DM,28-307,59,0,0,0,0,0,0,0,0,0,4,0,1,0,1,0,,,1ea173a1
ENG-Premier League,2627,2026-09-19 Brighton-Arsenal,Arsenal,Bukayo Saka,7,ENG,AM,25-014,80,0,0,0,0,2,1,0,0,0,1,1,5,1,0,0,,,1ea173a1
ENG-Premier League,2627,2026-09-19 Brighton-Arsenal,Arsenal,Christos Tzolis,17,GRE,AM,24-232,72,0,0,0,0,0,0,0,0,0,0,0,4,1,0,0,,,1ea173a1
ENG-Premier League,2627,2026-09-19 Brighton-Arsenal,Arsenal,David Raya,1,ESP,GK,31-004,90,0,0,0,0,0,0,0,0,0,0,0,0,1,0,0,,,1ea173a1
ENG-Premier League,2627,2026-09-19 Brighton-Arsenal,Arsenal,Declan Rice,41,ENG,DM,27-248,90,0,0,0,0,1,0,1,0,1,0,0,3,2,2,0,,,1ea173a1
ENG-Premier League,2627,2026-09-19 Brighton-Arsenal,Arsenal,Eberechi Eze,10,ENG,"FW,MF",28-082,18,0,0,0,0,0,0,0,0,0,1,0,0,0,0,0,,,1ea173a1
ENG-Premier League,2627,2026-09-19 Brighton-Arsenal,Arsenal,Ezri Konsa,15,ENG,CB,28-331,90,0,0,0,0,1,0,0,0,1,1,0,0,0,1,0,,,1ea173a1
ENG-Premier League,2627,2026-09-19 Brighton-Arsenal,Arsenal,Gabriel Magalhães,6,BRA,CB,28-274,90,0,0,0,0,0,0,0,0,1,1,0,0,2,0,0,,,1ea173a1
ENG-Premier League,2627,2026-09-19 Brighton-Arsenal,Arsenal,Jurriën Timber,12,NED,RB,25-094,59,0,0,0,0,0,0,0,0,1,2,0,0,1,0,0,,,1ea173a1
ENG-Premier League,2627,2026-09-19 Brighton-Arsenal,Arsenal,Kai Havertz,29,GER,FW,27-100,90,0,0,0,0,2,1,0,0,1,2,1,0,0,1,0,,,1ea173a1
ENG-Premier League,2627,2026-09-19 Brighton-Arsenal,Arsenal,Martin Ødegaard,8,NOR,AM,27-276,72,0,0,0,0,1,0,0,0,2,0,0,0,0,0,0,,,1ea173a1
ENG-Premier League,2627,2026-09-19 Brighton-Arsenal,Arsenal,Martín Zubimendi,36,ESP,MF,27-229,31,0,0,0,0,2,0,0,0,0,0,0,0,0,1,0,,,1ea173a1
ENG-Premier League,2627,2026-09-19 Brighton-Arsenal,Arsenal,Max Dowman,56,ENG,MF,16-262,10,0,0,0,0,0,0,0,0,0,0,0,1,0,0,0,,,1ea173a1
ENG-Premier League,2627,2026-09-19 Brighton-Arsenal,Arsenal,Mikel Merino,23,ESP,MF,30-089,31,0,0,0,0,0,0,0,0,1,0,0,0,0,0,0,,,1ea173a1
ENG-Premier League,2627,2026-09-19 Brighton-Arsenal,Arsenal,Riccardo Calafiori,33,ITA,LB,24-123,90,0,0,0,0,2,0,0,0,0,0,0,2,0,0,0,,,1ea173a1
ENG-Premier League,2627,2026-09-19 Brighton-Arsenal,Arsenal,Viktor Gyökeres,14,SWE,"FW,MF",28-107,18,0,0,0,0,0,0,0,0,3,1,0,0,0,0,0,,,1ea173a1
ENG-Premier League,2627,2026-09-19 Brighton-Arsenal,Brighton & Hove Albion,Bart Verbruggen,1,NED,GK,24-032,90,0,0,0,0,0,0,0,0,0,0,0,0,0,0,0,,,1ea173a1
ENG-Premier League,2627,2026-09-19 Brighton-Arsenal,Brighton & Hove Albion,Charalampos Kostoulas,19,GRE,FW,19-112,75,1,1,0,0,4,2,1,0,1,1,0,2,0,0,0,,,1ea173a1
ENG-Premier League,2627,2026-09-19 Brighton-Arsenal,Brighton & Hove Albion,Chema,14,ESP,DM,21-147,84,1,0,0,0,2,1,0,0,2,0,0,0,0,2,0,,,1ea173a1
ENG-Premier League,2627,2026-09-19 Brighton-Arsenal,Brighton & Hove Albion,Costinha,20,POR,"DF,MF",26-177,15,0,0,0,0,0,0,0,0,1,0,0,0,0,0,0,,,1ea173a1
ENG-Premier League,2627,2026-09-19 Brighton-Arsenal,Brighton & Hove Albion,Diego Gómez,25,PAR,AM,23-176,85,0,1,0,0,0,0,0,0,2,0,0,2,1,1,0,,,1ea173a1
ENG-Premier League,2627,2026-09-19 Brighton-Arsenal,Brighton & Hove Albion,Ferdi Kadioglu,24,TUR,RB,26-347,75,0,0,0,0,1,0,1,0,0,0,0,1,0,0,0,,,1ea173a1
ENG-Premier League,2627,2026-09-19 Brighton-Arsenal,Brighton & Hove Albion,Georginio Rutter,10,FRA,"FW,MF",24-152,15,0,0,0,0,1,0,0,0,0,0,0,1,0,0,0,,,1ea173a1
ENG-Premier League,2627,2026-09-19 Brighton-Arsenal,Brighton & Hove Albion,Luka Vušković,44,CRO,CB,19-207,90,0,0,0,0,0,0,0,0,4,3,0,0,1,1,0,,,1ea173a1
ENG-Premier League,2627,2026-09-19 Brighton-Arsenal,Brighton & Hove Albion,Malick Yalcouye,35,CIV,MF,20-305,6,0,0,0,0,1,0,0,0,0,1,0,0,1,0,0,,,1ea173a1
ENG-Premier League,2627,2026-09-19 Brighton-Arsenal,Brighton & Hove Albion,Matt O'Riley,33,DEN,MF,25-302,5,0,0,0,0,1,1,0,0,0,0,0,0,0,0,0,,,1ea173a1
ENG-Premier League,2627,2026-09-19 Brighton-Arsenal,Brighton & Hove Albion,Maxim De Cuyper,29,BEL,AM,25-271,90,0,0,0,0,1,0,1,0,1,2,0,4,3,0,0,,,1ea173a1
ENG-Premier League,2627,2026-09-19 Brighton-Arsenal,Brighton & Hove Albion,Michael Svoboda,30,AUT,DF,27-339,5,0,0,0,0,0,0,0,0,0,0,0,0,1,0,0,,,1ea173a1
ENG-Premier League,2627,2026-09-19 Brighton-Arsenal,Brighton & Hove Albion,Olivier Boscagli,21,FRA,LB,28-305,90,0,0,0,0,1,0,0,0,1,2,0,2,2,3,0,,,1ea173a1
ENG-Premier League,2627,2026-09-19 Brighton-Arsenal,Brighton & Hove Albion,Pascal Groß,13,GER,DM,35-096,90,1,1,0,0,2,1,0,0,1,0,0,3,1,2,0,,,1ea173a1
ENG-Premier League,2627,2026-09-19 Brighton-Arsenal,Brighton & Hove Albion,Pascal Struijk,4,NED,CB,27-039,85,0,0,0,0,1,0,1,0,0,1,0,0,1,0,0,,,1ea173a1
ENG-Premier League,2627,2026-09-19 Brighton-Arsenal,Brighton & Hove Albion,Yasin Ayari,26,SWE,AM,22-348,90,0,0,0,0,2,0,0,0,0,0,0,0,0,2,0,,,1ea173a1
ENG-Premier League,2627,2026-09-19 Everton-Ipswich Town,Everton,Ainsley Maitland-Niles,2,ENG,RB,29-021,89,0,0,0,0,0,0,0,0,0,1,0,2,3,0,0,,,e7b28039
ENG-Premier League,2627,2026-09-19 Everton-Ipswich Town,Everton,Brennan Johnson,22,WAL,AM,25-119,65,0,0,0,0,2,0,0,0,1,0,1,1,3,0,0,,,e7b28039
ENG-Premier League,2627,2026-09-19 Everton-Ipswich Town,Everton,Harrison Armstrong,45,ENG,DM,19-243,90,0,0,0,0,2,0,1,0,2,0,0,0,2,1,0,,,e7b28039
ENG-Premier League,2627,2026-09-19 Everton-Ipswich Town,Everton,Hayden Hackney,30,ENG,MF,24-085,1,0,0,0,0,0,0,0,0,0,0,0,0,0,0,0,,,e7b28039
ENG-Premier League,2627,2026-09-19 Everton-Ipswich Town,Everton,Jack Grealish,10,ENG,AM,31-009,78,0,0,0,0,0,0,0,0,0,2,0,2,0,0,0,,,e7b28039
ENG-Premier League,2627,2026-09-19 Everton-Ipswich Town,Everton,Jake O'Brien,15,IRL,DF,25-127,1,0,0,0,0,0,0,0,0,0,0,0,0,0,0,0,,,e7b28039
ENG-Premier League,2627,2026-09-19 Everton-Ipswich Town,Everton,James Garner,37,ENG,DM,25-190,90,0,0,0,0,2,0,0,0,0,0,0,5,0,1,0,,,e7b28039
ENG-Premier League,2627,2026-09-19 Everton-Ipswich Town,Everton,James Tarkowski,6,ENG,CB,33-304,90,0,1,0,0,1,0,0,0,0,3,0,0,1,4,0,,,e7b28039
ENG-Premier League,2627,2026-09-19 Everton-Ipswich Town,Everton,Jarrad Branthwaite,4,ENG,CB,24-084,90,0,0,0,0,0,0,0,0,1,1,0,0,0,2,0,,,e7b28039
ENG-Premier League,2627,2026-09-19 Everton-Ipswich Town,Everton,Jordan Pickford,1,ENG,GK,32-196,90,0,0,0,0,0,0,0,0,0,1,0,0,0,0,0,,,e7b28039
ENG-Premier League,2627,2026-09-19 Everton-Ipswich Town,Everton,Kiernan Dewsbury-Hall,8,ENG,AM,28-013,89,0,0,0,0,6,0,0,0,0,2,0,3,0,0,0,,,e7b28039
ENG-Premier League,2627,2026-09-19 Everton-Ipswich Town,Everton,Thierno Barry,11,FRA,FW,23-333,90,1,0,0,0,3,1,0,0,1,0,0,0,0,1,0,,,e7b28039
ENG-Premier League,2627,2026-09-19 Everton-Ipswich Town,Everton,Tyler Dibling,20,ENG,MF,20-191,25,0,0,0,0,3,1,0,0,0,0,0,1,0,0,0,,,e7b28039
ENG-Premier League,2627,2026-09-19 Everton-Ipswich Town,Everton,Tyrique George,19,ENG,FW,20-227,12,0,0,0,0,1,0,0,0,0,1,0,0,0,0,0,,,e7b28039
ENG-Premier League,2627,2026-09-19 Everton-Ipswich Town,Everton,Vitaliy Mykolenko,16,UKR,LB,27-113,90,0,0,0,0,1,0,1,0,1,0,0,2,3,1,0,,,e7b28039
ENG-Premier League,2627,2026-09-19 Everton-Ipswich Town,Ipswich Town,Abdoul Ouattara,42,FRA,RB,20-332,90,0,0,0,0,1,1,0,0,0,0,0,0,2,3,0,,,e7b28039
ENG-Premier League,2627,2026-09-19 Everton-Ipswich Town,Ipswich Town,Abdul Fatawu Issahaku,7,GHA,AM,22-195,66,0,0,0,0,2,1,2,1,2,1,0,4,0,2,0,,,e7b28039
ENG-Premier League,2627,2026-09-19 Everton-Ipswich Town,Ipswich Town,Christian Walton,28,ENG,GK,30-314,90,0,0,0,0,0,0,0,0,0,0,0,0,0,0,0,,,e7b28039
ENG-Premier League,2627,2026-09-19 Everton-Ipswich Town,Ipswich Town,Chuba Akpom,29,ENG,"FW,MF",30-345,10,0,0,0,0,1,0,0,0,0,0,0,0,0,0,0,,,e7b28039
ENG-Premier League,2627,2026-09-19 Everton-Ipswich Town,Ipswich Town,Daizen Maeda,38,JPN,"FW,MF",28-334,17,0,0,0,0,0,0,0,0,0,0,0,0,1,0,0,,,e7b28039
ENG-Premier League,2627,2026-09-19 Everton-Ipswich Town,Ipswich Town,Dara O'Shea,26,IRL,CB,27-199,90,0,0,0,0,0,0,0,0,0,0,0,0,0,2,0,,,e7b28039
ENG-Premier League,2627,2026-09-19 Everton-Ipswich Town,Ipswich Town,Emersonn,19,BRA,FW,22-065,80,0,0,0,0,2,1,0,0,0,0,0,0,1,0,0,,,e7b28039
ENG-Premier League,2627,2026-09-19 Everton-Ipswich Town,Ipswich Town,Exequiel Palacios,25,ARG,DM,27-349,80,0,0,0,0,0,0,0,0,1,1,0,1,1,1,0,,,e7b28039
ENG-Premier League,2627,2026-09-19 Everton-Ipswich Town,Ipswich Town,Florentino Luís,12,POR,MF,27-031,18,0,0,0,0,0,0,0,0,1,0,0,0,0,0,0,,,e7b28039
ENG-Premier League,2627,2026-09-19 Everton-Ipswich Town,Ipswich Town,Issa Diop,6,MAR,CB,29-253,90,0,0,0,0,1,0,0,0,1,1,0,0,0,2,0,,,e7b28039
ENG-Premier League,2627,2026-09-19 Everton-Ipswich Town,Ipswich Town,Jack Clarke,47,ENG,AM,25-300,65,0,0,0,0,0,0,0,0,0,0,0,1,0,1,0,,,e7b28039
ENG-Premier League,2627,2026-09-19 Everton-Ipswich Town,Ipswich Town,Jaden Philogene Bidace,11,ENG,"FW,MF",24-223,25,0,0,0,0,1,0,0,0,1,1,0,0,0,0,0,,,e7b28039
ENG-Premier League,2627,2026-09-19 Everton-Ipswich Town,Ipswich Town,Julio Enciso,10,PAR,AM,22-239,73,0,0,0,0,3,1,0,0,0,1,0,0,0,0,0,,,e7b28039
ENG-Premier League,2627,2026-09-19 Everton-Ipswich Town,Ipswich Town,Leif Davis,3,ENG,LB,26-262,90,0,0,0,0,1,0,0,0,1,1,0,4,0,1,0,,,e7b28039
ENG-Premier League,2627,2026-09-19 Everton-Ipswich Town,Ipswich Town,Saša Lukić,23,SRB,DM,30-037,72,0,0,0,0,0,0,0,0,3,0,0,2,1,1,0,,,e7b28039
ENG-Premier League,2627,2026-09-19 Everton-Ipswich Town,Ipswich Town,Zian Flemming,9,NED,"FW,MF",28-049,10,0,0,0,0,1,0,1,0,2,0,0,1,0,0,0,,,e7b28039
ENG-Premier League,2627,2026-09-19 Newcastle-Hull City,Hull City,Bachir Belloumi,10,ALG,RM,24-110,82,0,1,0,0,5,2,1,0,3,0,0,5,3,0,0,,,ba19c7c0
ENG-Premier League,2627,2026-09-19 Newcastle-Hull City,Hull City,Joe Gelhardt,11,ENG,"FW,MF",24-138,8,0,0,0,0,3,0,0,0,0,0,0,1,0,0,0,,,ba19c7c0
ENG-Premier League,2627,2026-09-19 Newcastle-Hull City,Hull City,John Egan,15,IRL,CB,33-334,77,0,0,0,0,1,1,0,0,0,0,0,0,1,0,0,,,ba19c7c0
ENG-Premier League,2627,2026-09-19 Newcastle-Hull City,Hull City,Kostas Tzolakis,19,GRE,GK,23-315,90,0,0,0,0,0,0,1,0,0,0,0,0,0,0,0,,,ba19c7c0
ENG-Premier League,2627,2026-09-19 Newcastle-Hull City,Hull City,Lewie Coyle,2,ENG,RB,30-339,90,0,0,0,0,0,0,0,0,0,0,0,3,1,1,0,,,ba19c7c0
ENG-Premier League,2627,2026-09-19 Newcastle-Hull City,Hull City,Lucas Gourna-Douath,29,FRA,MF,23-045,13,0,0,0,0,1,0,0,0,1,0,0,1,1,0,0,,,ba19c7c0
ENG-Premier League,2627,2026-09-19 Newcastle-Hull City,Hull City,Lucas Herrington,22,AUS,CB,19-014,90,0,0,0,0,1,0,0,0,0,0,0,0,1,1,0,,,ba19c7c0
ENG-Premier League,2627,2026-09-19 Newcastle-Hull City,Hull City,Matt Crooks,25,ENG,CM,32-242,45,0,0,0,0,0,0,1,0,0,0,0,1,2,0,0,,,ba19c7c0
ENG-Premier League,2627,2026-09-19 Newcastle-Hull City,Hull City,Mohamed Ali Cho,50,FRA,"FW,MF",22-243,28,1,0,0,0,1,1,0,0,1,0,1,2,0,0,0,,,ba19c7c0
ENG-Premier League,2627,2026-09-19 Newcastle-Hull City,Hull City,Oliver McBurnie,9,SCO,FW,30-107,90,0,0,0,0,4,0,1,0,2,2,0,0,0,1,0,,,ba19c7c0
ENG-Premier League,2627,2026-09-19 Newcastle-Hull City,Hull City,Regan Slater,27,ENG,CM,27-008,77,0,0,0,0,1,0,0,0,0,1,0,0,0,1,0,,,ba19c7c0
ENG-Premier League,2627,2026-09-19 Newcastle-Hull City,Hull City,Robinio Vaz,47,FRA,FW,19-214,13,0,0,0,0,0,0,0,0,0,1,0,1,0,0,0,,,ba19c7c0
ENG-Premier League,2627,2026-09-19 Newcastle-Hull City,Hull City,Ryan Giles,3,ENG,LB,26-236,90,0,0,0,0,0,0,1,0,1,0,0,15,0,1,0,,,ba19c7c0
ENG-Premier League,2627,2026-09-19 Newcastle-Hull City,Hull City,Semi Ajayi,6,NGA,CB,32-314,90,0,0,0,0,1,0,0,0,0,0,0,0,1,1,0,,,ba19c7c0
ENG-Premier League,2627,2026-09-19 Newcastle-Hull City,Hull City,Sorba Thomas,7,WAL,LM,27-028,62,0,0,0,0,2,0,0,0,1,0,0,4,0,0,0,,,ba19c7c0
ENG-Premier League,2627,2026-09-19 Newcastle-Hull City,Hull City,Tim Iroegbunam,42,ENG,MF,23-081,45,0,0,0,0,2,0,0,0,1,0,0,0,1,0,0,,,ba19c7c0
ENG-Premier League,2627,2026-09-19 Newcastle-Hull City,Newcastle United,Aladji Bamba,8,FRA,MF,20-067,4,0,0,0,0,0,0,0,0,0,0,0,0,0,0,0,,,ba19c7c0
ENG-Premier League,2627,2026-09-19 Newcastle-Hull City,Newcastle United,Bazoumana Touré,17,CIV,MF,20-201,17,0,0,0,0,0,0,0,0,0,0,1,0,0,0,0,,,ba19c7c0
ENG-Premier League,2627,2026-09-19 Newcastle-Hull City,Newcastle United,Fabian Schär,5,SUI,DF,34-273,25,0,0,0,0,0,0,0,0,1,0,0,1,0,0,0,,,ba19c7c0
ENG-Premier League,2627,2026-09-19 Newcastle-Hull City,Newcastle United,Harvey Barnes,11,ENG,AM,28-284,90,0,2,0,0,2,1,0,0,0,1,0,4,0,0,0,,,ba19c7c0
ENG-Premier League,2627,2026-09-19 Newcastle-Hull City,Newcastle United,Jacob Murphy,23,ENG,AM,31-207,90,0,0,0,0,2,0,1,0,0,2,0,4,2,0,0,,,ba19c7c0
ENG-Premier League,2627,2026-09-19 Newcastle-Hull City,Newcastle United,Joe Willock,28,ENG,DM,27-030,86,1,0,0,0,2,1,0,0,0,3,0,0,0,1,0,,,ba19c7c0
ENG-Premier League,2627,2026-09-19 Newcastle-Hull City,Newcastle United,Lewis Hall,3,ENG,LB,22-011,90,1,0,0,0,2,1,0,0,1,2,0,6,1,0,0,,,ba19c7c0
ENG-Premier League,2627,2026-09-19 Newcastle-Hull City,Newcastle United,Lewis Miley,67,ENG,RB,20-141,90,0,0,0,0,0,0,0,0,0,0,0,1,3,2,0,,,ba19c7c0
ENG-Premier League,2627,2026-09-19 Newcastle-Hull City,Newcastle United,Lukáš Horníček,21,CZE,GK,24-068,90,0,0,0,0,0,0,0,0,0,0,0,0,0,0,0,,,ba19c7c0
ENG-Premier League,2627,2026-09-19 Newcastle-Hull City,Newcastle United,Malick Thiaw,12,GER,CB,25-042,90,0,0,0,0,0,0,0,0,0,0,0,0,0,1,0,,,ba19c7c0
ENG-Premier League,2627,2026-09-19 Newcastle-Hull City,Newcastle United,Matias Fernandez-Pardo,20,BEL,FW,21-228,73,0,0,0,0,1,0,0,0,0,0,1,0,1,0,0,,,ba19c7c0
ENG-Premier League,2627,2026-09-19 Newcastle-Hull City,Newcastle United,Sean Steur,14,NED,DM,18-251,65,0,0,0,0,0,0,0,0,0,0,0,0,2,0,0,,,ba19c7c0
ENG-Premier League,2627,2026-09-19 Newcastle-Hull City,Newcastle United,Sven Botman,4,NED,CB,26-250,90,0,0,0,0,1,1,0,0,1,1,0,0,1,3,0,,,ba19c7c0
ENG-Premier League,2627,2026-09-19 Newcastle-Hull City,Newcastle United,Yoane Wissa,9,COD,AM,30-016,90,0,0,0,1,2,1,0,0,1,1,0,0,0,0,0,,,ba19c7c0
ENG-Premier League,2627,2026-09-19 Nottingham-Coventry City,Coventry City,Bobby Thomas,4,ENG,CB,25-232,90,0,0,0,0,1,0,0,0,1,1,0,0,0,2,0,,,28be67e1
ENG-Premier League,2627,2026-09-19 Nottingham-Coventry City,Coventry City,Brandon Thomas-Asante,23,GHA,FW,27-264,90,0,0,0,0,3,1,0,0,0,4,0,1,0,4,0,,,28be67e1
ENG-Premier League,2627,2026-09-19 Nottingham-Coventry City,Coventry City,Caleb Yirenkyi,8,GHA,DM,20-247,89,0,0,0,0,0,0,0,0,5,1,0,1,0,0,0,,,28be67e1
ENG-Premier League,2627,2026-09-19 Nottingham-Coventry City,Coventry City,Carl Rushworth,19,ENG,GK,25-079,90,0,1,0,0,0,0,0,0,0,0,0,0,0,0,0,,,28be67e1
ENG-Premier League,2627,2026-09-19 Nottingham-Coventry City,Coventry City,Ellis Simms,9,ENG,FW,25-257,17,0,0,0,0,0,0,0,0,0,0,0,0,0,0,0,,,28be67e1
ENG-Premier League,2627,2026-09-19 Nottingham-Coventry City,Coventry City,Ephron Mason-Clark,10,JAM,AM,27-025,45,0,0,0,0,1,0,0,0,0,1,1,1,0,0,0,,,28be67e1
ENG-Premier League,2627,2026-09-19 Nottingham-Coventry City,Coventry City,Ethan Pinnock,2,JAM,CB,33-113,90,0,0,0,0,0,0,0,0,0,0,0,0,0,2,0,,,28be67e1
ENG-Premier League,2627,2026-09-19 Nottingham-Coventry City,Coventry City,Frank Onyeka,16,NGA,DM,28-261,90,0,0,0,0,0,0,0,0,1,1,0,1,1,2,0,,,28be67e1
ENG-Premier League,2627,2026-09-19 Nottingham-Coventry City,Coventry City,Jack Rudoni,5,ENG,AM,26-116,73,0,0,0,0,1,0,0,0,0,2,0,5,1,1,0,,,28be67e1
ENG-Premier League,2627,2026-09-19 Nottingham-Coventry City,Coventry City,Jay Dasilva,3,WAL,DM,28-150,90,1,0,0,0,2,1,0,0,1,0,0,2,0,2,0,,,28be67e1
ENG-Premier League,2627,2026-09-19 Nottingham-Coventry City,Coventry City,Joël Latibeaudière,22,JAM,"DF,MF",26-256,1,0,0,0,0,0,0,0,0,0,0,0,0,0,0,0,,,28be67e1
ENG-Premier League,2627,2026-09-19 Nottingham-Coventry City,Coventry City,Loum Tchaouna,17,FRA,"FW,MF",23-011,45,0,0,0,0,1,1,0,0,0,1,1,0,0,0,0,,,28be67e1
ENG-Premier League,2627,2026-09-19 Nottingham-Coventry City,Coventry City,Matt Grimes,6,ENG,DM,31-066,90,0,0,0,0,1,0,0,0,1,1,0,3,2,1,0,,,28be67e1
ENG-Premier League,2627,2026-09-19 Nottingham-Coventry City,Coventry City,Stephen Mfuni,12,ENG,CB,18-219,90,0,0,0,0,0,0,0,0,1,0,0,0,1,1,0,,,28be67e1
ENG-Premier League,2627,2026-09-19 Nottingham-Coventry City,Nottingham Forest,Chris Wood,9,NZL,FW,34-286,18,0,0,0,0,0,0,0,0,0,0,0,0,0,0,0,,,28be67e1
ENG-Premier League,2627,2026-09-19 Nottingham-Coventry City,Nottingham Forest,Dan Ndoye,14,SUI,AM,25-329,58,0,0,0,0,3,0,0,0,0,1,1,1,0,0,0,,,28be67e1
ENG-Premier League,2627,2026-09-19 Nottingham-Coventry City,Nottingham Forest,Daniel Muñoz,27,COL,DM,30-116,82,0,0,0,0,2,0,0,0,1,0,0,1,0,0,0,,,28be67e1
ENG-Premier League,2627,2026-09-19 Nottingham-Coventry City,Nottingham Forest,Ibrahim Sangaré,6,CIV,MF,28-291,8,0,0,0,0,0,0,0,0,0,0,0,2,0,0,0,,,28be67e1
ENG-Premier League,2627,2026-09-19 Nottingham-Coventry City,Nottingham Forest,Igor Jesus,11,BRA,FW,25-206,32,0,0,0,0,2,1,0,0,1,1,0,1,0,0,0,,,28be67e1
ENG-Premier League,2627,2026-09-19 Nottingham-Coventry City,Nottingham Forest,Jair Cunha,23,BRA,CB,21-196,90,0,0,0,0,1,0,1,0,3,0,0,2,1,0,0,,,28be67e1
ENG-Premier League,2627,2026-09-19 Nottingham-Coventry City,Nottingham Forest,James Mcatee,24,ENG,DM,23-336,82,0,0,0,0,4,1,0,0,0,0,0,7,1,0,0,,,28be67e1
ENG-Premier League,2627,2026-09-19 Nottingham-Coventry City,Nottingham Forest,Liam Delap,19,ENG,FW,23-223,90,0,0,0,0,4,0,1,0,2,2,0,1,1,0,0,,,28be67e1
ENG-Premier League,2627,2026-09-19 Nottingham-Coventry City,Nottingham Forest,Luca Netz,25,GER,"DF,MF",23-127,8,0,0,0,0,0,0,0,0,0,0,0,2,0,0,0,,,28be67e1
ENG-Premier League,2627,2026-09-19 Nottingham-Coventry City,Nottingham Forest,Matz Sels,26,BEL,GK,34-205,90,0,0,0,0,0,0,0,0,0,0,0,0,0,0,0,,,28be67e1
ENG-Premier League,2627,2026-09-19 Nottingham-Coventry City,Nottingham Forest,Morgan Gibbs-White,10,ENG,AM,26-235,90,0,0,0,0,0,0,0,0,0,3,0,6,0,0,0,,,28be67e1
ENG-Premier League,2627,2026-09-19 Nottingham-Coventry City,Nottingham Forest,Murillo,5,BRA,CB,24-077,90,0,0,0,0,2,0,0,0,0,1,0,0,1,3,0,,,28be67e1
ENG-Premier League,2627,2026-09-19 Nottingham-Coventry City,Nottingham Forest,Neco Williams,3,WAL,DM,25-159,90,0,0,0,0,3,1,0,0,1,2,0,9,1,0,0,,,28be67e1
ENG-Premier League,2627,2026-09-19 Nottingham-Coventry City,Nottingham Forest,Ousmane Diomande,2,CIV,CB,22-289,72,0,0,0,0,1,0,0,0,3,0,1,0,0,0,0,,,28be67e1
ENG-Premier League,2627,2026-09-19 Nottingham-Coventry City,Nottingham Forest,Xaver Schlager,21,AUT,DM,28-356,90,0,0,0,0,2,0,0,0,1,0,0,0,2,0,0,,,28be67e1
ENG-Premier League,2627,2026-09-19 Tottenham-Aston Villa,Aston Villa,Aaron Wan-Bissaka,29,COD,RB,28-297,45,0,0,0,0,0,0,0,0,0,0,0,0,1,2,0,,,d5511bbc
ENG-Premier League,2627,2026-09-19 Tottenham-Aston Villa,Aston Villa,Boubacar Kamara,8,FRA,DM,26-300,83,0,1,0,0,1,0,0,0,2,0,0,0,2,0,0,,,d5511bbc
ENG-Premier League,2627,2026-09-19 Tottenham-Aston Villa,Aston Villa,Emi Buendía,10,ARG,AM,29-268,90,1,0,0,0,3,2,0,0,1,1,0,1,4,2,0,,,d5511bbc
ENG-Premier League,2627,2026-09-19 Tottenham-Aston Villa,Aston Villa,George Hemmings,53,ENG,MF,19-199,19,0,0,0,0,0,0,0,0,1,0,0,0,0,0,0,,,d5511bbc
ENG-Premier League,2627,2026-09-19 Tottenham-Aston Villa,Aston Villa,Ibrahim Mbaye,19,SEN,FW,18-238,7,0,0,0,0,0,0,0,0,1,0,0,0,0,0,0,,,d5511bbc
ENG-Premier League,2627,2026-09-19 Tottenham-Aston Villa,Aston Villa,Johan Manzambi,44,SUI,AM,20-340,71,1,1,0,0,4,2,0,0,0,2,0,0,0,0,0,,,d5511bbc
ENG-Premier League,2627,2026-09-19 Tottenham-Aston Villa,Aston Villa,John McGinn,7,SCO,AM,31-336,83,0,1,0,0,0,0,0,0,1,1,0,2,0,1,0,,,d5511bbc
ENG-Premier League,2627,2026-09-19 Tottenham-Aston Villa,Aston Villa,João Gomes,35,BRA,DM,25-219,90,0,0,0,0,0,0,0,0,3,1,0,0,2,3,0,,,d5511bbc
ENG-Premier League,2627,2026-09-19 Tottenham-Aston Villa,Aston Villa,Matteo Ruggeri,13,ITA,LB,24-070,90,0,0,0,0,1,0,0,0,0,1,0,2,0,5,0,,,d5511bbc
ENG-Premier League,2627,2026-09-19 Tottenham-Aston Villa,Aston Villa,Matty Cash,2,POL,"DF,MF",29-043,45,0,0,0,0,0,0,1,0,1,1,0,0,0,0,0,,,d5511bbc
ENG-Premier League,2627,2026-09-19 Tottenham-Aston Villa,Aston Villa,Nicolas Jackson,11,SEN,FW,25-091,87,1,0,0,0,6,2,1,0,1,1,2,1,0,0,0,,,d5511bbc
ENG-Premier League,2627,2026-09-19 Tottenham-Aston Villa,Aston Villa,Ross Barkley,6,ENG,MF,32-288,7,0,0,0,0,0,0,0,0,1,0,0,0,0,0,0,,,d5511bbc
ENG-Premier League,2627,2026-09-19 Tottenham-Aston Villa,Aston Villa,Tammy Abraham,18,ENG,FW,28-352,3,0,0,0,0,0,0,0,0,0,0,0,0,0,0,0,,,d5511bbc
ENG-Premier League,2627,2026-09-19 Tottenham-Aston Villa,Aston Villa,Tyrone Mings,5,ENG,CB,33-190,90,0,0,0,0,0,0,0,0,1,0,0,0,1,1,0,,,d5511bbc
ENG-Premier League,2627,2026-09-19 Tottenham-Aston Villa,Aston Villa,Victor Lindelöf,3,SWE,CB,32-064,90,0,0,0,0,0,0,0,0,0,0,0,0,0,1,0,,,d5511bbc
ENG-Premier League,2627,2026-09-19 Tottenham-Aston Villa,Aston Villa,Zion Suzuki,1,JPN,GK,24-029,90,0,0,0,0,0,0,0,0,0,0,0,0,0,0,0,,,d5511bbc
ENG-Premier League,2627,2026-09-19 Tottenham-Aston Villa,Tottenham Hotspur,Andy Robertson,3,SCO,LB,32-192,90,0,1,0,0,0,0,0,0,1,0,3,7,2,0,0,,,d5511bbc
ENG-Premier League,2627,2026-09-19 Tottenham-Aston Villa,Tottenham Hotspur,Antonín Kinský,31,CZE,GK,23-190,90,0,0,0,0,0,0,0,0,0,0,0,0,0,0,0,,,d5511bbc
ENG-Premier League,2627,2026-09-19 Tottenham-Aston Villa,Tottenham Hotspur,Archie Gray,14,ENG,"DF,MF",20-191,72,0,0,0,0,1,1,0,0,1,1,0,0,1,0,0,,,d5511bbc
ENG-Premier League,2627,2026-09-19 Tottenham-Aston Villa,Tottenham Hotspur,Conor Gallagher,8,ENG,MF,26-225,7,1,0,0,0,1,1,0,0,1,0,0,0,1,0,0,,,d5511bbc
ENG-Premier League,2627,2026-09-19 Tottenham-Aston Villa,Tottenham Hotspur,Dominic Solanke,19,ENG,FW,29-005,65,0,0,0,0,2,0,0,0,0,0,0,0,1,0,0,,,d5511bbc
ENG-Premier League,2627,2026-09-19 Tottenham-Aston Villa,Tottenham Hotspur,James Maddison,10,ENG,"FW,MF",29-300,25,0,0,0,0,2,1,0,0,0,1,0,2,2,0,0,,,d5511bbc
ENG-Premier League,2627,2026-09-19 Tottenham-Aston Villa,Tottenham Hotspur,Jan Paul van Hecke,6,NED,CB,26-103,90,1,0,0,0,1,1,1,0,1,0,0,3,0,2,0,,,d5511bbc
ENG-Premier League,2627,2026-09-19 Tottenham-Aston Villa,Tottenham Hotspur,Lucas Bergvall,15,SWE,MF,20-229,7,0,0,0,0,0,0,0,0,0,0,0,0,0,0,0,,,d5511bbc
ENG-Premier League,2627,2026-09-19 Tottenham-Aston Villa,Tottenham Hotspur,Mateus Fernandes,18,POR,AM,22-071,45,0,0,0,0,2,0,0,0,1,0,0,1,1,2,0,,,d5511bbc
ENG-Premier League,2627,2026-09-19 Tottenham-Aston Villa,Tottenham Hotspur,Micky van de Ven,37,NED,CB,25-153,90,0,0,0,0,1,0,0,0,0,4,0,0,1,1,0,,,d5511bbc
ENG-Premier League,2627,2026-09-19 Tottenham-Aston Villa,Tottenham Hotspur,Mohammed Kudus,20,GHA,"FW,MF",26-048,45,0,1,0,0,2,0,0,0,0,2,1,2,1,0,0,,,d5511bbc
ENG-Premier League,2627,2026-09-19 Tottenham-Aston Villa,Tottenham Hotspur,Omar Marmoush,22,EGY,AM,27-224,90,0,0,0,0,1,0,0,0,1,1,1,3,1,0,0,,,d5511bbc
ENG-Premier League,2627,2026-09-19 Tottenham-Aston Villa,Tottenham Hotspur,Pedro Porro,23,ESP,RB,27-006,18,0,0,0,0,1,0,0,0,0,0,0,1,1,0,0,,,d5511bbc
ENG-Premier League,2627,2026-09-19 Tottenham-Aston Villa,Tottenham Hotspur,Rodrigo Bentancur,30,URU,DM,29-086,83,0,0,0,0,0,0,0,0,1,1,0,0,1,2,0,,,d5511bbc
ENG-Premier League,2627,2026-09-19 Tottenham-Aston Villa,Tottenham Hotspur,Sandro Tonali,16,ITA,DM,26-134,83,0,0,0,0,3,0,0,0,0,1,0,0,2,1,0,,,d5511bbc
ENG-Premier League,2627,2026-09-19 Tottenham-Aston Villa,Tottenham Hotspur,Sávio,17,BRA,AM,22-162,90,0,0,0,0,3,3,0,0,2,2,0,11,0,2,0,,,d5511bbc
ENG-Premier League,2627,2026-09-20 Bournemouth-Liverpool,Bournemouth,Adam Smith,15,ENG,RB,35-144,74,0,0,0,0,0,0,0,0,1,2,0,0,0,0,0,,,47396732
ENG-Premier League,2627,2026-09-20 Bournemouth-Liverpool,Bournemouth,Adrien Truffert,3,FRA,LB,24-304,90,0,0,0,0,1,0,0,0,3,0,0,7,1,0,0,,,47396732
ENG-Premier League,2627,2026-09-20 Bournemouth-Liverpool,Bournemouth,Alex Scott,8,ENG,DM,23-030,90,0,0,0,0,2,0,0,0,1,5,0,4,0,0,0,,,47396732
ENG-Premier League,2627,2026-09-20 Bournemouth-Liverpool,Bournemouth,Alex Tóth,27,HUN,MF,20-332,3,0,0,0,0,0,0,0,0,0,0,0,0,0,0,0,,,47396732
ENG-Premier League,2627,2026-09-20 Bournemouth-Liverpool,Bournemouth,António Silva,14,POR,CB,22-325,90,0,0,0,0,0,0,1,0,1,0,0,0,1,2,0,,,47396732
ENG-Premier League,2627,2026-09-20 Bournemouth-Liverpool,Bournemouth,Ben Gannon-Doak,11,SCO,MF,20-313,3,0,0,0,0,0,0,0,0,0,0,0,0,0,0,0,,,47396732
ENG-Premier League,2627,2026-09-20 Bournemouth-Liverpool,Bournemouth,Daniel Jebbison,29,CAN,FW,23-038,16,0,0,0,0,0,0,0,0,0,0,0,2,0,0,0,,,47396732
ENG-Premier League,2627,2026-09-20 Bournemouth-Liverpool,Bournemouth,David Brooks,7,WAL,"FW,MF",29-074,16,0,0,0,0,0,0,0,0,0,0,1,1,0,0,0,,,47396732
ENG-Premier League,2627,2026-09-20 Bournemouth-Liverpool,Bournemouth,Evanilson,9,BRA,FW,26-349,90,0,0,0,0,2,2,0,0,2,2,2,0,2,0,0,,,47396732
ENG-Premier League,2627,2026-09-20 Bournemouth-Liverpool,Bournemouth,James Hill,5,ENG,CB,24-253,90,0,0,0,0,0,0,0,0,0,0,0,1,2,1,0,,,47396732
ENG-Premier League,2627,2026-09-20 Bournemouth-Liverpool,Bournemouth,Lewis Cook,4,ENG,MF,29-229,16,0,0,0,0,0,0,0,0,0,0,0,0,0,0,0,,,47396732
ENG-Premier League,2627,2026-09-20 Bournemouth-Liverpool,Bournemouth,Marcus Tavernier,16,ENG,AM,27-182,74,0,0,0,0,0,0,0,0,0,0,0,7,2,0,0,,,47396732
ENG-Premier League,2627,2026-09-20 Bournemouth-Liverpool,Bournemouth,Rayan,37,BRA,AM,20-048,87,0,0,0,0,0,0,0,0,0,2,0,4,2,1,0,,,47396732
ENG-Premier League,2627,2026-09-20 Bournemouth-Liverpool,Bournemouth,Ryan Christie,10,SCO,AM,31-210,74,0,0,0,0,4,0,0,0,0,0,1,1,0,0,0,,,47396732
ENG-Premier League,2627,2026-09-20 Bournemouth-Liverpool,Bournemouth,Tyler Adams,12,USA,DM,27-218,87,0,0,0,0,0,0,0,0,3,0,0,0,1,2,0,,,47396732
ENG-Premier League,2627,2026-09-20 Bournemouth-Liverpool,Bournemouth,Đorđe Petrović,1,SRB,GK,26-347,90,0,0,0,0,0,0,0,0,0,0,0,0,0,0,0,,,47396732
ENG-Premier League,2627,2026-09-20 Bournemouth-Liverpool,Liverpool,Alexander Isak,9,SWE,FW,26-364,80,1,0,0,0,3,1,1,0,0,0,1,1,0,1,0,,,47396732
ENG-Premier League,2627,2026-09-20 Bournemouth-Liverpool,Liverpool,Alexis Mac Allister,10,ARG,DM,27-270,90,0,0,0,0,0,0,0,0,1,2,0,2,2,0,0,,,47396732
ENG-Premier League,2627,2026-09-20 Bournemouth-Liverpool,Liverpool,Alisson,1,BRA,GK,33-353,90,0,0,0,0,0,0,0,0,0,0,0,0,0,0,0,,,47396732
ENG-Premier League,2627,2026-09-20 Bournemouth-Liverpool,Liverpool,Bradley Barcola,29,FRA,AM,24-018,71,0,0,0,0,1,1,0,0,0,0,1,0,0,0,0,,,47396732
ENG-Premier League,2627,2026-09-20 Bournemouth-Liverpool,Liverpool,Cody Gakpo,18,NED,AM,27-136,90,0,0,0,0,2,0,0,0,2,1,0,1,1,2,0,,,47396732
ENG-Premier League,2627,2026-09-20 Bournemouth-Liverpool,Liverpool,Dominik Szoboszlai,8,HUN,DM,25-330,80,0,0,0,0,2,0,1,0,2,0,0,3,1,0,0,,,47396732
ENG-Premier League,2627,2026-09-20 Bournemouth-Liverpool,Liverpool,Florian Wirtz,7,GER,AM,23-140,70,0,0,0,0,2,0,0,0,1,2,0,1,1,0,0,,,47396732
ENG-Premier League,2627,2026-09-20 Bournemouth-Liverpool,Liverpool,Jérémy Jacquet,5,FRA,CB,21-069,90,0,0,0,0,0,0,0,0,1,0,0,0,1,2,0,,,47396732
ENG-Premier League,2627,2026-09-20 Bournemouth-Liverpool,Liverpool,Lewis Koumas,67,WAL,"FW,MF",21-001,10,0,0,0,0,1,1,0,0,0,2,0,0,0,0,0,,,47396732
ENG-Premier League,2627,2026-09-20 Bournemouth-Liverpool,Liverpool,Milos Kerkez,6,HUN,LB,22-317,90,0,0,0,0,1,0,0,0,4,1,0,2,1,0,0,,,47396732
ENG-Premier League,2627,2026-09-20 Bournemouth-Liverpool,Liverpool,Ronald Araújo,33,URU,RB,27-197,90,0,0,0,0,0,0,0,0,0,0,0,3,2,1,0,,,47396732
ENG-Premier League,2627,2026-09-20 Bournemouth-Liverpool,Liverpool,Ryan Gravenberch,38,NED,MF,24-127,10,0,0,0,0,0,0,0,0,1,1,0,0,0,0,0,,,47396732
ENG-Premier League,2627,2026-09-20 Bournemouth-Liverpool,Liverpool,Trey Nyoni,42,ENG,MF,19-082,20,0,0,0,0,0,0,0,0,1,0,0,0,0,1,0,,,47396732
ENG-Premier League,2627,2026-09-20 Bournemouth-Liverpool,Liverpool,Virgil van Dijk,4,NED,CB,35-074,90,0,0,0,0,0,0,0,0,0,0,0,0,0,1,0,,,47396732
ENG-Premier League,2627,2026-09-20 Bournemouth-Liverpool,Liverpool,Víctor Muñoz,23,ESP,MF,23-069,19,0,0,0,0,0,0,0,0,0,1,0,0,1,0,0,,,47396732
ENG-Premier League,2627,2026-09-20 Fulham-Manchester Utd,Fulham,Alex Iwobi,17,NGA,AM,30-140,70,0,0,0,0,2,1,0,0,0,0,0,2,1,0,0,,,c354315b
ENG-Premier League,2627,2026-09-20 Fulham-Manchester Utd,Fulham,Antonee Robinson,33,USA,LB,29-043,90,0,0,0,0,0,0,0,0,1,2,1,3,2,1,0,,,c354315b
ENG-Premier League,2627,2026-09-20 Fulham-Manchester Utd,Fulham,Bernd Leno,1,GER,GK,34-200,90,0,0,0,0,0,0,0,0,0,0,0,0,0,0,0,,,c354315b
ENG-Premier League,2627,2026-09-20 Fulham-Manchester Utd,Fulham,Calvin Bassey,3,NGA,CB,26-263,90,0,0,0,0,1,1,0,0,1,1,0,0,1,1,0,,,c354315b
ENG-Premier League,2627,2026-09-20 Fulham-Manchester Utd,Fulham,César Palacios,8,ESP,MF,21-313,20,0,0,0,0,0,0,0,0,1,0,0,1,1,0,0,,,c354315b
ENG-Premier League,2627,2026-09-20 Fulham-Manchester Utd,Fulham,David Affengruber,22,AUT,CB,25-185,90,0,0,0,0,0,0,0,0,0,0,0,0,2,0,0,,,c354315b
ENG-Premier League,2627,2026-09-20 Fulham-Manchester Utd,Fulham,Gonzalo García,7,ESP,FW,22-180,79,0,0,0,0,3,0,0,0,1,0,0,0,0,0,0,,,c354315b
ENG-Premier League,2627,2026-09-20 Fulham-Manchester Utd,Fulham,Hugo Larsson,15,SWE,MF,22-085,14,0,0,0,0,0,0,0,0,0,0,0,0,0,0,0,,,c354315b
ENG-Premier League,2627,2026-09-20 Fulham-Manchester Utd,Fulham,Joachim Andersen,5,DEN,DF,30-112,11,0,0,0,0,0,0,0,0,0,0,0,0,0,0,0,,,c354315b
ENG-Premier League,2627,2026-09-20 Fulham-Manchester Utd,Fulham,Joshua King,24,ENG,AM,19-260,79,0,0,0,0,3,2,1,0,2,1,0,0,0,0,0,,,c354315b
ENG-Premier League,2627,2026-09-20 Fulham-Manchester Utd,Fulham,Kevin,11,BRA,MF,23-259,20,0,0,0,0,1,1,0,0,0,0,0,0,0,1,0,,,c354315b
ENG-Premier League,2627,2026-09-20 Fulham-Manchester Utd,Fulham,Oscar Bobb,14,NOR,AM,23-070,70,0,0,0,0,1,0,0,0,0,0,0,3,0,1,0,,,c354315b
ENG-Premier League,2627,2026-09-20 Fulham-Manchester Utd,Fulham,Rodrigo Muniz,9,BRA,FW,25-139,11,0,0,0,0,0,0,1,0,1,0,0,0,0,0,0,,,c354315b
ENG-Premier League,2627,2026-09-20 Fulham-Manchester Utd,Fulham,Sander Berge,16,NOR,DM,28-218,76,0,0,0,0,1,1,0,0,0,1,0,0,0,0,0,,,c354315b
ENG-Premier League,2627,2026-09-20 Fulham-Manchester Utd,Fulham,Shea Charles,19,NIR,DM,22-319,90,0,0,0,0,0,0,0,0,0,0,0,1,1,2,0,,,c354315b
ENG-Premier League,2627,2026-09-20 Fulham-Manchester Utd,Fulham,Timothy Castagne,21,BEL,RB,30-289,90,0,0,0,0,0,0,1,0,2,0,0,0,0,0,0,,,c354315b
ENG-Premier League,2627,2026-09-20 Fulham-Manchester Utd,Manchester United,Bruno Fernandes,8,POR,AM,32-012,90,0,0,0,0,3,0,0,0,0,0,0,12,1,0,0,,,c354315b
ENG-Premier League,2627,2026-09-20 Fulham-Manchester Utd,Manchester United,Bryan Mbeumo,19,CMR,AM,27-044,90,0,0,0,0,5,1,0,0,1,1,0,6,1,1,0,,,c354315b
ENG-Premier League,2627,2026-09-20 Fulham-Manchester Utd,Manchester United,Diogo Dalot,2,POR,RB,27-186,90,0,0,0,0,2,0,0,0,0,1,0,2,1,0,0,,,c354315b
ENG-Premier League,2627,2026-09-20 Fulham-Manchester Utd,Manchester United,Harry Maguire,5,ENG,CB,33-199,90,0,0,0,0,1,0,0,0,0,3,0,2,1,1,0,,,c354315b
ENG-Premier League,2627,2026-09-20 Fulham-Manchester Utd,Manchester United,Joshua Zirkzee,11,NED,FW,25-121,14,0,0,0,0,0,0,0,0,0,0,0,0,0,0,0,,,c354315b
ENG-Premier League,2627,2026-09-20 Fulham-Manchester Utd,Manchester United,Kobbie Mainoo,37,ENG,DM,21-154,79,0,0,0,0,1,0,0,0,1,0,0,0,1,1,0,,,c354315b
ENG-Premier League,2627,2026-09-20 Fulham-Manchester Utd,Manchester United,Lisandro Martínez,6,ARG,CB,28-245,90,0,0,0,0,4,1,0,0,0,0,0,0,0,1,1,,,c354315b
ENG-Premier League,2627,2026-09-20 Fulham-Manchester Utd,Manchester United,Luke Shaw,23,ENG,LB,31-070,83,0,0,0,0,1,0,0,0,0,0,0,1,0,2,0,,,c354315b
ENG-Premier League,2627,2026-09-20 Fulham-Manchester Utd,Manchester United,Marcus Rashford,9,ENG,AM,28-324,76,0,0,0,0,6,2,0,0,0,2,2,3,0,0,0,,,c354315b
ENG-Premier League,2627,2026-09-20 Fulham-Manchester Utd,Manchester United,Mason Mount,7,ENG,MF,27-253,11,0,0,0,0,1,0,0,0,0,0,0,0,0,0,0,,,c354315b
ENG-Premier League,2627,2026-09-20 Fulham-Manchester Utd,Manchester United,Matheus Cunha,10,BRA,FW,27-116,90,1,0,0,0,3,2,0,0,3,0,0,2,0,1,0,,,c354315b
ENG-Premier League,2627,2026-09-20 Fulham-Manchester Utd,Manchester United,Patrick Dorgu,13,DEN,"DF,MF",21-329,7,0,1,0,0,1,0,0,0,0,0,0,1,0,0,0,,,c354315b
ENG-Premier League,2627,2026-09-20 Fulham-Manchester Utd,Manchester United,Senne Lammens,1,BEL,GK,24-075,90,0,0,0,0,0,0,0,0,0,0,0,0,0,0,0,,,c354315b
ENG-Premier League,2627,2026-09-20 Fulham-Manchester Utd,Manchester United,Youri Tielemans,18,BEL,DM,29-136,90,0,0,0,0,1,0,0,0,0,1,0,2,3,2,0,,,c354315b
ENG-Premier League,2627,2026-09-20 Leeds United-Crystal Palace,Crystal Palace,Adam Wharton,20,ENG,DM,22-226,90,0,0,0,0,3,1,1,0,1,2,0,1,1,2,0,,,5f73af8d
ENG-Premier League,2627,2026-09-20 Leeds United-Crystal Palace,Crystal Palace,Anan Khalaili,25,ISR,DM,22-017,90,0,0,0,0,0,0,0,0,1,0,1,1,1,1,0,,,5f73af8d
ENG-Premier League,2627,2026-09-20 Leeds United-Crystal Palace,Crystal Palace,Chris Richards,26,USA,CB,26-176,90,0,0,0,0,0,0,0,0,0,0,0,1,1,0,0,,,5f73af8d
ENG-Premier League,2627,2026-09-20 Leeds United-Crystal Palace,Crystal Palace,Daichi Kamada,18,JPN,AM,30-046,90,0,0,0,0,3,1,0,0,0,1,0,1,1,0,0,,,5f73af8d
ENG-Premier League,2627,2026-09-20 Leeds United-Crystal Palace,Crystal Palace,Eddie Nketiah,9,ENG,FW,27-113,9,0,0,0,0,0,0,0,0,1,0,0,0,0,0,0,,,5f73af8d
ENG-Premier League,2627,2026-09-20 Leeds United-Crystal Palace,Crystal Palace,Ismaila Sarr,7,SEN,"FW,MF",28-207,9,0,0,0,0,0,0,0,0,0,0,0,0,0,0,0,,,5f73af8d
ENG-Premier League,2627,2026-09-20 Leeds United-Crystal Palace,Crystal Palace,Jaydee Canvot,6,FRA,CB,20-053,90,0,0,0,0,0,0,0,0,2,0,0,1,0,3,0,,,5f73af8d
ENG-Premier League,2627,2026-09-20 Leeds United-Crystal Palace,Crystal Palace,Jefferson Lerma,8,COL,"DF,MF",31-330,45,0,0,0,0,1,0,1,0,2,1,0,0,2,1,0,,,5f73af8d
ENG-Premier League,2627,2026-09-20 Leeds United-Crystal Palace,Crystal Palace,Jørgen Strand Larsen,22,NOR,FW,26-226,81,0,0,0,0,1,1,0,0,0,1,1,0,0,0,0,,,5f73af8d
ENG-Premier League,2627,2026-09-20 Leeds United-Crystal Palace,Crystal Palace,Quinten Timber,23,NED,DM,25-095,90,0,0,0,0,2,0,0,0,2,2,0,1,1,1,0,,,5f73af8d
ENG-Premier League,2627,2026-09-20 Leeds United-Crystal Palace,Crystal Palace,Takehiro Tomiyasu,17,JPN,CB,27-319,45,0,0,0,0,0,0,0,0,1,0,0,0,0,0,0,,,5f73af8d
ENG-Premier League,2627,2026-09-20 Leeds United-Crystal Palace,Crystal Palace,Tyrick Mitchell,3,ENG,DM,27-019,90,0,0,0,0,0,0,0,0,1,0,0,1,4,0,0,,,5f73af8d
ENG-Premier League,2627,2026-09-20 Leeds United-Crystal Palace,Crystal Palace,Walter Benítez,44,ARG,GK,33-244,90,0,0,0,0,0,0,0,0,0,0,0,0,0,0,0,,,5f73af8d
ENG-Premier League,2627,2026-09-20 Leeds United-Crystal Palace,Crystal Palace,Yéremy Pino,10,ESP,AM,23-335,81,0,0,0,0,2,1,1,0,1,2,0,3,0,0,0,,,5f73af8d
ENG-Premier League,2627,2026-09-20 Leeds United-Crystal Palace,Leeds United,Anton Stach,18,GER,AM,27-309,90,0,0,0,0,1,0,0,0,3,2,0,7,1,3,0,,,5f73af8d
ENG-Premier League,2627,2026-09-20 Leeds United-Crystal Palace,Leeds United,Ao Tanaka,22,JPN,DM,28-010,67,0,0,0,0,2,0,1,0,3,1,1,0,1,1,0,,,5f73af8d
ENG-Premier League,2627,2026-09-20 Leeds United-Crystal Palace,Leeds United,Brenden Aaronson,11,USA,"FW,MF",25-333,23,0,0,0,0,0,0,0,0,1,0,0,0,1,0,0,,,5f73af8d
ENG-Premier League,2627,2026-09-20 Leeds United-Crystal Palace,Leeds United,Daniel James,7,WAL,"FW,MF",28-314,24,0,0,0,0,0,0,0,0,0,0,0,1,0,0,0,,,5f73af8d
ENG-Premier League,2627,2026-09-20 Leeds United-Crystal Palace,Leeds United,Dominic Calvert-Lewin,9,ENG,FW,29-188,90,0,0,0,0,1,1,0,0,1,1,0,0,0,0,0,,,5f73af8d
ENG-Premier League,2627,2026-09-20 Leeds United-Crystal Palace,Leeds United,Ethan Ampadu,4,WAL,DM,26-006,90,0,0,0,0,0,0,0,0,0,1,1,0,2,2,0,,,5f73af8d
ENG-Premier League,2627,2026-09-20 Leeds United-Crystal Palace,Leeds United,Gabriel Gudmundsson,3,SWE,DM,27-144,89,0,0,0,0,0,0,0,0,0,1,0,4,1,2,0,,,5f73af8d
ENG-Premier League,2627,2026-09-20 Leeds United-Crystal Palace,Leeds United,James Justin,24,ENG,CB,28-209,90,0,0,0,0,1,0,0,0,0,2,0,2,1,4,0,,,5f73af8d
ENG-Premier League,2627,2026-09-20 Leeds United-Crystal Palace,Leeds United,James Trafford,1,ENG,GK,23-345,90,0,0,0,0,0,0,0,0,0,0,0,0,0,0,0,,,5f73af8d
ENG-Premier League,2627,2026-09-20 Leeds United-Crystal Palace,Leeds United,Jayden Bogle,2,ENG,DM,26-055,66,0,0,0,0,2,0,1,0,1,0,0,1,0,0,0,,,5f73af8d
ENG-Premier League,2627,2026-09-20 Leeds United-Crystal Palace,Leeds United,Jean Mattéo Bahoya,23,FRA,MF,21-136,1,0,0,0,0,0,0,0,0,0,1,0,0,0,0,0,,,5f73af8d
ENG-Premier League,2627,2026-09-20 Leeds United-Crystal Palace,Leeds United,Lukas Nmecha,14,GER,FW,27-280,15,0,0,0,0,0,0,0,0,0,1,0,0,0,0,0,,,5f73af8d
ENG-Premier League,2627,2026-09-20 Leeds United-Crystal Palace,Leeds United,Nico Elvedi,30,SUI,CB,29-355,90,0,0,0,0,1,1,0,0,0,0,0,0,0,2,0,,,5f73af8d
ENG-Premier League,2627,2026-09-20 Leeds United-Crystal Palace,Leeds United,Noah Okafor,19,SUI,AM,26-119,75,0,0,0,0,1,0,0,0,0,1,0,2,2,0,0,,,5f73af8d
ENG-Premier League,2627,2026-09-20 Leeds United-Crystal Palace,Leeds United,Tarik Muharemovic,5,BIH,CB,23-204,90,0,0,0,0,4,0,0,0,1,0,0,0,0,3,0,,,5f73af8d
ENG-Premier League,2627,2026-09-20 Manchester City-Sunderland,Manchester City,Antoine Semenyo,42,GHA,AM,26-256,90,2,1,0,0,2,2,0,0,0,1,0,5,1,1,0,,,f6903560
ENG-Premier League,2627,2026-09-20 Manchester City-Sunderland,Manchester City,Elliot Anderson,5,ENG,DM,23-318,90,0,0,0,0,1,0,0,0,1,2,0,0,1,0,0,,,f6903560
ENG-Premier League,2627,2026-09-20 Manchester City-Sunderland,Manchester City,Enzo Fernández,17,ARG,DM,25-246,90,1,0,0,0,1,1,0,0,2,3,0,7,0,0,0,,,f6903560
ENG-Premier League,2627,2026-09-20 Manchester City-Sunderland,Manchester City,Erling Haaland,9,NOR,FW,26-061,90,1,0,0,0,4,1,0,0,3,1,0,0,0,1,0,,,f6903560
ENG-Premier League,2627,2026-09-20 Manchester City-Sunderland,Manchester City,Gianluigi Donnarumma,1,ITA,GK,27-207,90,0,0,0,0,0,0,0,0,0,1,0,0,0,0,0,,,f6903560
ENG-Premier League,2627,2026-09-20 Manchester City-Sunderland,Manchester City,Iliman Ndiaye,7,SEN,AM,26-198,74,0,0,0,0,2,0,0,0,1,2,0,3,0,1,0,,,f6903560
ENG-Premier League,2627,2026-09-20 Manchester City-Sunderland,Manchester City,Jeremy Doku,11,BEL,"FW,MF",24-116,16,0,0,0,0,1,0,0,0,0,0,0,1,0,0,0,,,f6903560
ENG-Premier League,2627,2026-09-20 Manchester City-Sunderland,Manchester City,Joško Gvardiol,24,CRO,LB,24-240,90,0,1,0,0,0,0,0,0,0,2,0,0,0,2,0,,,f6903560
ENG-Premier League,2627,2026-09-20 Manchester City-Sunderland,Manchester City,Marc Guéhi,6,ENG,CB,26-069,90,0,1,0,0,1,0,0,0,0,1,0,0,0,0,0,,,f6903560
ENG-Premier League,2627,2026-09-20 Manchester City-Sunderland,Manchester City,Matheus Nunes,27,POR,RB,28-024,90,0,0,0,0,0,0,0,0,1,0,0,0,0,0,0,,,f6903560
ENG-Premier League,2627,2026-09-20 Manchester City-Sunderland,Manchester City,Nico O'Reilly,33,ENG,"DF,MF",21-183,6,0,0,0,0,1,1,0,0,1,0,0,0,1,1,0,,,f6903560
ENG-Premier League,2627,2026-09-20 Manchester City-Sunderland,Manchester City,Rayan Cherki,10,FRA,AM,23-034,84,1,0,0,0,2,1,0,0,0,1,0,3,0,1,0,,,f6903560
ENG-Premier League,2627,2026-09-20 Manchester City-Sunderland,Manchester City,Rúben Dias,3,POR,CB,29-129,90,0,0,0,0,1,0,0,0,5,0,0,0,0,0,0,,,f6903560
ENG-Premier League,2627,2026-09-20 Manchester City-Sunderland,Sunderland,Brian Brobbey,9,NED,FW,24-231,90,3,0,0,0,5,4,0,0,1,5,0,1,0,0,0,,,f6903560
ENG-Premier League,2627,2026-09-20 Manchester City-Sunderland,Sunderland,Daniel Ballard,5,NIR,CB,26-363,90,0,0,0,0,2,0,0,0,4,2,0,0,1,2,0,,,f6903560
ENG-Premier League,2627,2026-09-20 Manchester City-Sunderland,Sunderland,Dayann Methalie,6,FRA,LB,20-217,90,0,0,0,0,1,0,1,0,1,0,0,1,1,0,0,,,f6903560
ENG-Premier League,2627,2026-09-20 Manchester City-Sunderland,Sunderland,Enzo Le Fée,28,FRA,AM,26-229,90,0,1,0,0,0,0,0,0,0,3,0,4,1,2,0,,,f6903560
ENG-Premier League,2627,2026-09-20 Manchester City-Sunderland,Sunderland,Granit Xhaka,34,SUI,DM,33-358,90,0,0,0,0,0,0,0,0,1,1,0,2,2,1,0,,,f6903560
ENG-Premier League,2627,2026-09-20 Manchester City-Sunderland,Sunderland,Kevin Danso,4,AUT,CB,28-001,90,0,0,0,0,1,1,0,0,2,1,0,0,0,1,0,,,f6903560
ENG-Premier League,2627,2026-09-20 Manchester City-Sunderland,Sunderland,Malick Fofana,39,BEL,"FW,MF",21-173,31,0,0,0,0,3,3,0,0,0,0,0,1,1,0,0,,,f6903560
ENG-Premier League,2627,2026-09-20 Manchester City-Sunderland,Sunderland,Nilson Angulo,10,ECU,AM,23-093,59,0,1,0,0,2,1,0,0,1,0,0,1,0,3,0,,,f6903560
ENG-Premier League,2627,2026-09-20 Manchester City-Sunderland,Sunderland,Noah Sadiki,27,COD,DM,21-277,67,0,0,0,0,1,0,0,0,1,1,0,0,0,1,0,,,f6903560
ENG-Premier League,2627,2026-09-20 Manchester City-Sunderland,Sunderland,Nordi Mukiele,20,FRA,RB,28-323,90,0,0,0,0,1,0,0,0,0,0,0,5,3,4,0,,,f6903560
ENG-Premier League,2627,2026-09-20 Manchester City-Sunderland,Sunderland,Robin Roefs,22,NED,GK,23-246,90,0,0,0,0,0,0,0,0,0,1,0,0,0,0,0,,,f6903560
ENG-Premier League,2627,2026-09-20 Manchester City-Sunderland,Sunderland,Thomas Meunier,12,BEL,AM,35-008,78,0,1,0,0,0,0,0,0,1,0,0,1,1,0,0,,,f6903560
ENG-Premier League,2627,2026-09-20 Manchester City-Sunderland,Sunderland,Trai Hume,32,NIR,"DF,MF",24-186,12,0,0,0,0,1,0,0,0,0,0,0,1,0,0,0,,,f6903560
ENG-Premier League,2627,2026-09-20 Manchester City-Sunderland,Sunderland,Wilson Isidor,18,HAI,"FW,MF",26-024,23,0,0,0,0,0,0,0,0,2,0,0,0,1,0,0,,,f6903560
