league,season,team,game,date,time,round,day,venue,result,GF,GA,opponent,Poss,Attendance,Captain,Formation,Opp Formation,Referee,match_report,Notes
ENG-Premier League,2627,,2026-08-21 Arsenal-nan,2026-08-21,20:00:00,Matchweek 1,Fri,Away,L,0,3,Arsenal,36,60098,Matt Grimes,4-1-4-1,4-2-3-1,Thomas Bramall,/en/matches/3085a362/Arsenal-Coventry-City-August-21-2026-Premier-League,
ENG-Premier League,2627,,2026-08-21 nan-Coventry City,2026-08-21,20:00:00,Matchweek 1,Fri,Home,W,3,0,Coventry City,65,60098,Martin Ødegaard,4-2-3-1,4-1-4-1,Thomas Bramall,/en/matches/3085a362/Arsenal-Coventry-City-August-21-2026-Premier-League,
ENG-Premier League,2627,,2026-08-22 Brentford-nan,2026-08-22,17:30:00,Matchweek 1,Sat,Away,L,0,3,Brentford,59,17180,Archie Gray,4-2-3-1,4-2-3-1,Michael Oliver,/en/matches/01f07042/Brentford-Tottenham-Hotspur-August-22-2026-Premier-League,
ENG-Premier League,2627,,2026-08-22 Everton-nan,2026-08-22,15:00:00,Matchweek 1,Sat,Away,L,0,2,Everton,58,51820,Dean Henderson,3-4-3,4-2-3-1,Paul Tierney,/en/matches/cbc27eaf/Everton-Crystal-Palace-August-22-2026-Premier-League,
ENG-Premier League,2627,,2026-08-22 Hull City-nan,2026-08-22,12:30:00,Matchweek 1,Sat,Away,L,0,2,Hull City,72,24470,Bruno Fernandes,4-2-3-1,5-4-1,Darren England,/en/matches/69e3855f/Hull-City-Manchester-United-August-22-2026-Premier-League,
ENG-Premier League,2627,,2026-08-22 Ipswich Town-nan,2026-08-22,15:00:00,Matchweek 1,Sat,Away,L,1,2,Ipswich Town,63,29669,Granit Xhaka,4-2-3-1,4-2-3-1,Farai Hallam,/en/matches/2d0f0fb4/Ipswich-Town-Sunderland-August-22-2026-Premier-League,
ENG-Premier League,2627,,2026-08-22 Nottingham-nan,2026-08-22,15:00:00,Matchweek 1,Sat,Away,W,1,0,Nottingham,45,30739,Ethan Ampadu,3-4-3,3-4-3,Robert Jones,/en/matches/b6600c62/Nottingham-Forest-Leeds-United-August-22-2026-Premier-League,
ENG-Premier League,2627,,2026-08-22 nan-Crystal Palace,2026-08-22,15:00:00,Matchweek 1,Sat,Home,W,2,0,Crystal Palace,42,51820,James Tarkowski,4-2-3-1,3-4-3,Paul Tierney,/en/matches/cbc27eaf/Everton-Crystal-Palace-August-22-2026-Premier-League,
ENG-Premier League,2627,,2026-08-22 nan-Leeds United,2026-08-22,15:00:00,Matchweek 1,Sat,Home,L,0,1,Leeds United,55,30739,Morgan Gibbs-White,3-4-3,3-4-3,Robert Jones,/en/matches/b6600c62/Nottingham-Forest-Leeds-United-August-22-2026-Premier-League,
ENG-Premier League,2627,,2026-08-22 nan-Manchester Utd,2026-08-22,12:30:00,Matchweek 1,Sat,Home,W,2,0,Manchester Utd,28,24470,Lewie Coyle,5-4-1,4-2-3-1,Darren England,/en/matches/69e3855f/Hull-City-Manchester-United-August-22-2026-Premier-League,
ENG-Premier League,2627,,2026-08-22 nan-Sunderland,2026-08-22,15:00:00,Matchweek 1,Sat,Home,W,2,1,Sunderland,38,29669,Dara O'Shea,4-2-3-1,4-2-3-1,Farai Hallam,/en/matches/2d0f0fb4/Ipswich-Town-Sunderland-August-22-2026-Premier-League,
ENG-Premier League,2627,,2026-08-22 nan-Tottenham,2026-08-22,17:30:00,Matchweek 1,Sat,Home,W,3,0,Tottenham,41,17180,Nathan Collins,4-2-3-1,4-2-3-1,Michael Oliver,/en/matches/01f07042/Brentford-Tottenham-Hotspur-August-22-2026-Premier-League,
ENG-Premier League,2627,,2026-08-23 Brighton-nan,2026-08-23,14:00:00,Matchweek 1,Sun,Away,L,0,4,Brighton,27,31746,John McGinn,4-2-3-1,4-2-3-1,Peter Bankes,/en/matches/cc39f2ef/Brighton-and-Hove-Albion-Aston-Villa-August-23-2026-Premier-League,
ENG-Premier League,2627,,2026-08-23 Manchester City-nan,2026-08-23,14:00:00,Matchweek 1,Sun,Away,L,1,2,Manchester City,34,60645,Adam Smith,4-2-3-1,4-2-3-1,Jarred Gillett,/en/matches/029e3234/Manchester-City-Bournemouth-August-23-2026-Premier-League,
ENG-Premier League,2627,,2026-08-23 Newcastle-nan,2026-08-23,16:30:00,Matchweek 1,Sun,Away,D,2,2,Newcastle,61,52630,Virgil van Dijk,4-2-3-1,4-2-3-1,Stuart Attwell,/en/matches/a02c581c/Newcastle-United-Liverpool-August-23-2026-Premier-League,
ENG-Premier League,2627,,2026-08-23 nan-Aston Villa,2026-08-23,14:00:00,Matchweek 1,Sun,Home,W,4,0,Aston Villa,73,31746,Lewis Dunk,4-2-3-1,4-2-3-1,Peter Bankes,/en/matches/cc39f2ef/Brighton-and-Hove-Albion-Aston-Villa-August-23-2026-Premier-League,
ENG-Premier League,2627,,2026-08-23 nan-Bournemouth,2026-08-23,14:00:00,Matchweek 1,Sun,Home,W,2,1,Bournemouth,66,60645,Rúben Dias,4-2-3-1,4-2-3-1,Jarred Gillett,/en/matches/029e3234/Manchester-City-Bournemouth-August-23-2026-Premier-League,
ENG-Premier League,2627,,2026-08-23 nan-Liverpool,2026-08-23,16:30:00,Matchweek 1,Sun,Home,D,2,2,Liverpool,39,52630,Malick Thiaw,4-2-3-1,4-2-3-1,Stuart Attwell,/en/matches/a02c581c/Newcastle-United-Liverpool-August-23-2026-Premier-League,
ENG-Premier League,2627,,2026-08-24 Fulham-nan,2026-08-24,20:00:00,Matchweek 1,Mon,Away,W,3,2,Fulham,38,27461,Reece James,3-4-3,4-2-3-1,John Brooks,/en/matches/98138a1e/Fulham-Chelsea-August-24-2026-Premier-League,
ENG-Premier League,2627,,2026-08-24 nan-Chelsea,2026-08-24,20:00:00,Matchweek 1,Mon,Home,L,2,3,Chelsea,62,27461,Calvin Bassey,4-2-3-1,3-4-3,John Brooks,/en/matches/98138a1e/Fulham-Chelsea-August-24-2026-Premier-League,
ENG-Premier League,2627,,2026-08-28 Crystal Palace-nan,2026-08-28,20:00:00,Matchweek 2,Fri,Away,W,4,1,Crystal Palace,72,24874,Rúben Dias,4-2-3-1,3-4-3,Andy Madley,/en/matches/5b62d64d/Crystal-Palace-Manchester-City-August-28-2026-Premier-League,
ENG-Premier League,2627,,2026-08-28 nan-Manchester City,2026-08-28,20:00:00,Matchweek 2,Fri,Home,L,1,4,Manchester City,28,24874,Dean Henderson,3-4-3,4-2-3-1,Andy Madley,/en/matches/5b62d64d/Crystal-Palace-Manchester-City-August-28-2026-Premier-League,
ENG-Premier League,2627,,2026-08-29 Bournemouth-nan,2026-08-29,15:00:00,Matchweek 2,Sat,Away,D,1,1,Bournemouth,42,11135,James Tarkowski,4-2-3-1,4-2-3-1,Chris Kavanagh,/en/matches/aa96770b/Bournemouth-Everton-August-29-2026-Premier-League,
ENG-Premier League,2627,,2026-08-29 Coventry City-nan,2026-08-29,15:00:00,Matchweek 2,Sat,Away,W,1,0,Coventry City,31,31239,Lewie Coyle,5-4-1,4-2-3-1,Joshua Smith,/en/matches/2efaf8c6/Coventry-City-Hull-City-August-29-2026-Premier-League,
ENG-Premier League,2627,,2026-08-29 Liverpool-nan,2026-08-29,12:30:00,Matchweek 2,Sat,Away,D,2,2,Liverpool,31,60415,Morgan Gibbs-White,3-4-3,4-2-3-1,Samuel Barrott,/en/matches/d4340a69/Liverpool-Nottingham-Forest-August-29-2026-Premier-League,
ENG-Premier League,2627,,2026-08-29 Tottenham-nan,2026-08-29,17:30:00,Matchweek 2,Sat,Away,W,2,0,Tottenham,43,61025,Malick Thiaw,4-2-3-1,4-2-3-1,Peter Bankes,/en/matches/10027be4/Tottenham-Hotspur-Newcastle-United-August-29-2026-Premier-League,
ENG-Premier League,2627,,2026-08-29 nan-Everton,2026-08-29,15:00:00,Matchweek 2,Sat,Home,D,1,1,Everton,59,11135,Adam Smith,4-2-3-1,4-2-3-1,Chris Kavanagh,/en/matches/aa96770b/Bournemouth-Everton-August-29-2026-Premier-League,
ENG-Premier League,2627,,2026-08-29 nan-Hull City,2026-08-29,15:00:00,Matchweek 2,Sat,Home,L,0,1,Hull City,69,31239,Matt Grimes,4-2-3-1,5-4-1,Joshua Smith,/en/matches/2efaf8c6/Coventry-City-Hull-City-August-29-2026-Premier-League,
ENG-Premier League,2627,,2026-08-29 nan-Newcastle,2026-08-29,17:30:00,Matchweek 2,Sat,Home,L,0,2,Newcastle,58,61025,Micky van de Ven,4-2-3-1,4-2-3-1,Peter Bankes,/en/matches/10027be4/Tottenham-Hotspur-Newcastle-United-August-29-2026-Premier-League,
ENG-Premier League,2627,,2026-08-29 nan-Nottingham,2026-08-29,12:30:00,Matchweek 2,Sat,Home,D,2,2,Nottingham,69,60415,Virgil van Dijk,4-2-3-1,3-4-3,Samuel Barrott,/en/matches/d4340a69/Liverpool-Nottingham-Forest-August-29-2026-Premier-League,
ENG-Premier League,2627,,2026-08-30 Chelsea-nan,2026-08-30,14:00:00,Matchweek 2,Sun,Away,L,3,4,Chelsea,74,39497,Lewis Dunk,4-2-3-1,3-4-3,Michael Oliver,/en/matches/a50cd1e7/Chelsea-Brighton-and-Hove-Albion-August-30-2026-Premier-League,
ENG-Premier League,2627,,2026-08-30 Leeds United-nan,2026-08-30,14:00:00,Matchweek 2,Sun,Away,D,1,1,Leeds United,53,35974,Nathan Collins,4-2-3-1,3-4-3,Tony Harrington,/en/matches/b6f0dcde/Leeds-United-Brentford-August-30-2026-Premier-League,
ENG-Premier League,2627,,2026-08-30 Manchester Utd-nan,2026-08-30,16:30:00,Matchweek 2,Sun,Away,L,2,5,Manchester Utd,40,74148,Dara O'Shea,4-2-3-1,4-2-3-1,Craig Pawson,/en/matches/fb31b175/Manchester-United-Ipswich-Town-August-30-2026-Premier-League,
ENG-Premier League,2627,,2026-08-30 Sunderland-nan,2026-08-30,14:00:00,Matchweek 2,Sun,Away,L,0,1,Sunderland,59,46781,Calvin Bassey,4-2-3-1,4-2-3-1,Michael Salisbury,/en/matches/a90f3aae/Sunderland-Fulham-August-30-2026-Premier-League,
ENG-Premier League,2627,,2026-08-30 nan-Brentford,2026-08-30,14:00:00,Matchweek 2,Sun,Home,D,1,1,Brentford,47,35974,Ethan Ampadu,3-4-3,4-2-3-1,Tony Harrington,/en/matches/b6f0dcde/Leeds-United-Brentford-August-30-2026-Premier-League,
ENG-Premier League,2627,,2026-08-30 nan-Brighton,2026-08-30,14:00:00,Matchweek 2,Sun,Home,W,4,3,Brighton,26,39497,Levi Colwill,3-4-3,4-2-3-1,Michael Oliver,/en/matches/a50cd1e7/Chelsea-Brighton-and-Hove-Albion-August-30-2026-Premier-League,
ENG-Premier League,2627,,2026-08-30 nan-Fulham,2026-08-30,14:00:00,Matchweek 2,Sun,Home,W,1,0,Fulham,41,46781,Granit Xhaka,4-2-3-1,4-2-3-1,Michael Salisbury,/en/matches/a90f3aae/Sunderland-Fulham-August-30-2026-Premier-League,
ENG-Premier League,2627,,2026-08-30 nan-Ipswich Town,2026-08-30,16:30:00,Matchweek 2,Sun,Home,W,5,2,Ipswich Town,60,74148,Bruno Fernandes,4-2-3-1,4-2-3-1,Craig Pawson,/en/matches/fb31b175/Manchester-United-Ipswich-Town-August-30-2026-Premier-League,
ENG-Premier League,2627,,2026-08-31 Aston Villa-nan,2026-08-31,20:00:00,Matchweek 2,Mon,Away,W,1,0,Aston Villa,61,36804,Martin Ødegaard,4-2-3-1,4-2-3-1,Jarred Gillett,/en/matches/e95b1641/Aston-Villa-Arsenal-August-31-2026-Premier-League,
ENG-Premier League,2627,,2026-08-31 nan-Arsenal,2026-08-31,20:00:00,Matchweek 2,Mon,Home,L,0,1,Arsenal,39,36804,John McGinn,4-2-3-1,4-2-3-1,Jarred Gillett,/en/matches/e95b1641/Aston-Villa-Arsenal-August-31-2026-Premier-League,
ENG-Premier League,2627,,2026-09-04 Ipswich Town-nan,2026-09-04,20:00:00,Matchweek 3,Fri,Away,W,2,0,Ipswich Town,55,30019,Virgil van Dijk,4-2-3-1,4-2-3-1,Darren England,/en/matches/368c66a8/Ipswich-Town-Liverpool-September-4-2026-Premier-League,
ENG-Premier League,2627,,2026-09-04 nan-Liverpool,2026-09-04,20:00:00,Matchweek 3,Fri,Home,L,0,2,Liverpool,45,30019,Dara O'Shea,4-2-3-1,4-2-3-1,Darren England,/en/matches/368c66a8/Ipswich-Town-Liverpool-September-4-2026-Premier-League,
ENG-Premier League,2627,,2026-09-05 Brentford-nan,2026-09-05,15:00:00,Matchweek 3,Sat,Away,D,1,1,Brentford,51,17131,Granit Xhaka,4-2-3-1,4-2-3-1,Thomas Bramall,/en/matches/c201fd2f/Brentford-Sunderland-September-5-2026-Premier-League,
ENG-Premier League,2627,,2026-09-05 Brighton-nan,2026-09-05,15:00:00,Matchweek 3,Sat,Away,D,1,1,Brighton,33,31661,Ethan Ampadu,3-5-2,4-2-3-1,Stuart Attwell,/en/matches/f2afd8c7/Brighton-and-Hove-Albion-Leeds-United-September-5-2026-Premier-League,
ENG-Premier League,2627,,2026-09-05 Fulham-nan,2026-09-05,15:00:00,Matchweek 3,Sat,Away,W,3,2,Fulham,36,27014,Dean Henderson,3-4-3,4-2-3-1,Samuel Barrott,/en/matches/3809f875/Fulham-Crystal-Palace-September-5-2026-Premier-League,
ENG-Premier League,2627,,2026-09-05 Hull City-nan,2026-09-05,17:30:00,Matchweek 3,Sat,Away,D,0,0,Hull City,74,24425,John McGinn,4-2-3-1,5-4-1,Michael Oliver,/en/matches/6816748a/Hull-City-Aston-Villa-September-5-2026-Premier-League,
ENG-Premier League,2627,,2026-09-05 Manchester City-nan,2026-09-05,15:00:00,Matchweek 3,Sat,Away,L,0,1,Manchester City,22,60765,Matt Grimes,3-4-3,4-2-3-1,Paul Tierney,/en/matches/e49890d8/Manchester-City-Coventry-City-September-5-2026-Premier-League,
ENG-Premier League,2627,,2026-09-05 Newcastle-nan,2026-09-05,12:30:00,Matchweek 3,Sat,Away,D,2,2,Newcastle,42,52643,Adam Smith,4-2-3-1,4-2-3-1,Robert Jones,/en/matches/198be7a7/Newcastle-United-Bournemouth-September-5-2026-Premier-League,
ENG-Premier League,2627,,2026-09-05 Nottingham-nan,2026-09-05,15:00:00,Matchweek 3,Sat,Away,D,0,0,Nottingham,59,30686,Micky van de Ven,4-2-3-1,3-4-3,Craig Pawson,/en/matches/184a826e/Nottingham-Forest-Tottenham-Hotspur-September-5-2026-Premier-League,
ENG-Premier League,2627,,2026-09-05 nan-Aston Villa,2026-09-05,17:30:00,Matchweek 3,Sat,Home,D,0,0,Aston Villa,26,24425,Lewie Coyle,5-4-1,4-2-3-1,Michael Oliver,/en/matches/6816748a/Hull-City-Aston-Villa-September-5-2026-Premier-League,
ENG-Premier League,2627,,2026-09-05 nan-Bournemouth,2026-09-05,12:30:00,Matchweek 3,Sat,Home,D,2,2,Bournemouth,58,52643,Malick Thiaw,4-2-3-1,4-2-3-1,Robert Jones,/en/matches/198be7a7/Newcastle-United-Bournemouth-September-5-2026-Premier-League,
ENG-Premier League,2627,,2026-09-05 nan-Coventry City,2026-09-05,15:00:00,Matchweek 3,Sat,Home,W,1,0,Coventry City,78,60765,Rúben Dias,4-2-3-1,3-4-3,Paul Tierney,/en/matches/e49890d8/Manchester-City-Coventry-City-September-5-2026-Premier-League,
ENG-Premier League,2627,,2026-09-05 nan-Crystal Palace,2026-09-05,15:00:00,Matchweek 3,Sat,Home,L,2,3,Crystal Palace,64,27014,Calvin Bassey,4-2-3-1,3-4-3,Samuel Barrott,/en/matches/3809f875/Fulham-Crystal-Palace-September-5-2026-Premier-League,
ENG-Premier League,2627,,2026-09-05 nan-Leeds United,2026-09-05,15:00:00,Matchweek 3,Sat,Home,D,1,1,Leeds United,67,31661,Lewis Dunk,4-2-3-1,3-5-2,Stuart Attwell,/en/matches/f2afd8c7/Brighton-and-Hove-Albion-Leeds-United-September-5-2026-Premier-League,
ENG-Premier League,2627,,2026-09-05 nan-Sunderland,2026-09-05,15:00:00,Matchweek 3,Sat,Home,D,1,1,Sunderland,49,17131,Nathan Collins,4-2-3-1,4-2-3-1,Thomas Bramall,/en/matches/c201fd2f/Brentford-Sunderland-September-5-2026-Premier-League,
ENG-Premier League,2627,,2026-09-05 nan-Tottenham,2026-09-05,15:00:00,Matchweek 3,Sat,Home,D,0,0,Tottenham,41,30686,Morgan Gibbs-White,3-4-3,4-2-3-1,Craig Pawson,/en/matches/184a826e/Nottingham-Forest-Tottenham-Hotspur-September-5-2026-Premier-League,
ENG-Premier League,2627,,2026-09-06 Arsenal-nan,2026-09-06,16:30:00,Matchweek 3,Sun,Away,L,1,2,Arsenal,45,60240,Reece James,3-4-3,4-2-3-1,Chris Kavanagh,/en/matches/a99c87a3/North-West-London-Derby-Arsenal-Chelsea-September-6-2026-Premier-League,
ENG-Premier League,2627,,2026-09-06 Everton-nan,2026-09-06,14:00:00,Matchweek 3,Sun,Away,D,2,2,Everton,55,52302,Bruno Fernandes,4-2-3-1,4-2-3-1,John Brooks,/en/matches/b07da8ea/Everton-Manchester-United-September-6-2026-Premier-League,
ENG-Premier League,2627,,2026-09-06 nan-Chelsea,2026-09-06,16:30:00,Matchweek 3,Sun,Home,W,2,1,Chelsea,55,60240,Martin Ødegaard,4-2-3-1,3-4-3,Chris Kavanagh,/en/matches/a99c87a3/North-West-London-Derby-Arsenal-Chelsea-September-6-2026-Premier-League,
ENG-Premier League,2627,,2026-09-06 nan-Manchester Utd,2026-09-06,14:00:00,Matchweek 3,Sun,Home,D,2,2,Manchester Utd,45,52302,James Tarkowski,4-2-3-1,4-2-3-1,John Brooks,/en/matches/b07da8ea/Everton-Manchester-United-September-6-2026-Premier-League,
ENG-Premier League,2627,,2026-09-12 Aston Villa-nan,2026-09-12,15:00:00,Matchweek 4,Sat,Away,W,2,1,Aston Villa,47,36714,Morgan Gibbs-White,3-4-3,4-2-3-1,Andy Madley,/en/matches/2044821e/Aston-Villa-Nottingham-Forest-September-12-2026-Premier-League,
ENG-Premier League,2627,,2026-09-12 Bournemouth-nan,2026-09-12,15:00:00,Matchweek 4,Sat,Away,D,2,2,Bournemouth,43,11258,Vitaly Janelt,4-2-3-1,4-2-3-1,Jarred Gillett,/en/matches/84407529/Bournemouth-Brentford-September-12-2026-Premier-League,
ENG-Premier League,2627,,2026-09-12 Chelsea-nan,2026-09-12,15:00:00,Matchweek 4,Sat,Away,D,2,2,Chelsea,32,39352,Lewie Coyle,5-4-1,4-2-3-1,Farai Hallam,/en/matches/7cb24bd4/Chelsea-Hull-City-September-12-2026-Premier-League,
ENG-Premier League,2627,,2026-09-12 Crystal Palace-nan,2026-09-12,15:00:00,Matchweek 4,Sat,Away,W,3,2,Crystal Palace,54,25122,Dara O'Shea,4-2-3-1,3-4-3,Chris Kavanagh,/en/matches/12560a85/Crystal-Palace-Ipswich-Town-September-12-2026-Premier-League,
ENG-Premier League,2627,,2026-09-12 Liverpool-nan,2026-09-12,15:00:00,Matchweek 4,Sat,Away,D,0,0,Liverpool,44,60127,Calvin Bassey,4-2-3-1,4-2-3-1,Thomas Bramall,/en/matches/6d1ef953/Liverpool-Fulham-September-12-2026-Premier-League,
ENG-Premier League,2627,,2026-09-12 Sunderland-nan,2026-09-12,20:00:00,Matchweek 4,Sat,Away,W,2,0,Sunderland,58,46861,Martin Ødegaard,4-2-3-1,4-2-3-1,John Brooks,/en/matches/6786441d/Sunderland-Arsenal-September-12-2026-Premier-League,
ENG-Premier League,2627,,2026-09-12 Tottenham-nan,2026-09-12,17:30:00,Matchweek 4,Sat,Away,D,0,0,Tottenham,38,60477,James Tarkowski,4-1-4-1,4-2-3-1,Darren England,/en/matches/a22562f9/Tottenham-Hotspur-Everton-September-12-2026-Premier-League,
ENG-Premier League,2627,,2026-09-12 nan-Arsenal,2026-09-12,20:00:00,Matchweek 4,Sat,Home,L,0,2,Arsenal,43,46861,Granit Xhaka,4-2-3-1,4-2-3-1,John Brooks,/en/matches/6786441d/Sunderland-Arsenal-September-12-2026-Premier-League,
ENG-Premier League,2627,,2026-09-12 nan-Brentford,2026-09-12,15:00:00,Matchweek 4,Sat,Home,D,2,2,Brentford,57,11258,Adam Smith,4-2-3-1,4-2-3-1,Jarred Gillett,/en/matches/84407529/Bournemouth-Brentford-September-12-2026-Premier-League,
ENG-Premier League,2627,,2026-09-12 nan-Everton,2026-09-12,17:30:00,Matchweek 4,Sat,Home,D,0,0,Everton,62,60477,Micky van de Ven,4-2-3-1,4-1-4-1,Darren England,/en/matches/a22562f9/Tottenham-Hotspur-Everton-September-12-2026-Premier-League,
ENG-Premier League,2627,,2026-09-12 nan-Fulham,2026-09-12,15:00:00,Matchweek 4,Sat,Home,D,0,0,Fulham,56,60127,Virgil van Dijk,4-2-3-1,4-2-3-1,Thomas Bramall,/en/matches/6d1ef953/Liverpool-Fulham-September-12-2026-Premier-League,
ENG-Premier League,2627,,2026-09-12 nan-Hull City,2026-09-12,15:00:00,Matchweek 4,Sat,Home,D,2,2,Hull City,68,39352,Reece James,4-2-3-1,5-4-1,Farai Hallam,/en/matches/7cb24bd4/Chelsea-Hull-City-September-12-2026-Premier-League,
ENG-Premier League,2627,,2026-09-12 nan-Ipswich Town,2026-09-12,15:00:00,Matchweek 4,Sat,Home,L,2,3,Ipswich Town,47,25122,Adam Wharton,3-4-3,4-2-3-1,Chris Kavanagh,/en/matches/12560a85/Crystal-Palace-Ipswich-Town-September-12-2026-Premier-League,
ENG-Premier League,2627,,2026-09-12 nan-Nottingham,2026-09-12,15:00:00,Matchweek 4,Sat,Home,L,1,2,Nottingham,53,36714,John McGinn,4-2-3-1,3-4-3,Andy Madley,/en/matches/2044821e/Aston-Villa-Nottingham-Forest-September-12-2026-Premier-League,
ENG-Premier League,2627,,2026-09-13 Coventry City-nan,2026-09-13,14:00:00,Matchweek 4,Sun,Away,W,5,0,Coventry City,70,31492,Lewis Dunk,4-2-3-1,3-4-3,Tony Harrington,/en/matches/ff3c3981/Coventry-City-Brighton-and-Hove-Albion-September-13-2026-Premier-League,
ENG-Premier League,2627,,2026-09-13 Manchester Utd-nan,2026-09-13,16:30:00,Matchweek 4,Sun,Away,W,1,0,Manchester Utd,45,74161,Rúben Dias,4-2-3-1,4-2-3-1,Michael Oliver,/en/matches/332363c1/Manchester-Derby-Manchester-United-Manchester-City-September-13-2026-Premier-League,
ENG-Premier League,2627,,2026-09-13 nan-Brighton,2026-09-13,14:00:00,Matchweek 4,Sun,Home,L,0,5,Brighton,31,31492,Matt Grimes,3-4-3,4-2-3-1,Tony Harrington,/en/matches/ff3c3981/Coventry-City-Brighton-and-Hove-Albion-September-13-2026-Premier-League,
ENG-Premier League,2627,,2026-09-13 nan-Manchester City,2026-09-13,16:30:00,Matchweek 4,Sun,Home,L,0,1,Manchester City,55,74161,Bruno Fernandes,4-2-3-1,4-2-3-1,Michael Oliver,/en/matches/332363c1/Manchester-Derby-Manchester-United-Manchester-City-September-13-2026-Premier-League,
ENG-Premier League,2627,,2026-09-14 Leeds United-nan,2026-09-14,20:00:00,Matchweek 4,Mon,Away,L,1,4,Leeds United,49,36693,Malick Thiaw,4-2-3-1,3-5-2,Michael Salisbury,/en/matches/88d2d8f5/Leeds-United-Newcastle-United-September-14-2026-Premier-League,
ENG-Premier League,2627,,2026-09-14 nan-Newcastle,2026-09-14,20:00:00,Matchweek 4,Mon,Home,W,4,1,Newcastle,51,36693,Ethan Ampadu,3-5-2,4-2-3-1,Michael Salisbury,/en/matches/88d2d8f5/Leeds-United-Newcastle-United-September-14-2026-Premier-League,
ENG-Premier League,2627,,2026-09-18 Brentford-nan,2026-09-18,20:00:00,Matchweek 5,Fri,Away,L,0,3,Brentford,60,17193,Levi Colwill,3-4-3,4-2-3-1,Andy Madley,/en/matches/9aac40d6/Brentford-Chelsea-September-18-2026-Premier-League,
ENG-Premier League,2627,,2026-09-18 nan-Chelsea,2026-09-18,20:00:00,Matchweek 5,Fri,Home,W,3,0,Chelsea,40,17193,Vitaly Janelt,4-2-3-1,3-4-3,Andy Madley,/en/matches/9aac40d6/Brentford-Chelsea-September-18-2026-Premier-League,
ENG-Premier League,2627,,2026-09-19 Brighton-nan,2026-09-19,15:00:00,Matchweek 5,Sat,Away,L,0,3,Brighton,60,31944,Martin Ødegaard,4-2-3-1,4-2-3-1,Darren England,/en/matches/1ea173a1/Brighton-and-Hove-Albion-Arsenal-September-19-2026-Premier-League,
ENG-Premier League,2627,,2026-09-19 Everton-nan,2026-09-19,15:00:00,Matchweek 5,Sat,Away,L,0,1,Everton,48,52008,Dara O'Shea,4-2-3-1,4-2-3-1,Stuart Attwell,/en/matches/e7b28039/Everton-Ipswich-Town-September-19-2026-Premier-League,
ENG-Premier League,2627,,2026-09-19 Newcastle-nan,2026-09-19,15:00:00,Matchweek 5,Sat,Away,L,1,2,Newcastle,44,52647,Lewie Coyle,5-4-1,4-2-3-1,Tony Harrington,/en/matches/ba19c7c0/Newcastle-United-Hull-City-September-19-2026-Premier-League,
ENG-Premier League,2627,,2026-09-19 Nottingham-nan,2026-09-19,17:30:00,Matchweek 5,Sat,Away,W,1,0,Nottingham,38,30666,Matt Grimes,3-4-3,3-4-3,Jarred Gillett,/en/matches/28be67e1/Nottingham-Forest-Coventry-City-September-19-2026-Premier-League,
ENG-Premier League,2627,,2026-09-19 Tottenham-nan,2026-09-19,12:30:00,Matchweek 5,Sat,Away,W,3,2,Tottenham,36,60920,John McGinn,4-2-3-1,4-2-3-1,Samuel Barrott,/en/matches/d5511bbc/Tottenham-Hotspur-Aston-Villa-September-19-2026-Premier-League,
ENG-Premier League,2627,,2026-09-19 nan-Arsenal,2026-09-19,15:00:00,Matchweek 5,Sat,Home,W,3,0,Arsenal,40,31944,Pascal Groß,4-2-3-1,4-2-3-1,Darren England,/en/matches/1ea173a1/Brighton-and-Hove-Albion-Arsenal-September-19-2026-Premier-League,
ENG-Premier League,2627,,2026-09-19 nan-Aston Villa,2026-09-19,12:30:00,Matchweek 5,Sat,Home,L,2,3,Aston Villa,64,60920,Micky van de Ven,4-2-3-1,4-2-3-1,Samuel Barrott,/en/matches/d5511bbc/Tottenham-Hotspur-Aston-Villa-September-19-2026-Premier-League,
ENG-Premier League,2627,,2026-09-19 nan-Coventry City,2026-09-19,17:30:00,Matchweek 5,Sat,Home,L,0,1,Coventry City,62,30666,Morgan Gibbs-White,3-4-3,3-4-3,Jarred Gillett,/en/matches/28be67e1/Nottingham-Forest-Coventry-City-September-19-2026-Premier-League,
ENG-Premier League,2627,,2026-09-19 nan-Hull City,2026-09-19,15:00:00,Matchweek 5,Sat,Home,W,2,1,Hull City,56,52647,Malick Thiaw,4-2-3-1,5-4-1,Tony Harrington,/en/matches/ba19c7c0/Newcastle-United-Hull-City-September-19-2026-Premier-League,
ENG-Premier League,2627,,2026-09-19 nan-Ipswich Town,2026-09-19,15:00:00,Matchweek 5,Sat,Home,W,1,0,Ipswich Town,52,52008,James Tarkowski,4-2-3-1,4-2-3-1,Stuart Attwell,/en/matches/e7b28039/Everton-Ipswich-Town-September-19-2026-Premier-League,
ENG-Premier League,2627,,2026-09-20 Bournemouth-nan,2026-09-20,14:00:00,Matchweek 5,Sun,Away,W,1,0,Bournemouth,54,11316,Virgil van Dijk,4-2-3-1,4-2-3-1,Michael Oliver,/en/matches/47396732/Bournemouth-Liverpool-September-20-2026-Premier-League,
ENG-Premier League,2627,,2026-09-20 Fulham-nan,2026-09-20,16:30:00,Matchweek 5,Sun,Away,D,1,1,Fulham,58,27288,Bruno Fernandes,4-2-3-1,4-2-3-1,Peter Bankes,/en/matches/c354315b/Fulham-Manchester-United-September-20-2026-Premier-League,
ENG-Premier League,2627,,2026-09-20 Leeds United-nan,2026-09-20,14:00:00,Matchweek 5,Sun,Away,D,0,0,Leeds United,49,36462,Adam Wharton,3-4-3,3-4-3,Adam Herczeg,/en/matches/5f73af8d/Leeds-United-Crystal-Palace-September-20-2026-Premier-League,
ENG-Premier League,2627,,2026-09-20 Manchester City-nan,2026-09-20,14:00:00,Matchweek 5,Sun,Away,L,3,5,Manchester City,45,60312,Granit Xhaka,4-2-3-1,4-2-3-1,Robert Jones,/en/matches/f6903560/Manchester-City-Sunderland-September-20-2026-Premier-League,
ENG-Premier League,2627,,2026-09-20 nan-Crystal Palace,2026-09-20,14:00:00,Matchweek 5,Sun,Home,D,0,0,Crystal Palace,51,36462,Ethan Ampadu,3-4-3,3-4-3,Adam Herczeg,/en/matches/5f73af8d/Leeds-United-Crystal-Palace-September-20-2026-Premier-League,
ENG-Premier League,2627,,2026-09-20 nan-Liverpool,2026-09-20,14:00:00,Matchweek 5,Sun,Home,L,0,1,Liverpool,46,11316,Adam Smith,4-2-3-1,4-2-3-1,Michael Oliver,/en/matches/47396732/Bournemouth-Liverpool-September-20-2026-Premier-League,
ENG-Premier League,2627,,2026-09-20 nan-Manchester Utd,2026-09-20,16:30:00,Matchweek 5,Sun,Home,D,1,1,Manchester Utd,42,27288,Calvin Bassey,4-2-3-1,4-2-3-1,Peter Bankes,/en/matches/c354315b/Fulham-Manchester-United-September-20-2026-Premier-League,
ENG-Premier League,2627,,2026-09-20 nan-Sunderland,2026-09-20,14:00:00,Matchweek 5,Sun,Home,W,5,3,Sunderland,55,60312,Rúben Dias,4-2-3-1,4-2-3-1,Robert Jones,/en/matches/f6903560/Manchester-City-Sunderland-September-20-2026-Premier-League,
ENG-Premier League,2627,,2026-10-10 Arsenal-nan,2026-10-10,12:30:00,Matchweek 6,Sat,Away,,,,Arsenal,,,,,,,,
ENG-Premier League,2627,,2026-10-10 Aston Villa-nan,2026-10-10,15:00:00,Matchweek 6,Sat,Away,,,,Aston Villa,,,,,,,,
ENG-Premier League,2627,,2026-10-10 Chelsea-nan,2026-10-10,15:00:00,Matchweek 6,Sat,Away,,,,Chelsea,,,,,,,,
ENG-Premier League,2627,,2026-10-10 Ipswich Town-nan,2026-10-10,15:00:00,Matchweek 6,Sat,Away,,,,Ipswich Town,,,,,,,,
ENG-Premier League,2627,,2026-10-10 Manchester Utd-nan,2026-10-10,17:30:00,Matchweek 6,Sat,Away,,,,Manchester Utd,,,,,,,,
ENG-Premier League,2627,,2026-10-10 Sunderland-nan,2026-10-10,15:00:00,Matchweek 6,Sat,Away,,,,Sunderland,,,,,,,,
ENG-Premier League,2627,,2026-10-10 nan-Bournemouth,2026-10-10,15:00:00,Matchweek 6,Sat,Home,,,,Bournemouth,,,,,,,,
ENG-Premier League,2627,,2026-10-10 nan-Brentford,2026-10-10,15:00:00,Matchweek 6,Sat,Home,,,,Brentford,,,,,,,,
ENG-Premier League,2627,,2026-10-10 nan-Brighton,2026-10-10,15:00:00,Matchweek 6,Sat,Home,,,,Brighton,,,,,,,,
ENG-Premier League,2627,,2026-10-10 nan-Fulham,2026-10-10,15:00:00,Matchweek 6,Sat,Home,,,,Fulham,,,,,,,,
ENG-Premier League,2627,,2026-10-10 nan-Leeds United,2026-10-10,12:30:00,Matchweek 6,Sat,Home,,,,Leeds United,,,,,,,,
ENG-Premier League,2627,,2026-10-10 nan-Tottenham,2026-10-10,17:30:00,Matchweek 6,Sat,Home,,,,Tottenham,,,,,,,,
ENG-Premier League,2627,,2026-10-11 Crystal Palace-nan,2026-10-11,14:00:00,Matchweek 6,Sun,Away,,,,Crystal Palace,,,,,,,,
ENG-Premier League,2627,,2026-10-11 Hull City-nan,2026-10-11,14:00:00,Matchweek 6,Sun,Away,,,,Hull City,,,,,,,,
ENG-Premier League,2627,,2026-10-11 Liverpool-nan,2026-10-11,16:30:00,Matchweek 6,Sun,Away,,,,Liverpool,,,,,,,,
ENG-Premier League,2627,,2026-10-11 nan-Everton,2026-10-11,14:00:00,Matchweek 6,Sun,Home,,,,Everton,,,,,,,,
ENG-Premier League,2627,,2026-10-11 nan-Manchester City,2026-10-11,16:30:00,Matchweek 6,Sun,Home,,,,Manchester City,,,,,,,,
ENG-Premier League,2627,,2026-10-11 nan-Nottingham,2026-10-11,14:00:00,Matchweek 6,Sun,Home,,,,Nottingham,,,,,,,,
ENG-Premier League,2627,,2026-10-12 Coventry City-nan,2026-10-12,20:00:00,Matchweek 6,Mon,Away,,,,Coventry City,,,,,,,,
ENG-Premier League,2627,,2026-10-12 nan-Newcastle,2026-10-12,20:00:00,Matchweek 6,Mon,Home,,,,Newcastle,,,,,,,,
ENG-Premier League,2627,,2026-10-17 Brentford-nan,2026-10-17,15:00:00,Matchweek 7,Sat,Away,,,,Brentford,,,,,,,,
ENG-Premier League,2627,,2026-10-17 Everton-nan,2026-10-17,12:30:00,Matchweek 7,Sat,Away,,,,Everton,,,,,,,,
ENG-Premier League,2627,,2026-10-17 Fulham-nan,2026-10-17,15:00:00,Matchweek 7,Sat,Away,,,,Fulham,,,,,,,,
ENG-Premier League,2627,,2026-10-17 Manchester City-nan,2026-10-17,15:00:00,Matchweek 7,Sat,Away,,,,Manchester City,,,,,,,,
ENG-Premier League,2627,,2026-10-17 Newcastle-nan,2026-10-17,17:30:00,Matchweek 7,Sat,Away,,,,Newcastle,,,,,,,,
ENG-Premier League,2627,,2026-10-17 nan-Aston Villa,2026-10-17,17:30:00,Matchweek 7,Sat,Home,,,,Aston Villa,,,,,,,,
ENG-Premier League,2627,,2026-10-17 nan-Chelsea,2026-10-17,12:30:00,Matchweek 7,Sat,Home,,,,Chelsea,,,,,,,,
ENG-Premier League,2627,,2026-10-17 nan-Hull City,2026-10-17,15:00:00,Matchweek 7,Sat,Home,,,,Hull City,,,,,,,,
ENG-Premier League,2627,,2026-10-17 nan-Ipswich Town,2026-10-17,15:00:00,Matchweek 7,Sat,Home,,,,Ipswich Town,,,,,,,,
ENG-Premier League,2627,,2026-10-17 nan-Liverpool,2026-10-17,15:00:00,Matchweek 7,Sat,Home,,,,Liverpool,,,,,,,,
ENG-Premier League,2627,,2026-10-18 Bournemouth-nan,2026-10-18,14:00:00,Matchweek 7,Sun,Away,,,,Bournemouth,,,,,,,,
ENG-Premier League,2627,,2026-10-18 Brighton-nan,2026-10-18,14:00:00,Matchweek 7,Sun,Away,,,,Brighton,,,,,,,,
ENG-Premier League,2627,,2026-10-18 Leeds United-nan,2026-10-18,14:00:00,Matchweek 7,Sun,Away,,,,Leeds United,,,,,,,,
ENG-Premier League,2627,,2026-10-18 Nottingham-nan,2026-10-18,16:30:00,Matchweek 7,Sun,Away,,,,Nottingham,,,,,,,,
ENG-Premier League,2627,,2026-10-18 nan-Arsenal,2026-10-18,16:30:00,Matchweek 7,Sun,Home,,,,Arsenal,,,,,,,,
ENG-Premier League,2627,,2026-10-18 nan-Crystal Palace,2026-10-18,14:00:00,Matchweek 7,Sun,Home,,,,Crystal Palace,,,,,,,,
ENG-Premier League,2627,,2026-10-18 nan-Manchester Utd,2026-10-18,14:00:00,Matchweek 7,Sun,Home,,,,Manchester Utd,,,,,,,,
ENG-Premier League,2627,,2026-10-18 nan-Sunderland,2026-10-18,14:00:00,Matchweek 7,Sun,Home,,,,Sunderland,,,,,,,,
ENG-Premier League,2627,,2026-10-19 Tottenham-nan,2026-10-19,20:00:00,Matchweek 7,Mon,Away,,,,Tottenham,,,,,,,,
ENG-Premier League,2627,,2026-10-19 nan-Coventry City,2026-10-19,20:00:00,Matchweek 7,Mon,Home,,,,Coventry City,,,,,,,,
ENG-Premier League,2627,,2026-10-23 Ipswich Town-nan,2026-10-23,20:00:00,Matchweek 8,Fri,Away,,,,Ipswich Town,,,,,,,,
ENG-Premier League,2627,,2026-10-23 nan-Nottingham,2026-10-23,20:00:00,Matchweek 8,Fri,Home,,,,Nottingham,,,,,,,,
ENG-Premier League,2627,,2026-10-24 Arsenal-nan,2026-10-24,15:00:00,Matchweek 8,Sat,Away,,,,Arsenal,,,,,,,,
ENG-Premier League,2627,,2026-10-24 Aston Villa-nan,2026-10-24,12:30:00,Matchweek 8,Sat,Away,,,,Aston Villa,,,,,,,,
ENG-Premier League,2627,,2026-10-24 Chelsea-nan,2026-10-24,17:30:00,Matchweek 8,Sat,Away,,,,Chelsea,,,,,,,,
ENG-Premier League,2627,,2026-10-24 Coventry City-nan,2026-10-24,15:00:00,Matchweek 8,Sat,Away,,,,Coventry City,,,,,,,,
ENG-Premier League,2627,,2026-10-24 nan-Everton,2026-10-24,15:00:00,Matchweek 8,Sat,Home,,,,Everton,,,,,,,,
ENG-Premier League,2627,,2026-10-24 nan-Fulham,2026-10-24,15:00:00,Matchweek 8,Sat,Home,,,,Fulham,,,,,,,,
ENG-Premier League,2627,,2026-10-24 nan-Manchester City,2026-10-24,12:30:00,Matchweek 8,Sat,Home,,,,Manchester City,,,,,,,,
ENG-Premier League,2627,,2026-10-24 nan-Tottenham,2026-10-24,17:30:00,Matchweek 8,Sat,Home,,,,Tottenham,,,,,,,,
ENG-Premier League,2627,,2026-10-25 Crystal Palace-nan,2026-10-25,14:00:00,Matchweek 8,Sun,Away,,,,Crystal Palace,,,,,,,,
ENG-Premier League,2627,,2026-10-25 Hull City-nan,2026-10-25,14:00:00,Matchweek 8,Sun,Away,,,,Hull City,,,,,,,,
ENG-Premier League,2627,,2026-10-25 Liverpool-nan,2026-10-25,14:00:00,Matchweek 8,Sun,Away,,,,Liverpool,,,,,,,,
ENG-Premier League,2627,,2026-10-25 Manchester Utd-nan,2026-10-25,14:00:00,Matchweek 8,Sun,Away,,,,Manchester Utd,,,,,,,,
ENG-Premier League,2627,,2026-10-25 Sunderland-nan,2026-10-25,16:30:00,Matchweek 8,Sun,Away,,,,Sunderland,,,,,,,,
ENG-Premier League,2627,,2026-10-25 nan-Bournemouth,2026-10-25,14:00:00,Matchweek 8,Sun,Home,,,,Bournemouth,,,,,,,,
ENG-Premier League,2627,,2026-10-25 nan-Brentford,2026-10-25,14:00:00,Matchweek 8,Sun,Home,,,,Brentford,,,,,,,,
ENG-Premier League,2627,,2026-10-25 nan-Brighton,2026-10-25,14:00:00,Matchweek 8,Sun,Home,,,,Brighton,,,,,,,,
ENG-Premier League,2627,,2026-10-25 nan-Leeds United,2026-10-25,16:30:00,Matchweek 8,Sun,Home,,,,Leeds United,,,,,,,,
ENG-Premier League,2627,,2026-10-25 nan-Newcastle,2026-10-25,14:00:00,Matchweek 8,Sun,Home,,,,Newcastle,,,,,,,,
ENG-Premier League,2627,,2026-10-31 Aston Villa-nan,2026-10-31,20:00:00,Matchweek 9,Sat,Away,,,,Aston Villa,,,,,,,,
ENG-Premier League,2627,,2026-10-31 Bournemouth-nan,2026-10-31,15:00:00,Matchweek 9,Sat,Away,,,,Bournemouth,,,,,,,,
ENG-Premier League,2627,,2026-10-31 Brentford-nan,2026-10-31,15:00:00,Matchweek 9,Sat,Away,,,,Brentford,,,,,,,,
ENG-Premier League,2627,,2026-10-31 Chelsea-nan,2026-10-31,12:30:00,Matchweek 9,Sat,Away,,,,Chelsea,,,,,,,,
ENG-Premier League,2627,,2026-10-31 Coventry City-nan,2026-10-31,15:00:00,Matchweek 9,Sat,Away,,,,Coventry City,,,,,,,,
ENG-Premier League,2627,,2026-10-31 Hull City-nan,2026-10-31,15:00:00,Matchweek 9,Sat,Away,,,,Hull City,,,,,,,,
ENG-Premier League,2627,,2026-10-31 Manchester City-nan,2026-10-31,15:00:00,Matchweek 9,Sat,Away,,,,Manchester City,,,,,,,,
ENG-Premier League,2627,,2026-10-31 Tottenham-nan,2026-10-31,17:30:00,Matchweek 9,Sat,Away,,,,Tottenham,,,,,,,,
ENG-Premier League,2627,,2026-10-31 nan-Brighton,2026-10-31,15:00:00,Matchweek 9,Sat,Home,,,,Brighton,,,,,,,,
ENG-Premier League,2627,,2026-10-31 nan-Crystal Palace,2026-10-31,17:30:00,Matchweek 9,Sat,Home,,,,Crystal Palace,,,,,,,,
ENG-Premier League,2627,,2026-10-31 nan-Fulham,2026-10-31,20:00:00,Matchweek 9,Sat,Home,,,,Fulham,,,,,,,,
ENG-Premier League,2627,,2026-10-31 nan-Ipswich Town,2026-10-31,15:00:00,Matchweek 9,Sat,Home,,,,Ipswich Town,,,,,,,,
ENG-Premier League,2627,,2026-10-31 nan-Leeds United,2026-10-31,15:00:00,Matchweek 9,Sat,Home,,,,Leeds United,,,,,,,,
ENG-Premier League,2627,,2026-10-31 nan-Manchester Utd,2026-10-31,12:30:00,Matchweek 9,Sat,Home,,,,Manchester Utd,,,,,,,,
ENG-Premier League,2627,,2026-10-31 nan-Nottingham,2026-10-31,15:00:00,Matchweek 9,Sat,Home,,,,Nottingham,,,,,,,,
ENG-Premier League,2627,,2026-10-31 nan-Sunderland,2026-10-31,15:00:00,Matchweek 9,Sat,Home,,,,Sunderland,,,,,,,,
ENG-Premier League,2627,,2026-11-01 Liverpool-nan,2026-11-01,16:30:00,Matchweek 9,Sun,Away,,,,Liverpool,,,,,,,,
ENG-Premier League,2627,,2026-11-01 nan-Arsenal,2026-11-01,16:30:00,Matchweek 9,Sun,Home,,,,Arsenal,,,,,,,,
ENG-Premier League,2627,,2026-11-02 Newcastle-nan,2026-11-02,20:00:00,Matchweek 9,Mon,Away,,,,Newcastle,,,,,,,,
ENG-Premier League,2627,,2026-11-02 nan-Everton,2026-11-02,20:00:00,Matchweek 9,Mon,Home,,,,Everton,,,,,,,,
ENG-Premier League,2627,,2026-11-06 Everton-nan,2026-11-06,20:00:00,Matchweek 10,Fri,Away,,,,Everton,,,,,,,,
ENG-Premier League,2627,,2026-11-06 nan-Coventry City,2026-11-06,20:00:00,Matchweek 10,Fri,Home,,,,Coventry City,,,,,,,,
ENG-Premier League,2627,,2026-11-07 Arsenal-nan,2026-11-07,15:00:00,Matchweek 10,Sat,Away,,,,Arsenal,,,,,,,,
ENG-Premier League,2627,,2026-11-07 Fulham-nan,2026-11-07,15:00:00,Matchweek 10,Sat,Away,,,,Fulham,,,,,,,,
ENG-Premier League,2627,,2026-11-07 Leeds United-nan,2026-11-07,12:30:00,Matchweek 10,Sat,Away,,,,Leeds United,,,,,,,,
ENG-Premier League,2627,,2026-11-07 Nottingham-nan,2026-11-07,17:30:00,Matchweek 10,Sat,Away,,,,Nottingham,,,,,,,,
ENG-Premier League,2627,,2026-11-07 nan-Hull City,2026-11-07,15:00:00,Matchweek 10,Sat,Home,,,,Hull City,,,,,,,,
ENG-Premier League,2627,,2026-11-07 nan-Manchester City,2026-11-07,17:30:00,Matchweek 10,Sat,Home,,,,Manchester City,,,,,,,,
ENG-Premier League,2627,,2026-11-07 nan-Newcastle,2026-11-07,15:00:00,Matchweek 10,Sat,Home,,,,Newcastle,,,,,,,,
ENG-Premier League,2627,,2026-11-07 nan-Tottenham,2026-11-07,12:30:00,Matchweek 10,Sat,Home,,,,Tottenham,,,,,,,,
ENG-Premier League,2627,,2026-11-08 Brighton-nan,2026-11-08,14:00:00,Matchweek 10,Sun,Away,,,,Brighton,,,,,,,,
ENG-Premier League,2627,,2026-11-08 Crystal Palace-nan,2026-11-08,14:00:00,Matchweek 10,Sun,Away,,,,Crystal Palace,,,,,,,,
ENG-Premier League,2627,,2026-11-08 Ipswich Town-nan,2026-11-08,14:00:00,Matchweek 10,Sun,Away,,,,Ipswich Town,,,,,,,,
ENG-Premier League,2627,,2026-11-08 Manchester Utd-nan,2026-11-08,16:30:00,Matchweek 10,Sun,Away,,,,Manchester Utd,,,,,,,,
ENG-Premier League,2627,,2026-11-08 Sunderland-nan,2026-11-08,14:00:00,Matchweek 10,Sun,Away,,,,Sunderland,,,,,,,,
ENG-Premier League,2627,,2026-11-08 nan-Aston Villa,2026-11-08,16:30:00,Matchweek 10,Sun,Home,,,,Aston Villa,,,,,,,,
ENG-Premier League,2627,,2026-11-08 nan-Bournemouth,2026-11-08,14:00:00,Matchweek 10,Sun,Home,,,,Bournemouth,,,,,,,,
ENG-Premier League,2627,,2026-11-08 nan-Brentford,2026-11-08,14:00:00,Matchweek 10,Sun,Home,,,,Brentford,,,,,,,,
ENG-Premier League,2627,,2026-11-08 nan-Chelsea,2026-11-08,14:00:00,Matchweek 10,Sun,Home,,,,Chelsea,,,,,,,,
ENG-Premier League,2627,,2026-11-08 nan-Liverpool,2026-11-08,14:00:00,Matchweek 10,Sun,Home,,,,Liverpool,,,,,,,,
ENG-Premier League,2627,,2026-11-21 Aston Villa-nan,2026-11-21,15:00:00,Matchweek 11,Sat,Away,,,,Aston Villa,,,,,,,,
ENG-Premier League,2627,,2026-11-21 Bournemouth-nan,2026-11-21,15:00:00,Matchweek 11,Sat,Away,,,,Bournemouth,,,,,,,,
ENG-Premier League,2627,,2026-11-21 Chelsea-nan,2026-11-21,15:00:00,Matchweek 11,Sat,Away,,,,Chelsea,,,,,,,,
ENG-Premier League,2627,,2026-11-21 Coventry City-nan,2026-11-21,15:00:00,Matchweek 11,Sat,Away,,,,Coventry City,,,,,,,,
ENG-Premier League,2627,,2026-11-21 Manchester City-nan,2026-11-21,12:30:00,Matchweek 11,Sat,Away,,,,Manchester City,,,,,,,,
ENG-Premier League,2627,,2026-11-21 Newcastle-nan,2026-11-21,17:30:00,Matchweek 11,Sat,Away,,,,Newcastle,,,,,,,,
ENG-Premier League,2627,,2026-11-21 Tottenham-nan,2026-11-21,15:00:00,Matchweek 11,Sat,Away,,,,Tottenham,,,,,,,,
ENG-Premier League,2627,,2026-11-21 nan-Arsenal,2026-11-21,17:30:00,Matchweek 11,Sat,Home,,,,Arsenal,,,,,,,,
ENG-Premier League,2627,,2026-11-21 nan-Crystal Palace,2026-11-21,15:00:00,Matchweek 11,Sat,Home,,,,Crystal Palace,,,,,,,,
ENG-Premier League,2627,,2026-11-21 nan-Fulham,2026-11-21,12:30:00,Matchweek 11,Sat,Home,,,,Fulham,,,,,,,,
ENG-Premier League,2627,,2026-11-21 nan-Ipswich Town,2026-11-21,15:00:00,Matchweek 11,Sat,Home,,,,Ipswich Town,,,,,,,,
ENG-Premier League,2627,,2026-11-21 nan-Leeds United,2026-11-21,15:00:00,Matchweek 11,Sat,Home,,,,Leeds United,,,,,,,,
ENG-Premier League,2627,,2026-11-21 nan-Nottingham,2026-11-21,15:00:00,Matchweek 11,Sat,Home,,,,Nottingham,,,,,,,,
ENG-Premier League,2627,,2026-11-21 nan-Sunderland,2026-11-21,15:00:00,Matchweek 11,Sat,Home,,,,Sunderland,,,,,,,,
ENG-Premier League,2627,,2026-11-22 Hull City-nan,2026-11-22,14:00:00,Matchweek 11,Sun,Away,,,,Hull City,,,,,,,,
ENG-Premier League,2627,,2026-11-22 Liverpool-nan,2026-11-22,16:30:00,Matchweek 11,Sun,Away,,,,Liverpool,,,,,,,,
ENG-Premier League,2627,,2026-11-22 nan-Brighton,2026-11-22,14:00:00,Matchweek 11,Sun,Home,,,,Brighton,,,,,,,,
ENG-Premier League,2627,,2026-11-22 nan-Manchester Utd,2026-11-22,16:30:00,Matchweek 11,Sun,Home,,,,Manchester Utd,,,,,,,,
ENG-Premier League,2627,,2026-11-23 Brentford-nan,2026-11-23,20:00:00,Matchweek 11,Mon,Away,,,,Brentford,,,,,,,,
ENG-Premier League,2627,,2026-11-23 nan-Everton,2026-11-23,20:00:00,Matchweek 11,Mon,Home,,,,Everton,,,,,,,,
ENG-Premier League,2627,,2026-11-27 Nottingham-nan,2026-11-27,20:00:00,Matchweek 12,Fri,Away,,,,Nottingham,,,,,,,,
ENG-Premier League,2627,,2026-11-27 nan-Chelsea,2026-11-27,20:00:00,Matchweek 12,Fri,Home,,,,Chelsea,,,,,,,,
ENG-Premier League,2627,,2026-11-28 Ipswich Town-nan,2026-11-28,17:30:00,Matchweek 12,Sat,Away,,,,Ipswich Town,,,,,,,,
ENG-Premier League,2627,,2026-11-28 Leeds United-nan,2026-11-28,15:00:00,Matchweek 12,Sat,Away,,,,Leeds United,,,,,,,,
ENG-Premier League,2627,,2026-11-28 Manchester Utd-nan,2026-11-28,15:00:00,Matchweek 12,Sat,Away,,,,Manchester Utd,,,,,,,,
ENG-Premier League,2627,,2026-11-28 nan-Aston Villa,2026-11-28,17:30:00,Matchweek 12,Sat,Home,,,,Aston Villa,,,,,,,,
ENG-Premier League,2627,,2026-11-28 nan-Brentford,2026-11-28,15:00:00,Matchweek 12,Sat,Home,,,,Brentford,,,,,,,,
ENG-Premier League,2627,,2026-11-28 nan-Coventry City,2026-11-28,15:00:00,Matchweek 12,Sat,Home,,,,Coventry City,,,,,,,,
ENG-Premier League,2627,,2026-11-29 Arsenal-nan,2026-11-29,16:30:00,Matchweek 12,Sun,Away,,,,Arsenal,,,,,,,,
ENG-Premier League,2627,,2026-11-29 Brighton-nan,2026-11-29,14:05:00,Matchweek 12,Sun,Away,,,,Brighton,,,,,,,,
ENG-Premier League,2627,,2026-11-29 Crystal Palace-nan,2026-11-29,14:05:00,Matchweek 12,Sun,Away,,,,Crystal Palace,,,,,,,,
ENG-Premier League,2627,,2026-11-29 Everton-nan,2026-11-29,12:00:00,Matchweek 12,Sun,Away,,,,Everton,,,,,,,,
ENG-Premier League,2627,,2026-11-29 Fulham-nan,2026-11-29,14:05:00,Matchweek 12,Sun,Away,,,,Fulham,,,,,,,,
ENG-Premier League,2627,,2026-11-29 Sunderland-nan,2026-11-29,14:05:00,Matchweek 12,Sun,Away,,,,Sunderland,,,,,,,,
ENG-Premier League,2627,,2026-11-29 nan-Bournemouth,2026-11-29,14:05:00,Matchweek 12,Sun,Home,,,,Bournemouth,,,,,,,,
ENG-Premier League,2627,,2026-11-29 nan-Hull City,2026-11-29,14:05:00,Matchweek 12,Sun,Home,,,,Hull City,,,,,,,,
ENG-Premier League,2627,,2026-11-29 nan-Liverpool,2026-11-29,12:00:00,Matchweek 12,Sun,Home,,,,Liverpool,,,,,,,,
ENG-Premier League,2627,,2026-11-29 nan-Manchester City,2026-11-29,16:30:00,Matchweek 12,Sun,Home,,,,Manchester City,,,,,,,,
ENG-Premier League,2627,,2026-11-29 nan-Newcastle,2026-11-29,14:05:00,Matchweek 12,Sun,Home,,,,Newcastle,,,,,,,,
ENG-Premier League,2627,,2026-11-29 nan-Tottenham,2026-11-29,14:05:00,Matchweek 12,Sun,Home,,,,Tottenham,,,,,,,,
ENG-Premier League,2627,,2026-12-02 Aston Villa-nan,2026-12-02,20:00:00,Matchweek 13,Wed,Away,,,,Aston Villa,,,,,,,,
ENG-Premier League,2627,,2026-12-02 Bournemouth-nan,2026-12-02,20:00:00,Matchweek 13,Wed,Away,,,,Bournemouth,,,,,,,,
ENG-Premier League,2627,,2026-12-02 Brentford-nan,2026-12-02,20:00:00,Matchweek 13,Wed,Away,,,,Brentford,,,,,,,,
ENG-Premier League,2627,,2026-12-02 Chelsea-nan,2026-12-02,20:00:00,Matchweek 13,Wed,Away,,,,Chelsea,,,,,,,,
ENG-Premier League,2627,,2026-12-02 Coventry City-nan,2026-12-02,20:00:00,Matchweek 13,Wed,Away,,,,Coventry City,,,,,,,,
ENG-Premier League,2627,,2026-12-02 Hull City-nan,2026-12-02,20:00:00,Matchweek 13,Wed,Away,,,,Hull City,,,,,,,,
ENG-Premier League,2627,,2026-12-02 Liverpool-nan,2026-12-02,20:00:00,Matchweek 13,Wed,Away,,,,Liverpool,,,,,,,,
ENG-Premier League,2627,,2026-12-02 Manchester City-nan,2026-12-02,20:00:00,Matchweek 13,Wed,Away,,,,Manchester City,,,,,,,,
ENG-Premier League,2627,,2026-12-02 Newcastle-nan,2026-12-02,20:00:00,Matchweek 13,Wed,Away,,,,Newcastle,,,,,,,,
ENG-Premier League,2627,,2026-12-02 Tottenham-nan,2026-12-02,20:00:00,Matchweek 13,Wed,Away,,,,Tottenham,,,,,,,,
ENG-Premier League,2627,,2026-12-02 nan-Arsenal,2026-12-02,20:00:00,Matchweek 13,Wed,Home,,,,Arsenal,,,,,,,,
ENG-Premier League,2627,,2026-12-02 nan-Brighton,2026-12-02,20:00:00,Matchweek 13,Wed,Home,,,,Brighton,,,,,,,,
ENG-Premier League,2627,,2026-12-02 nan-Crystal Palace,2026-12-02,20:00:00,Matchweek 13,Wed,Home,,,,Crystal Palace,,,,,,,,
ENG-Premier League,2627,,2026-12-02 nan-Everton,2026-12-02,20:00:00,Matchweek 13,Wed,Home,,,,Everton,,,,,,,,
ENG-Premier League,2627,,2026-12-02 nan-Fulham,2026-12-02,20:00:00,Matchweek 13,Wed,Home,,,,Fulham,,,,,,,,
ENG-Premier League,2627,,2026-12-02 nan-Ipswich Town,2026-12-02,20:00:00,Matchweek 13,Wed,Home,,,,Ipswich Town,,,,,,,,
ENG-Premier League,2627,,2026-12-02 nan-Leeds United,2026-12-02,20:00:00,Matchweek 13,Wed,Home,,,,Leeds United,,,,,,,,
ENG-Premier League,2627,,2026-12-02 nan-Manchester Utd,2026-12-02,20:00:00,Matchweek 13,Wed,Home,,,,Manchester Utd,,,,,,,,
ENG-Premier League,2627,,2026-12-02 nan-Nottingham,2026-12-02,20:00:00,Matchweek 13,Wed,Home,,,,Nottingham,,,,,,,,
ENG-Premier League,2627,,2026-12-02 nan-Sunderland,2026-12-02,20:00:00,Matchweek 13,Wed,Home,,,,Sunderland,,,,,,,,
ENG-Premier League,2627,,2026-12-05 Aston Villa-nan,2026-12-05,15:00:00,Matchweek 14,Sat,Away,,,,Aston Villa,,,,,,,,
ENG-Premier League,2627,,2026-12-05 Bournemouth-nan,2026-12-05,15:00:00,Matchweek 14,Sat,Away,,,,Bournemouth,,,,,,,,
ENG-Premier League,2627,,2026-12-05 Brentford-nan,2026-12-05,15:00:00,Matchweek 14,Sat,Away,,,,Brentford,,,,,,,,
ENG-Premier League,2627,,2026-12-05 Chelsea-nan,2026-12-05,15:00:00,Matchweek 14,Sat,Away,,,,Chelsea,,,,,,,,
ENG-Premier League,2627,,2026-12-05 Everton-nan,2026-12-05,15:00:00,Matchweek 14,Sat,Away,,,,Everton,,,,,,,,
ENG-Premier League,2627,,2026-12-05 Leeds United-nan,2026-12-05,15:00:00,Matchweek 14,Sat,Away,,,,Leeds United,,,,,,,,
ENG-Premier League,2627,,2026-12-05 Manchester Utd-nan,2026-12-05,15:00:00,Matchweek 14,Sat,Away,,,,Manchester Utd,,,,,,,,
ENG-Premier League,2627,,2026-12-05 Newcastle-nan,2026-12-05,15:00:00,Matchweek 14,Sat,Away,,,,Newcastle,,,,,,,,
ENG-Premier League,2627,,2026-12-05 Nottingham-nan,2026-12-05,15:00:00,Matchweek 14,Sat,Away,,,,Nottingham,,,,,,,,
ENG-Premier League,2627,,2026-12-05 Tottenham-nan,2026-12-05,15:00:00,Matchweek 14,Sat,Away,,,,Tottenham,,,,,,,,
ENG-Premier League,2627,,2026-12-05 nan-Arsenal,2026-12-05,15:00:00,Matchweek 14,Sat,Home,,,,Arsenal,,,,,,,,
ENG-Premier League,2627,,2026-12-05 nan-Brighton,2026-12-05,15:00:00,Matchweek 14,Sat,Home,,,,Brighton,,,,,,,,
ENG-Premier League,2627,,2026-12-05 nan-Coventry City,2026-12-05,15:00:00,Matchweek 14,Sat,Home,,,,Coventry City,,,,,,,,
ENG-Premier League,2627,,2026-12-05 nan-Crystal Palace,2026-12-05,15:00:00,Matchweek 14,Sat,Home,,,,Crystal Palace,,,,,,,,
ENG-Premier League,2627,,2026-12-05 nan-Fulham,2026-12-05,15:00:00,Matchweek 14,Sat,Home,,,,Fulham,,,,,,,,
ENG-Premier League,2627,,2026-12-05 nan-Hull City,2026-12-05,15:00:00,Matchweek 14,Sat,Home,,,,Hull City,,,,,,,,
ENG-Premier League,2627,,2026-12-05 nan-Ipswich Town,2026-12-05,15:00:00,Matchweek 14,Sat,Home,,,,Ipswich Town,,,,,,,,
ENG-Premier League,2627,,2026-12-05 nan-Liverpool,2026-12-05,15:00:00,Matchweek 14,Sat,Home,,,,Liverpool,,,,,,,,
ENG-Premier League,2627,,2026-12-05 nan-Manchester City,2026-12-05,15:00:00,Matchweek 14,Sat,Home,,,,Manchester City,,,,,,,,
ENG-Premier League,2627,,2026-12-05 nan-Sunderland,2026-12-05,15:00:00,Matchweek 14,Sat,Home,,,,Sunderland,,,,,,,,
ENG-Premier League,2627,,2026-12-12 Arsenal-nan,2026-12-12,15:00:00,Matchweek 15,Sat,Away,,,,Arsenal,,,,,,,,
ENG-Premier League,2627,,2026-12-12 Brighton-nan,2026-12-12,15:00:00,Matchweek 15,Sat,Away,,,,Brighton,,,,,,,,
ENG-Premier League,2627,,2026-12-12 Coventry City-nan,2026-12-12,15:00:00,Matchweek 15,Sat,Away,,,,Coventry City,,,,,,,,
ENG-Premier League,2627,,2026-12-12 Crystal Palace-nan,2026-12-12,15:00:00,Matchweek 15,Sat,Away,,,,Crystal Palace,,,,,,,,
ENG-Premier League,2627,,2026-12-12 Fulham-nan,2026-12-12,15:00:00,Matchweek 15,Sat,Away,,,,Fulham,,,,,,,,
ENG-Premier League,2627,,2026-12-12 Hull City-nan,2026-12-12,15:00:00,Matchweek 15,Sat,Away,,,,Hull City,,,,,,,,
ENG-Premier League,2627,,2026-12-12 Ipswich Town-nan,2026-12-12,15:00:00,Matchweek 15,Sat,Away,,,,Ipswich Town,,,,,,,,
ENG-Premier League,2627,,2026-12-12 Liverpool-nan,2026-12-12,15:00:00,Matchweek 15,Sat,Away,,,,Liverpool,,,,,,,,
ENG-Premier League,2627,,2026-12-12 Manchester City-nan,2026-12-12,15:00:00,Matchweek 15,Sat,Away,,,,Manchester City,,,,,,,,
ENG-Premier League,2627,,2026-12-12 Sunderland-nan,2026-12-12,15:00:00,Matchweek 15,Sat,Away,,,,Sunderland,,,,,,,,
ENG-Premier League,2627,,2026-12-12 nan-Aston Villa,2026-12-12,15:00:00,Matchweek 15,Sat,Home,,,,Aston Villa,,,,,,,,
ENG-Premier League,2627,,2026-12-12 nan-Bournemouth,2026-12-12,15:00:00,Matchweek 15,Sat,Home,,,,Bournemouth,,,,,,,,
ENG-Premier League,2627,,2026-12-12 nan-Brentford,2026-12-12,15:00:00,Matchweek 15,Sat,Home,,,,Brentford,,,,,,,,
ENG-Premier League,2627,,2026-12-12 nan-Chelsea,2026-12-12,15:00:00,Matchweek 15,Sat,Home,,,,Chelsea,,,,,,,,
ENG-Premier League,2627,,2026-12-12 nan-Everton,2026-12-12,15:00:00,Matchweek 15,Sat,Home,,,,Everton,,,,,,,,
ENG-Premier League,2627,,2026-12-12 nan-Leeds United,2026-12-12,15:00:00,Matchweek 15,Sat,Home,,,,Leeds United,,,,,,,,
ENG-Premier League,2627,,2026-12-12 nan-Manchester Utd,2026-12-12,15:00:00,Matchweek 15,Sat,Home,,,,Manchester Utd,,,,,,,,
ENG-Premier League,2627,,2026-12-12 nan-Newcastle,2026-12-12,15:00:00,Matchweek 15,Sat,Home,,,,Newcastle,,,,,,,,
ENG-Premier League,2627,,2026-12-12 nan-Nottingham,2026-12-12,15:00:00,Matchweek 15,Sat,Home,,,,Nottingham,,,,,,,,
ENG-Premier League,2627,,2026-12-12 nan-Tottenham,2026-12-12,15:00:00,Matchweek 15,Sat,Home,,,,Tottenham,,,,,,,,
ENG-Premier League,2627,,2026-12-19 Arsenal-nan,2026-12-19,15:00:00,Matchweek 16,Sat,Away,,,,Arsenal,,,,,,,,
ENG-Premier League,2627,,2026-12-19 Bournemouth-nan,2026-12-19,15:00:00,Matchweek 16,Sat,Away,,,,Bournemouth,,,,,,,,
ENG-Premier League,2627,,2026-12-19 Brentford-nan,2026-12-19,15:00:00,Matchweek 16,Sat,Away,,,,Brentford,,,,,,,,
ENG-Premier League,2627,,2026-12-19 Brighton-nan,2026-12-19,15:00:00,Matchweek 16,Sat,Away,,,,Brighton,,,,,,,,
ENG-Premier League,2627,,2026-12-19 Chelsea-nan,2026-12-19,15:00:00,Matchweek 16,Sat,Away,,,,Chelsea,,,,,,,,
ENG-Premier League,2627,,2026-12-19 Leeds United-nan,2026-12-19,15:00:00,Matchweek 16,Sat,Away,,,,Leeds United,,,,,,,,
ENG-Premier League,2627,,2026-12-19 Liverpool-nan,2026-12-19,15:00:00,Matchweek 16,Sat,Away,,,,Liverpool,,,,,,,,
ENG-Premier League,2627,,2026-12-19 Manchester City-nan,2026-12-19,15:00:00,Matchweek 16,Sat,Away,,,,Manchester City,,,,,,,,
ENG-Premier League,2627,,2026-12-19 Nottingham-nan,2026-12-19,15:00:00,Matchweek 16,Sat,Away,,,,Nottingham,,,,,,,,
ENG-Premier League,2627,,2026-12-19 Sunderland-nan,2026-12-19,15:00:00,Matchweek 16,Sat,Away,,,,Sunderland,,,,,,,,
ENG-Premier League,2627,,2026-12-19 nan-Aston Villa,2026-12-19,15:00:00,Matchweek 16,Sat,Home,,,,Aston Villa,,,,,,,,
ENG-Premier League,2627,,2026-12-19 nan-Coventry City,2026-12-19,15:00:00,Matchweek 16,Sat,Home,,,,Coventry City,,,,,,,,
ENG-Premier League,2627,,2026-12-19 nan-Crystal Palace,2026-12-19,15:00:00,Matchweek 16,Sat,Home,,,,Crystal Palace,,,,,,,,
ENG-Premier League,2627,,2026-12-19 nan-Everton,2026-12-19,15:00:00,Matchweek 16,Sat,Home,,,,Everton,,,,,,,,
ENG-Premier League,2627,,2026-12-19 nan-Fulham,2026-12-19,15:00:00,Matchweek 16,Sat,Home,,,,Fulham,,,,,,,,
ENG-Premier League,2627,,2026-12-19 nan-Hull City,2026-12-19,15:00:00,Matchweek 16,Sat,Home,,,,Hull City,,,,,,,,
ENG-Premier League,2627,,2026-12-19 nan-Ipswich Town,2026-12-19,15:00:00,Matchweek 16,Sat,Home,,,,Ipswich Town,,,,,,,,
ENG-Premier League,2627,,2026-12-19 nan-Manchester Utd,2026-12-19,15:00:00,Matchweek 16,Sat,Home,,,,Manchester Utd,,,,,,,,
ENG-Premier League,2627,,2026-12-19 nan-Newcastle,2026-12-19,15:00:00,Matchweek 16,Sat,Home,,,,Newcastle,,,,,,,,
ENG-Premier League,2627,,2026-12-19 nan-Tottenham,2026-12-19,15:00:00,Matchweek 16,Sat,Home,,,,Tottenham,,,,,,,,
ENG-Premier League,2627,,2026-12-26 Aston Villa-nan,2026-12-26,12:30:00,Matchweek 17,Sat,Away,,,,Aston Villa,,,,,,,,
ENG-Premier League,2627,,2026-12-26 Everton-nan,2026-12-26,15:00:00,Matchweek 17,Sat,Away,,,,Everton,,,,,,,,
ENG-Premier League,2627,,2026-12-26 Fulham-nan,2026-12-26,15:00:00,Matchweek 17,Sat,Away,,,,Fulham,,,,,,,,
ENG-Premier League,2627,,2026-12-26 Hull City-nan,2026-12-26,17:30:00,Matchweek 17,Sat,Away,,,,Hull City,,,,,,,,
ENG-Premier League,2627,,2026-12-26 Ipswich Town-nan,2026-12-26,15:00:00,Matchweek 17,Sat,Away,,,,Ipswich Town,,,,,,,,
ENG-Premier League,2627,,2026-12-26 Newcastle-nan,2026-12-26,20:00:00,Matchweek 17,Sat,Away,,,,Newcastle,,,,,,,,
ENG-Premier League,2627,,2026-12-26 Tottenham-nan,2026-12-26,15:00:00,Matchweek 17,Sat,Away,,,,Tottenham,,,,,,,,
ENG-Premier League,2627,,2026-12-26 nan-Bournemouth,2026-12-26,15:00:00,Matchweek 17,Sat,Home,,,,Bournemouth,,,,,,,,
ENG-Premier League,2627,,2026-12-26 nan-Brentford,2026-12-26,15:00:00,Matchweek 17,Sat,Home,,,,Brentford,,,,,,,,
ENG-Premier League,2627,,2026-12-26 nan-Brighton,2026-12-26,15:00:00,Matchweek 17,Sat,Home,,,,Brighton,,,,,,,,
ENG-Premier League,2627,,2026-12-26 nan-Leeds United,2026-12-26,12:30:00,Matchweek 17,Sat,Home,,,,Leeds United,,,,,,,,
ENG-Premier League,2627,,2026-12-26 nan-Liverpool,2026-12-26,17:30:00,Matchweek 17,Sat,Home,,,,Liverpool,,,,,,,,
ENG-Premier League,2627,,2026-12-26 nan-Manchester City,2026-12-26,20:00:00,Matchweek 17,Sat,Home,,,,Manchester City,,,,,,,,
ENG-Premier League,2627,,2026-12-26 nan-Sunderland,2026-12-26,15:00:00,Matchweek 17,Sat,Home,,,,Sunderland,,,,,,,,
ENG-Premier League,2627,,2026-12-27 Coventry City-nan,2026-12-27,14:00:00,Matchweek 17,Sun,Away,,,,Coventry City,,,,,,,,
ENG-Premier League,2627,,2026-12-27 Crystal Palace-nan,2026-12-27,19:00:00,Matchweek 17,Sun,Away,,,,Crystal Palace,,,,,,,,
ENG-Premier League,2627,,2026-12-27 Manchester Utd-nan,2026-12-27,16:30:00,Matchweek 17,Sun,Away,,,,Manchester Utd,,,,,,,,
ENG-Premier League,2627,,2026-12-27 nan-Arsenal,2026-12-27,19:00:00,Matchweek 17,Sun,Home,,,,Arsenal,,,,,,,,
ENG-Premier League,2627,,2026-12-27 nan-Chelsea,2026-12-27,14:00:00,Matchweek 17,Sun,Home,,,,Chelsea,,,,,,,,
ENG-Premier League,2627,,2026-12-27 nan-Nottingham,2026-12-27,16:30:00,Matchweek 17,Sun,Home,,,,Nottingham,,,,,,,,
ENG-Premier League,2627,,2026-12-29 Everton-nan,2026-12-29,20:15:00,Matchweek 18,Tue,Away,,,,Everton,,,,,,,,
ENG-Premier League,2627,,2026-12-29 Hull City-nan,2026-12-29,19:30:00,Matchweek 18,Tue,Away,,,,Hull City,,,,,,,,
ENG-Premier League,2627,,2026-12-29 Tottenham-nan,2026-12-29,19:30:00,Matchweek 18,Tue,Away,,,,Tottenham,,,,,,,,
ENG-Premier League,2627,,2026-12-29 nan-Brighton,2026-12-29,19:30:00,Matchweek 18,Tue,Home,,,,Brighton,,,,,,,,
ENG-Premier League,2627,,2026-12-29 nan-Leeds United,2026-12-29,19:30:00,Matchweek 18,Tue,Home,,,,Leeds United,,,,,,,,
ENG-Premier League,2627,,2026-12-29 nan-Manchester City,2026-12-29,20:15:00,Matchweek 18,Tue,Home,,,,Manchester City,,,,,,,,
ENG-Premier League,2627,,2026-12-30 Aston Villa-nan,2026-12-30,20:15:00,Matchweek 18,Wed,Away,,,,Aston Villa,,,,,,,,
ENG-Premier League,2627,,2026-12-30 Coventry City-nan,2026-12-30,19:30:00,Matchweek 18,Wed,Away,,,,Coventry City,,,,,,,,
ENG-Premier League,2627,,2026-12-30 Crystal Palace-nan,2026-12-30,19:30:00,Matchweek 18,Wed,Away,,,,Crystal Palace,,,,,,,,
ENG-Premier League,2627,,2026-12-30 Fulham-nan,2026-12-30,19:30:00,Matchweek 18,Wed,Away,,,,Fulham,,,,,,,,
ENG-Premier League,2627,,2026-12-30 Ipswich Town-nan,2026-12-30,20:15:00,Matchweek 18,Wed,Away,,,,Ipswich Town,,,,,,,,
ENG-Premier League,2627,,2026-12-30 Manchester Utd-nan,2026-12-30,19:30:00,Matchweek 18,Wed,Away,,,,Manchester Utd,,,,,,,,
ENG-Premier League,2627,,2026-12-30 Newcastle-nan,2026-12-30,19:30:00,Matchweek 18,Wed,Away,,,,Newcastle,,,,,,,,
ENG-Premier League,2627,,2026-12-30 nan-Arsenal,2026-12-30,19:30:00,Matchweek 18,Wed,Home,,,,Arsenal,,,,,,,,
ENG-Premier League,2627,,2026-12-30 nan-Bournemouth,2026-12-30,19:30:00,Matchweek 18,Wed,Home,,,,Bournemouth,,,,,,,,
ENG-Premier League,2627,,2026-12-30 nan-Brentford,2026-12-30,19:30:00,Matchweek 18,Wed,Home,,,,Brentford,,,,,,,,
ENG-Premier League,2627,,2026-12-30 nan-Chelsea,2026-12-30,20:15:00,Matchweek 18,Wed,Home,,,,Chelsea,,,,,,,,
ENG-Premier League,2627,,2026-12-30 nan-Liverpool,2026-12-30,20:15:00,Matchweek 18,Wed,Home,,,,Liverpool,,,,,,,,
ENG-Premier League,2627,,2026-12-30 nan-Nottingham,2026-12-30,19:30:00,Matchweek 18,Wed,Home,,,,Nottingham,,,,,,,,
ENG-Premier League,2627,,2026-12-30 nan-Sunderland,2026-12-30,19:30:00,Matchweek 18,Wed,Home,,,,Sunderland,,,,,,,,
ENG-Premier League,2627,,2027-01-01 Leeds United-nan,2027-01-01,20:00:00,Matchweek 19,Fri,Away,,,,Leeds United,,,,,,,,
ENG-Premier League,2627,,2027-01-01 nan-Everton,2027-01-01,20:00:00,Matchweek 19,Fri,Home,,,,Everton,,,,,,,,
ENG-Premier League,2627,,2027-01-02 Arsenal-nan,2027-01-02,15:00:00,Matchweek 19,Sat,Away,,,,Arsenal,,,,,,,,
ENG-Premier League,2627,,2027-01-02 Bournemouth-nan,2027-01-02,17:30:00,Matchweek 19,Sat,Away,,,,Bournemouth,,,,,,,,
ENG-Premier League,2627,,2027-01-02 Brentford-nan,2027-01-02,15:00:00,Matchweek 19,Sat,Away,,,,Brentford,,,,,,,,
ENG-Premier League,2627,,2027-01-02 Brighton-nan,2027-01-02,12:30:00,Matchweek 19,Sat,Away,,,,Brighton,,,,,,,,
ENG-Premier League,2627,,2027-01-02 Liverpool-nan,2027-01-02,15:00:00,Matchweek 19,Sat,Away,,,,Liverpool,,,,,,,,
ENG-Premier League,2627,,2027-01-02 Nottingham-nan,2027-01-02,15:00:00,Matchweek 19,Sat,Away,,,,Nottingham,,,,,,,,
ENG-Premier League,2627,,2027-01-02 Sunderland-nan,2027-01-02,15:00:00,Matchweek 19,Sat,Away,,,,Sunderland,,,,,,,,
ENG-Premier League,2627,,2027-01-02 nan-Aston Villa,2027-01-02,17:30:00,Matchweek 19,Sat,Home,,,,Aston Villa,,,,,,,,
ENG-Premier League,2627,,2027-01-02 nan-Coventry City,2027-01-02,15:00:00,Matchweek 19,Sat,Home,,,,Coventry City,,,,,,,,
ENG-Premier League,2627,,2027-01-02 nan-Crystal Palace,2027-01-02,15:00:00,Matchweek 19,Sat,Home,,,,Crystal Palace,,,,,,,,
ENG-Premier League,2627,,2027-01-02 nan-Fulham,2027-01-02,15:00:00,Matchweek 19,Sat,Home,,,,Fulham,,,,,,,,
ENG-Premier League,2627,,2027-01-02 nan-Hull City,2027-01-02,15:00:00,Matchweek 19,Sat,Home,,,,Hull City,,,,,,,,
ENG-Premier League,2627,,2027-01-02 nan-Ipswich Town,2027-01-02,15:00:00,Matchweek 19,Sat,Home,,,,Ipswich Town,,,,,,,,
ENG-Premier League,2627,,2027-01-02 nan-Manchester Utd,2027-01-02,12:30:00,Matchweek 19,Sat,Home,,,,Manchester Utd,,,,,,,,
ENG-Premier League,2627,,2027-01-03 Chelsea-nan,2027-01-03,14:00:00,Matchweek 19,Sun,Away,,,,Chelsea,,,,,,,,
ENG-Premier League,2627,,2027-01-03 Manchester City-nan,2027-01-03,16:30:00,Matchweek 19,Sun,Away,,,,Manchester City,,,,,,,,
ENG-Premier League,2627,,2027-01-03 nan-Newcastle,2027-01-03,14:00:00,Matchweek 19,Sun,Home,,,,Newcastle,,,,,,,,
ENG-Premier League,2627,,2027-01-03 nan-Tottenham,2027-01-03,16:30:00,Matchweek 19,Sun,Home,,,,Tottenham,,,,,,,,
ENG-Premier League,2627,,2027-01-05 Arsenal-nan,2027-01-05,19:30:00,Matchweek 20,Tue,Away,,,,Arsenal,,,,,,,,
ENG-Premier League,2627,,2027-01-05 Brighton-nan,2027-01-05,19:30:00,Matchweek 20,Tue,Away,,,,Brighton,,,,,,,,
ENG-Premier League,2627,,2027-01-05 Everton-nan,2027-01-05,19:30:00,Matchweek 20,Tue,Away,,,,Everton,,,,,,,,
ENG-Premier League,2627,,2027-01-05 Nottingham-nan,2027-01-05,19:30:00,Matchweek 20,Tue,Away,,,,Nottingham,,,,,,,,
ENG-Premier League,2627,,2027-01-05 Sunderland-nan,2027-01-05,20:15:00,Matchweek 20,Tue,Away,,,,Sunderland,,,,,,,,
ENG-Premier League,2627,,2027-01-05 nan-Aston Villa,2027-01-05,19:30:00,Matchweek 20,Tue,Home,,,,Aston Villa,,,,,,,,
ENG-Premier League,2627,,2027-01-05 nan-Bournemouth,2027-01-05,19:30:00,Matchweek 20,Tue,Home,,,,Bournemouth,,,,,,,,
ENG-Premier League,2627,,2027-01-05 nan-Brentford,2027-01-05,19:30:00,Matchweek 20,Tue,Home,,,,Brentford,,,,,,,,
ENG-Premier League,2627,,2027-01-05 nan-Hull City,2027-01-05,19:30:00,Matchweek 20,Tue,Home,,,,Hull City,,,,,,,,
ENG-Premier League,2627,,2027-01-05 nan-Liverpool,2027-01-05,20:15:00,Matchweek 20,Tue,Home,,,,Liverpool,,,,,,,,
ENG-Premier League,2627,,2027-01-06 Crystal Palace-nan,2027-01-06,19:30:00,Matchweek 20,Wed,Away,,,,Crystal Palace,,,,,,,,
ENG-Premier League,2627,,2027-01-06 Fulham-nan,2027-01-06,19:30:00,Matchweek 20,Wed,Away,,,,Fulham,,,,,,,,
ENG-Premier League,2627,,2027-01-06 Ipswich Town-nan,2027-01-06,19:30:00,Matchweek 20,Wed,Away,,,,Ipswich Town,,,,,,,,
ENG-Premier League,2627,,2027-01-06 Leeds United-nan,2027-01-06,20:15:00,Matchweek 20,Wed,Away,,,,Leeds United,,,,,,,,
ENG-Premier League,2627,,2027-01-06 nan-Chelsea,2027-01-06,19:30:00,Matchweek 20,Wed,Home,,,,Chelsea,,,,,,,,
ENG-Premier League,2627,,2027-01-06 nan-Coventry City,2027-01-06,19:30:00,Matchweek 20,Wed,Home,,,,Coventry City,,,,,,,,
ENG-Premier League,2627,,2027-01-06 nan-Manchester City,2027-01-06,20:15:00,Matchweek 20,Wed,Home,,,,Manchester City,,,,,,,,
ENG-Premier League,2627,,2027-01-06 nan-Tottenham,2027-01-06,19:30:00,Matchweek 20,Wed,Home,,,,Tottenham,,,,,,,,
ENG-Premier League,2627,,2027-01-07 Manchester Utd-nan,2027-01-07,20:00:00,Matchweek 20,Thu,Away,,,,Manchester Utd,,,,,,,,
ENG-Premier League,2627,,2027-01-07 nan-Newcastle,2027-01-07,20:00:00,Matchweek 20,Thu,Home,,,,Newcastle,,,,,,,,
ENG-Premier League,2627,,2027-01-16 Aston Villa-nan,2027-01-16,15:00:00,Matchweek 21,Sat,Away,,,,Aston Villa,,,,,,,,
ENG-Premier League,2627,,2027-01-16 Bournemouth-nan,2027-01-16,15:00:00,Matchweek 21,Sat,Away,,,,Bournemouth,,,,,,,,
ENG-Premier League,2627,,2027-01-16 Brentford-nan,2027-01-16,15:00:00,Matchweek 21,Sat,Away,,,,Brentford,,,,,,,,
ENG-Premier League,2627,,2027-01-16 Chelsea-nan,2027-01-16,15:00:00,Matchweek 21,Sat,Away,,,,Chelsea,,,,,,,,
ENG-Premier League,2627,,2027-01-16 Coventry City-nan,2027-01-16,15:00:00,Matchweek 21,Sat,Away,,,,Coventry City,,,,,,,,
ENG-Premier League,2627,,2027-01-16 Hull City-nan,2027-01-16,15:00:00,Matchweek 21,Sat,Away,,,,Hull City,,,,,,,,
ENG-Premier League,2627,,2027-01-16 Liverpool-nan,2027-01-16,15:00:00,Matchweek 21,Sat,Away,,,,Liverpool,,,,,,,,
ENG-Premier League,2627,,2027-01-16 Manchester City-nan,2027-01-16,15:00:00,Matchweek 21,Sat,Away,,,,Manchester City,,,,,,,,
ENG-Premier League,2627,,2027-01-16 Newcastle-nan,2027-01-16,15:00:00,Matchweek 21,Sat,Away,,,,Newcastle,,,,,,,,
ENG-Premier League,2627,,2027-01-16 Tottenham-nan,2027-01-16,15:00:00,Matchweek 21,Sat,Away,,,,Tottenham,,,,,,,,
ENG-Premier League,2627,,2027-01-16 nan-Arsenal,2027-01-16,15:00:00,Matchweek 21,Sat,Home,,,,Arsenal,,,,,,,,
ENG-Premier League,2627,,2027-01-16 nan-Brighton,2027-01-16,15:00:00,Matchweek 21,Sat,Home,,,,Brighton,,,,,,,,
ENG-Premier League,2627,,2027-01-16 nan-Crystal Palace,2027-01-16,15:00:00,Matchweek 21,Sat,Home,,,,Crystal Palace,,,,,,,,
ENG-Premier League,2627,,2027-01-16 nan-Everton,2027-01-16,15:00:00,Matchweek 21,Sat,Home,,,,Everton,,,,,,,,
ENG-Premier League,2627,,2027-01-16 nan-Fulham,2027-01-16,15:00:00,Matchweek 21,Sat,Home,,,,Fulham,,,,,,,,
ENG-Premier League,2627,,2027-01-16 nan-Ipswich Town,2027-01-16,15:00:00,Matchweek 21,Sat,Home,,,,Ipswich Town,,,,,,,,
ENG-Premier League,2627,,2027-01-16 nan-Leeds United,2027-01-16,15:00:00,Matchweek 21,Sat,Home,,,,Leeds United,,,,,,,,
ENG-Premier League,2627,,2027-01-16 nan-Manchester Utd,2027-01-16,15:00:00,Matchweek 21,Sat,Home,,,,Manchester Utd,,,,,,,,
ENG-Premier League,2627,,2027-01-16 nan-Nottingham,2027-01-16,15:00:00,Matchweek 21,Sat,Home,,,,Nottingham,,,,,,,,
ENG-Premier League,2627,,2027-01-16 nan-Sunderland,2027-01-16,15:00:00,Matchweek 21,Sat,Home,,,,Sunderland,,,,,,,,
ENG-Premier League,2627,,2027-01-23 Arsenal-nan,2027-01-23,15:00:00,Matchweek 22,Sat,Away,,,,Arsenal,,,,,,,,
ENG-Premier League,2627,,2027-01-23 Brighton-nan,2027-01-23,15:00:00,Matchweek 22,Sat,Away,,,,Brighton,,,,,,,,
ENG-Premier League,2627,,2027-01-23 Crystal Palace-nan,2027-01-23,15:00:00,Matchweek 22,Sat,Away,,,,Crystal Palace,,,,,,,,
ENG-Premier League,2627,,2027-01-23 Everton-nan,2027-01-23,15:00:00,Matchweek 22,Sat,Away,,,,Everton,,,,,,,,
ENG-Premier League,2627,,2027-01-23 Fulham-nan,2027-01-23,15:00:00,Matchweek 22,Sat,Away,,,,Fulham,,,,,,,,
ENG-Premier League,2627,,2027-01-23 Ipswich Town-nan,2027-01-23,15:00:00,Matchweek 22,Sat,Away,,,,Ipswich Town,,,,,,,,
ENG-Premier League,2627,,2027-01-23 Leeds United-nan,2027-01-23,15:00:00,Matchweek 22,Sat,Away,,,,Leeds United,,,,,,,,
ENG-Premier League,2627,,2027-01-23 Manchester Utd-nan,2027-01-23,15:00:00,Matchweek 22,Sat,Away,,,,Manchester Utd,,,,,,,,
ENG-Premier League,2627,,2027-01-23 Nottingham-nan,2027-01-23,15:00:00,Matchweek 22,Sat,Away,,,,Nottingham,,,,,,,,
ENG-Premier League,2627,,2027-01-23 Sunderland-nan,2027-01-23,15:00:00,Matchweek 22,Sat,Away,,,,Sunderland,,,,,,,,
ENG-Premier League,2627,,2027-01-23 nan-Aston Villa,2027-01-23,15:00:00,Matchweek 22,Sat,Home,,,,Aston Villa,,,,,,,,
ENG-Premier League,2627,,2027-01-23 nan-Bournemouth,2027-01-23,15:00:00,Matchweek 22,Sat,Home,,,,Bournemouth,,,,,,,,
ENG-Premier League,2627,,2027-01-23 nan-Brentford,2027-01-23,15:00:00,Matchweek 22,Sat,Home,,,,Brentford,,,,,,,,
ENG-Premier League,2627,,2027-01-23 nan-Chelsea,2027-01-23,15:00:00,Matchweek 22,Sat,Home,,,,Chelsea,,,,,,,,
ENG-Premier League,2627,,2027-01-23 nan-Coventry City,2027-01-23,15:00:00,Matchweek 22,Sat,Home,,,,Coventry City,,,,,,,,
ENG-Premier League,2627,,2027-01-23 nan-Hull City,2027-01-23,15:00:00,Matchweek 22,Sat,Home,,,,Hull City,,,,,,,,
ENG-Premier League,2627,,2027-01-23 nan-Liverpool,2027-01-23,15:00:00,Matchweek 22,Sat,Home,,,,Liverpool,,,,,,,,
ENG-Premier League,2627,,2027-01-23 nan-Manchester City,2027-01-23,15:00:00,Matchweek 22,Sat,Home,,,,Manchester City,,,,,,,,
ENG-Premier League,2627,,2027-01-23 nan-Newcastle,2027-01-23,15:00:00,Matchweek 22,Sat,Home,,,,Newcastle,,,,,,,,
ENG-Premier League,2627,,2027-01-23 nan-Tottenham,2027-01-23,15:00:00,Matchweek 22,Sat,Home,,,,Tottenham,,,,,,,,
ENG-Premier League,2627,,2027-01-30 Aston Villa-nan,2027-01-30,15:00:00,Matchweek 23,Sat,Away,,,,Aston Villa,,,,,,,,
ENG-Premier League,2627,,2027-01-30 Bournemouth-nan,2027-01-30,15:00:00,Matchweek 23,Sat,Away,,,,Bournemouth,,,,,,,,
ENG-Premier League,2627,,2027-01-30 Brentford-nan,2027-01-30,15:00:00,Matchweek 23,Sat,Away,,,,Brentford,,,,,,,,
ENG-Premier League,2627,,2027-01-30 Chelsea-nan,2027-01-30,15:00:00,Matchweek 23,Sat,Away,,,,Chelsea,,,,,,,,
ENG-Premier League,2627,,2027-01-30 Coventry City-nan,2027-01-30,15:00:00,Matchweek 23,Sat,Away,,,,Coventry City,,,,,,,,
ENG-Premier League,2627,,2027-01-30 Hull City-nan,2027-01-30,15:00:00,Matchweek 23,Sat,Away,,,,Hull City,,,,,,,,
ENG-Premier League,2627,,2027-01-30 Liverpool-nan,2027-01-30,15:00:00,Matchweek 23,Sat,Away,,,,Liverpool,,,,,,,,
ENG-Premier League,2627,,2027-01-30 Manchester City-nan,2027-01-30,15:00:00,Matchweek 23,Sat,Away,,,,Manchester City,,,,,,,,
ENG-Premier League,2627,,2027-01-30 Newcastle-nan,2027-01-30,15:00:00,Matchweek 23,Sat,Away,,,,Newcastle,,,,,,,,
ENG-Premier League,2627,,2027-01-30 Tottenham-nan,2027-01-30,15:00:00,Matchweek 23,Sat,Away,,,,Tottenham,,,,,,,,
ENG-Premier League,2627,,2027-01-30 nan-Arsenal,2027-01-30,15:00:00,Matchweek 23,Sat,Home,,,,Arsenal,,,,,,,,
ENG-Premier League,2627,,2027-01-30 nan-Brighton,2027-01-30,15:00:00,Matchweek 23,Sat,Home,,,,Brighton,,,,,,,,
ENG-Premier League,2627,,2027-01-30 nan-Crystal Palace,2027-01-30,15:00:00,Matchweek 23,Sat,Home,,,,Crystal Palace,,,,,,,,
ENG-Premier League,2627,,2027-01-30 nan-Everton,2027-01-30,15:00:00,Matchweek 23,Sat,Home,,,,Everton,,,,,,,,
ENG-Premier League,2627,,2027-01-30 nan-Fulham,2027-01-30,15:00:00,Matchweek 23,Sat,Home,,,,Fulham,,,,,,,,
ENG-Premier League,2627,,2027-01-30 nan-Ipswich Town,2027-01-30,15:00:00,Matchweek 23,Sat,Home,,,,Ipswich Town,,,,,,,,
ENG-Premier League,2627,,2027-01-30 nan-Leeds United,2027-01-30,15:00:00,Matchweek 23,Sat,Home,,,,Leeds United,,,,,,,,
ENG-Premier League,2627,,2027-01-30 nan-Manchester Utd,2027-01-30,15:00:00,Matchweek 23,Sat,Home,,,,Manchester Utd,,,,,,,,
ENG-Premier League,2627,,2027-01-30 nan-Nottingham,2027-01-30,15:00:00,Matchweek 23,Sat,Home,,,,Nottingham,,,,,,,,
ENG-Premier League,2627,,2027-01-30 nan-Sunderland,2027-01-30,15:00:00,Matchweek 23,Sat,Home,,,,Sunderland,,,,,,,,
ENG-Premier League,2627,,2027-02-06 Arsenal-nan,2027-02-06,15:00:00,Matchweek 24,Sat,Away,,,,Arsenal,,,,,,,,
ENG-Premier League,2627,,2027-02-06 Brighton-nan,2027-02-06,15:00:00,Matchweek 24,Sat,Away,,,,Brighton,,,,,,,,
ENG-Premier League,2627,,2027-02-06 Crystal Palace-nan,2027-02-06,15:00:00,Matchweek 24,Sat,Away,,,,Crystal Palace,,,,,,,,
ENG-Premier League,2627,,2027-02-06 Everton-nan,2027-02-06,15:00:00,Matchweek 24,Sat,Away,,,,Everton,,,,,,,,
ENG-Premier League,2627,,2027-02-06 Fulham-nan,2027-02-06,15:00:00,Matchweek 24,Sat,Away,,,,Fulham,,,,,,,,
ENG-Premier League,2627,,2027-02-06 Ipswich Town-nan,2027-02-06,15:00:00,Matchweek 24,Sat,Away,,,,Ipswich Town,,,,,,,,
ENG-Premier League,2627,,2027-02-06 Leeds United-nan,2027-02-06,15:00:00,Matchweek 24,Sat,Away,,,,Leeds United,,,,,,,,
ENG-Premier League,2627,,2027-02-06 Manchester Utd-nan,2027-02-06,15:00:00,Matchweek 24,Sat,Away,,,,Manchester Utd,,,,,,,,
ENG-Premier League,2627,,2027-02-06 Nottingham-nan,2027-02-06,15:00:00,Matchweek 24,Sat,Away,,,,Nottingham,,,,,,,,
ENG-Premier League,2627,,2027-02-06 Sunderland-nan,2027-02-06,15:00:00,Matchweek 24,Sat,Away,,,,Sunderland,,,,,,,,
ENG-Premier League,2627,,2027-02-06 nan-Aston Villa,2027-02-06,15:00:00,Matchweek 24,Sat,Home,,,,Aston Villa,,,,,,,,
ENG-Premier League,2627,,2027-02-06 nan-Bournemouth,2027-02-06,15:00:00,Matchweek 24,Sat,Home,,,,Bournemouth,,,,,,,,
ENG-Premier League,2627,,2027-02-06 nan-Brentford,2027-02-06,15:00:00,Matchweek 24,Sat,Home,,,,Brentford,,,,,,,,
ENG-Premier League,2627,,2027-02-06 nan-Chelsea,2027-02-06,15:00:00,Matchweek 24,Sat,Home,,,,Chelsea,,,,,,,,
ENG-Premier League,2627,,2027-02-06 nan-Coventry City,2027-02-06,15:00:00,Matchweek 24,Sat,Home,,,,Coventry City,,,,,,,,
ENG-Premier League,2627,,2027-02-06 nan-Hull City,2027-02-06,15:00:00,Matchweek 24,Sat,Home,,,,Hull City,,,,,,,,
ENG-Premier League,2627,,2027-02-06 nan-Liverpool,2027-02-06,15:00:00,Matchweek 24,Sat,Home,,,,Liverpool,,,,,,,,
ENG-Premier League,2627,,2027-02-06 nan-Manchester City,2027-02-06,15:00:00,Matchweek 24,Sat,Home,,,,Manchester City,,,,,,,,
ENG-Premier League,2627,,2027-02-06 nan-Newcastle,2027-02-06,15:00:00,Matchweek 24,Sat,Home,,,,Newcastle,,,,,,,,
ENG-Premier League,2627,,2027-02-06 nan-Tottenham,2027-02-06,15:00:00,Matchweek 24,Sat,Home,,,,Tottenham,,,,,,,,
ENG-Premier League,2627,,2027-02-10 Aston Villa-nan,2027-02-10,20:00:00,Matchweek 25,Wed,Away,,,,Aston Villa,,,,,,,,
ENG-Premier League,2627,,2027-02-10 Coventry City-nan,2027-02-10,20:00:00,Matchweek 25,Wed,Away,,,,Coventry City,,,,,,,,
ENG-Premier League,2627,,2027-02-10 Crystal Palace-nan,2027-02-10,20:00:00,Matchweek 25,Wed,Away,,,,Crystal Palace,,,,,,,,
ENG-Premier League,2627,,2027-02-10 Everton-nan,2027-02-10,20:00:00,Matchweek 25,Wed,Away,,,,Everton,,,,,,,,
ENG-Premier League,2627,,2027-02-10 Fulham-nan,2027-02-10,20:00:00,Matchweek 25,Wed,Away,,,,Fulham,,,,,,,,
ENG-Premier League,2627,,2027-02-10 Hull City-nan,2027-02-10,20:00:00,Matchweek 25,Wed,Away,,,,Hull City,,,,,,,,
ENG-Premier League,2627,,2027-02-10 Ipswich Town-nan,2027-02-10,20:00:00,Matchweek 25,Wed,Away,,,,Ipswich Town,,,,,,,,
ENG-Premier League,2627,,2027-02-10 Manchester Utd-nan,2027-02-10,20:00:00,Matchweek 25,Wed,Away,,,,Manchester Utd,,,,,,,,
ENG-Premier League,2627,,2027-02-10 Newcastle-nan,2027-02-10,20:00:00,Matchweek 25,Wed,Away,,,,Newcastle,,,,,,,,
ENG-Premier League,2627,,2027-02-10 Tottenham-nan,2027-02-10,20:00:00,Matchweek 25,Wed,Away,,,,Tottenham,,,,,,,,
ENG-Premier League,2627,,2027-02-10 nan-Arsenal,2027-02-10,20:00:00,Matchweek 25,Wed,Home,,,,Arsenal,,,,,,,,
ENG-Premier League,2627,,2027-02-10 nan-Bournemouth,2027-02-10,20:00:00,Matchweek 25,Wed,Home,,,,Bournemouth,,,,,,,,
ENG-Premier League,2627,,2027-02-10 nan-Brentford,2027-02-10,20:00:00,Matchweek 25,Wed,Home,,,,Brentford,,,,,,,,
ENG-Premier League,2627,,2027-02-10 nan-Brighton,2027-02-10,20:00:00,Matchweek 25,Wed,Home,,,,Brighton,,,,,,,,
ENG-Premier League,2627,,2027-02-10 nan-Chelsea,2027-02-10,20:00:00,Matchweek 25,Wed,Home,,,,Chelsea,,,,,,,,
ENG-Premier League,2627,,2027-02-10 nan-Leeds United,2027-02-10,20:00:00,Matchweek 25,Wed,Home,,,,Leeds United,,,,,,,,
ENG-Premier League,2627,,2027-02-10 nan-Liverpool,2027-02-10,20:00:00,Matchweek 25,Wed,Home,,,,Liverpool,,,,,,,,
ENG-Premier League,2627,,2027-02-10 nan-Manchester City,2027-02-10,20:00:00,Matchweek 25,Wed,Home,,,,Manchester City,,,,,,,,
ENG-Premier League,2627,,2027-02-10 nan-Nottingham,2027-02-10,20:00:00,Matchweek 25,Wed,Home,,,,Nottingham,,,,,,,,
ENG-Premier League,2627,,2027-02-10 nan-Sunderland,2027-02-10,20:00:00,Matchweek 25,Wed,Home,,,,Sunderland,,,,,,,,
ENG-Premier League,2627,,2027-02-20 Arsenal-nan,2027-02-20,15:00:00,Matchweek 26,Sat,Away,,,,Arsenal,,,,,,,,
ENG-Premier League,2627,,2027-02-20 Bournemouth-nan,2027-02-20,15:00:00,Matchweek 26,Sat,Away,,,,Bournemouth,,,,,,,,
ENG-Premier League,2627,,2027-02-20 Brentford-nan,2027-02-20,15:00:00,Matchweek 26,Sat,Away,,,,Brentford,,,,,,,,
ENG-Premier League,2627,,2027-02-20 Brighton-nan,2027-02-20,15:00:00,Matchweek 26,Sat,Away,,,,Brighton,,,,,,,,
ENG-Premier League,2627,,2027-02-20 Chelsea-nan,2027-02-20,15:00:00,Matchweek 26,Sat,Away,,,,Chelsea,,,,,,,,
ENG-Premier League,2627,,2027-02-20 Leeds United-nan,2027-02-20,15:00:00,Matchweek 26,Sat,Away,,,,Leeds United,,,,,,,,
ENG-Premier League,2627,,2027-02-20 Liverpool-nan,2027-02-20,15:00:00,Matchweek 26,Sat,Away,,,,Liverpool,,,,,,,,
ENG-Premier League,2627,,2027-02-20 Manchester City-nan,2027-02-20,15:00:00,Matchweek 26,Sat,Away,,,,Manchester City,,,,,,,,
ENG-Premier League,2627,,2027-02-20 Nottingham-nan,2027-02-20,15:00:00,Matchweek 26,Sat,Away,,,,Nottingham,,,,,,,,
ENG-Premier League,2627,,2027-02-20 Sunderland-nan,2027-02-20,15:00:00,Matchweek 26,Sat,Away,,,,Sunderland,,,,,,,,
ENG-Premier League,2627,,2027-02-20 nan-Aston Villa,2027-02-20,15:00:00,Matchweek 26,Sat,Home,,,,Aston Villa,,,,,,,,
ENG-Premier League,2627,,2027-02-20 nan-Coventry City,2027-02-20,15:00:00,Matchweek 26,Sat,Home,,,,Coventry City,,,,,,,,
ENG-Premier League,2627,,2027-02-20 nan-Crystal Palace,2027-02-20,15:00:00,Matchweek 26,Sat,Home,,,,Crystal Palace,,,,,,,,
ENG-Premier League,2627,,2027-02-20 nan-Everton,2027-02-20,15:00:00,Matchweek 26,Sat,Home,,,,Everton,,,,,,,,
ENG-Premier League,2627,,2027-02-20 nan-Fulham,2027-02-20,15:00:00,Matchweek 26,Sat,Home,,,,Fulham,,,,,,,,
ENG-Premier League,2627,,2027-02-20 nan-Hull City,2027-02-20,15:00:00,Matchweek 26,Sat,Home,,,,Hull City,,,,,,,,
ENG-Premier League,2627,,2027-02-20 nan-Ipswich Town,2027-02-20,15:00:00,Matchweek 26,Sat,Home,,,,Ipswich Town,,,,,,,,
ENG-Premier League,2627,,2027-02-20 nan-Manchester Utd,2027-02-20,15:00:00,Matchweek 26,Sat,Home,,,,Manchester Utd,,,,,,,,
ENG-Premier League,2627,,2027-02-20 nan-Newcastle,2027-02-20,15:00:00,Matchweek 26,Sat,Home,,,,Newcastle,,,,,,,,
ENG-Premier League,2627,,2027-02-20 nan-Tottenham,2027-02-20,15:00:00,Matchweek 26,Sat,Home,,,,Tottenham,,,,,,,,
ENG-Premier League,2627,,2027-02-27 Aston Villa-nan,2027-02-27,15:00:00,Matchweek 27,Sat,Away,,,,Aston Villa,,,,,,,,
ENG-Premier League,2627,,2027-02-27 Coventry City-nan,2027-02-27,15:00:00,Matchweek 27,Sat,Away,,,,Coventry City,,,,,,,,
ENG-Premier League,2627,,2027-02-27 Crystal Palace-nan,2027-02-27,15:00:00,Matchweek 27,Sat,Away,,,,Crystal Palace,,,,,,,,
ENG-Premier League,2627,,2027-02-27 Everton-nan,2027-02-27,15:00:00,Matchweek 27,Sat,Away,,,,Everton,,,,,,,,
ENG-Premier League,2627,,2027-02-27 Fulham-nan,2027-02-27,15:00:00,Matchweek 27,Sat,Away,,,,Fulham,,,,,,,,
ENG-Premier League,2627,,2027-02-27 Hull City-nan,2027-02-27,15:00:00,Matchweek 27,Sat,Away,,,,Hull City,,,,,,,,
ENG-Premier League,2627,,2027-02-27 Ipswich Town-nan,2027-02-27,15:00:00,Matchweek 27,Sat,Away,,,,Ipswich Town,,,,,,,,
ENG-Premier League,2627,,2027-02-27 Manchester Utd-nan,2027-02-27,15:00:00,Matchweek 27,Sat,Away,,,,Manchester Utd,,,,,,,,
ENG-Premier League,2627,,2027-02-27 Newcastle-nan,2027-02-27,15:00:00,Matchweek 27,Sat,Away,,,,Newcastle,,,,,,,,
ENG-Premier League,2627,,2027-02-27 Tottenham-nan,2027-02-27,15:00:00,Matchweek 27,Sat,Away,,,,Tottenham,,,,,,,,
ENG-Premier League,2627,,2027-02-27 nan-Arsenal,2027-02-27,15:00:00,Matchweek 27,Sat,Home,,,,Arsenal,,,,,,,,
ENG-Premier League,2627,,2027-02-27 nan-Bournemouth,2027-02-27,15:00:00,Matchweek 27,Sat,Home,,,,Bournemouth,,,,,,,,
ENG-Premier League,2627,,2027-02-27 nan-Brentford,2027-02-27,15:00:00,Matchweek 27,Sat,Home,,,,Brentford,,,,,,,,
ENG-Premier League,2627,,2027-02-27 nan-Brighton,2027-02-27,15:00:00,Matchweek 27,Sat,Home,,,,Brighton,,,,,,,,
ENG-Premier League,2627,,2027-02-27 nan-Chelsea,2027-02-27,15:00:00,Matchweek 27,Sat,Home,,,,Chelsea,,,,,,,,
ENG-Premier League,2627,,2027-02-27 nan-Leeds United,2027-02-27,15:00:00,Matchweek 27,Sat,Home,,,,Leeds United,,,,,,,,
ENG-Premier League,2627,,2027-02-27 nan-Liverpool,2027-02-27,15:00:00,Matchweek 27,Sat,Home,,,,Liverpool,,,,,,,,
ENG-Premier League,2627,,2027-02-27 nan-Manchester City,2027-02-27,15:00:00,Matchweek 27,Sat,Home,,,,Manchester City,,,,,,,,
ENG-Premier League,2627,,2027-02-27 nan-Nottingham,2027-02-27,15:00:00,Matchweek 27,Sat,Home,,,,Nottingham,,,,,,,,
ENG-Premier League,2627,,2027-02-27 nan-Sunderland,2027-02-27,15:00:00,Matchweek 27,Sat,Home,,,,Sunderland,,,,,,,,
ENG-Premier League,2627,,2027-03-03 Arsenal-nan,2027-03-03,20:00:00,Matchweek 28,Wed,Away,,,,Arsenal,,,,,,,,
ENG-Premier League,2627,,2027-03-03 Bournemouth-nan,2027-03-03,20:00:00,Matchweek 28,Wed,Away,,,,Bournemouth,,,,,,,,
ENG-Premier League,2627,,2027-03-03 Brentford-nan,2027-03-03,20:00:00,Matchweek 28,Wed,Away,,,,Brentford,,,,,,,,
ENG-Premier League,2627,,2027-03-03 Brighton-nan,2027-03-03,20:00:00,Matchweek 28,Wed,Away,,,,Brighton,,,,,,,,
ENG-Premier League,2627,,2027-03-03 Chelsea-nan,2027-03-03,20:00:00,Matchweek 28,Wed,Away,,,,Chelsea,,,,,,,,
ENG-Premier League,2627,,2027-03-03 Leeds United-nan,2027-03-03,20:00:00,Matchweek 28,Wed,Away,,,,Leeds United,,,,,,,,
ENG-Premier League,2627,,2027-03-03 Liverpool-nan,2027-03-03,20:00:00,Matchweek 28,Wed,Away,,,,Liverpool,,,,,,,,
ENG-Premier League,2627,,2027-03-03 Manchester City-nan,2027-03-03,20:00:00,Matchweek 28,Wed,Away,,,,Manchester City,,,,,,,,
ENG-Premier League,2627,,2027-03-03 Nottingham-nan,2027-03-03,20:00:00,Matchweek 28,Wed,Away,,,,Nottingham,,,,,,,,
ENG-Premier League,2627,,2027-03-03 Sunderland-nan,2027-03-03,20:00:00,Matchweek 28,Wed,Away,,,,Sunderland,,,,,,,,
ENG-Premier League,2627,,2027-03-03 nan-Aston Villa,2027-03-03,20:00:00,Matchweek 28,Wed,Home,,,,Aston Villa,,,,,,,,
ENG-Premier League,2627,,2027-03-03 nan-Coventry City,2027-03-03,20:00:00,Matchweek 28,Wed,Home,,,,Coventry City,,,,,,,,
ENG-Premier League,2627,,2027-03-03 nan-Crystal Palace,2027-03-03,20:00:00,Matchweek 28,Wed,Home,,,,Crystal Palace,,,,,,,,
ENG-Premier League,2627,,2027-03-03 nan-Everton,2027-03-03,20:00:00,Matchweek 28,Wed,Home,,,,Everton,,,,,,,,
ENG-Premier League,2627,,2027-03-03 nan-Fulham,2027-03-03,20:00:00,Matchweek 28,Wed,Home,,,,Fulham,,,,,,,,
ENG-Premier League,2627,,2027-03-03 nan-Hull City,2027-03-03,20:00:00,Matchweek 28,Wed,Home,,,,Hull City,,,,,,,,
ENG-Premier League,2627,,2027-03-03 nan-Ipswich Town,2027-03-03,20:00:00,Matchweek 28,Wed,Home,,,,Ipswich Town,,,,,,,,
ENG-Premier League,2627,,2027-03-03 nan-Manchester Utd,2027-03-03,20:00:00,Matchweek 28,Wed,Home,,,,Manchester Utd,,,,,,,,
ENG-Premier League,2627,,2027-03-03 nan-Newcastle,2027-03-03,20:00:00,Matchweek 28,Wed,Home,,,,Newcastle,,,,,,,,
ENG-Premier League,2627,,2027-03-03 nan-Tottenham,2027-03-03,20:00:00,Matchweek 28,Wed,Home,,,,Tottenham,,,,,,,,
ENG-Premier League,2627,,2027-03-13 Aston Villa-nan,2027-03-13,15:00:00,Matchweek 29,Sat,Away,,,,Aston Villa,,,,,,,,
ENG-Premier League,2627,,2027-03-13 Bournemouth-nan,2027-03-13,15:00:00,Matchweek 29,Sat,Away,,,,Bournemouth,,,,,,,,
ENG-Premier League,2627,,2027-03-13 Chelsea-nan,2027-03-13,15:00:00,Matchweek 29,Sat,Away,,,,Chelsea,,,,,,,,
ENG-Premier League,2627,,2027-03-13 Coventry City-nan,2027-03-13,15:00:00,Matchweek 29,Sat,Away,,,,Coventry City,,,,,,,,
ENG-Premier League,2627,,2027-03-13 Crystal Palace-nan,2027-03-13,15:00:00,Matchweek 29,Sat,Away,,,,Crystal Palace,,,,,,,,
ENG-Premier League,2627,,2027-03-13 Leeds United-nan,2027-03-13,15:00:00,Matchweek 29,Sat,Away,,,,Leeds United,,,,,,,,
ENG-Premier League,2627,,2027-03-13 Liverpool-nan,2027-03-13,15:00:00,Matchweek 29,Sat,Away,,,,Liverpool,,,,,,,,
ENG-Premier League,2627,,2027-03-13 Manchester Utd-nan,2027-03-13,15:00:00,Matchweek 29,Sat,Away,,,,Manchester Utd,,,,,,,,
ENG-Premier League,2627,,2027-03-13 Sunderland-nan,2027-03-13,15:00:00,Matchweek 29,Sat,Away,,,,Sunderland,,,,,,,,
ENG-Premier League,2627,,2027-03-13 Tottenham-nan,2027-03-13,15:00:00,Matchweek 29,Sat,Away,,,,Tottenham,,,,,,,,
ENG-Premier League,2627,,2027-03-13 nan-Arsenal,2027-03-13,15:00:00,Matchweek 29,Sat,Home,,,,Arsenal,,,,,,,,
ENG-Premier League,2627,,2027-03-13 nan-Brentford,2027-03-13,15:00:00,Matchweek 29,Sat,Home,,,,Brentford,,,,,,,,
ENG-Premier League,2627,,2027-03-13 nan-Brighton,2027-03-13,15:00:00,Matchweek 29,Sat,Home,,,,Brighton,,,,,,,,
ENG-Premier League,2627,,2027-03-13 nan-Everton,2027-03-13,15:00:00,Matchweek 29,Sat,Home,,,,Everton,,,,,,,,
ENG-Premier League,2627,,2027-03-13 nan-Fulham,2027-03-13,15:00:00,Matchweek 29,Sat,Home,,,,Fulham,,,,,,,,
ENG-Premier League,2627,,2027-03-13 nan-Hull City,2027-03-13,15:00:00,Matchweek 29,Sat,Home,,,,Hull City,,,,,,,,
ENG-Premier League,2627,,2027-03-13 nan-Ipswich Town,2027-03-13,15:00:00,Matchweek 29,Sat,Home,,,,Ipswich Town,,,,,,,,
ENG-Premier League,2627,,2027-03-13 nan-Manchester City,2027-03-13,15:00:00,Matchweek 29,Sat,Home,,,,Manchester City,,,,,,,,
ENG-Premier League,2627,,2027-03-13 nan-Newcastle,2027-03-13,15:00:00,Matchweek 29,Sat,Home,,,,Newcastle,,,,,,,,
ENG-Premier League,2627,,2027-03-13 nan-Nottingham,2027-03-13,15:00:00,Matchweek 29,Sat,Home,,,,Nottingham,,,,,,,,
ENG-Premier League,2627,,2027-03-20 Arsenal-nan,2027-03-20,15:00:00,Matchweek 30,Sat,Away,,,,Arsenal,,,,,,,,
ENG-Premier League,2627,,2027-03-20 Brentford-nan,2027-03-20,15:00:00,Matchweek 30,Sat,Away,,,,Brentford,,,,,,,,
ENG-Premier League,2627,,2027-03-20 Brighton-nan,2027-03-20,15:00:00,Matchweek 30,Sat,Away,,,,Brighton,,,,,,,,
ENG-Premier League,2627,,2027-03-20 Everton-nan,2027-03-20,15:00:00,Matchweek 30,Sat,Away,,,,Everton,,,,,,,,
ENG-Premier League,2627,,2027-03-20 Fulham-nan,2027-03-20,15:00:00,Matchweek 30,Sat,Away,,,,Fulham,,,,,,,,
ENG-Premier League,2627,,2027-03-20 Hull City-nan,2027-03-20,15:00:00,Matchweek 30,Sat,Away,,,,Hull City,,,,,,,,
ENG-Premier League,2627,,2027-03-20 Ipswich Town-nan,2027-03-20,15:00:00,Matchweek 30,Sat,Away,,,,Ipswich Town,,,,,,,,
ENG-Premier League,2627,,2027-03-20 Manchester City-nan,2027-03-20,15:00:00,Matchweek 30,Sat,Away,,,,Manchester City,,,,,,,,
ENG-Premier League,2627,,2027-03-20 Newcastle-nan,2027-03-20,15:00:00,Matchweek 30,Sat,Away,,,,Newcastle,,,,,,,,
ENG-Premier League,2627,,2027-03-20 Nottingham-nan,2027-03-20,15:00:00,Matchweek 30,Sat,Away,,,,Nottingham,,,,,,,,
ENG-Premier League,2627,,2027-03-20 nan-Aston Villa,2027-03-20,15:00:00,Matchweek 30,Sat,Home,,,,Aston Villa,,,,,,,,
ENG-Premier League,2627,,2027-03-20 nan-Bournemouth,2027-03-20,15:00:00,Matchweek 30,Sat,Home,,,,Bournemouth,,,,,,,,
ENG-Premier League,2627,,2027-03-20 nan-Chelsea,2027-03-20,15:00:00,Matchweek 30,Sat,Home,,,,Chelsea,,,,,,,,
ENG-Premier League,2627,,2027-03-20 nan-Coventry City,2027-03-20,15:00:00,Matchweek 30,Sat,Home,,,,Coventry City,,,,,,,,
ENG-Premier League,2627,,2027-03-20 nan-Crystal Palace,2027-03-20,15:00:00,Matchweek 30,Sat,Home,,,,Crystal Palace,,,,,,,,
ENG-Premier League,2627,,2027-03-20 nan-Leeds United,2027-03-20,15:00:00,Matchweek 30,Sat,Home,,,,Leeds United,,,,,,,,
ENG-Premier League,2627,,2027-03-20 nan-Liverpool,2027-03-20,15:00:00,Matchweek 30,Sat,Home,,,,Liverpool,,,,,,,,
ENG-Premier League,2627,,2027-03-20 nan-Manchester Utd,2027-03-20,15:00:00,Matchweek 30,Sat,Home,,,,Manchester Utd,,,,,,,,
ENG-Premier League,2627,,2027-03-20 nan-Sunderland,2027-03-20,15:00:00,Matchweek 30,Sat,Home,,,,Sunderland,,,,,,,,
ENG-Premier League,2627,,2027-03-20 nan-Tottenham,2027-03-20,15:00:00,Matchweek 30,Sat,Home,,,,Tottenham,,,,,,,,
ENG-Premier League,2627,,2027-04-10 Aston Villa-nan,2027-04-10,15:00:00,Matchweek 31,Sat,Away,,,,Aston Villa,,,,,,,,
ENG-Premier League,2627,,2027-04-10 Bournemouth-nan,2027-04-10,15:00:00,Matchweek 31,Sat,Away,,,,Bournemouth,,,,,,,,
ENG-Premier League,2627,,2027-04-10 Chelsea-nan,2027-04-10,15:00:00,Matchweek 31,Sat,Away,,,,Chelsea,,,,,,,,
ENG-Premier League,2627,,2027-04-10 Coventry City-nan,2027-04-10,15:00:00,Matchweek 31,Sat,Away,,,,Coventry City,,,,,,,,
ENG-Premier League,2627,,2027-04-10 Crystal Palace-nan,2027-04-10,15:00:00,Matchweek 31,Sat,Away,,,,Crystal Palace,,,,,,,,
ENG-Premier League,2627,,2027-04-10 Leeds United-nan,2027-04-10,15:00:00,Matchweek 31,Sat,Away,,,,Leeds United,,,,,,,,
ENG-Premier League,2627,,2027-04-10 Liverpool-nan,2027-04-10,15:00:00,Matchweek 31,Sat,Away,,,,Liverpool,,,,,,,,
ENG-Premier League,2627,,2027-04-10 Manchester Utd-nan,2027-04-10,15:00:00,Matchweek 31,Sat,Away,,,,Manchester Utd,,,,,,,,
ENG-Premier League,2627,,2027-04-10 Sunderland-nan,2027-04-10,15:00:00,Matchweek 31,Sat,Away,,,,Sunderland,,,,,,,,
ENG-Premier League,2627,,2027-04-10 Tottenham-nan,2027-04-10,15:00:00,Matchweek 31,Sat,Away,,,,Tottenham,,,,,,,,
ENG-Premier League,2627,,2027-04-10 nan-Arsenal,2027-04-10,15:00:00,Matchweek 31,Sat,Home,,,,Arsenal,,,,,,,,
ENG-Premier League,2627,,2027-04-10 nan-Brentford,2027-04-10,15:00:00,Matchweek 31,Sat,Home,,,,Brentford,,,,,,,,
ENG-Premier League,2627,,2027-04-10 nan-Brighton,2027-04-10,15:00:00,Matchweek 31,Sat,Home,,,,Brighton,,,,,,,,
ENG-Premier League,2627,,2027-04-10 nan-Everton,2027-04-10,15:00:00,Matchweek 31,Sat,Home,,,,Everton,,,,,,,,
ENG-Premier League,2627,,2027-04-10 nan-Fulham,2027-04-10,15:00:00,Matchweek 31,Sat,Home,,,,Fulham,,,,,,,,
ENG-Premier League,2627,,2027-04-10 nan-Hull City,2027-04-10,15:00:00,Matchweek 31,Sat,Home,,,,Hull City,,,,,,,,
ENG-Premier League,2627,,2027-04-10 nan-Ipswich Town,2027-04-10,15:00:00,Matchweek 31,Sat,Home,,,,Ipswich Town,,,,,,,,
ENG-Premier League,2627,,2027-04-10 nan-Manchester City,2027-04-10,15:00:00,Matchweek 31,Sat,Home,,,,Manchester City,,,,,,,,
ENG-Premier League,2627,,2027-04-10 nan-Newcastle,2027-04-10,15:00:00,Matchweek 31,Sat,Home,,,,Newcastle,,,,,,,,
ENG-Premier League,2627,,2027-04-10 nan-Nottingham,2027-04-10,15:00:00,Matchweek 31,Sat,Home,,,,Nottingham,,,,,,,,
ENG-Premier League,2627,,2027-04-17 Arsenal-nan,2027-04-17,15:00:00,Matchweek 32,Sat,Away,,,,Arsenal,,,,,,,,
ENG-Premier League,2627,,2027-04-17 Brentford-nan,2027-04-17,15:00:00,Matchweek 32,Sat,Away,,,,Brentford,,,,,,,,
ENG-Premier League,2627,,2027-04-17 Brighton-nan,2027-04-17,15:00:00,Matchweek 32,Sat,Away,,,,Brighton,,,,,,,,
ENG-Premier League,2627,,2027-04-17 Everton-nan,2027-04-17,15:00:00,Matchweek 32,Sat,Away,,,,Everton,,,,,,,,
ENG-Premier League,2627,,2027-04-17 Fulham-nan,2027-04-17,15:00:00,Matchweek 32,Sat,Away,,,,Fulham,,,,,,,,
ENG-Premier League,2627,,2027-04-17 Hull City-nan,2027-04-17,15:00:00,Matchweek 32,Sat,Away,,,,Hull City,,,,,,,,
ENG-Premier League,2627,,2027-04-17 Ipswich Town-nan,2027-04-17,15:00:00,Matchweek 32,Sat,Away,,,,Ipswich Town,,,,,,,,
ENG-Premier League,2627,,2027-04-17 Manchester City-nan,2027-04-17,15:00:00,Matchweek 32,Sat,Away,,,,Manchester City,,,,,,,,
ENG-Premier League,2627,,2027-04-17 Newcastle-nan,2027-04-17,15:00:00,Matchweek 32,Sat,Away,,,,Newcastle,,,,,,,,
ENG-Premier League,2627,,2027-04-17 Nottingham-nan,2027-04-17,15:00:00,Matchweek 32,Sat,Away,,,,Nottingham,,,,,,,,
ENG-Premier League,2627,,2027-04-17 nan-Aston Villa,2027-04-17,15:00:00,Matchweek 32,Sat,Home,,,,Aston Villa,,,,,,,,
ENG-Premier League,2627,,2027-04-17 nan-Bournemouth,2027-04-17,15:00:00,Matchweek 32,Sat,Home,,,,Bournemouth,,,,,,,,
ENG-Premier League,2627,,2027-04-17 nan-Chelsea,2027-04-17,15:00:00,Matchweek 32,Sat,Home,,,,Chelsea,,,,,,,,
ENG-Premier League,2627,,2027-04-17 nan-Coventry City,2027-04-17,15:00:00,Matchweek 32,Sat,Home,,,,Coventry City,,,,,,,,
ENG-Premier League,2627,,2027-04-17 nan-Crystal Palace,2027-04-17,15:00:00,Matchweek 32,Sat,Home,,,,Crystal Palace,,,,,,,,
ENG-Premier League,2627,,2027-04-17 nan-Leeds United,2027-04-17,15:00:00,Matchweek 32,Sat,Home,,,,Leeds United,,,,,,,,
ENG-Premier League,2627,,2027-04-17 nan-Liverpool,2027-04-17,15:00:00,Matchweek 32,Sat,Home,,,,Liverpool,,,,,,,,
ENG-Premier League,2627,,2027-04-17 nan-Manchester Utd,2027-04-17,15:00:00,Matchweek 32,Sat,Home,,,,Manchester Utd,,,,,,,,
ENG-Premier League,2627,,2027-04-17 nan-Sunderland,2027-04-17,15:00:00,Matchweek 32,Sat,Home,,,,Sunderland,,,,,,,,
ENG-Premier League,2627,,2027-04-17 nan-Tottenham,2027-04-17,15:00:00,Matchweek 32,Sat,Home,,,,Tottenham,,,,,,,,
ENG-Premier League,2627,,2027-04-24 Aston Villa-nan,2027-04-24,15:00:00,Matchweek 33,Sat,Away,,,,Aston Villa,,,,,,,,
ENG-Premier League,2627,,2027-04-24 Bournemouth-nan,2027-04-24,15:00:00,Matchweek 33,Sat,Away,,,,Bournemouth,,,,,,,,
ENG-Premier League,2627,,2027-04-24 Brentford-nan,2027-04-24,15:00:00,Matchweek 33,Sat,Away,,,,Brentford,,,,,,,,
ENG-Premier League,2627,,2027-04-24 Chelsea-nan,2027-04-24,15:00:00,Matchweek 33,Sat,Away,,,,Chelsea,,,,,,,,
ENG-Premier League,2627,,2027-04-24 Everton-nan,2027-04-24,15:00:00,Matchweek 33,Sat,Away,,,,Everton,,,,,,,,
ENG-Premier League,2627,,2027-04-24 Leeds United-nan,2027-04-24,15:00:00,Matchweek 33,Sat,Away,,,,Leeds United,,,,,,,,
ENG-Premier League,2627,,2027-04-24 Manchester Utd-nan,2027-04-24,15:00:00,Matchweek 33,Sat,Away,,,,Manchester Utd,,,,,,,,
ENG-Premier League,2627,,2027-04-24 Newcastle-nan,2027-04-24,15:00:00,Matchweek 33,Sat,Away,,,,Newcastle,,,,,,,,
ENG-Premier League,2627,,2027-04-24 Nottingham-nan,2027-04-24,15:00:00,Matchweek 33,Sat,Away,,,,Nottingham,,,,,,,,
ENG-Premier League,2627,,2027-04-24 Tottenham-nan,2027-04-24,15:00:00,Matchweek 33,Sat,Away,,,,Tottenham,,,,,,,,
ENG-Premier League,2627,,2027-04-24 nan-Arsenal,2027-04-24,15:00:00,Matchweek 33,Sat,Home,,,,Arsenal,,,,,,,,
ENG-Premier League,2627,,2027-04-24 nan-Brighton,2027-04-24,15:00:00,Matchweek 33,Sat,Home,,,,Brighton,,,,,,,,
ENG-Premier League,2627,,2027-04-24 nan-Coventry City,2027-04-24,15:00:00,Matchweek 33,Sat,Home,,,,Coventry City,,,,,,,,
ENG-Premier League,2627,,2027-04-24 nan-Crystal Palace,2027-04-24,15:00:00,Matchweek 33,Sat,Home,,,,Crystal Palace,,,,,,,,
ENG-Premier League,2627,,2027-04-24 nan-Fulham,2027-04-24,15:00:00,Matchweek 33,Sat,Home,,,,Fulham,,,,,,,,
ENG-Premier League,2627,,2027-04-24 nan-Hull City,2027-04-24,15:00:00,Matchweek 33,Sat,Home,,,,Hull City,,,,,,,,
ENG-Premier League,2627,,2027-04-24 nan-Ipswich Town,2027-04-24,15:00:00,Matchweek 33,Sat,Home,,,,Ipswich Town,,,,,,,,
ENG-Premier League,2627,,2027-04-24 nan-Liverpool,2027-04-24,15:00:00,Matchweek 33,Sat,Home,,,,Liverpool,,,,,,,,
ENG-Premier League,2627,,2027-04-24 nan-Manchester City,2027-04-24,15:00:00,Matchweek 33,Sat,Home,,,,Manchester City,,,,,,,,
ENG-Premier League,2627,,2027-04-24 nan-Sunderland,2027-04-24,15:00:00,Matchweek 33,Sat,Home,,,,Sunderland,,,,,,,,
ENG-Premier League,2627,,2027-05-01 Arsenal-nan,2027-05-01,15:00:00,Matchweek 34,Sat,Away,,,,Arsenal,,,,,,,,
ENG-Premier League,2627,,2027-05-01 Brighton-nan,2027-05-01,15:00:00,Matchweek 34,Sat,Away,,,,Brighton,,,,,,,,
ENG-Premier League,2627,,2027-05-01 Coventry City-nan,2027-05-01,15:00:00,Matchweek 34,Sat,Away,,,,Coventry City,,,,,,,,
ENG-Premier League,2627,,2027-05-01 Crystal Palace-nan,2027-05-01,15:00:00,Matchweek 34,Sat,Away,,,,Crystal Palace,,,,,,,,
ENG-Premier League,2627,,2027-05-01 Fulham-nan,2027-05-01,15:00:00,Matchweek 34,Sat,Away,,,,Fulham,,,,,,,,
ENG-Premier League,2627,,2027-05-01 Hull City-nan,2027-05-01,15:00:00,Matchweek 34,Sat,Away,,,,Hull City,,,,,,,,
ENG-Premier League,2627,,2027-05-01 Ipswich Town-nan,2027-05-01,15:00:00,Matchweek 34,Sat,Away,,,,Ipswich Town,,,,,,,,
ENG-Premier League,2627,,2027-05-01 Liverpool-nan,2027-05-01,15:00:00,Matchweek 34,Sat,Away,,,,Liverpool,,,,,,,,
ENG-Premier League,2627,,2027-05-01 Manchester City-nan,2027-05-01,15:00:00,Matchweek 34,Sat,Away,,,,Manchester City,,,,,,,,
ENG-Premier League,2627,,2027-05-01 Sunderland-nan,2027-05-01,15:00:00,Matchweek 34,Sat,Away,,,,Sunderland,,,,,,,,
ENG-Premier League,2627,,2027-05-01 nan-Aston Villa,2027-05-01,15:00:00,Matchweek 34,Sat,Home,,,,Aston Villa,,,,,,,,
ENG-Premier League,2627,,2027-05-01 nan-Bournemouth,2027-05-01,15:00:00,Matchweek 34,Sat,Home,,,,Bournemouth,,,,,,,,
ENG-Premier League,2627,,2027-05-01 nan-Brentford,2027-05-01,15:00:00,Matchweek 34,Sat,Home,,,,Brentford,,,,,,,,
ENG-Premier League,2627,,2027-05-01 nan-Chelsea,2027-05-01,15:00:00,Matchweek 34,Sat,Home,,,,Chelsea,,,,,,,,
ENG-Premier League,2627,,2027-05-01 nan-Everton,2027-05-01,15:00:00,Matchweek 34,Sat,Home,,,,Everton,,,,,,,,
ENG-Premier League,2627,,2027-05-01 nan-Leeds United,2027-05-01,15:00:00,Matchweek 34,Sat,Home,,,,Leeds United,,,,,,,,
ENG-Premier League,2627,,2027-05-01 nan-Manchester Utd,2027-05-01,15:00:00,Matchweek 34,Sat,Home,,,,Manchester Utd,,,,,,,,
ENG-Premier League,2627,,2027-05-01 nan-Newcastle,2027-05-01,15:00:00,Matchweek 34,Sat,Home,,,,Newcastle,,,,,,,,
ENG-Premier League,2627,,2027-05-01 nan-Nottingham,2027-05-01,15:00:00,Matchweek 34,Sat,Home,,,,Nottingham,,,,,,,,
ENG-Premier League,2627,,2027-05-01 nan-Tottenham,2027-05-01,15:00:00,Matchweek 34,Sat,Home,,,,Tottenham,,,,,,,,
ENG-Premier League,2627,,2027-05-08 Bournemouth-nan,2027-05-08,15:00:00,Matchweek 35,Sat,Away,,,,Bournemouth,,,,,,,,
ENG-Premier League,2627,,2027-05-08 Brentford-nan,2027-05-08,15:00:00,Matchweek 35,Sat,Away,,,,Brentford,,,,,,,,
ENG-Premier League,2627,,2027-05-08 Brighton-nan,2027-05-08,15:00:00,Matchweek 35,Sat,Away,,,,Brighton,,,,,,,,
ENG-Premier League,2627,,2027-05-08 Everton-nan,2027-05-08,15:00:00,Matchweek 35,Sat,Away,,,,Everton,,,,,,,,
ENG-Premier League,2627,,2027-05-08 Fulham-nan,2027-05-08,15:00:00,Matchweek 35,Sat,Away,,,,Fulham,,,,,,,,
ENG-Premier League,2627,,2027-05-08 Leeds United-nan,2027-05-08,15:00:00,Matchweek 35,Sat,Away,,,,Leeds United,,,,,,,,
ENG-Premier League,2627,,2027-05-08 Manchester City-nan,2027-05-08,15:00:00,Matchweek 35,Sat,Away,,,,Manchester City,,,,,,,,
ENG-Premier League,2627,,2027-05-08 Newcastle-nan,2027-05-08,15:00:00,Matchweek 35,Sat,Away,,,,Newcastle,,,,,,,,
ENG-Premier League,2627,,2027-05-08 Nottingham-nan,2027-05-08,15:00:00,Matchweek 35,Sat,Away,,,,Nottingham,,,,,,,,
ENG-Premier League,2627,,2027-05-08 Tottenham-nan,2027-05-08,15:00:00,Matchweek 35,Sat,Away,,,,Tottenham,,,,,,,,
ENG-Premier League,2627,,2027-05-08 nan-Arsenal,2027-05-08,15:00:00,Matchweek 35,Sat,Home,,,,Arsenal,,,,,,,,
ENG-Premier League,2627,,2027-05-08 nan-Aston Villa,2027-05-08,15:00:00,Matchweek 35,Sat,Home,,,,Aston Villa,,,,,,,,
ENG-Premier League,2627,,2027-05-08 nan-Chelsea,2027-05-08,15:00:00,Matchweek 35,Sat,Home,,,,Chelsea,,,,,,,,
ENG-Premier League,2627,,2027-05-08 nan-Coventry City,2027-05-08,15:00:00,Matchweek 35,Sat,Home,,,,Coventry City,,,,,,,,
ENG-Premier League,2627,,2027-05-08 nan-Crystal Palace,2027-05-08,15:00:00,Matchweek 35,Sat,Home,,,,Crystal Palace,,,,,,,,
ENG-Premier League,2627,,2027-05-08 nan-Hull City,2027-05-08,15:00:00,Matchweek 35,Sat,Home,,,,Hull City,,,,,,,,
ENG-Premier League,2627,,2027-05-08 nan-Ipswich Town,2027-05-08,15:00:00,Matchweek 35,Sat,Home,,,,Ipswich Town,,,,,,,,
ENG-Premier League,2627,,2027-05-08 nan-Liverpool,2027-05-08,15:00:00,Matchweek 35,Sat,Home,,,,Liverpool,,,,,,,,
ENG-Premier League,2627,,2027-05-08 nan-Manchester Utd,2027-05-08,15:00:00,Matchweek 35,Sat,Home,,,,Manchester Utd,,,,,,,,
ENG-Premier League,2627,,2027-05-08 nan-Sunderland,2027-05-08,15:00:00,Matchweek 35,Sat,Home,,,,Sunderland,,,,,,,,
ENG-Premier League,2627,,2027-05-15 Arsenal-nan,2027-05-15,15:00:00,Matchweek 36,Sat,Away,,,,Arsenal,,,,,,,,
ENG-Premier League,2627,,2027-05-15 Aston Villa-nan,2027-05-15,15:00:00,Matchweek 36,Sat,Away,,,,Aston Villa,,,,,,,,
ENG-Premier League,2627,,2027-05-15 Chelsea-nan,2027-05-15,15:00:00,Matchweek 36,Sat,Away,,,,Chelsea,,,,,,,,
ENG-Premier League,2627,,2027-05-15 Coventry City-nan,2027-05-15,15:00:00,Matchweek 36,Sat,Away,,,,Coventry City,,,,,,,,
ENG-Premier League,2627,,2027-05-15 Crystal Palace-nan,2027-05-15,15:00:00,Matchweek 36,Sat,Away,,,,Crystal Palace,,,,,,,,
ENG-Premier League,2627,,2027-05-15 Hull City-nan,2027-05-15,15:00:00,Matchweek 36,Sat,Away,,,,Hull City,,,,,,,,
ENG-Premier League,2627,,2027-05-15 Ipswich Town-nan,2027-05-15,15:00:00,Matchweek 36,Sat,Away,,,,Ipswich Town,,,,,,,,
ENG-Premier League,2627,,2027-05-15 Liverpool-nan,2027-05-15,15:00:00,Matchweek 36,Sat,Away,,,,Liverpool,,,,,,,,
ENG-Premier League,2627,,2027-05-15 Manchester Utd-nan,2027-05-15,15:00:00,Matchweek 36,Sat,Away,,,,Manchester Utd,,,,,,,,
ENG-Premier League,2627,,2027-05-15 Sunderland-nan,2027-05-15,15:00:00,Matchweek 36,Sat,Away,,,,Sunderland,,,,,,,,
ENG-Premier League,2627,,2027-05-15 nan-Bournemouth,2027-05-15,15:00:00,Matchweek 36,Sat,Home,,,,Bournemouth,,,,,,,,
ENG-Premier League,2627,,2027-05-15 nan-Brentford,2027-05-15,15:00:00,Matchweek 36,Sat,Home,,,,Brentford,,,,,,,,
ENG-Premier League,2627,,2027-05-15 nan-Brighton,2027-05-15,15:00:00,Matchweek 36,Sat,Home,,,,Brighton,,,,,,,,
ENG-Premier League,2627,,2027-05-15 nan-Everton,2027-05-15,15:00:00,Matchweek 36,Sat,Home,,,,Everton,,,,,,,,
ENG-Premier League,2627,,2027-05-15 nan-Fulham,2027-05-15,15:00:00,Matchweek 36,Sat,Home,,,,Fulham,,,,,,,,
ENG-Premier League,2627,,2027-05-15 nan-Leeds United,2027-05-15,15:00:00,Matchweek 36,Sat,Home,,,,Leeds United,,,,,,,,
ENG-Premier League,2627,,2027-05-15 nan-Manchester City,2027-05-15,15:00:00,Matchweek 36,Sat,Home,,,,Manchester City,,,,,,,,
ENG-Premier League,2627,,2027-05-15 nan-Newcastle,2027-05-15,15:00:00,Matchweek 36,Sat,Home,,,,Newcastle,,,,,,,,
ENG-Premier League,2627,,2027-05-15 nan-Nottingham,2027-05-15,15:00:00,Matchweek 36,Sat,Home,,,,Nottingham,,,,,,,,
ENG-Premier League,2627,,2027-05-15 nan-Tottenham,2027-05-15,15:00:00,Matchweek 36,Sat,Home,,,,Tottenham,,,,,,,,
ENG-Premier League,2627,,2027-05-23 Bournemouth-nan,2027-05-23,15:00:00,Matchweek 37,Sun,Away,,,,Bournemouth,,,,,,,,
ENG-Premier League,2627,,2027-05-23 Brentford-nan,2027-05-23,15:00:00,Matchweek 37,Sun,Away,,,,Brentford,,,,,,,,
ENG-Premier League,2627,,2027-05-23 Brighton-nan,2027-05-23,15:00:00,Matchweek 37,Sun,Away,,,,Brighton,,,,,,,,
ENG-Premier League,2627,,2027-05-23 Everton-nan,2027-05-23,15:00:00,Matchweek 37,Sun,Away,,,,Everton,,,,,,,,
ENG-Premier League,2627,,2027-05-23 Fulham-nan,2027-05-23,15:00:00,Matchweek 37,Sun,Away,,,,Fulham,,,,,,,,
ENG-Premier League,2627,,2027-05-23 Leeds United-nan,2027-05-23,15:00:00,Matchweek 37,Sun,Away,,,,Leeds United,,,,,,,,
ENG-Premier League,2627,,2027-05-23 Manchester City-nan,2027-05-23,15:00:00,Matchweek 37,Sun,Away,,,,Manchester City,,,,,,,,
ENG-Premier League,2627,,2027-05-23 Newcastle-nan,2027-05-23,15:00:00,Matchweek 37,Sun,Away,,,,Newcastle,,,,,,,,
ENG-Premier League,2627,,2027-05-23 Nottingham-nan,2027-05-23,15:00:00,Matchweek 37,Sun,Away,,,,Nottingham,,,,,,,,
ENG-Premier League,2627,,2027-05-23 Tottenham-nan,2027-05-23,15:00:00,Matchweek 37,Sun,Away,,,,Tottenham,,,,,,,,
ENG-Premier League,2627,,2027-05-23 nan-Arsenal,2027-05-23,15:00:00,Matchweek 37,Sun,Home,,,,Arsenal,,,,,,,,
ENG-Premier League,2627,,2027-05-23 nan-Aston Villa,2027-05-23,15:00:00,Matchweek 37,Sun,Home,,,,Aston Villa,,,,,,,,
ENG-Premier League,2627,,2027-05-23 nan-Chelsea,2027-05-23,15:00:00,Matchweek 37,Sun,Home,,,,Chelsea,,,,,,,,
ENG-Premier League,2627,,2027-05-23 nan-Coventry City,2027-05-23,15:00:00,Matchweek 37,Sun,Home,,,,Coventry City,,,,,,,,
ENG-Premier League,2627,,2027-05-23 nan-Crystal Palace,2027-05-23,15:00:00,Matchweek 37,Sun,Home,,,,Crystal Palace,,,,,,,,
ENG-Premier League,2627,,2027-05-23 nan-Hull City,2027-05-23,15:00:00,Matchweek 37,Sun,Home,,,,Hull City,,,,,,,,
ENG-Premier League,2627,,2027-05-23 nan-Ipswich Town,2027-05-23,15:00:00,Matchweek 37,Sun,Home,,,,Ipswich Town,,,,,,,,
ENG-Premier League,2627,,2027-05-23 nan-Liverpool,2027-05-23,15:00:00,Matchweek 37,Sun,Home,,,,Liverpool,,,,,,,,
ENG-Premier League,2627,,2027-05-23 nan-Manchester Utd,2027-05-23,15:00:00,Matchweek 37,Sun,Home,,,,Manchester Utd,,,,,,,,
ENG-Premier League,2627,,2027-05-23 nan-Sunderland,2027-05-23,15:00:00,Matchweek 37,Sun,Home,,,,Sunderland,,,,,,,,
ENG-Premier League,2627,,2027-05-30 Arsenal-nan,2027-05-30,16:00:00,Matchweek 38,Sun,Away,,,,Arsenal,,,,,,,,
ENG-Premier League,2627,,2027-05-30 Aston Villa-nan,2027-05-30,16:00:00,Matchweek 38,Sun,Away,,,,Aston Villa,,,,,,,,
ENG-Premier League,2627,,2027-05-30 Chelsea-nan,2027-05-30,16:00:00,Matchweek 38,Sun,Away,,,,Chelsea,,,,,,,,
ENG-Premier League,2627,,2027-05-30 Coventry City-nan,2027-05-30,16:00:00,Matchweek 38,Sun,Away,,,,Coventry City,,,,,,,,
ENG-Premier League,2627,,2027-05-30 Crystal Palace-nan,2027-05-30,16:00:00,Matchweek 38,Sun,Away,,,,Crystal Palace,,,,,,,,
ENG-Premier League,2627,,2027-05-30 Hull City-nan,2027-05-30,16:00:00,Matchweek 38,Sun,Away,,,,Hull City,,,,,,,,
ENG-Premier League,2627,,2027-05-30 Ipswich Town-nan,2027-05-30,16:00:00,Matchweek 38,Sun,Away,,,,Ipswich Town,,,,,,,,
ENG-Premier League,2627,,2027-05-30 Liverpool-nan,2027-05-30,16:00:00,Matchweek 38,Sun,Away,,,,Liverpool,,,,,,,,
ENG-Premier League,2627,,2027-05-30 Manchester Utd-nan,2027-05-30,16:00:00,Matchweek 38,Sun,Away,,,,Manchester Utd,,,,,,,,
ENG-Premier League,2627,,2027-05-30 Sunderland-nan,2027-05-30,16:00:00,Matchweek 38,Sun,Away,,,,Sunderland,,,,,,,,
ENG-Premier League,2627,,2027-05-30 nan-Bournemouth,2027-05-30,16:00:00,Matchweek 38,Sun,Home,,,,Bournemouth,,,,,,,,
ENG-Premier League,2627,,2027-05-30 nan-Brentford,2027-05-30,16:00:00,Matchweek 38,Sun,Home,,,,Brentford,,,,,,,,
ENG-Premier League,2627,,2027-05-30 nan-Brighton,2027-05-30,16:00:00,Matchweek 38,Sun,Home,,,,Brighton,,,,,,,,
ENG-Premier League,2627,,2027-05-30 nan-Everton,2027-05-30,16:00:00,Matchweek 38,Sun,Home,,,,Everton,,,,,,,,
ENG-Premier League,2627,,2027-05-30 nan-Fulham,2027-05-30,16:00:00,Matchweek 38,Sun,Home,,,,Fulham,,,,,,,,
ENG-Premier League,2627,,2027-05-30 nan-Leeds United,2027-05-30,16:00:00,Matchweek 38,Sun,Home,,,,Leeds United,,,,,,,,
ENG-Premier League,2627,,2027-05-30 nan-Manchester City,2027-05-30,16:00:00,Matchweek 38,Sun,Home,,,,Manchester City,,,,,,,,
ENG-Premier League,2627,,2027-05-30 nan-Newcastle,2027-05-30,16:00:00,Matchweek 38,Sun,Home,,,,Newcastle,,,,,,,,
ENG-Premier League,2627,,2027-05-30 nan-Nottingham,2027-05-30,16:00:00,Matchweek 38,Sun,Home,,,,Nottingham,,,,,,,,
ENG-Premier League,2627,,2027-05-30 nan-Tottenham,2027-05-30,16:00:00,Matchweek 38,Sun,Home,,,,Tottenham,,,,,,,,
